session_date,rq1_prediction,rq1_score,rq1_threshold,rq1_confidence_percentile,rq1_outer_fold,vix_regime,realized_vol_regime,intraday_trend_regime,final_hour_return,actual_abs_move_bps,actual_signed_move_bps,actual_move_points,spx_at_1500,ret_last_60m,actual_up,directional_capture_bps,rq2_predicted_move_bps,rq2_score,rq2_outer_fold,rq3_large_move_prediction,rq3_score,rq3_threshold,rq3_score_percentile,rq3_outer_fold,actual_large_move,rq1_high_confidence,rq3_positive
2024-12-17,1.0,0.5393245921381019,0.458544690212381,0.2277227722772277,1,Low,Low,Negative pre-15:00 return,0.0016737856362372128,16.737856362372128,16.737856362372128,10.110000000000012,6040.2,-0.0013705900150284833,1.0,16.737856362372128,11.41111820210401,11.41111820210401,1,0.0,-0.7944115397247101,-0.6053669575419826,0.1195652173913043,1,0.0,False,False
2024-12-18,0.0,0.3997755325708605,0.458544690212381,0.1831683168316831,1,Medium,High,Negative pre-15:00 return,-0.016813550009297074,168.13550009297074,-168.13550009297074,100.36999999999972,5969.59,-0.015158039221509045,0.0,168.13550009297074,34.468544015610505,34.468544015610505,1,1.0,1.748778467244482,-0.6053669575419826,0.8369565217391305,1,1.0,False,True
2024-12-19,0.0,0.4053706407838903,0.458544690212381,0.1584158415841584,1,High,High,Negative pre-15:00 return,-0.0035282086824171,35.282086824171,-35.282086824171,20.77000000000028,5886.84,-0.005308992845870275,0.0,35.282086824171,16.446858381611058,16.446858381611058,1,1.0,0.0044168263796157,-0.6053669575419826,0.4130434782608695,1,1.0,False,True
2024-12-20,1.0,0.7894703341499534,0.458544690212381,0.8316831683168316,1,Medium,High,Positive pre-15:00 return,-0.0029829175454370027,29.829175454370027,-29.829175454370027,17.750000000000156,5950.55,0.0006474178956397125,0.0,-29.829175454370027,23.505084037647265,23.505084037647265,1,1.0,0.9277341405427244,-0.6053669575419826,0.6956521739130435,1,1.0,True,True
2024-12-23,0.0,0.3677205583959783,0.458544690212381,0.2376237623762376,1,Medium,Medium,Positive pre-15:00 return,0.0028175872520128653,28.175872520128653,28.175872520128653,16.78000000000002,5955.45,-0.0011823899371069535,1.0,-28.175872520128653,13.798440715374582,13.798440715374582,1,0.0,-0.7262197183204281,-0.6053669575419826,0.1630434782608695,1,1.0,False,False
2024-12-26,0.0,0.2321738518786277,0.458544690212381,0.594059405940594,1,Low,Low,Positive pre-15:00 return,-0.0008854039096789501,8.854039096789501,-8.854039096789501,5.350000000000476,6042.4400000000005,0.0006872806705211509,0.0,8.854039096789501,8.250187052935907,8.250187052935907,1,0.0,-1.0062904780239532,-0.6053669575419826,0.0652173913043478,1,0.0,False,False
2024-12-27,1.0,0.8714266270750524,0.458544690212381,0.9108910891089108,1,Medium,Medium,Negative pre-15:00 return,-0.0006960700487416149,6.960700487416149,-6.960700487416149,4.159999999999875,5976.41,0.00208753915183868,0.0,-6.960700487416149,9.002961622233485,9.002961622233485,1,1.0,-0.3370501035876773,-0.6053669575419826,0.2717391304347826,1,0.0,True,True
2024-12-30,0.0,0.2386310157253127,0.458544690212381,0.5742574257425742,1,Medium,High,Positive pre-15:00 return,-0.004284618690848396,42.846186908483965,-42.846186908483965,25.41999999999991,5932.85,-0.0003588891622212653,0.0,42.846186908483965,10.538718588611632,10.538718588611632,1,1.0,-0.5565635836577544,-0.6053669575419826,0.25,1,1.0,False,True
2024-12-31,0.0,0.4119666904366855,0.458544690212381,0.1287128712871287,1,Medium,High,Negative pre-15:00 return,-0.00039583170527013323,3.9583170527013323,-3.9583170527013323,2.3299999999997962,5886.34,0.0015159687142169975,0.0,3.9583170527013323,12.413794491923795,12.413794491923795,1,1.0,0.2012807296249595,-0.6053669575419826,0.5217391304347826,1,0.0,False,True
2025-01-02,1.0,0.7582249049866238,0.458544690212381,0.7821782178217822,1,Medium,High,Negative pre-15:00 return,0.004097596361950284,40.97596361950284,40.97596361950284,23.949999999999598,5844.89,0.0005220957780425195,1.0,40.97596361950284,20.517258974943097,20.517258974943097,1,1.0,0.8171154102666834,-0.6053669575419826,0.6521739130434783,1,1.0,True,True
2025-01-03,1.0,0.5527448087166573,0.458544690212381,0.2475247524752475,1,Medium,Low,Positive pre-15:00 return,-0.00039365972322691345,3.9365972322691345,-3.9365972322691345,2.3399999999998835,5944.22,0.0012363396262009552,0.0,-3.9365972322691345,12.968195489654736,12.968195489654736,1,0.0,-0.7999517222667448,-0.6053669575419826,0.108695652173913,1,0.0,False,False
2025-01-06,0.0,0.272733976709655,0.458544690212381,0.396039603960396,1,Medium,High,Negative pre-15:00 return,0.0015836971367761965,15.836971367761965,15.836971367761965,9.450000000000404,5967.05,-0.0020904583120803233,1.0,-15.836971367761965,16.919998359245,16.919998359245,1,1.0,-0.1183567641002577,-0.6053669575419826,0.358695652173913,1,0.0,False,True
2025-01-07,1.0,0.8911759290901998,0.458544690212381,0.9504950495049505,1,Medium,Medium,Negative pre-15:00 return,-0.002353346343703433,23.533463437034328,-23.533463437034328,13.940000000000412,5923.4800000000005,-0.0016096328520164294,0.0,-23.533463437034328,13.964624932896232,13.964624932896232,1,1.0,-0.2887609970905777,-0.6053669575419826,0.2934782608695652,1,0.0,True,True
2025-01-08,1.0,0.9173138698409806,0.458544690212381,0.9702970297029704,1,Medium,High,Negative pre-15:00 return,0.0015149976301713775,15.149976301713775,15.149976301713775,8.95000000000043,5907.6,0.00115238611713675,1.0,15.149976301713775,16.826635207760877,16.826635207760877,1,1.0,-0.0616297040413768,-0.6053669575419826,0.3804347826086957,1,0.0,True,True
2025-01-10,1.0,0.6808624519611095,0.458544690212381,0.5841584158415841,1,Medium,High,Negative pre-15:00 return,-0.002767570306041578,27.675703060415778,-27.675703060415778,16.169999999999945,5842.67,-0.003922818837713615,0.0,-27.675703060415778,11.416350694157448,11.416350694157448,1,1.0,-0.2610406745593702,-0.6053669575419826,0.3152173913043478,1,1.0,False,True
2025-01-13,0.0,0.329183669720418,0.458544690212381,0.3069306930693069,1,High,High,Positive pre-15:00 return,0.0016751482489034686,16.751482489034686,16.751482489034686,9.759999999998724,5826.35,0.0008589072981353141,1.0,-16.751482489034686,17.007399860040927,17.007399860040927,1,1.0,-0.1598344003187547,-0.6053669575419826,0.3478260869565217,1,0.0,False,True
2025-01-14,1.0,0.8567656403569008,0.458544690212381,0.900990099009901,1,High,High,Negative pre-15:00 return,0.00277494620002261,27.7494620002261,27.7494620002261,16.169999999999753,5827.14,-0.004918083177081756,1.0,27.7494620002261,22.37737767520894,22.37737767520894,1,1.0,-0.0585003331350565,-0.6053669575419826,0.391304347826087,1,1.0,True,True
2025-01-15,1.0,0.7324882859936259,0.458544690212381,0.7128712871287128,1,Medium,Low,Positive pre-15:00 return,-0.0009908106510466697,9.908106510466697,-9.908106510466697,5.900000000000625,5954.72,0.0015204316411243646,0.0,-9.908106510466697,10.800965903536834,10.800965903536834,1,0.0,-0.7826073535489885,-0.6053669575419826,0.1413043478260869,1,0.0,True,False
2025-01-16,0.0,0.1723887331730649,0.458544690212381,0.7524752475247525,1,Medium,Medium,Negative pre-15:00 return,-0.0022233014766552817,22.233014766552817,-22.233014766552817,13.229999999999684,5950.61,0.0025659688174977102,0.0,22.233014766552817,11.68498318472206,11.68498318472206,1,1.0,-0.5287397228877962,-0.6053669575419826,0.2608695652173913,1,0.0,True,True
2025-01-17,1.0,0.8110820596597771,0.458544690212381,0.8415841584158416,1,Low,Low,Positive pre-15:00 return,-0.0010477465952399845,10.477465952399845,-10.477465952399845,6.289999999999913,6003.36,-0.0005859947260475895,0.0,-10.477465952399845,11.042476297424948,11.042476297424948,1,0.0,-0.7198951121192719,-0.6053669575419826,0.1847826086956521,1,0.0,True,False
2025-01-21,1.0,0.8332377220919014,0.458544690212381,0.8811881188118812,1,Low,Medium,Positive pre-15:00 return,0.0009845646734887303,9.845646734887303,9.845646734887303,5.950000000000974,6043.28,-0.0007688581051699117,1.0,9.845646734887303,8.676523221036465,8.676523221036465,1,0.0,-1.0500669475506546,-0.6053669575419826,0.0543478260869565,1,0.0,True,False
2025-01-22,0.0,0.2425720215560868,0.458544690212381,0.5544554455445545,1,Low,Low,Positive pre-15:00 return,-0.0018812129641323505,18.812129641323505,-18.812129641323505,11.470000000000278,6097.13,0.0008190882021752444,0.0,18.812129641323505,6.099622555649191,6.099622555649191,1,0.0,-1.2699386241535326,-0.6053669575419826,0.0217391304347826,1,0.0,False,False
2025-01-24,1.0,0.6504561566723578,0.458544690212381,0.4356435643564356,1,Low,Medium,Negative pre-15:00 return,0.0010862787568508558,10.862787568508558,10.862787568508558,6.620000000000485,6094.2,-0.00014765959541285234,1.0,10.862787568508558,11.027458130127137,11.027458130127137,1,0.0,-0.791573716230071,-0.6053669575419826,0.1304347826086956,1,0.0,False,False
2025-01-27,1.0,0.4956587390470833,0.458544690212381,0.1089108910891089,1,Medium,High,Positive pre-15:00 return,0.004067436629971999,40.67436629971999,40.67436629971999,24.3600000000012,5989.03,0.0005780568934954378,1.0,40.67436629971999,21.627445754669097,21.627445754669097,1,1.0,0.409572445213349,-0.6053669575419826,0.5760869565217391,1,1.0,False,True
2025-01-28,0.0,0.4553657575621424,0.458544690212381,0.0099009900990099,1,Medium,Low,Positive pre-15:00 return,-0.0008958566629340137,8.958566629340137,-8.958566629340137,5.440000000000505,6072.400000000001,0.0022496315258708766,0.0,8.958566629340137,10.87635844550811,10.87635844550811,1,0.0,-0.6995492824317259,-0.6053669575419826,0.1956521739130435,1,0.0,False,False
2025-01-29,1.0,0.6396644865592742,0.458544690212381,0.3861386138613861,1,Medium,High,Negative pre-15:00 return,-0.0007677911608042765,7.6779116080427645,-7.6779116080427645,4.640000000000092,6043.31,0.0013222143611038017,0.0,-7.6779116080427645,26.920205904687258,26.920205904687258,1,1.0,1.944515252642819,-0.6053669575419826,0.8804347826086957,1,0.0,False,True
2025-01-30,1.0,0.6160162957587243,0.458544690212381,0.3564356435643564,1,Low,Low,Positive pre-15:00 return,-0.0012785009453009089,12.785009453009089,-12.785009453009089,7.770000000000103,6077.43,0.0012718894312908624,0.0,-12.785009453009089,7.838085996523965,7.838085996523965,1,0.0,-1.0884477889154105,-0.6053669575419826,0.0434782608695652,1,0.0,False,False
2025-01-31,0.0,0.4258563526301588,0.458544690212381,0.0594059405940594,1,Medium,High,Negative pre-15:00 return,-0.002783588385535385,27.83588385535385,-27.83588385535385,16.86000000000084,6056.93,-0.002838247859378251,0.0,27.83588385535385,14.097701961977986,14.097701961977986,1,1.0,0.5007756818879366,-0.6053669575419826,0.5978260869565217,1,1.0,False,True
2025-02-03,1.0,0.662234406231584,0.458544690212381,0.5346534653465347,1,Medium,Medium,Positive pre-15:00 return,-0.0035320535941346654,35.320535941346655,-35.320535941346655,21.25000000000021,6016.33,0.0013781509807673231,0.0,-35.320535941346655,18.32677174963349,18.32677174963349,1,1.0,0.0827912561380083,-0.6053669575419826,0.4782608695652174,1,1.0,False,True
2025-02-04,0.0,0.3278894940914294,0.458544690212381,0.3168316831683168,1,Medium,Medium,Positive pre-15:00 return,0.0004789375210259017,4.789375210259017,4.789375210259017,2.889999999999286,6034.1900000000005,0.001184659161613144,1.0,-4.789375210259017,14.558627878236033,14.558627878236033,1,0.0,-0.7202278010111615,-0.6053669575419826,0.1739130434782608,1,0.0,False,False
2025-02-05,0.0,0.3888261265311433,0.458544690212381,0.198019801980198,1,Medium,Low,Positive pre-15:00 return,0.002023257543824819,20.23257543824819,20.23257543824819,12.239999999999817,6049.650000000001,9.257590811184713e-05,1.0,-20.23257543824819,9.693270370783956,9.693270370783956,1,0.0,-1.2459578440412875,-0.6053669575419826,0.0326086956521739,1,0.0,False,False
2025-02-06,0.0,0.2638187599053089,0.458544690212381,0.4455445544554455,1,Low,High,Negative pre-15:00 return,0.004357323655528544,43.57323655528545,43.57323655528545,26.389999999998963,6056.47,-0.00238841568974979,1.0,-43.57323655528545,10.901585796973254,10.901585796973254,1,0.0,-0.6777755905185808,-0.6053669575419826,0.2065217391304347,1,1.0,False,False
2025-02-07,1.0,0.6583993860829734,0.458544690212381,0.504950495049505,1,Medium,Medium,Negative pre-15:00 return,-0.0007528422281476432,7.528422281476432,-7.528422281476432,4.5399999999998,6030.4800000000005,-0.0001956343693111373,0.0,-7.528422281476432,14.778928850908656,14.778928850908656,1,1.0,0.0596089477790412,-0.6053669575419826,0.4673913043478261,1,0.0,False,True
2025-02-10,1.0,0.7470019422921563,0.458544690212381,0.7623762376237624,1,Low,Low,Positive pre-15:00 return,-0.00017963825141120715,1.7963825141120715,-1.7963825141120715,1.0900000000003522,6067.75,-0.00034103152976527884,0.0,-1.7963825141120715,7.895128493875372,7.895128493875372,1,0.0,-1.3871324943520205,-0.6053669575419826,0.0108695652173913,1,0.0,True,False
2025-02-12,1.0,0.537401033640488,0.458544690212381,0.2178217821782178,1,Low,Medium,Positive pre-15:00 return,-0.0008124268279190439,8.124268279190439,-8.124268279190439,4.919999999999775,6055.93,0.0010678621432951285,0.0,-8.124268279190439,10.72961626739733,10.72961626739733,1,0.0,-0.6623783354789611,-0.6053669575419826,0.217391304347826,1,0.0,False,False
2025-02-13,0.0,0.1420573181252216,0.458544690212381,0.8217821782178217,1,Low,Medium,Positive pre-15:00 return,0.0014739745231693302,14.739745231693302,14.739745231693302,9.00000000000054,6105.9400000000005,0.0027376023726981558,1.0,-14.739745231693302,14.593008693678009,14.593008693678009,1,1.0,-0.2832843542776159,-0.6053669575419826,0.3043478260869565,1,0.0,True,True
2025-02-18,0.0,0.176642520627786,0.458544690212381,0.7326732673267327,1,Low,High,Negative pre-15:00 return,0.0024827410245968906,24.827410245968906,24.827410245968906,15.180000000000554,6114.21,0.0003763144418029718,1.0,-24.827410245968906,9.037159820522971,9.037159820522971,1,0.0,-0.8436637960164971,-0.6053669575419826,0.0978260869565217,1,0.0,True,False
2025-02-19,0.0,0.0454872253588507,0.458544690212381,0.9207920792079208,1,Low,Medium,Positive pre-15:00 return,-0.0004181227751639538,4.181227751639538,-4.181227751639538,2.5700000000007455,6146.52,0.0026017156642859085,0.0,4.181227751639538,9.732530191665816,9.732530191665816,1,0.0,-0.9540008524479036,-0.6053669575419826,0.0760869565217391,1,0.0,True,False
2025-02-20,1.0,0.9648457763723308,0.458544690212381,1.0,1,Low,Low,Negative pre-15:00 return,0.0007606291793711417,7.606291793711417,7.606291793711417,4.650000000000363,6113.36,0.0020538189066077184,1.0,7.606291793711417,7.083181024284141,7.083181024284141,1,0.0,-0.8540401168715862,-0.6053669575419826,0.0869565217391304,1,0.0,True,False
2025-02-21,0.0,0.2222682023164289,0.458544690212381,0.6138613861386139,1,Medium,High,Negative pre-15:00 return,-0.00017457781265639571,1.7457781265639571,-1.7457781265639571,1.0500000000000187,6014.51,-0.0027887712991992997,0.0,1.7457781265639571,12.34880334950326,12.34880334950326,1,1.0,0.5437943112755613,-0.6053669575419826,0.6086956521739131,1,0.0,False,True
2025-02-24,1.0,0.8861748287663109,0.458544690212381,0.9306930693069309,1,Medium,Medium,Negative pre-15:00 return,-0.004503133229197265,45.031332291972646,-45.031332291972646,27.06999999999956,6011.37,-0.0014451659199975486,0.0,-45.031332291972646,12.750647491836126,12.750647491836126,1,0.0,-0.6089940638835915,-0.6053669575419826,0.2282608695652173,1,1.0,True,False
2025-02-25,1.0,0.6576440346085627,0.458544690212381,0.495049504950495,1,High,High,Negative pre-15:00 return,-0.0016075742057259923,16.075742057259923,-16.075742057259923,9.590000000000465,5965.51,0.0007918413498881893,0.0,-16.075742057259923,17.383400812498444,17.383400812498444,1,1.0,0.628500811883803,-0.6053669575419826,0.6195652173913043,1,0.0,False,True
2025-02-26,1.0,0.7248061365712725,0.458544690212381,0.693069306930693,1,High,High,Negative pre-15:00 return,0.0028026622766708087,28.026622766708087,28.026622766708087,16.650000000000407,5940.78,0.00017509183903663406,1.0,28.026622766708087,25.685143293910254,25.685143293910254,1,1.0,0.8196751173127831,-0.6053669575419826,0.6630434782608695,1,1.0,False,True
2025-02-27,0.0,0.2709116037568191,0.458544690212381,0.4158415841584158,1,High,High,Negative pre-15:00 return,-0.0074053632166432015,74.05363216643201,-74.05363216643201,43.73999999999957,5906.53,-0.007434332027620116,0.0,74.05363216643201,14.706409175394011,14.706409175394011,1,1.0,0.3875487262031297,-0.6053669575419826,0.5543478260869565,1,1.0,False,True
2025-02-28,0.0,0.4059845056025735,0.458544690212381,0.1485148514851485,1,High,High,Positive pre-15:00 return,0.010155807221228441,101.55807221228442,101.55807221228442,59.84999999999903,5893.18,0.007475916539161798,1.0,-101.55807221228442,22.772606313514444,22.772606313514444,1,1.0,1.4603311187459531,-0.6053669575419826,0.782608695652174,1,1.0,False,True
2025-03-03,0.0,0.2726284975583534,0.458544690212381,0.4059405940594059,1,High,High,Negative pre-15:00 return,-0.0035828805065075686,35.828805065075684,-35.828805065075684,21.03999999999985,5872.37,-0.005278197959525888,0.0,35.828805065075684,37.23106735005497,37.23106735005497,1,1.0,2.164470652125245,-0.6053669575419826,0.9456521739130436,1,1.0,False,True
2025-03-04,1.0,0.676116353291873,0.458544690212381,0.5643564356435643,1,High,High,Positive pre-15:00 return,-0.010856296600666004,108.56296600666005,-108.56296600666005,63.41000000000004,5840.85,0.0045715111269342135,0.0,-108.56296600666005,22.34573284248919,22.34573284248919,1,1.0,1.5271777134735005,-0.6053669575419826,0.8043478260869565,1,1.0,False,True
2025-03-05,0.0,0.4232955302156242,0.458544690212381,0.0891089108910891,1,High,High,Positive pre-15:00 return,-0.00028925280352720684,2.8925280352720684,-2.8925280352720684,1.6900000000001998,5842.64,0.0028527193521477034,0.0,2.8925280352720684,25.842508599312644,25.842508599312644,1,1.0,1.300746885875721,-0.6053669575419826,0.7608695652173914,1,0.0,False,True
2025-03-06,0.0,0.3302549728373455,0.458544690212381,0.297029702970297,1,High,High,Negative pre-15:00 return,0.0030115743734770994,30.115743734770994,30.115743734770994,17.229999999999592,5721.26,-0.0019415985304559458,1.0,-30.115743734770994,28.860072329633383,28.860072329633383,1,1.0,2.3573661273885,-0.6053669575419826,0.9565217391304348,1,1.0,False,True
2025-03-07,0.0,0.3510092023122625,0.458544690212381,0.2673267326732673,1,High,High,Positive pre-15:00 return,0.0012808564035009518,12.808564035009518,12.808564035009518,7.379999999999679,5761.77,3.471167614010895e-06,1.0,-12.808564035009518,24.83343252719095,24.83343252719095,1,1.0,1.000643270128975,-0.6053669575419826,0.7065217391304348,1,0.0,False,True
2025-03-10,0.0,0.3997755325708605,0.458544690212381,0.1831683168316831,1,High,High,Negative pre-15:00 return,0.006189453915985466,61.89453915985466,61.89453915985466,34.540000000000255,5580.46,-0.00569451324027781,1.0,-61.89453915985466,28.47032258609349,28.47032258609349,1,1.0,1.8696619258340197,-0.6053669575419826,0.8695652173913043,1,1.0,False,True
2025-03-11,0.0,0.4232955302156242,0.458544690212381,0.0891089108910891,1,High,High,Positive pre-15:00 return,-0.009198864767974602,91.98864767974601,-91.98864767974601,51.73000000000054,5623.52,0.013301619907382545,0.0,91.98864767974601,32.185345200316554,32.185345200316554,1,1.0,3.066482667899805,-0.6053669575419826,0.9891304347826086,1,1.0,False,True
2025-03-12,1.0,0.5994802565829113,0.458544690212381,0.3267326732673267,1,High,High,Negative pre-15:00 return,-0.0039905990524329304,39.905990524329304,-39.905990524329304,22.430000000000298,5620.71,0.00590041770017935,0.0,-39.905990524329304,21.790838197585195,21.790838197585195,1,1.0,1.1959569972570665,-0.6053669575419826,0.7391304347826086,1,1.0,False,True
2025-03-13,1.0,0.6180920761226805,0.458544690212381,0.3663366336633663,1,High,High,Negative pre-15:00 return,-0.004548576744387245,45.48576744387245,-45.48576744387245,25.229999999999727,5546.79,0.007110136301821335,0.0,-45.48576744387245,27.54904680580869,27.54904680580869,1,1.0,2.0235012990331245,-0.6053669575419826,0.9347826086956522,1,1.0,False,True
2025-03-14,0.0,0.4392480128210291,0.458544690212381,0.0198019801980198,1,High,High,Positive pre-15:00 return,0.002199310515264452,21.99310515264452,21.99310515264452,12.369999999999758,5624.49,0.002039892821002587,1.0,-21.99310515264452,20.13131241956268,20.13131241956268,1,1.0,0.4951152262844912,-0.6053669575419826,0.5869565217391305,1,0.0,False,True
2025-03-17,0.0,0.4290133964003664,0.458544690212381,0.0495049504950495,1,High,High,Positive pre-15:00 return,-0.0039482966170995,39.482966170995006,-39.482966170995006,22.500000000000238,5698.66,0.003682796882567896,0.0,39.482966170995006,17.794694003063768,17.794694003063768,1,1.0,0.027447751514907,-0.6053669575419826,0.4456521739130434,1,1.0,False,True
2025-03-18,1.0,0.8120492415100877,0.458544690212381,0.8514851485148515,1,High,High,Negative pre-15:00 return,-0.0009233955335412602,9.233955335412602,-9.233955335412602,5.190000000000666,5620.56,0.0011043110879958018,0.0,-9.233955335412602,12.381785656351006,12.381785656351006,1,1.0,0.0165412991218557,-0.6053669575419826,0.4347826086956521,1,0.0,True,True
2025-03-19,0.0,0.4232955302156242,0.458544690212381,0.0891089108910891,1,High,High,Positive pre-15:00 return,-0.0024116716470381494,24.116716470381494,-24.116716470381494,13.720000000000033,5689.0,0.008974177071509493,0.0,24.116716470381494,24.122621852662043,24.122621852662043,1,1.0,1.97113192999258,-0.6053669575419826,0.9021739130434784,1,0.0,False,True
2025-03-20,0.0,0.2573893983077141,0.458544690212381,0.5148514851485149,1,High,High,Positive pre-15:00 return,0.0021096785041103683,21.096785041103683,21.096785041103683,11.919999999999199,5650.150000000001,-0.0011685134246458562,1.0,-21.096785041103683,14.943889933098156,14.943889933098156,1,1.0,0.2843831031575158,-0.6053669575419826,0.532608695652174,1,0.0,False,True
2025-03-21,1.0,0.7662555791984615,0.458544690212381,0.801980198019802,1,High,High,Positive pre-15:00 return,0.0033215767928724826,33.21576792872483,33.21576792872483,18.760000000000353,5647.92,-0.0006776662095810959,1.0,33.21576792872483,18.31054188259293,18.31054188259293,1,1.0,0.3909496762576813,-0.6053669575419826,0.5652173913043478,1,1.0,True,True
2025-03-24,0.0,0.2607774801620713,0.458544690212381,0.4851485148514851,1,Medium,Medium,Positive pre-15:00 return,0.0011374292362726912,11.374292362726912,11.374292362726912,6.54999999999992,5758.6,0.0009072927566056155,1.0,-11.374292362726912,12.348878871331667,12.348878871331667,1,1.0,-0.2153531868068624,-0.6053669575419826,0.3260869565217391,1,0.0,False,True
2025-03-25,0.0,0.2141894805085366,0.458544690212381,0.6435643564356436,1,Medium,Medium,Negative pre-15:00 return,0.0025615794323914365,25.615794323914365,25.615794323914365,14.759999999999724,5762.07,-0.0003885981149522877,1.0,-25.615794323914365,12.948711654017853,12.948711654017853,1,1.0,-0.6031033182923947,-0.6053669575419826,0.2391304347826087,1,0.0,False,True
2025-03-26,1.0,0.8287138128763706,0.458544690212381,0.8613861386138614,1,Medium,High,Negative pre-15:00 return,0.002733238070828925,27.33238070828925,27.33238070828925,15.569999999999805,5696.54,-0.001102961161388305,1.0,27.33238070828925,16.262735049713967,16.262735049713967,1,1.0,0.0438236381886939,-0.6053669575419826,0.4565217391304347,1,0.0,True,True
2025-03-27,1.0,0.933231311814453,0.458544690212381,0.9801980198019802,1,Medium,High,Positive pre-15:00 return,-0.0010283913222024488,10.283913222024488,-10.283913222024488,5.860000000000438,5698.22,0.0017016668600380314,0.0,-10.283913222024488,19.063846948666693,19.063846948666693,1,1.0,0.0946154356826264,-0.6053669575419826,0.4891304347826087,1,0.0,True,True
2025-03-28,0.0,0.1566684088813489,0.458544690212381,0.7920792079207921,1,High,High,Negative pre-15:00 return,-0.0006482924121135047,6.4829241211350475,-6.4829241211350475,3.6200000000005996,5583.900000000001,-0.0003365689303909125,0.0,6.4829241211350475,10.061212223641068,10.061212223641068,1,1.0,0.1350548042861022,-0.6053669575419826,0.5108695652173914,1,0.0,True,True
2025-03-31,0.0,0.4390590523678021,0.458544690212381,0.0297029702970297,1,High,High,Positive pre-15:00 return,0.004597495367593574,45.97495367593574,45.97495367593574,25.679999999999048,5585.650000000001,0.005877893250687549,1.0,-45.97495367593574,31.595491171807915,31.595491171807915,1,1.0,1.7504362126816022,-0.6053669575419826,0.8478260869565217,1,1.0,False,True
2025-04-01,1.0,0.736190645439087,0.458544690212381,0.7227722772277227,1,High,High,Positive pre-15:00 return,0.006230752191838551,62.30752191838551,62.30752191838551,34.87999999999988,5598.04,-0.002498191394960214,1.0,62.30752191838551,15.55439128048354,15.55439128048354,1,1.0,0.2848168239310732,-0.6053669575419826,0.5434782608695652,1,1.0,True,True
2025-04-02,1.0,0.7439194119115309,0.458544690212381,0.7425742574257426,1,High,High,Positive pre-15:00 return,0.006381694566240048,63.816945662400485,63.816945662400485,35.95000000000007,5633.3,-0.005033734854639871,1.0,63.816945662400485,26.98281836496217,26.98281836496217,1,1.0,0.9212340109695928,-0.6053669575419826,0.6847826086956522,1,1.0,True,True
2025-04-03,1.0,0.49177787977472,0.458544690212381,0.0693069306930693,1,High,High,Negative pre-15:00 return,-0.008171947331845342,81.71947331845342,-81.71947331845342,44.44999999999964,5439.34,-5.515344607909256e-06,0.0,-81.71947331845342,22.55256314145003,22.55256314145003,1,1.0,1.9708957359248749,-0.6053669575419826,0.8913043478260869,1,1.0,False,True
2025-04-04,1.0,0.6285754432096932,0.458544690212381,0.3762376237623762,1,High,High,Negative pre-15:00 return,-0.004083554910175646,40.83554910175646,-40.83554910175646,20.810000000000603,5096.05,-0.012995942399504301,0.0,-40.83554910175646,25.187976623193716,25.187976623193716,1,1.0,2.675365238479035,-0.6053669575419826,0.967391304347826,1,1.0,False,True
2025-04-07,1.0,0.7171231209049305,0.458544690212381,0.6831683168316832,1,High,High,Positive pre-15:00 return,0.0020774868944046787,20.774868944046787,20.774868944046787,10.490000000000153,5049.37,-0.01165995294522948,1.0,20.774868944046787,35.73040106907943,35.73040106907943,1,1.0,1.711654987327876,-0.6053669575419826,0.8260869565217391,1,0.0,False,True
2025-04-08,0.0,0.2567063076176401,0.458544690212381,0.5247524752475248,1,High,High,Negative pre-15:00 return,-0.009923266953157928,99.23266953157928,-99.23266953157928,49.97000000000019,5035.64,-0.009798504366361427,0.0,99.23266953157928,33.389750648538474,33.389750648538474,1,1.0,3.066062392733311,-0.6053669575419826,0.9782608695652174,1,1.0,False,True
2025-04-09,0.0,0.4385959981411662,0.458544690212381,0.0396039603960396,1,High,High,Positive pre-15:00 return,0.023113663448094623,231.13663448094624,231.13663448094624,123.1599999999998,5328.45,-0.007339996460407949,1.0,-231.13663448094624,26.901749517281356,26.901749517281356,1,1.0,1.065305004587362,-0.6053669575419826,0.717391304347826,1,1.0,False,True
2025-04-10,1.0,0.6483049440802428,0.458544690212381,0.4257425742574257,1,High,High,Negative pre-15:00 return,-0.0021932815127960748,21.932815127960748,-21.932815127960748,11.580000000000204,5279.76,0.0036249997623885033,0.0,-21.932815127960748,50.2025332551877,50.2025332551877,1,1.0,3.3663508322774063,-0.6053669575419826,1.0,1,0.0,False,True
2025-04-11,1.0,0.8328197279835341,0.458544690212381,0.8712871287128713,1,High,High,Positive pre-15:00 return,0.003954996928885013,39.54996928885013,39.54996928885013,21.120000000000278,5340.08,-0.004529880433526423,1.0,39.54996928885013,36.36815059506786,36.36815059506786,1,1.0,2.016712352879719,-0.6053669575419826,0.9239130434782608,1,1.0,True,True
2025-04-14,1.0,0.7257803275996954,0.458544690212381,0.7029702970297029,1,High,High,Negative pre-15:00 return,-0.0036568732259373293,36.56873225937329,-36.56873225937329,19.840000000000387,5425.400000000001,0.003200760342376041,0.0,-36.56873225937329,26.30699902796927,26.30699902796927,1,1.0,1.1750548985693974,-0.6053669575419826,0.7282608695652174,1,1.0,True,True
2025-04-15,0.0,0.2105576267422585,0.458544690212381,0.6633663366336634,1,High,High,Negative pre-15:00 return,-0.0015079049372324071,15.079049372324071,-15.079049372324071,8.150000000000576,5404.85,0.000657249180752828,0.0,15.079049372324071,20.288924766137747,20.288924766137747,1,1.0,0.7948959026725747,-0.6053669575419826,0.6413043478260869,1,0.0,False,True
2025-04-16,0.0,0.2619594423800467,0.458544690212381,0.4752475247524752,1,High,High,Negative pre-15:00 return,0.005938864961840817,59.388649618408174,59.388649618408174,31.150000000000887,5245.11,-0.002559631230543702,1.0,-59.388649618408174,31.58301136004164,31.58301136004164,1,1.0,2.004852763534443,-0.6053669575419826,0.9130434782608696,1,1.0,False,True
2025-04-17,1.0,0.8862076227444124,0.458544690212381,0.9405940594059404,1,High,High,Negative pre-15:00 return,-0.0036527389885099293,36.527389885099296,-36.527389885099296,19.36999999999965,5302.87,-0.0018202215889198126,0.0,-36.527389885099296,31.33421171201565,31.33421171201565,1,1.0,1.5172489257214177,-0.6053669575419826,0.7934782608695652,1,1.0,True,True
2025-04-21,0.0,0.2631017671974427,0.458544690212381,0.4554455445544554,1,High,High,Negative pre-15:00 return,0.010451644248363312,104.51644248363311,104.51644248363311,53.35000000000059,5104.46,-0.00021740961342209264,1.0,-104.51644248363311,21.797955617547625,21.797955617547625,1,1.0,1.2640330590137565,-0.6053669575419826,0.75,1,1.0,False,True
2025-04-22,1.0,0.6097040311390611,0.458544690212381,0.3465346534653465,1,High,High,Positive pre-15:00 return,0.00045984580972602274,4.598458097260227,4.598458097260227,2.43,5284.38,0.009261080733170335,1.0,4.598458097260227,26.457378833528708,26.457378833528708,1,1.0,1.604731097321261,-0.6053669575419826,0.8152173913043478,1,0.0,False,True
2025-04-23,1.0,0.6550692634005301,0.458544690212381,0.4653465346534653,1,High,High,Negative pre-15:00 return,-0.0015258436279766974,15.258436279766974,-15.258436279766974,8.210000000000257,5380.63,-0.0036368551942773664,0.0,-15.258436279766974,20.523446638086185,20.523446638086185,1,1.0,1.3336470017210913,-0.6053669575419826,0.7717391304347826,1,0.0,False,True
2025-04-24,1.0,0.5289271341618318,0.458544690212381,0.2079207920792079,1,High,High,Positive pre-15:00 return,0.0009619737437756015,9.619737437756015,9.619737437756015,5.270000000000753,5478.32,0.0014477917519741812,1.0,9.619737437756015,18.78599367638053,18.78599367638053,1,1.0,0.1312259960782723,-0.6053669575419826,0.5,1,0.0,False,True
2025-04-25,1.0,0.51668741533331,0.458544690212381,0.1683168316831683,1,High,High,Positive pre-15:00 return,0.0012870666120419205,12.870666120419205,12.870666120419205,7.100000000000291,5516.42,0.0036588183708705646,1.0,12.870666120419205,24.979556410058382,24.979556410058382,1,1.0,0.9034180526367088,-0.6053669575419826,0.6739130434782609,1,0.0,False,True
2025-04-28,1.0,0.7053507746657001,0.458544690212381,0.6534653465346535,1,High,High,Negative pre-15:00 return,0.004292453601355772,42.92453601355773,42.92453601355773,23.62999999999954,5505.01,0.001958411066114607,1.0,42.92453601355773,13.462393090065454,13.462393090065454,1,1.0,-0.2101415628750699,-0.6053669575419826,0.3369565217391304,1,1.0,False,True
2025-04-29,1.0,0.902848308233192,0.458544690212381,0.9603960396039604,1,High,High,Positive pre-15:00 return,-7.552978750957617e-05,0.7552978750957617,-0.7552978750957617,0.42000000000025045,5560.72,-0.0008067979465284925,0.0,-0.7552978750957617,18.77231627505379,18.77231627505379,1,1.0,-0.3197251260502748,-0.6053669575419826,0.2826086956521739,1,0.0,True,True
2025-04-30,1.0,0.7101334811900738,0.458544690212381,0.6732673267326733,1,High,High,Positive pre-15:00 return,0.00843177049043553,84.31770490435531,84.31770490435531,46.489999999999675,5513.67,-0.001636877547435911,1.0,84.31770490435531,20.73240468364037,20.73240468364037,1,1.0,0.6890277617745392,-0.6053669575419826,0.6304347826086957,1,1.0,False,True
2025-05-01,1.0,0.9410061663949628,0.458544690212381,0.99009900990099,1,High,High,Positive pre-15:00 return,-0.005732428686279878,57.32428686279878,-57.32428686279878,32.299999999999464,5634.61,0.0018705248315726841,0.0,-57.32428686279878,17.754768299524244,17.754768299524244,1,1.0,0.0063342373652263,-0.6053669575419826,0.4239130434782608,1,1.0,True,True
2025-05-02,1.0,0.6966649194492944,0.458544690212381,0.6237623762376238,1,High,High,Positive pre-15:00 return,-0.00042017397663896006,4.201739766389601,-4.201739766389601,2.3899999999996013,5688.12,-0.0002829659755384517,0.0,-4.201739766389601,19.60847379074078,19.60847379074078,1,1.0,-0.0096717268763649,-0.6053669575419826,0.4021739130434782,1,0.0,False,True
2025-05-05,1.0,0.6992199448823688,0.458544690212381,0.6336633663366337,1,High,Medium,Positive pre-15:00 return,-0.004199096744862962,41.990967448629625,-41.990967448629625,23.829999999999657,5675.03,7.048917726781845e-05,0.0,-41.990967448629625,14.098776006580124,14.098776006580124,1,0.0,-0.7625154474006598,-0.6053669575419826,0.1521739130434782,1,1.0,False,False
2025-05-06,1.0,0.6886920364187593,0.458544690212381,0.6039603960396039,1,High,High,Positive pre-15:00 return,-0.00388988895424347,38.8988895424347,-38.8988895424347,21.889999999999244,5627.41,0.004526914254603165,0.0,-38.8988895424347,13.741919231995414,13.741919231995414,1,1.0,-0.0909829523090307,-0.6053669575419826,0.3695652173913043,1,1.0,False,True
2025-05-07,1.0,0.7549342831258641,0.458544690212381,0.7722772277227723,1,High,High,Positive pre-15:00 return,0.0007572673669316021,7.572673669316021,7.572673669316021,4.260000000000058,5625.49,0.002603869624729027,1.0,7.572673669316021,22.27818685210461,22.27818685210461,1,1.0,1.7637519222664948,-0.6053669575419826,0.8586956521739131,1,0.0,True,True
2025-05-08,1.0,0.5667509800697004,0.458544690212381,0.2772277227722772,1,High,Medium,Positive pre-15:00 return,-0.006453650022365975,64.53650022365976,-64.53650022365976,36.7900000000006,5700.650000000001,0.0010905374365171028,0.0,-64.53650022365976,18.529517145867445,18.529517145867445,1,0.0,-0.5366285618062685,0.3480706519542133,0.6739130434782609,2,1.0,False,False
2025-05-09,0.0,0.1475283911676527,0.458544690212381,0.8118811881188119,1,High,Medium,Negative pre-15:00 return,-0.0009039117132481067,9.039117132481067,-9.039117132481067,5.119999999999854,5664.27,-0.0006563173188377514,0.0,9.039117132481067,7.973511461322996,7.973511461322996,1,0.0,-0.8198288056803025,0.3480706519542133,0.0760869565217391,2,0.0,True,False
2025-05-12,0.0,0.4104689328115694,0.458544690212381,0.1386138613861386,1,Medium,Medium,Positive pre-15:00 return,0.00232721260982216,23.2721260982216,23.2721260982216,13.569999999999114,5831.01,-5.3161205353036145e-05,1.0,-23.2721260982216,15.724552241036664,15.724552241036664,1,0.0,-0.5566190604949257,0.3480706519542133,0.6304347826086957,2,0.0,False,False
2025-05-13,0.0,0.253870866496452,0.458544690212381,0.5445544554455446,1,Medium,Medium,Positive pre-15:00 return,-0.0029547753337253457,29.547753337253457,-29.547753337253457,17.440000000000445,5902.31,0.0012162561024844365,0.0,29.547753337253457,8.83394606526966,8.83394606526966,1,0.0,-0.7396952474047596,0.3480706519542133,0.3043478260869565,2,1.0,False,False
2025-05-14,0.0,0.4205855475379503,0.458544690212381,0.1188118811881188,1,Medium,High,Negative pre-15:00 return,-2.3762443458141824e-05,0.23762443458141824,-0.23762443458141824,0.1400000000001613,5891.650000000001,0.00042790700833572615,0.0,0.23762443458141824,14.805960376171624,14.805960376171624,1,0.0,-0.6216113529086196,0.3480706519542133,0.5760869565217391,2,0.0,False,False
2025-05-15,0.0,0.3715516761007391,0.5205916006132401,0.5346534653465347,2,Medium,Medium,Positive pre-15:00 return,0.0009692627006399057,9.692627006399057,9.692627006399057,5.729999999999937,5911.71,-0.0003449587824984057,1.0,-9.692627006399057,15.487120550205097,15.487120550205097,2,0.0,-0.626863288221349,0.3480706519542133,0.5652173913043478,2,0.0,False,False
2025-05-16,0.0,0.486143211656109,0.5205916006132401,0.1386138613861386,2,Medium,Low,Positive pre-15:00 return,0.0014403772880906551,14.403772880906551,14.403772880906551,8.570000000000423,5949.83,0.0012992017986876991,1.0,-14.403772880906551,15.129486790915202,15.129486790915202,2,0.0,-0.6834222613252119,0.3480706519542133,0.4456521739130434,2,0.0,False,False
2025-05-19,0.0,0.469844488747231,0.5205916006132401,0.2277227722772277,2,Medium,Medium,Positive pre-15:00 return,0.0012322010737273459,12.322010737273459,12.322010737273459,7.340000000000528,5956.82,4.7007155160594394e-05,1.0,-12.322010737273459,13.77908130839026,13.77908130839026,2,0.0,-0.6771528071528501,0.3480706519542133,0.4673913043478261,2,0.0,False,False
2025-05-21,0.0,0.5159308114144358,0.5205916006132401,0.0297029702970297,2,High,High,Negative pre-15:00 return,-0.0014693897077794338,14.693897077794338,-14.693897077794338,8.600000000000238,5852.77,-0.003529411764705781,0.0,14.693897077794338,38.31563221117128,38.31563221117128,2,0.0,0.2226073341831402,0.3480706519542133,0.9456521739130436,2,0.0,False,False
2025-05-22,0.0,0.2059264048439771,0.5205916006132401,0.9405940594059404,2,Medium,Medium,Positive pre-15:00 return,-0.005016651193690436,50.16651193690436,-50.16651193690436,29.450000000000017,5870.45,0.0007773756412070565,0.0,50.16651193690436,12.521377382074412,12.521377382074412,2,0.0,-0.606542501447225,0.3480706519542133,0.6086956521739131,2,1.0,True,False
2025-05-23,1.0,0.5402634464283284,0.5205916006132401,0.0891089108910891,2,High,Medium,Positive pre-15:00 return,-0.002545123965237872,25.45123965237872,-25.45123965237872,14.81000000000022,5818.97,-0.0002731695919293564,0.0,-25.45123965237872,19.928282181386106,19.928282181386106,2,0.0,-0.4105133441977929,0.3480706519542133,0.8152173913043478,2,0.0,False,False
2025-05-27,1.0,0.7889024452172754,0.5205916006132401,0.8712871287128713,2,Medium,Low,Positive pre-15:00 return,0.0009145063356186256,9.145063356186256,9.145063356186256,5.409999999999241,5915.76,-0.0009558518058168097,1.0,9.145063356186256,12.226402314912178,12.226402314912178,2,0.0,-0.6733727611318046,0.3480706519542133,0.5,2,0.0,True,False
2025-05-28,1.0,0.5492646213408581,0.5205916006132401,0.1188118811881188,2,Medium,Medium,Negative pre-15:00 return,-0.0033708891904788985,33.708891904788985,-33.708891904788985,19.919999999999813,5909.42,7.954035827006933e-05,0.0,-33.708891904788985,20.53461053080942,20.53461053080942,2,0.0,-0.4741337603637905,0.3480706519542133,0.7608695652173914,2,1.0,False,False
2025-05-29,0.0,0.4432341745286988,0.5205916006132401,0.3366336633663366,2,Medium,Medium,Negative pre-15:00 return,0.0021510406867057963,21.510406867057963,21.510406867057963,12.690000000000245,5899.47,0.00034591338939171656,1.0,-21.510406867057963,23.91611927971937,23.91611927971937,2,0.0,-0.4607244319468437,0.3480706519542133,0.7934782608695652,2,0.0,False,False
2025-05-30,0.0,0.4172082000584705,0.5205916006132401,0.4158415841584158,2,Medium,High,Negative pre-15:00 return,0.001515737217961055,15.157372179610551,15.157372179610551,8.940000000000458,5898.12,0.004867494100910585,1.0,-15.157372179610551,20.25217421282456,20.25217421282456,2,0.0,-0.5062184544803419,0.3480706519542133,0.7282608695652174,2,0.0,False,False
2025-06-02,0.0,0.1916269486873758,0.5205916006132401,0.9801980198019802,2,Medium,Medium,Positive pre-15:00 return,0.0014184540705921567,14.184540705921567,14.184540705921567,8.41000000000019,5928.99,0.0032013157204568987,1.0,-14.184540705921567,19.88837076495741,19.88837076495741,2,0.0,-0.61804526995787,0.3480706519542133,0.5869565217391305,2,0.0,True,False
2025-06-03,1.0,0.7498270230968009,0.5205916006132401,0.7821782178217822,2,Medium,Medium,Positive pre-15:00 return,-0.0005423710655081404,5.423710655081404,-5.423710655081404,3.240000000000564,5973.77,0.00030810809905679193,0.0,-5.423710655081404,17.775013520084382,17.775013520084382,2,0.0,-0.6330776600509127,0.3480706519542133,0.5543478260869565,2,0.0,True,False
2025-06-04,0.0,0.5007630808608684,0.5205916006132401,0.099009900990099,2,Medium,Low,Positive pre-15:00 return,-0.0015801063771087032,15.801063771087032,-15.801063771087032,9.450000000000081,5980.61,-0.0009304765309430252,0.0,15.801063771087032,13.50558878755952,13.50558878755952,2,0.0,-0.7203247682672016,0.3480706519542133,0.3478260869565217,2,0.0,False,False
2025-06-05,0.0,0.5006285412921089,0.5205916006132401,0.1089108910891089,2,Medium,High,Negative pre-15:00 return,-0.0038021920886899263,38.02192088689927,-38.02192088689927,22.670000000000382,5962.35,-0.001062209630589006,0.0,38.02192088689927,22.97603306343403,22.97603306343403,2,0.0,-0.2773923090267119,0.3480706519542133,0.8695652173913043,2,1.0,False,False
2025-06-06,1.0,0.5750335522001919,0.5205916006132401,0.2376237623762376,2,Medium,Medium,Positive pre-15:00 return,-0.0012019550914951216,12.019550914951216,-12.019550914951216,7.2200000000002165,6006.88,0.0013168905380580576,0.0,-12.019550914951216,13.712716177279653,13.712716177279653,2,0.0,-0.6375772112092586,0.3480706519542133,0.5434782608695652,2,0.0,False,False
2025-06-10,0.0,0.4579193106010729,0.5205916006132401,0.2772277227722772,2,Medium,Medium,Positive pre-15:00 return,0.0010707117249564302,10.707117249564302,10.707117249564302,6.460000000000377,6033.37,0.001906378230090544,1.0,-10.707117249564302,14.28996137872867,14.28996137872867,2,0.0,-0.6790161354903743,0.3480706519542133,0.4565217391304347,2,0.0,False,False
2025-06-11,1.0,0.5706310747812725,0.5205916006132401,0.2178217821782178,2,Medium,High,Negative pre-15:00 return,0.0011318101816382153,11.318101816382153,11.318101816382153,6.8100000000007945,6016.91,-0.0027876620266403807,1.0,11.318101816382153,35.83577922210675,35.83577922210675,2,0.0,0.0260418114631526,0.3480706519542133,0.9239130434782608,2,0.0,False,False
2025-06-12,1.0,0.6926136342924573,0.5205916006132401,0.6633663366336634,2,Medium,Low,Positive pre-15:00 return,0.0004633920296570615,4.633920296570615,4.633920296570615,2.799999999999829,6042.400000000001,0.00046691988515767946,1.0,4.633920296570615,9.689957236570637,9.689957236570637,2,0.0,-0.7507505520420468,0.3480706519542133,0.2717391304347826,2,0.0,False,False
2025-06-13,0.0,0.2650830783911322,0.5205916006132401,0.8415841584158416,2,High,High,Negative pre-15:00 return,-0.0003010395900509,3.0103959005089997,-3.0103959005089997,1.799999999999545,5979.28,-0.004428992920271546,0.0,3.0103959005089997,27.0789267539456,27.0789267539456,2,0.0,-0.0310835940013739,0.3480706519542133,0.9130434782608696,2,0.0,True,False
2025-06-16,1.0,0.8467622933166759,0.5205916006132401,0.9603960396039604,2,Medium,Low,Positive pre-15:00 return,0.0002320962602659904,2.320962602659904,2.320962602659904,1.399999999999249,6031.9800000000005,0.00033333499171650516,1.0,2.320962602659904,12.1834260051058,12.1834260051058,2,0.0,-0.7070703941032068,0.3480706519542133,0.391304347826087,2,0.0,True,False
2025-06-17,0.0,0.327673175871428,0.5205916006132401,0.7128712871287128,2,High,Medium,Negative pre-15:00 return,-0.0009435994729203312,9.435994729203312,-9.435994729203312,5.649999999999796,5987.71,3.340286696795758e-05,0.0,9.435994729203312,17.26777084564473,17.26777084564473,2,0.0,-0.5133943471015678,0.3480706519542133,0.717391304347826,2,0.0,True,False
2025-06-18,0.0,0.4109811959640002,0.5205916006132401,0.4257425742574257,2,High,High,Negative pre-15:00 return,0.00028769228967950866,2.8769228967950866,2.8769228967950866,1.720000000000807,5978.61,-0.003945160930244995,1.0,-2.8769228967950866,38.71411885915589,38.71411885915589,2,1.0,0.3820033846132763,0.3480706519542133,0.9782608695652174,2,0.0,False,True
2025-06-20,1.0,0.5845031569862292,0.5205916006132401,0.297029702970297,2,High,Medium,Negative pre-15:00 return,0.0014951094316066893,14.951094316066893,14.951094316066893,8.909999999999853,5959.43,-0.0007511850447105006,1.0,14.951094316066893,26.208433106449924,26.208433106449924,2,0.0,-0.2242937487658832,0.3480706519542133,0.8804347826086957,2,0.0,False,False
2025-06-23,0.0,0.3442268559230765,0.5205916006132401,0.6732673267326733,2,High,Medium,Positive pre-15:00 return,0.0027245280757874912,27.245280757874912,27.245280757874912,16.370000000000047,6008.38,-5.492027406883704e-05,1.0,-27.245280757874912,14.809101194234245,14.809101194234245,2,0.0,-0.4446751996739294,0.3480706519542133,0.8043478260869565,2,0.0,False,False
2025-06-24,0.0,0.3853497209837964,0.5205916006132401,0.4851485148514851,2,Medium,Low,Positive pre-15:00 return,-0.0005707949796286416,5.707949796286416,-5.707949796286416,3.4800000000007167,6096.76,0.0001985054671029829,0.0,5.707949796286416,10.233149996871326,10.233149996871326,2,0.0,-0.8214856702744462,0.3480706519542133,0.0652173913043478,2,0.0,False,False
2025-06-25,1.0,0.5836439288854645,0.5205916006132401,0.2871287128712871,2,Medium,Low,Negative pre-15:00 return,0.0009954334899306971,9.954334899306971,9.954334899306971,6.060000000000098,6087.8,0.00030397883650046253,1.0,9.954334899306971,10.36390016935438,10.36390016935438,2,0.0,-0.8473195018665025,0.3480706519542133,0.0543478260869565,2,0.0,False,False
2025-06-27,1.0,0.682627360385387,0.5205916006132401,0.6039603960396039,2,Medium,High,Negative pre-15:00 return,0.005953933214243756,59.53933214243756,59.53933214243756,36.52999999999972,6135.4400000000005,-0.004833550680914178,1.0,59.53933214243756,26.450708209239416,26.450708209239416,2,0.0,-0.1009898575801126,0.3480706519542133,0.9021739130434784,2,1.0,False,False
2025-06-30,0.0,0.2855400710457884,0.5205916006132401,0.801980198019802,2,Medium,Low,Negative pre-15:00 return,0.002043057641681667,20.43057641681667,20.43057641681667,12.650000000000377,6191.7,0.0016905965621840657,1.0,-20.43057641681667,13.334311940640958,13.334311940640958,2,0.0,-0.6766139292913458,0.3480706519542133,0.4891304347826087,2,0.0,True,False
2025-07-01,1.0,0.6673588100521132,0.5205916006132401,0.5148514851485149,2,Medium,Low,Positive pre-15:00 return,-0.0007948395085215498,7.948395085215498,-7.948395085215498,4.929999999999998,6202.51,-0.0009326224570332942,0.0,-7.948395085215498,13.573765258523265,13.573765258523265,2,0.0,-0.6901977969890289,0.3480706519542133,0.4239130434782608,2,0.0,False,False
2025-07-02,0.0,0.3292499087277034,0.5205916006132401,0.693069306930693,2,Medium,Low,Positive pre-15:00 return,0.000993395048134671,9.93395048134671,9.93395048134671,6.1800000000001205,6221.09,0.0006063705905439143,1.0,-9.93395048134671,13.006828216834066,13.006828216834066,2,0.0,-0.7645726814403766,0.3480706519542133,0.217391304347826,2,0.0,False,False
2025-07-07,0.0,0.4247777815919359,0.5205916006132401,0.396039603960396,2,Medium,Medium,Negative pre-15:00 return,0.001126330588471669,11.26330588471669,11.26330588471669,7.01000000000055,6223.75,0.00019766911154950328,1.0,-11.26330588471669,17.101385057536923,17.101385057536923,2,0.0,-0.5390843928872757,0.3480706519542133,0.6521739130434783,2,0.0,False,False
2025-07-08,0.0,0.4728059114965995,0.5205916006132401,0.1881188118811881,2,Medium,Low,Negative pre-15:00 return,-0.00026978590561332894,2.6978590561332894,-2.6978590561332894,1.6799999999990973,6227.16,-0.0010411235792835427,0.0,2.6978590561332894,10.908760088448544,10.908760088448544,2,0.0,-0.7708123911093216,0.3480706519542133,0.2065217391304347,2,0.0,False,False
2025-07-09,1.0,0.6029953141089466,0.5205916006132401,0.3663366336633663,2,Low,Low,Positive pre-15:00 return,0.0009878374511875787,9.878374511875787,9.878374511875787,6.180000000000099,6256.09,0.0015256397120975151,1.0,9.878374511875787,11.79654128722219,11.79654128722219,2,0.0,-0.7870821547612608,0.3480706519542133,0.1521739130434782,2,0.0,False,False
2025-07-11,0.0,0.3726642972493915,0.5205916006132401,0.5247524752475248,2,Low,Low,Positive pre-15:00 return,-0.0010183998352683021,10.183998352683021,-10.183998352683021,6.380000000000391,6264.7300000000005,-0.00021065902761707722,0.0,10.183998352683021,14.076292701850626,14.076292701850626,2,0.0,-0.7513936412104243,0.3480706519542133,0.2608695652173913,2,0.0,False,False
2025-07-15,0.0,0.501072998031541,0.5205916006132401,0.0792079207920792,2,Medium,Low,Negative pre-15:00 return,-0.001704574527963909,17.045745279639092,-17.045745279639092,10.659999999999576,6253.76,-0.0020823991791677487,0.0,17.045745279639092,21.33169486997684,21.33169486997684,2,0.0,-0.3798113284443256,0.3480706519542133,0.8260869565217391,2,0.0,False,False
2025-07-16,0.0,0.5172667716270554,0.5205916006132401,0.0198019801980198,2,Medium,Low,Positive pre-15:00 return,-4.150808449776555e-05,0.4150808449776555,-0.4150808449776555,0.2600000000004838,6263.84,0.0019130245622116515,0.0,0.4150808449776555,15.403436580014484,15.403436580014484,2,0.0,-0.580986360733456,0.3480706519542133,0.6195652173913043,2,0.0,False,False
2025-07-18,0.0,0.3569465022369552,0.5205916006132401,0.6237623762376238,2,Medium,Low,Negative pre-15:00 return,0.0007024503119705816,7.024503119705816,7.024503119705816,4.420000000000012,6292.26,0.00017484851760252162,1.0,-7.024503119705816,11.55684541233958,11.55684541233958,2,0.0,-0.8043609515926207,0.3480706519542133,0.0978260869565217,2,0.0,False,False
2025-07-22,0.0,0.480229406073643,0.5205916006132401,0.1683168316831683,2,Medium,Low,Positive pre-15:00 return,-0.0008029520762724562,8.029520762724562,-8.029520762724562,5.069999999999543,6314.2,0.0016275535617407133,0.0,8.029520762724562,13.72210916700304,13.72210916700304,2,0.0,-0.7557648211480299,0.3480706519542133,0.25,2,0.0,False,False
2025-07-23,0.0,0.2063823336690619,0.5205916006132401,0.9306930693069309,2,Low,Low,Positive pre-15:00 return,0.0010719176465032731,10.719176465032731,10.719176465032731,6.809999999999945,6353.1,0.0011961213519480207,1.0,-10.719176465032731,14.199057785885536,14.199057785885536,2,0.0,-0.7369469080658473,0.3480706519542133,0.3260869565217391,2,0.0,True,False
2025-07-25,0.0,0.3235570917619331,0.5205916006132401,0.7326732673267327,2,Low,Low,Positive pre-15:00 return,-0.00036608661233772377,3.6608661233772377,-3.6608661233772377,2.3399999999998666,6391.93,2.972586494442986e-05,0.0,3.6608661233772377,9.708012678823897,9.708012678823897,2,0.0,-0.8865171981442348,0.3480706519542133,0.0217391304347826,2,0.0,True,False
2025-07-28,1.0,0.5820822741536766,0.5205916006132401,0.2673267326732673,2,Low,Low,Negative pre-15:00 return,0.0014199469635702844,14.199469635702844,14.199469635702844,9.059999999999471,6380.52,-0.00011126381591008982,1.0,14.199469635702844,13.3276520298598,13.3276520298598,2,0.0,-0.8171876846326551,0.3480706519542133,0.0869565217391304,2,0.0,False,False
2025-07-29,0.0,0.3652686894512468,0.5205916006132401,0.5643564356435643,2,Low,Low,Negative pre-15:00 return,-0.0003075189963583913,3.075189963583913,-3.075189963583913,1.9599999999998794,6373.59,-0.00046733588747549515,0.0,3.075189963583913,17.434356117364857,17.434356117364857,2,0.0,-0.6688468206756528,0.3480706519542133,0.5108695652173914,2,0.0,False,False
2025-07-30,0.0,0.4748148240465544,0.5205916006132401,0.1782178217821782,2,Medium,High,Negative pre-15:00 return,0.0026227989754543657,26.227989754543657,26.227989754543657,16.649999999999896,6348.18,-0.006011051315494731,1.0,-26.227989754543657,39.39456981861179,39.39456981861179,2,1.0,0.4278872391227394,0.3480706519542133,0.9891304347826086,2,0.0,False,True
2025-07-31,0.0,0.4304936935305309,0.5205916006132401,0.3861386138613861,2,Low,High,Negative pre-15:00 return,-0.0030968804824216267,30.968804824216267,-30.968804824216267,19.699999999999747,6361.24,0.001155196021341176,0.0,30.968804824216267,33.758118064665894,33.758118064665894,2,0.0,-0.1705557865872872,0.3480706519542133,0.8913043478260869,2,1.0,False,False
2025-08-01,1.0,0.6403089578532725,0.5205916006132401,0.4554455445544554,2,High,High,Negative pre-15:00 return,0.0006256617576281265,6.256617576281265,6.256617576281265,3.899999999999164,6233.400000000001,0.0013397461229289753,1.0,6.256617576281265,44.72793047977143,44.72793047977143,2,0.0,0.2901725589877241,0.3480706519542133,0.9565217391304348,2,0.0,False,False
2025-08-04,1.0,0.6538449705647951,0.5205916006132401,0.4752475247524752,2,Medium,Low,Positive pre-15:00 return,0.001907403098382554,19.07403098382554,19.07403098382554,12.050000000000802,6317.49,9.497533015823123e-06,1.0,19.07403098382554,15.127688550844631,15.127688550844631,2,0.0,-0.6945945496011623,0.3480706519542133,0.4130434782608695,2,0.0,False,False
2025-08-05,0.0,0.2314383284486831,0.5205916006132401,0.900990099009901,2,Medium,Medium,Negative pre-15:00 return,-0.0006583811122357064,6.583811122357064,-6.583811122357064,4.149999999999817,6303.34,-0.002762308568535654,0.0,6.583811122357064,16.591279030739607,16.591279030739607,2,0.0,-0.4770053955970245,0.3480706519542133,0.75,2,0.0,True,False
2025-08-06,1.0,0.5284504620201537,0.5205916006132401,0.0495049504950495,2,Medium,Low,Positive pre-15:00 return,-6.146407424867384e-05,0.6146407424867384,-0.6146407424867384,0.3900000000004578,6345.17,0.0006134408195190844,0.0,-0.6146407424867384,16.141018465605278,16.141018465605278,2,0.0,-0.6769707946346497,0.3480706519542133,0.4782608695652174,2,0.0,False,False
2025-08-07,0.0,0.2231010837349963,0.5205916006132401,0.9108910891089108,2,Medium,Medium,Negative pre-15:00 return,0.0026152099599339174,26.152099599339174,26.152099599339174,16.540000000000457,6324.54,-0.0003666905858514813,1.0,-26.152099599339174,13.442914980590594,13.442914980590594,2,0.0,-0.5374791615769126,0.3480706519542133,0.6630434782608695,2,0.0,True,False
2025-08-08,0.0,0.4196001839039304,0.5205916006132401,0.4059405940594059,2,Low,Low,Positive pre-15:00 return,-9.857889910824813e-05,0.9857889910824813,-0.9857889910824813,0.6299999999989743,6390.82,3.129586800643125e-05,0.0,0.9857889910824813,11.611524962250073,11.611524962250073,2,0.0,-0.7720462916171356,0.3480706519542133,0.1847826086956521,2,0.0,False,False
2025-08-11,0.0,0.288514265373697,0.5205916006132401,0.7920792079207921,2,Low,Medium,Negative pre-15:00 return,-0.0013801638650855486,13.801638650855486,-13.801638650855486,8.810000000000583,6383.3,-0.00033670297316545916,0.0,13.801638650855486,10.337763123094945,10.337763123094945,2,0.0,-0.7716027335336135,0.3480706519542133,0.1956521739130435,2,0.0,True,False
2025-08-12,0.0,0.5018227533590952,0.5205916006132401,0.0693069306930693,2,Low,Low,Positive pre-15:00 return,0.0010561466180010193,10.561466180010193,10.561466180010193,6.799999999999563,6438.5,0.0,1.0,-10.561466180010193,13.183009824373473,13.183009824373473,2,0.0,-0.7184831521288977,0.3480706519542133,0.358695652173913,2,0.0,False,False
2025-08-13,0.0,0.3746566759325861,0.5205916006132401,0.495049504950495,2,Low,Medium,Negative pre-15:00 return,0.0013549002483725925,13.549002483725925,13.549002483725925,8.750000000000137,6458.04,0.0006523258282291611,1.0,-13.549002483725925,9.365736189023348,9.365736189023348,2,0.0,-0.7769647598973162,0.3480706519542133,0.1630434782608695,2,0.0,False,False
2025-08-14,0.0,0.4840618514427797,0.5205916006132401,0.1485148514851485,2,Low,Low,Positive pre-15:00 return,0.0006823044872736883,6.823044872736883,6.823044872736883,4.409999999999885,6463.39,-0.00020882510356168282,1.0,-6.823044872736883,12.860398030027806,12.860398030027806,2,0.0,-0.7611086401081932,0.3480706519542133,0.2282608695652173,2,0.0,False,False
2025-08-18,0.0,0.3159988328175051,0.5205916006132401,0.7623762376237624,2,Low,Low,Positive pre-15:00 return,-4.6514945251985296e-05,0.46514945251985296,-0.46514945251985296,0.30000000000048926,6449.54,0.0009016516831088506,0.0,0.46514945251985296,8.066301006678458,8.066301006678458,2,0.0,-0.9359303710350042,0.3480706519542133,0.0108695652173913,2,0.0,True,False
2025-08-19,1.0,0.6741694900565468,0.5205916006132401,0.5445544554455446,2,Low,Medium,Negative pre-15:00 return,0.0008554052872788986,8.554052872788986,8.554052872788986,5.480000000000554,6406.32,-0.0011646779829087572,1.0,8.554052872788986,11.552659406473673,11.552659406473673,2,0.0,-0.6895285859757618,0.3480706519542133,0.4347826086956521,2,0.0,False,False
2025-08-20,0.0,0.2497209308413495,0.5205916006132401,0.8811881188118812,2,Low,Medium,Negative pre-15:00 return,0.0020558591987163144,20.558591987163144,20.558591987163144,13.119999999999827,6381.76,-0.0007406259150174455,1.0,-20.558591987163144,17.585419462930115,17.585419462930115,2,0.0,-0.4680630183366229,0.3480706519542133,0.7717391304347826,2,0.0,True,False
2025-08-21,0.0,0.171199031889146,0.5205916006132401,0.99009900990099,2,Medium,Medium,Negative pre-15:00 return,-0.0008219066351706772,8.219066351706772,-8.219066351706772,5.239999999999839,6375.42,0.00042211108896816896,0.0,8.219066351706772,8.452489013556814,8.452489013556814,2,0.0,-0.7964304483807678,0.3480706519542133,0.1304347826086956,2,0.0,True,False
2025-08-22,0.0,0.5142747157252617,0.5205916006132401,0.0396039603960396,2,Low,Low,Positive pre-15:00 return,-0.00037410512353974745,3.7410512353974745,-3.7410512353974745,2.420000000000212,6468.77,-0.0004959842273924986,0.0,3.7410512353974745,13.276339784974104,13.276339784974104,2,0.0,-0.5474625771652462,0.3480706519542133,0.6413043478260869,2,0.0,False,False
2025-08-25,0.0,0.2745376043263079,0.5205916006132401,0.8217821782178217,2,Low,Low,Negative pre-15:00 return,-0.0022420482435481226,22.420482435481226,-22.420482435481226,14.4700000000001,6453.92,-0.0007926874581981602,0.0,22.420482435481226,13.964885045630972,13.964885045630972,2,0.0,-0.7429535635967859,0.3480706519542133,0.2826086956521739,2,0.0,True,False
2025-08-26,0.0,0.3194643587586752,0.5205916006132401,0.7425742574257426,2,Low,Low,Positive pre-15:00 return,0.0020612485276794157,20.612485276794157,20.612485276794157,13.299999999998663,6452.400000000001,0.0016159602855640998,1.0,-20.612485276794157,11.6767538757769,11.6767538757769,2,0.0,-0.8862494786784949,0.3480706519542133,0.0326086956521739,2,0.0,True,False
2025-08-29,1.0,0.71554322797312,0.5205916006132401,0.7227722772277227,2,Low,Low,Negative pre-15:00 return,0.0006596918960102283,6.596918960102283,6.596918960102283,4.25999999999981,6457.56,-0.00030033284309927133,1.0,6.596918960102283,10.280324249743146,10.280324249743146,2,0.0,-0.7922077946976629,0.3480706519542133,0.1413043478260869,2,0.0,True,False
2025-09-02,0.0,0.2675508462885999,0.5205916006132401,0.8316831683168316,2,Medium,Medium,Negative pre-15:00 return,0.0035590250617940633,35.59025061794063,35.59025061794063,22.75000000000001,6392.2,-0.00046128706910719686,1.0,-35.59025061794063,8.717813129692097,8.717813129692097,2,0.0,-0.6406756715661741,0.3480706519542133,0.532608695652174,2,1.0,True,False
2025-09-03,0.0,0.3525533211158305,0.5205916006132401,0.6534653465346535,2,Medium,Medium,Negative pre-15:00 return,0.004294231991327502,42.942319913275014,42.942319913275014,27.57000000000048,6420.24,-0.000185316977682648,1.0,-42.942319913275014,17.33463901732378,17.33463901732378,2,0.0,-0.6122348717443782,0.3480706519542133,0.5978260869565217,2,1.0,False,False
2025-09-05,0.0,0.1953218036103113,0.5205916006132401,0.9504950495049505,2,Low,Medium,Negative pre-15:00 return,0.001291359016342808,12.91359016342808,12.91359016342808,8.36000000000007,6473.8,0.001861719002688167,1.0,-12.91359016342808,20.234064732175103,20.234064732175103,2,0.0,-0.5359906408036585,0.3480706519542133,0.6847826086956522,2,0.0,True,False
2025-09-09,0.0,0.433168182211041,0.5205916006132401,0.3762376237623762,2,Low,Low,Positive pre-15:00 return,0.0005761563457860053,5.761563457860053,5.761563457860053,3.7500000000000835,6508.650000000001,0.0001382966463063795,1.0,-5.761563457860053,8.866896489086578,8.866896489086578,2,0.0,-0.8516643387224427,0.3480706519542133,0.0434782608695652,2,0.0,False,False
2025-09-10,1.0,0.575541739963085,0.5205916006132401,0.2475247524752475,2,Low,Low,Negative pre-15:00 return,0.0003338581133647267,3.338581133647267,3.338581133647267,2.1799999999999233,6529.72,-0.000551021532696927,1.0,3.338581133647267,14.28638410136277,14.28638410136277,2,0.0,-0.6650217264698104,0.3480706519542133,0.5217391304347826,2,0.0,False,False
2025-09-11,1.0,0.5224712467059924,0.5205916006132401,0.0099009900990099,2,Low,Low,Positive pre-15:00 return,0.0002885433118697822,2.885433118697822,2.885433118697822,1.900000000000142,6584.8,-8.351871958212076e-05,1.0,2.885433118697822,11.19733124572906,11.19733124572906,2,0.0,-0.796889430055312,0.3480706519542133,0.1195652173913043,2,0.0,False,False
2025-09-15,1.0,0.5957109779259517,0.5205916006132401,0.3267326732673267,2,Low,Low,Positive pre-15:00 return,0.0012015683948167766,12.015683948167766,12.015683948167766,7.9400000000011035,6608.03,-0.0009403938466190365,1.0,12.015683948167766,10.01777944744016,10.01777944744016,2,0.0,-0.77225658763726,0.3480706519542133,0.1739130434782608,2,0.0,False,False
2025-09-17,0.0,0.1943777043805549,0.5205916006132401,0.9702970297029704,2,Low,High,Negative pre-15:00 return,0.002437416854471852,24.374168544718522,24.374168544718522,16.05000000000043,6584.84,-0.002854464700796089,1.0,-24.374168544718522,43.65740913319441,43.65740913319441,2,0.0,0.3257830754360576,0.3480706519542133,0.967391304347826,2,0.0,True,False
2025-09-18,1.0,0.7099028449715206,0.5205916006132401,0.6831683168316832,2,Low,Low,Positive pre-15:00 return,-0.001483205893070716,14.83205893070716,-14.83205893070716,9.850000000000486,6641.02,0.0006810818955775844,0.0,-14.83205893070716,10.65471079034971,10.65471079034971,2,0.0,-0.6980762756015271,0.3480706519542133,0.4021739130434782,2,0.0,False,False
2025-09-23,0.0,0.4486122274393707,0.5205916006132401,0.3168316831683168,2,Medium,Medium,Negative pre-15:00 return,0.0016639010204557714,16.639010204557714,16.639010204557714,11.060000000000125,6647.03,-0.0017151138778545016,1.0,-16.639010204557714,20.88807017879895,20.88807017879895,2,0.0,-0.4647025189111162,0.3480706519542133,0.782608695652174,2,0.0,False,False
2025-09-24,0.0,0.4396996555647658,0.5205916006132401,0.3465346534653465,2,Medium,Low,Negative pre-15:00 return,-5.5747658974980574e-05,0.5574765897498057,-0.5574765897498057,0.3699999999998948,6637.05,0.0008142769898893398,0.0,0.5574765897498057,12.41955238224284,12.41955238224284,2,0.0,-0.7562015027719511,0.3480706519542133,0.2391304347826087,2,0.0,False,False
2025-09-25,0.0,0.2480557844389055,0.5205916006132401,0.8910891089108911,2,Medium,Medium,Negative pre-15:00 return,-7.11617688696764e-05,0.711617688696764,-0.711617688696764,0.47000000000048564,6604.67,0.003502177275503726,0.0,0.711617688696764,30.214945959213452,30.214945959213452,2,0.0,-0.3126366751091555,0.3480706519542133,0.8586956521739131,2,0.0,True,False
2025-09-26,0.0,0.2599577001074321,0.5205916006132401,0.8514851485148515,2,Low,Low,Positive pre-15:00 return,-0.00012792746963985469,1.2792746963985469,-1.2792746963985469,0.8500000000003541,6644.39,0.000825436705724325,0.0,1.2792746963985469,14.247548190006796,14.247548190006796,2,0.0,-0.7081123015468205,0.3480706519542133,0.3804347826086957,2,0.0,True,False
2025-09-29,0.0,0.3738446156604336,0.5205916006132401,0.504950495049505,2,Low,Low,Negative pre-15:00 return,0.0004535426637972684,4.535426637972684,4.535426637972684,3.020000000000233,6658.6900000000005,0.0005484565081503856,1.0,-4.535426637972684,13.65562823385909,13.65562823385909,2,0.0,-0.7370552470030332,0.3480706519542133,0.3152173913043478,2,0.0,False,False
2025-09-30,0.0,0.4708215542823036,0.5205916006132401,0.2079207920792079,2,Low,Low,Positive pre-15:00 return,0.0026809892670462965,26.809892670462965,26.809892670462965,17.87999999999982,6669.18,0.002908340651805119,1.0,-26.809892670462965,17.54862102846782,17.54862102846782,2,0.0,-0.7101772363429342,0.3480706519542133,0.3695652173913043,2,0.0,False,False
2025-10-02,0.0,0.4068706596270522,0.5205916006132401,0.4356435643564356,2,Medium,Low,Negative pre-15:00 return,-0.0005238625337087299,5.238625337087299,-5.238625337087299,3.519999999999743,6719.32,0.00072828222202026,0.0,5.238625337087299,12.290788583906256,12.290788583906256,2,0.0,-0.8040346792965771,0.3480706519542133,0.108695652173913,2,0.0,False,False
2025-10-03,0.0,0.3590092690843147,0.5205916006132401,0.594059405940594,2,Medium,Medium,Positive pre-15:00 return,-0.001036765766797565,10.36765766797565,-10.36765766797565,6.969999999999674,6722.83,0.0009841845561937568,0.0,10.36765766797565,23.063839407596674,23.063839407596674,2,0.0,-0.4855662113605281,0.3480706519542133,0.7391304347826086,2,0.0,False,False
2025-10-07,0.0,0.4819522557540497,0.5205916006132401,0.1584158415841584,2,Medium,Low,Negative pre-15:00 return,-1.0425432097060927e-05,0.10425432097060927,-0.10425432097060927,0.07000000000090104,6714.35,0.0010675111335745058,0.0,0.10425432097060927,12.118428223172614,12.118428223172614,2,0.0,-0.7351405297119349,0.3480706519542133,0.3369565217391304,2,0.0,False,False
2025-10-09,1.0,0.6758452009027991,0.5205916006132401,0.5544554455445545,2,Medium,Low,Negative pre-15:00 return,0.0017536500910291242,17.53650091029124,17.53650091029124,11.789999999999726,6723.12,-0.00046236896448692555,1.0,17.53650091029124,11.32702159011026,11.32702159011026,2,0.0,-0.7425479670941582,0.3480706519542133,0.2934782608695652,2,0.0,False,False
2025-10-10,0.0,0.4392337409244072,0.5205916006132401,0.3564356435643564,2,High,High,Negative pre-15:00 return,-0.0063219445324808055,63.219445324808056,-63.219445324808056,41.689999999999344,6594.49,-0.003605128166385918,0.0,63.219445324808056,37.11168174034484,37.11168174034484,2,1.0,0.4882639831591062,0.3480706519542133,1.0,2,1.0,False,True
2025-10-13,1.0,0.550560035289378,0.5205916006132401,0.1287128712871287,2,Medium,Medium,Positive pre-15:00 return,0.001575990751779166,15.75990751779166,15.75990751779166,10.469999999999784,6643.4400000000005,-0.0017880378763518445,1.0,15.75990751779166,20.59249626361546,20.59249626361546,2,0.0,-0.3524390886248225,0.3480706519542133,0.8369565217391305,2,0.0,False,False
2025-10-14,0.0,0.4526668456820364,0.5205916006132401,0.3069306930693069,2,Medium,Medium,Positive pre-15:00 return,-0.004151921350318832,41.519213503188325,-41.519213503188325,27.700000000000628,6671.610000000001,-0.00033264257555243315,0.0,41.519213503188325,13.30286531293212,13.30286531293212,2,0.0,-0.5210044837411094,0.3480706519542133,0.7065217391304348,2,1.0,False,False
2025-10-15,0.0,0.1065201968982948,0.5205916006132401,1.0,2,High,Medium,Negative pre-15:00 return,-0.0012320857280160302,12.320857280160302,-12.320857280160302,8.230000000000517,6679.7300000000005,0.0020972883771519513,0.0,12.320857280160302,16.15168330322747,16.15168330322747,2,0.0,-0.5353264663964388,0.3480706519542133,0.6956521739130435,2,0.0,True,False
2025-10-16,0.0,0.2170415918487314,0.5205916006132401,0.9207920792079208,2,High,High,Negative pre-15:00 return,0.00031538077324122504,3.1538077324122504,3.1538077324122504,2.0900000000000065,6626.91,-0.0019428266772694158,1.0,-3.1538077324122504,32.29214857101567,32.29214857101567,2,0.0,0.136677517804263,0.3480706519542133,0.9347826086956522,2,0.0,True,False
2025-10-17,1.0,0.4990268814727518,0.4958745327232828,0.0099009900990099,3,High,High,Positive pre-15:00 return,-0.000418560691300196,4.18560691300196,-4.18560691300196,2.7899999999997167,6665.7,0.0023262353332138552,0.0,-4.18560691300196,20.34276030242922,20.34276030242922,3,0.0,-0.32722236416038,0.3480706519542133,0.8478260869565217,2,0.0,False,False
2025-10-21,0.0,0.3236886420220648,0.4958745327232828,0.7524752475247525,3,Medium,Low,Positive pre-15:00 return,-0.0011346091382754553,11.346091382754553,-11.346091382754553,7.649999999999812,6742.41,-0.0003187754279004862,0.0,11.346091382754553,8.12529212777346,8.12529212777346,3,0.0,-0.9352556431871236,-0.1232340018202369,0.0652173913043478,3,0.0,True,False
2025-10-23,0.0,0.3805847992741356,0.4958745327232828,0.4752475247524752,3,Medium,Low,Positive pre-15:00 return,-0.001465606411324205,14.656064113242051,-14.656064113242051,9.890000000000416,6748.06,0.0002327136036666122,0.0,14.656064113242051,8.984075364447538,8.984075364447538,3,0.0,-0.882417297912149,-0.1232340018202369,0.108695652173913,3,0.0,False,False
2025-10-24,0.0,0.4095409972565261,0.4958745327232828,0.3762376237623762,3,Medium,Low,Positive pre-15:00 return,-0.0018929985508566727,18.929985508566727,-18.929985508566727,12.87999999999982,6804.02,0.00019257031388963952,0.0,18.929985508566727,6.720051468199635,6.720051468199635,3,0.0,-1.014199278570859,-0.1232340018202369,0.0326086956521739,3,0.0,False,False
2025-10-29,1.0,0.6060958993357469,0.4958745327232828,0.4653465346534653,3,Medium,High,Negative pre-15:00 return,0.0013206297180914373,13.206297180914373,13.206297180914373,9.09000000000081,6883.08,-0.0029636968859454438,1.0,13.206297180914373,21.07115336371261,21.07115336371261,3,1.0,0.6532749661774776,-0.1232340018202369,0.9565217391304348,3,0.0,False,True
2025-10-30,1.0,0.5327086444537166,0.4958745327232828,0.1782178217821782,3,Medium,Medium,Negative pre-15:00 return,-0.00355350559972889,35.5350559972889,-35.5350559972889,24.329999999999774,6846.76,-0.002770260625886589,0.0,-35.5350559972889,16.443644588508704,16.443644588508704,3,0.0,-0.437339217507277,-0.1232340018202369,0.4673913043478261,3,1.0,False,False
2025-10-31,1.0,0.5359092146984872,0.4958745327232828,0.2079207920792079,3,Medium,Medium,Negative pre-15:00 return,-0.0010471127727312846,10.471127727312846,-10.471127727312846,7.170000000000199,6847.400000000001,0.0026018979066215753,0.0,-10.471127727312846,13.519565221191415,13.519565221191415,3,0.0,-0.5761383302399072,-0.1232340018202369,0.3804347826086957,3,0.0,False,False
2025-11-03,1.0,0.6252697564847219,0.4958745327232828,0.5643564356435643,3,Medium,Medium,Negative pre-15:00 return,-0.0005280316235515281,5.280316235515281,-5.280316235515281,3.620000000001034,6855.650000000001,-0.00016625855538809908,0.0,-5.280316235515281,8.708038330842424,8.708038330842424,3,0.0,-0.8471834511132936,-0.1232340018202369,0.1304347826086956,3,0.0,False,False
2025-11-04,1.0,0.7312417419175711,0.4958745327232828,0.8910891089108911,3,Medium,High,Negative pre-15:00 return,2.362586086745999e-05,0.2362586086745999,0.2362586086745999,0.16000000000104725,6772.24,-0.0014626608632057891,1.0,0.2362586086745999,15.143897790395556,15.143897790395556,3,0.0,-0.3424383879334486,-0.1232340018202369,0.532608695652174,3,0.0,True,False
2025-11-05,1.0,0.5618973215576517,0.4958745327232828,0.3168316831683168,3,Medium,Medium,Positive pre-15:00 return,-0.004044815382022615,40.44815382022615,-40.44815382022615,27.600000000000417,6823.55,-0.0006151367580827793,0.0,-40.44815382022615,9.97505381652551,9.97505381652551,3,0.0,-0.7909713126586924,-0.1232340018202369,0.217391304347826,3,1.0,False,False
2025-11-06,0.0,0.2456770985831084,0.4958745327232828,0.9108910891089108,3,Medium,High,Negative pre-15:00 return,-0.004257487637879476,42.574876378794755,-42.574876378794755,28.739999999999885,6750.46,0.002265708516451026,0.0,42.574876378794755,20.01487200424329,20.01487200424329,3,1.0,-0.1146597910656904,-0.1232340018202369,0.6521739130434783,3,1.0,True,True
2025-11-07,1.0,0.524269338781665,0.4958745327232828,0.1287128712871287,3,High,High,Positive pre-15:00 return,0.0013795156069795755,13.795156069795755,13.795156069795755,9.270000000001003,6719.75,0.006556340791913584,1.0,13.795156069795755,26.67522617447253,26.67522617447253,3,1.0,0.284390279055418,-0.1232340018202369,0.8478260869565217,3,0.0,False,True
2025-11-10,0.0,0.4872115703826341,0.4958745327232828,0.0396039603960396,3,Medium,Medium,Positive pre-15:00 return,-3.512849711517774e-05,0.35128497115177737,-0.35128497115177737,0.24000000000072122,6832.06,0.0020577791532159218,0.0,0.35128497115177737,11.81830681603536,11.81830681603536,3,0.0,-0.6995039034664243,-0.1232340018202369,0.2826086956521739,3,0.0,False,False
2025-11-11,1.0,0.6045776572214173,0.4958745327232828,0.4554455445544554,3,Medium,Medium,Positive pre-15:00 return,-0.0003926560187306194,3.926560187306194,-3.926560187306194,2.6899999999993525,6850.78,-0.00018826427634277554,0.0,-3.926560187306194,9.840876024052676,9.840876024052676,3,0.0,-0.8120365262958058,-0.1232340018202369,0.1847826086956521,3,0.0,False,False
2025-11-12,0.0,0.3451042964352555,0.4958745327232828,0.6534653465346535,3,Medium,Medium,Negative pre-15:00 return,0.0006484061475910963,6.484061475910963,6.484061475910963,4.4399999999988875,6847.56,-0.0012558031670742986,1.0,-6.484061475910963,13.073410843601296,13.073410843601296,3,0.0,-0.6720727311774997,-0.1232340018202369,0.2934782608695652,3,0.0,False,False
2025-11-13,1.0,0.6249652520258233,0.4958745327232828,0.5544554455445545,3,High,High,Negative pre-15:00 return,0.00035777325489050327,3.5777325489050327,3.5777325489050327,2.410000000000468,6736.110000000001,-0.0013017261956829174,1.0,3.5777325489050327,26.924155267158618,26.924155267158618,3,1.0,0.4573144909487917,-0.1232340018202369,0.8913043478260869,3,0.0,False,True
2025-11-14,1.0,0.5585116363230573,0.4958745327232828,0.2673267326732673,3,High,High,Positive pre-15:00 return,-0.004325612474794349,43.25612474794349,-43.25612474794349,29.259999999999906,6764.360000000001,0.002112561295388282,0.0,-43.25612474794349,18.62069240909,18.62069240909,3,1.0,0.0042756233996682,-0.1232340018202369,0.7282608695652174,3,1.0,False,True
2025-11-17,1.0,0.5704301645824688,0.4958745327232828,0.3267326732673267,3,High,High,Negative pre-15:00 return,0.004321061978868723,43.21061978868723,43.21061978868723,28.70999999999957,6644.2,-0.005744778596322719,1.0,43.21061978868723,30.209855779612557,30.209855779612557,3,1.0,0.7543870327982479,-0.1232340018202369,0.9782608695652174,3,1.0,False,True
2025-11-18,0.0,0.3428104368850956,0.4958745327232828,0.6633663366336634,3,High,High,Positive pre-15:00 return,-0.006496792143190655,64.96792143190655,-64.96792143190655,43.26999999999983,6660.21,0.0020552015707397953,0.0,64.96792143190655,24.49743474416404,24.49743474416404,3,1.0,0.4146093745978084,-0.1232340018202369,0.8804347826086957,3,1.0,False,True
2025-11-19,0.0,0.3689450719875098,0.4958745327232828,0.5445544554455446,3,High,High,Positive pre-15:00 return,0.0022450041867518866,22.450041867518866,22.450041867518866,14.880000000000843,6628.05,-0.0018808711339740602,1.0,-22.450041867518866,16.106215476776008,16.106215476776008,3,1.0,-0.1000692824721322,-0.1232340018202369,0.6630434782608695,3,0.0,False,True
2025-11-20,0.0,0.3126555110071898,0.4958745327232828,0.7722772277227723,3,High,High,Negative pre-15:00 return,-0.008584250583704711,85.84250583704711,-85.84250583704711,56.619999999999536,6595.8,0.004668590968980091,0.0,85.84250583704711,28.797777892989263,28.797777892989263,3,1.0,0.900669618051035,-0.1232340018202369,1.0,3,1.0,True,True
2025-11-21,1.0,0.6207490993961146,0.4958745327232828,0.5346534653465347,3,High,High,Positive pre-15:00 return,-0.00427913597037477,42.7913597037477,-42.7913597037477,28.380000000000145,6632.18,-0.0007819362187130308,0.0,-42.7913597037477,30.70985181475979,30.70985181475979,3,1.0,0.8210233535944936,-0.1232340018202369,0.9891304347826086,3,1.0,False,True
2025-11-24,1.0,0.5866514209128371,0.4958745327232828,0.3861386138613861,3,High,Medium,Positive pre-15:00 return,0.0010780222323421018,10.780222323421018,10.780222323421018,7.21999999999961,6697.45,-0.0014745040507861962,1.0,10.780222323421018,16.496777507701594,16.496777507701594,3,0.0,-0.3832065149416508,-0.1232340018202369,0.5108695652173914,3,0.0,False,False
2025-11-25,0.0,0.4172447626889811,0.4958745327232828,0.3465346534653465,3,Medium,Medium,Positive pre-15:00 return,0.00175148461639818,17.5148461639818,17.5148461639818,11.829999999999737,6754.27,0.00014215251484084312,1.0,-17.5148461639818,10.739116619583498,10.739116619583498,3,0.0,-0.5486122477249904,-0.1232340018202369,0.4239130434782608,3,0.0,False,False
2025-11-26,0.0,0.489340737692618,0.4958745327232828,0.0297029702970297,3,Medium,Medium,Positive pre-15:00 return,-0.0016590747873393985,16.590747873393987,-16.590747873393987,11.319999999999704,6823.08,0.0006907809344463001,0.0,16.590747873393987,12.412530193061023,12.412530193061023,3,0.0,-0.6510304741382356,-0.1232340018202369,0.3043478260869565,3,0.0,False,False
2025-12-01,0.0,0.4847530351740299,0.4958745327232828,0.0495049504950495,3,Medium,Medium,Positive pre-15:00 return,-0.00011151200001158212,1.1151200001158212,-1.1151200001158212,0.7599999999989369,6815.41,-0.003960534949894123,0.0,1.1151200001158212,19.14761817742313,19.14761817742313,3,0.0,-0.4668007353864518,-0.1232340018202369,0.4456521739130434,3,0.0,False,False
2025-12-02,0.0,0.3394097777063444,0.4958745327232828,0.6831683168316832,3,Medium,Medium,Positive pre-15:00 return,-0.0013952733287798669,13.952733287798669,-13.952733287798669,9.539999999999598,6837.37,0.0018432801595360537,0.0,13.952733287798669,9.407464501134656,9.407464501134656,3,0.0,-0.7700679197570042,-0.1232340018202369,0.2282608695652173,3,0.0,False,False
2025-12-03,0.0,0.2663578652745421,0.4958745327232828,0.8613861386138614,3,Low,Low,Positive pre-15:00 return,-0.0013571784682395727,13.571784682395727,-13.571784682395727,9.309999999999185,6859.82,0.0010565363702430552,0.0,13.571784682395727,8.941802952522767,8.941802952522767,3,0.0,-0.9218351896191188,-0.1232340018202369,0.0760869565217391,3,0.0,True,False
2025-12-04,1.0,0.6368125769421862,0.4958745327232828,0.6237623762376238,3,Low,High,Negative pre-15:00 return,0.0018421264069770071,18.42126406977007,18.42126406977007,12.610000000000056,6845.35,-0.0012634939254538846,1.0,18.42126406977007,16.731250946566732,16.731250946566732,3,0.0,-0.5522619394156811,-0.1232340018202369,0.4130434782608695,3,0.0,False,False
2025-12-05,0.0,0.4628373818922008,0.4958745327232828,0.1485148514851485,3,Low,Low,Positive pre-15:00 return,-0.0007535367494636569,7.535367494636569,-7.535367494636569,5.180000000000543,6874.25,9.310973418608093e-05,0.0,7.535367494636569,6.830803474127581,6.830803474127581,3,0.0,-0.964094756170613,-0.1232340018202369,0.0434782608695652,3,0.0,False,False
2025-12-08,1.0,0.6140483960469392,0.4958745327232828,0.495049504950495,3,Medium,Low,Negative pre-15:00 return,0.0019855814885860745,19.855814885860745,19.855814885860745,13.569999999999153,6834.27,0.00028833628499924657,1.0,19.855814885860745,13.972665964093276,13.972665964093276,3,0.0,-0.7414202437765149,-0.1232340018202369,0.25,3,0.0,False,False
2025-12-09,1.0,0.7020152526788582,0.4958745327232828,0.801980198019802,3,Medium,Low,Positive pre-15:00 return,-0.0010835691775681333,10.835691775681333,-10.835691775681333,7.420000000000409,6847.74,-0.0006158821709408846,0.0,-10.835691775681333,7.444482994068441,7.444482994068441,3,0.0,-1.0150435816383052,-0.1232340018202369,0.0217391304347826,3,0.0,True,False
2025-12-10,0.0,0.4716665286180269,0.4958745327232828,0.0792079207920792,3,Low,High,Positive pre-15:00 return,-0.00046878310871423245,4.6878310871423245,-4.6878310871423245,3.23000000000063,6890.18,0.007376022152921324,0.0,4.6878310871423245,24.62718986554761,24.62718986554761,3,1.0,0.5464738808893147,-0.1232340018202369,0.9130434782608696,3,0.0,False,True
2025-12-11,0.0,0.3798455627984936,0.4958745327232828,0.4851485148514851,3,Low,Low,Positive pre-15:00 return,0.0003231944949688703,3.231944949688703,3.231944949688703,2.2300000000008593,6899.87,0.0012973575409995775,1.0,-3.231944949688703,12.642993512848172,12.642993512848172,3,0.0,-0.6475934237985912,-0.1232340018202369,0.3152173913043478,3,0.0,False,False
2025-12-12,0.0,0.2493875734467384,0.4958745327232828,0.900990099009901,3,Low,Medium,Negative pre-15:00 return,-0.0003118585304289212,3.118585304289212,-3.118585304289212,2.1300000000001407,6830.02,-0.0008587031096169984,0.0,3.118585304289212,13.01954152970266,13.01954152970266,3,0.0,-0.3986326337418286,-0.1232340018202369,0.4891304347826087,3,0.0,True,False
2025-12-15,0.0,0.2612346276096611,0.4958745327232828,0.8811881188118812,3,Medium,Medium,Negative pre-15:00 return,-0.0014122514276339038,14.122514276339038,-14.122514276339038,9.640000000000475,6825.9800000000005,0.0008827031243585637,0.0,14.122514276339038,9.242636030745608,9.242636030745608,3,0.0,-0.6432200424414323,-0.1232340018202369,0.3260869565217391,3,0.0,True,False
2025-12-16,0.0,0.4036139372894466,0.4958745327232828,0.4059405940594059,3,Medium,Medium,Negative pre-15:00 return,0.0014701268168513248,14.701268168513248,14.701268168513248,9.979999999999723,6788.53,0.00012228000648240034,1.0,-14.701268168513248,18.312173145669117,18.312173145669117,3,0.0,-0.2666339823263125,-0.1232340018202369,0.6086956521739131,3,0.0,False,False
2025-12-17,0.0,0.1043873502499402,0.4958745327232828,1.0,3,Medium,Medium,Negative pre-15:00 return,-0.0026572187776793266,26.572187776793264,-26.572187776793264,17.90999999999976,6740.13,0.0009177377319404822,0.0,26.572187776793264,14.956564975710016,14.956564975710016,3,0.0,-0.3254395869122528,-0.1232340018202369,0.5434782608695652,3,0.0,True,False
2025-12-18,1.0,0.589411045332674,0.4958745327232828,0.4158415841584158,3,Medium,High,Negative pre-15:00 return,0.0011734435247052755,11.734435247052755,11.734435247052755,7.940000000001023,6766.41,-0.0037647342895592573,1.0,11.734435247052755,23.22089265715286,23.22089265715286,3,1.0,0.1320030203380886,-0.1232340018202369,0.782608695652174,3,0.0,False,True
2025-12-19,1.0,0.5232478190021685,0.4958745327232828,0.1188118811881188,3,Low,Low,Positive pre-15:00 return,-2.3409404143026613e-05,0.23409404143026613,-0.23409404143026613,0.1600000000010069,6834.860000000001,0.0004757297328155108,0.0,-0.23409404143026613,9.46381236352445,9.46381236352445,3,0.0,-0.8255420917374425,-0.1232340018202369,0.1630434782608695,3,0.0,False,False
2025-12-29,1.0,0.5544170577602974,0.4958745327232828,0.2574257425742574,3,Low,Low,Positive pre-15:00 return,-0.0005527596016657865,5.527596016657865,-5.527596016657865,3.819999999999884,6910.78,0.0015942537298290205,0.0,-5.527596016657865,11.777361450403845,11.777361450403845,3,0.0,-0.9088203058328026,-0.1232340018202369,0.0869565217391304,3,0.0,False,False
2025-12-31,0.0,0.3880760458396353,0.4958745327232828,0.4455445544554455,3,Low,Medium,Negative pre-15:00 return,-0.003344135896831024,33.44135896831024,-33.44135896831024,22.96999999999913,6868.74,-0.002403675081223966,0.0,33.44135896831024,14.744380613034789,14.744380613034789,3,0.0,-0.6044953260771191,-0.1232340018202369,0.358695652173913,3,1.0,False,False
2026-01-02,0.0,0.4411377344393033,0.4958745327232828,0.2376237623762376,3,Low,Medium,Negative pre-15:00 return,0.00015311724843924956,1.5311724843924956,1.5311724843924956,1.0499999999996694,6857.49,0.0038749703558178528,1.0,-1.5311724843924956,21.791169602117687,21.791169602117687,3,0.0,-0.2048481310740453,-0.1232340018202369,0.6304347826086957,3,0.0,False,False
2026-01-05,1.0,0.7111133393100483,0.4958745327232828,0.8415841584158416,3,Low,Low,Positive pre-15:00 return,1.7384703199674334e-05,0.17384703199674334,0.17384703199674334,0.12000000000013605,6902.62,-0.0013137144262627132,1.0,0.17384703199674334,9.177277225373135,9.177277225373135,3,0.0,-0.8463085697691917,-0.1232340018202369,0.1413043478260869,3,0.0,True,False
2026-01-07,1.0,0.7106932755578118,0.4958745327232828,0.8316831683168316,3,Low,Medium,Negative pre-15:00 return,-0.0031526250752511586,31.526250752511586,-31.526250752511586,21.8900000000004,6943.42,-0.0015544495939882053,0.0,-31.526250752511586,12.538789536916973,12.538789536916973,3,0.0,-0.7992126436018989,-0.1232340018202369,0.2065217391304347,3,1.0,True,False
2026-01-08,1.0,0.7745033204587218,0.4958745327232828,0.9801980198019802,3,Low,Medium,Negative pre-15:00 return,0.0010297975984887575,10.297975984887575,10.297975984887575,7.1199999999993,6913.9800000000005,-8.821925811941522e-05,1.0,10.297975984887575,9.055144721677152,9.055144721677152,3,0.0,-0.8571332870813619,-0.1232340018202369,0.1195652173913043,3,0.0,True,False
2026-01-09,0.0,0.4305034416218475,0.4958745327232828,0.3069306930693069,3,Low,Low,Positive pre-15:00 return,-0.0011943816744858227,11.943816744858227,-11.943816744858227,8.329999999999963,6974.32,0.0004102440521784878,0.0,11.943816744858227,7.885130412794663,7.885130412794663,3,0.0,-0.8895745449644339,-0.1232340018202369,0.0978260869565217,3,0.0,False,False
2026-01-13,1.0,0.8093046765209029,0.4958745327232828,0.99009900990099,3,Low,Medium,Negative pre-15:00 return,0.0013820636612176251,13.820636612176251,13.820636612176251,9.610000000000799,6953.37,0.00011938083060281102,1.0,13.820636612176251,10.414886651827455,10.414886651827455,3,0.0,-0.7692118645570376,-0.1232340018202369,0.2391304347826087,3,0.0,True,False
2026-01-14,1.0,0.6357929019072909,0.4958745327232828,0.6138613861386139,3,Medium,Medium,Negative pre-15:00 return,0.003486213019636919,34.86213019636919,34.86213019636919,24.069999999999965,6904.34,-0.00013467974460090737,1.0,34.86213019636919,12.51352967412469,12.51352967412469,3,0.0,-0.6147047668201735,-0.1232340018202369,0.3369565217391304,3,1.0,False,False
2026-01-15,0.0,0.4625479953448599,0.4958745327232828,0.1584158415841584,3,Low,Medium,Negative pre-15:00 return,-0.001126164998274115,11.261649982741151,-11.261649982741151,7.830000000000267,6952.8,-0.002776757848356848,0.0,11.261649982741151,16.42000302556532,16.42000302556532,3,0.0,-0.4782628505698971,-0.1232340018202369,0.4347826086956521,3,0.0,False,False
2026-01-16,1.0,0.6442521878785651,0.4958745327232828,0.6435643564356436,3,Low,Medium,Negative pre-15:00 return,-0.0016443937395067554,16.443937395067554,-16.443937395067554,11.430000000000112,6950.89,0.00010359458833386626,0.0,-16.443937395067554,10.460688624197363,10.460688624197363,3,0.0,-0.8195328224961846,-0.1232340018202369,0.1739130434782608,3,0.0,False,False
2026-01-20,0.0,0.3748548499590968,0.4958745327232828,0.504950495049505,3,High,Medium,Negative pre-15:00 return,-0.0007395112169001905,7.395112169001905,-7.395112169001905,5.029999999999546,6801.79,-0.0013243652370277248,0.0,7.395112169001905,18.468661862247597,18.468661862247597,3,0.0,-0.2190023703096726,-0.1232340018202369,0.6195652173913043,3,0.0,False,False
2026-01-21,0.0,0.468921113592892,0.4958745327232828,0.1089108910891089,3,Medium,High,Positive pre-15:00 return,-0.004625454040069865,46.25454040069865,-46.25454040069865,31.94999999999979,6907.43,0.010876453035294276,0.0,46.25454040069865,28.9755467153557,28.9755467153557,3,1.0,0.7124084140090836,-0.1232340018202369,0.967391304347826,3,1.0,False,True
2026-01-22,1.0,0.6609467371885561,0.4958745327232828,0.7227722772277227,3,Low,Medium,Negative pre-15:00 return,0.0001591564131353529,1.591564131353529,1.591564131353529,1.1000000000002035,6911.4400000000005,-0.0017764965177778924,1.0,1.591564131353529,15.85927364971681,15.85927364971681,3,0.0,-0.4234339528837336,-0.1232340018202369,0.4782608695652174,3,0.0,True,False
2026-01-23,0.0,0.4567365908633336,0.4958745327232828,0.1881188118811881,3,Low,Medium,Positive pre-15:00 return,-0.0004972104182927595,4.972104182927595,-4.972104182927595,3.440000000000286,6918.6,0.0008375754577372163,0.0,4.972104182927595,9.487435726513231,9.487435726513231,3,0.0,-0.8443149215175287,-0.1232340018202369,0.1521739130434782,3,0.0,False,False
2026-01-26,0.0,0.3092675503508694,0.4958745327232828,0.7821782178217822,3,Low,Low,Positive pre-15:00 return,-0.0012717344446040446,12.717344446040446,-12.717344446040446,8.849999999999547,6959.0,-4.167091757922847e-05,0.0,12.717344446040446,8.6711849571989,8.6711849571989,3,0.0,-0.9372691753884316,-0.1232340018202369,0.0543478260869565,3,0.0,True,False
2026-01-28,1.0,0.6666249747586648,0.4958745327232828,0.7425742574257426,3,Low,High,Negative pre-15:00 return,0.000631106674239934,6.3110667423993405,6.3110667423993405,4.3999999999999115,6971.88,-0.00028678440122287263,1.0,6.3110667423993405,13.779015501428177,13.779015501428177,3,0.0,-0.3653329969261374,-0.1232340018202369,0.5217391304347826,3,0.0,True,False
2026-01-29,0.0,0.4016368089996217,0.4958745327232828,0.4257425742574257,3,Medium,High,Negative pre-15:00 return,0.004745167213058066,47.45167213058066,47.45167213058066,32.900000000000404,6933.37,0.0006292385203656714,1.0,-47.45167213058066,20.89698404181457,20.89698404181457,3,1.0,-0.0187512002986084,-0.1232340018202369,0.6956521739130435,3,1.0,False,True
2026-01-30,1.0,0.5117015624450665,0.4958745327232828,0.0594059405940594,3,Medium,High,Negative pre-15:00 return,0.0015143618964026384,15.143618964026384,15.143618964026384,10.490000000000041,6927.01,-0.001286056808531777,1.0,15.143618964026384,24.944534843626545,24.944534843626545,3,1.0,0.2533870550963621,-0.1232340018202369,0.8260869565217391,3,0.0,False,True
2026-02-02,1.0,0.6532151363598789,0.4958745327232828,0.693069306930693,3,Medium,Medium,Positive pre-15:00 return,8.600707838368749e-06,0.08600707838368749,0.08600707838368749,0.06000000000079291,6976.17,-0.0016300396705002385,1.0,0.08600707838368749,16.687259190453577,16.687259190453577,3,0.0,-0.2767224444630474,-0.1232340018202369,0.5978260869565217,3,0.0,False,False
2026-02-03,1.0,0.55907924326152,0.4958745327232828,0.2772277227722772,3,High,High,Negative pre-15:00 return,0.0038762446141098472,38.76244614109847,38.76244614109847,26.710000000000583,6890.6900000000005,0.0030131048225690016,1.0,38.76244614109847,19.829706752566544,19.829706752566544,3,1.0,0.1871192437421734,-0.1232340018202369,0.8043478260869565,3,1.0,False,True
2026-02-04,0.0,0.3163316760933966,0.4958745327232828,0.7623762376237624,3,Medium,High,Negative pre-15:00 return,-0.0031992005619239094,31.992005619239094,-31.992005619239094,22.09000000000031,6904.85,0.005374246134939975,0.0,31.992005619239094,21.864479917945825,21.864479917945825,3,1.0,0.3402021625166831,-0.1232340018202369,0.8586956521739131,3,1.0,True,True
2026-02-05,0.0,0.2199379178545147,0.4958745327232828,0.9702970297029704,3,High,High,Negative pre-15:00 return,-0.0018275390315365403,18.275390315365403,-18.275390315365403,12.45000000000079,6812.4400000000005,0.0011742315690468352,0.0,18.275390315365403,23.235087840985816,23.235087840985816,3,1.0,0.2144207625612296,-0.1232340018202369,0.8152173913043478,3,0.0,True,True
2026-02-06,0.0,0.3483067359471882,0.4958745327232828,0.6336633663366337,3,Medium,Low,Positive pre-15:00 return,0.0021488241478091474,21.488241478091474,21.488241478091474,14.860000000000856,6915.41,0.0005280854659304168,1.0,-21.488241478091474,10.864175419777553,10.864175419777553,3,0.0,-0.5541251660017108,-0.1232340018202369,0.4021739130434782,3,0.0,False,False
2026-02-09,0.0,0.3634794028280563,0.4958745327232828,0.5742574257425742,3,Medium,Low,Positive pre-15:00 return,-0.0018062522130174452,18.06252213017445,-18.06252213017445,12.600000000000705,6975.77,0.0010174093228560999,0.0,18.06252213017445,11.027035895158413,11.027035895158413,3,0.0,-0.7084249112084389,-0.1232340018202369,0.2608695652173913,3,0.0,False,False
2026-02-10,1.0,0.7508149311973678,0.4958745327232828,0.9306930693069309,3,Medium,Medium,Negative pre-15:00 return,-0.002650015448842691,26.500154488426908,-26.500154488426908,18.439999999999422,6958.45,0.00012648094090317308,0.0,-26.500154488426908,10.36834779609634,10.36834779609634,3,0.0,-0.7999540742912723,-0.1232340018202369,0.1956521739130435,3,0.0,True,False
2026-02-11,1.0,0.7038698738557492,0.4958745327232828,0.8118811881188119,3,Medium,High,Negative pre-15:00 return,-0.0014762717375977896,14.762717375977896,-14.762717375977896,10.260000000000383,6949.9400000000005,0.00028929479715533724,0.0,-14.762717375977896,20.791810367770744,20.791810367770744,3,1.0,-0.0718350055498395,-0.1232340018202369,0.6739130434782609,3,0.0,True,True
2026-02-12,1.0,0.525254316844406,0.4958745327232828,0.1386138613861386,3,High,High,Negative pre-15:00 return,-0.005422949292658852,54.22949292658852,-54.22949292658852,37.26000000000044,6870.8,0.0005781415878942653,0.0,-54.22949292658852,20.19373289726203,20.19373289726203,3,1.0,0.0572627276351825,-0.1232340018202369,0.75,3,1.0,False,True
2026-02-13,1.0,0.4998784494924798,0.4958745327232828,0.0198019801980198,3,High,High,Positive pre-15:00 return,-0.0011311126114671444,11.311126114671444,-11.311126114671444,7.739999999999604,6842.82,-0.003464591698086994,0.0,-11.311126114671444,29.203974557112105,29.203974557112105,3,1.0,0.378473404063351,-0.1232340018202369,0.8695652173913043,3,0.0,False,True
2026-02-17,0.0,0.3367843954775117,0.4958745327232828,0.7029702970297029,3,High,Medium,Positive pre-15:00 return,-0.0011059864801179486,11.059864801179486,-11.059864801179486,7.580000000001174,6853.610000000001,-0.0007129838886053008,0.0,11.059864801179486,25.68389750699235,25.68389750699235,3,1.0,0.0155509977646458,-0.1232340018202369,0.7391304347826086,3,0.0,True,True
2026-02-18,1.0,0.651328388686042,0.4958745327232828,0.6732673267326733,3,High,High,Positive pre-15:00 return,0.0024026798112242176,24.026798112242176,24.026798112242176,16.489999999999714,6863.17,-0.0036062665414249295,1.0,24.026798112242176,21.00417926045633,21.00417926045633,3,1.0,-0.0169202619562148,-0.1232340018202369,0.7065217391304348,3,0.0,False,True
2026-02-19,0.0,0.4036731626343402,0.4958745327232828,0.396039603960396,3,High,Medium,Negative pre-15:00 return,0.002786960473973421,27.86960473973421,27.86960473973421,19.070000000001052,6842.58,-0.0017477416493546505,1.0,-27.86960473973421,16.087196344445964,16.087196344445964,3,0.0,-0.385272997167488,-0.1232340018202369,0.5,3,1.0,False,False
2026-02-20,1.0,0.5611012848065821,0.4958745327232828,0.297029702970297,3,High,Medium,Positive pre-15:00 return,0.001883364771074758,18.83364771074758,18.83364771074758,12.989999999999954,6897.2300000000005,-0.0018018200553425734,1.0,18.83364771074758,22.38446824052279,22.38446824052279,3,1.0,-0.0149067463993823,-0.1232340018202369,0.717391304347826,3,0.0,False,True
2026-02-23,0.0,0.4373441670311722,0.4958745327232828,0.2475247524752475,3,High,Medium,Negative pre-15:00 return,0.0019131242373504609,19.13124237350461,19.13124237350461,13.060000000000041,6826.53,-0.0014276749523499666,1.0,-19.13124237350461,17.16021568263311,17.16021568263311,3,0.0,-0.3150029388607295,-0.1232340018202369,0.5543478260869565,3,0.0,False,False
2026-02-24,1.0,0.5425664097870471,0.4958745327232828,0.2178217821782178,3,High,Low,Positive pre-15:00 return,0.0004907327016723251,4.907327016723251,4.907327016723251,3.3800000000004067,6887.66,-0.0004455260908496905,1.0,4.907327016723251,11.58289922534907,11.58289922534907,3,0.0,-0.7015717255022749,-0.1232340018202369,0.2717391304347826,3,0.0,False,False
2026-02-25,0.0,0.3962335798223051,0.4958745327232828,0.4356435643564356,3,Medium,Low,Positive pre-15:00 return,-0.00012090279846799223,1.2090279846799223,-1.2090279846799223,0.8400000000000237,6947.7300000000005,0.000848478213269166,0.0,1.2090279846799223,8.906220440450156,8.906220440450156,3,0.0,-1.015141223365569,-0.1232340018202369,0.0108695652173913,3,0.0,False,False
2026-02-26,0.0,0.3721108214735151,0.4958745327232828,0.5148514851485149,3,Medium,Medium,Negative pre-15:00 return,0.00037646186658490954,3.7646186658490954,3.7646186658490954,2.600000000000685,6906.41,0.0024006258463511454,1.0,-3.7646186658490954,16.544382627610318,16.544382627610318,3,0.0,-0.4533219216298707,-0.1232340018202369,0.4565217391304347,3,0.0,False,False
2026-02-27,1.0,0.5610063492933342,0.4958745327232828,0.2871287128712871,3,High,Medium,Negative pre-15:00 return,0.004240035041611856,42.400350416118556,42.400350416118556,29.0399999999996,6849.0,-0.0008563255028906092,1.0,42.400350416118556,13.563375870381408,13.563375870381408,3,0.0,-0.5592639117583642,-0.1232340018202369,0.391304347826087,3,1.0,False,False
2026-03-02,0.0,0.3582454369747333,0.4958745327232828,0.6039603960396039,3,High,Medium,Positive pre-15:00 return,-0.0024575902566332797,24.575902566332797,-24.575902566332797,16.94999999999973,6897.0,0.004121601062211155,0.0,24.575902566332797,21.272306661356858,21.272306661356858,3,0.0,-0.2858427538402721,-0.1232340018202369,0.5760869565217391,3,0.0,False,False
2026-03-03,1.0,0.6566342511877843,0.4958745327232828,0.7128712871287128,3,High,High,Positive pre-15:00 return,-0.0015131274425362884,15.131274425362884,-15.131274425362884,10.329999999999838,6826.92,6.298991136000076e-05,0.0,-15.131274425362884,28.74760117699106,28.74760117699106,3,1.0,0.541831889251883,-0.1232340018202369,0.9021739130434784,3,0.0,True,True
2026-03-04,1.0,0.5224978916725235,0.4958745327232828,0.099009900990099,3,High,Low,Positive pre-15:00 return,-0.0020209622162881136,20.209622162881136,-20.209622162881136,13.910000000000807,6882.860000000001,0.00033282126335465456,0.0,-20.209622162881136,12.303849414452117,12.303849414452117,3,0.0,-0.6087494712189754,-0.1232340018202369,0.3478260869565217,3,0.0,False,False
2026-03-05,0.0,0.2452582109550325,0.4958745327232828,0.9207920792079208,3,High,High,Negative pre-15:00 return,0.006624946941470533,66.24946941470533,66.24946941470533,44.94999999999991,6784.96,0.0006872852233676952,1.0,-66.24946941470533,23.950568686776982,23.950568686776982,3,1.0,0.103662887728875,-0.1232340018202369,0.7717391304347826,3,1.0,True,True
2026-03-06,0.0,0.2331195844957357,0.4958745327232828,0.9504950495049505,3,High,High,Negative pre-15:00 return,-0.003656726128513199,36.56726128513199,-36.56726128513199,24.729999999999343,6762.88,0.00135925492692901,0.0,36.56726128513199,23.794925561468887,23.794925561468887,3,1.0,0.079378879757692,-0.1232340018202369,0.7608695652173914,3,1.0,True,True
2026-03-09,0.0,0.2637244573885853,0.4958745327232828,0.8712871287128713,3,High,Medium,Positive pre-15:00 return,0.012429984507210001,124.29984507210001,124.29984507210001,83.4399999999993,6712.8,0.001859607124414575,1.0,-124.29984507210001,30.97407447167244,30.97407447167244,3,1.0,0.1558938889322209,-0.1232340018202369,0.7934782608695652,3,1.0,True,True
2026-03-10,1.0,0.6321312308809924,0.4958745327232828,0.594059405940594,3,High,High,Positive pre-15:00 return,-0.0022980963464387383,22.980963464387383,-22.980963464387383,15.619999999999854,6796.93,-0.005277338324803593,0.0,-22.980963464387383,26.46898550558234,26.46898550558234,3,1.0,0.5557500725482646,-0.1232340018202369,0.9347826086956522,3,0.0,False,True
2026-03-11,0.0,0.3257382616280332,0.4958745327232828,0.7326732673267327,3,High,Medium,Negative pre-15:00 return,0.0015611602258951418,15.611602258951418,15.611602258951418,10.559999999999919,6764.2,0.00038600388370180205,1.0,-15.611602258951418,19.02428495912409,19.02428495912409,3,0.0,-0.2804869589703802,-0.1232340018202369,0.5869565217391305,3,0.0,True,False
2026-03-12,0.0,0.3711916664467204,0.4958745327232828,0.5247524752475248,3,High,High,Negative pre-15:00 return,-0.001880503502194597,18.80503502194597,-18.80503502194597,12.56999999999952,6684.38,-0.0011819571477027502,0.0,18.80503502194597,28.09973034012971,28.09973034012971,3,1.0,0.2620879190415275,-0.1232340018202369,0.8369565217391305,3,0.0,False,True
2026-03-13,0.0,0.2227749095099067,0.4958745327232828,0.9603960396039604,3,High,Medium,Negative pre-15:00 return,-0.0030441377423472415,30.441377423472417,-30.441377423472417,20.250000000000355,6652.13,0.002415575413269755,0.0,30.441377423472417,27.093483832836466,27.093483832836466,3,1.0,-0.0293330756238818,-0.1232340018202369,0.6847826086956522,3,1.0,True,True
2026-03-16,0.0,0.4772823931190448,0.4958745327232828,0.0693069306930693,3,High,Medium,Positive pre-15:00 return,-0.0008664322378407752,8.664322378407752,-8.664322378407752,5.8099999999993726,6705.66,0.0012990969036696942,0.0,8.664322378407752,22.168588166529464,22.168588166529464,3,0.0,-0.2878642208315805,-0.1232340018202369,0.5652173913043478,3,0.0,False,False
2026-03-17,1.0,0.6297757688402694,0.4958745327232828,0.5841584158415841,3,High,Medium,Negative pre-15:00 return,-0.0004493907184447421,4.493907184447421,-4.493907184447421,3.0199999999995404,6720.21,-0.0009143132392558373,0.0,-4.493907184447421,15.256977271566845,15.256977271566845,3,0.0,-0.5785838139756216,-0.1232340018202369,0.3695652173913043,3,0.0,False,False
2026-03-18,1.0,0.5491659616847778,0.4958745327232828,0.2277227722772277,3,High,High,Negative pre-15:00 return,-0.0028554870660134624,28.554870660134625,-28.554870660134625,18.970000000000535,6643.35,-0.004862331312604717,0.0,-28.554870660134625,28.19897162905808,28.19897162905808,3,1.0,0.5509830171711088,-0.1232340018202369,0.9239130434782608,3,1.0,False,True
2026-03-19,0.0,0.2389430729264811,0.4958745327232828,0.9405940594059404,3,High,High,Positive pre-15:00 return,0.0020705189949259406,20.705189949259406,20.705189949259406,13.649999999999011,6592.55,0.0017717968238337711,1.0,-20.705189949259406,13.466014637843694,13.466014637843694,3,0.0,-0.1591229055876075,-0.1232340018202369,0.6413043478260869,3,0.0,True,False
2026-03-20,0.0,0.3084726674722332,0.4958745327232828,0.7920792079207921,3,High,High,Negative pre-15:00 return,0.0003458308933041998,3.458308933041998,3.458308933041998,2.249999999999655,6506.07,-0.005239788757159469,1.0,-3.458308933041998,27.887925862748187,27.887925862748187,3,1.0,0.610673076873613,-0.1232340018202369,0.9456521739130436,3,0.0,True,True
