feature_1,feature_2,spearman_correlation,absolute_correlation
ret_open_to_1500,dist_from_open_pct,1.0,1.0
spx_at_1500,spy_at_1500,0.999777840231777,0.999777840231777
ret_open_to_1500,spy_ret_open_to_1500,0.9839449699588293,0.9839449699588293
spy_ret_open_to_1500,dist_from_open_pct,0.9839449699588293,0.9839449699588293
rv_open_to_1500,atr_open_to_1500,0.965849521515414,0.965849521515414
realized_vol_30m,realized_vol_60m,0.9613696599705283,0.9613696599705283
realized_vol_60m,realized_vol_120m,0.9571352525632486,0.9571352525632486
spy_volume_last_30m,spy_volume_last_60m,0.9396264783327409,0.9396264783327409
spy_dist_from_vwap_pct,position_in_day_range,0.9169855988735856,0.9169855988735856
realized_vol_30m,realized_vol_120m,0.9109092069890153,0.9109092069890153
