research_question,dataset_variant,feature_set,model,outer_fold,session_date,y_true,prediction,score,threshold,confidence_raw,confidence_percentile,score_percentile,vix_regime,realized_vol_regime,intraday_trend_regime
RQ1 Direction,Strict,Full,Extra Trees,1,2023-10-19,0.0,1.0,0.4765225760465551,0.41511208529024546,0.061410490756309666,0.3611111111111111,0.3611111111111111,High,High,Negative pre-15:00 return
RQ1 Direction,Strict,Full,Extra Trees,1,2023-10-20,0.0,1.0,0.47262139811495635,0.41511208529024546,0.05750931282471089,0.2847222222222222,0.2847222222222222,High,High,Negative pre-15:00 return
RQ1 Direction,Strict,Full,Extra Trees,1,2023-10-23,0.0,1.0,0.5745025169921174,0.41511208529024546,0.15939043170187195,0.9930555555555556,0.9930555555555556,High,High,Positive pre-15:00 return
RQ1 Direction,Strict,Full,Extra Trees,1,2023-10-24,1.0,1.0,0.5868592124355573,0.41511208529024546,0.17174712714531182,1.0,1.0,High,High,Positive pre-15:00 return
RQ1 Direction,Strict,Full,Extra Trees,1,2023-10-25,0.0,1.0,0.46060609172976846,0.41511208529024546,0.045494006439523005,0.19444444444444445,0.19444444444444445,High,High,Negative pre-15:00 return
RQ1 Direction,Strict,Full,Extra Trees,1,2023-10-26,0.0,1.0,0.532855350044556,0.41511208529024546,0.11774326475431052,0.9236111111111112,0.9236111111111112,High,High,Negative pre-15:00 return
RQ1 Direction,Strict,Full,Extra Trees,1,2023-10-27,1.0,1.0,0.46599360886527225,0.41511208529024546,0.05088152357502679,0.22916666666666666,0.22916666666666666,High,High,Negative pre-15:00 return
RQ1 Direction,Strict,Full,Extra Trees,1,2023-10-30,0.0,1.0,0.5512194133336593,0.41511208529024546,0.13610732804341386,0.9652777777777778,0.9652777777777778,High,Medium,Positive pre-15:00 return
RQ1 Direction,Strict,Full,Extra Trees,1,2023-10-31,1.0,1.0,0.504949907931119,0.41511208529024546,0.08983782264087359,0.6458333333333334,0.6458333333333334,Medium,Medium,Positive pre-15:00 return
RQ1 Direction,Strict,Full,Extra Trees,1,2023-11-01,1.0,1.0,0.48086690917434793,0.41511208529024546,0.06575482388410248,0.3958333333333333,0.3958333333333333,Medium,High,Positive pre-15:00 return
RQ1 Direction,Strict,Full,Extra Trees,1,2023-11-02,1.0,1.0,0.5098385256190693,0.41511208529024546,0.09472644032882382,0.7083333333333334,0.7083333333333334,Low,Low,Positive pre-15:00 return
RQ1 Direction,Strict,Full,Extra Trees,1,2023-11-03,0.0,1.0,0.49568633920844407,0.41511208529024546,0.08057425391819861,0.5208333333333334,0.5208333333333334,Low,Medium,Positive pre-15:00 return
RQ1 Direction,Strict,Full,Extra Trees,1,2023-11-06,1.0,1.0,0.5172837998343686,0.41511208529024546,0.1021717145441231,0.7916666666666666,0.7916666666666666,Low,Medium,Negative pre-15:00 return
RQ1 Direction,Strict,Full,Extra Trees,1,2023-11-08,1.0,1.0,0.5162271778518072,0.41511208529024546,0.1011150925615617,0.7777777777777778,0.7777777777777778,Low,Low,Negative pre-15:00 return
RQ1 Direction,Strict,Full,Extra Trees,1,2023-11-09,0.0,0.0,0.3973462733877997,0.41511208529024546,0.01776581190244575,0.06944444444444445,0.006944444444444444,Low,High,Negative pre-15:00 return
RQ1 Direction,Strict,Full,Extra Trees,1,2023-11-10,1.0,1.0,0.5012042039492943,0.41511208529024546,0.08609211865904887,0.6319444444444444,0.6319444444444444,Low,Low,Positive pre-15:00 return
RQ1 Direction,Strict,Full,Extra Trees,1,2023-11-13,0.0,1.0,0.5253970975405912,0.41511208529024546,0.1102850122503457,0.8541666666666666,0.8541666666666666,Low,Low,Positive pre-15:00 return
RQ1 Direction,Strict,Full,Extra Trees,1,2023-11-14,0.0,1.0,0.5111272776168192,0.41511208529024546,0.09601519232657374,0.7430555555555556,0.7430555555555556,Low,Low,Positive pre-15:00 return
RQ1 Direction,Strict,Full,Extra Trees,1,2023-11-15,0.0,1.0,0.4967117196446076,0.41511208529024546,0.08159963435436213,0.5625,0.5625,Low,Low,Positive pre-15:00 return
RQ1 Direction,Strict,Full,Extra Trees,1,2023-11-16,1.0,1.0,0.5180678107565471,0.41511208529024546,0.1029557254663016,0.8125,0.8125,Low,Low,Positive pre-15:00 return
RQ1 Direction,Strict,Full,Extra Trees,1,2023-11-20,0.0,1.0,0.5000599217736218,0.41511208529024546,0.08494783648337634,0.6041666666666666,0.6041666666666666,Low,Low,Positive pre-15:00 return
RQ1 Direction,Strict,Full,Extra Trees,1,2023-11-22,1.0,1.0,0.48302155494186655,0.41511208529024546,0.06790946965162109,0.4166666666666667,0.4166666666666667,Low,Medium,Positive pre-15:00 return
RQ1 Direction,Strict,Full,Extra Trees,1,2023-11-28,1.0,1.0,0.5179950059757542,0.41511208529024546,0.10288292068550875,0.8055555555555556,0.8055555555555556,Low,Low,Positive pre-15:00 return
RQ1 Direction,Strict,Full,Extra Trees,1,2023-12-14,1.0,1.0,0.4950815538314981,0.41511208529024546,0.07996946854125264,0.5069444444444444,0.5069444444444444,Low,Low,Negative pre-15:00 return
RQ1 Direction,Strict,Full,Extra Trees,1,2023-12-21,1.0,1.0,0.49010879744968233,0.41511208529024546,0.07499671215943687,0.4583333333333333,0.4583333333333333,Low,Medium,Positive pre-15:00 return
RQ1 Direction,Strict,Full,Extra Trees,1,2023-12-29,0.0,1.0,0.4712393973879477,0.41511208529024546,0.05612731209770222,0.2708333333333333,0.2708333333333333,Low,Low,Negative pre-15:00 return
RQ1 Direction,Strict,Full,Extra Trees,1,2024-01-04,0.0,1.0,0.4593863636605735,0.41511208529024546,0.044274278370328046,0.1736111111111111,0.1736111111111111,Low,Low,Positive pre-15:00 return
RQ1 Direction,Strict,Full,Extra Trees,1,2024-01-05,1.0,1.0,0.41874005707175793,0.41511208529024546,0.0036279717815124735,0.020833333333333332,0.034722222222222224,Low,Medium,Negative pre-15:00 return
RQ1 Direction,Strict,Full,Extra Trees,1,2024-01-09,1.0,1.0,0.5340264213654328,0.41511208529024546,0.11891433607518731,0.9305555555555556,0.9305555555555556,Low,Low,Positive pre-15:00 return
RQ1 Direction,Strict,Full,Extra Trees,1,2024-01-11,0.0,1.0,0.49004146638828644,0.41511208529024546,0.07492938109804098,0.4513888888888889,0.4513888888888889,Low,Medium,Negative pre-15:00 return
RQ1 Direction,Strict,Full,Extra Trees,1,2024-01-12,1.0,1.0,0.4652979549307482,0.41511208529024546,0.050185869640502756,0.2222222222222222,0.2222222222222222,Low,Medium,Negative pre-15:00 return
RQ1 Direction,Strict,Full,Extra Trees,1,2024-01-16,1.0,1.0,0.4242284561127405,0.41511208529024546,0.009116370822495057,0.041666666666666664,0.04861111111111111,Low,Medium,Negative pre-15:00 return
RQ1 Direction,Strict,Full,Extra Trees,1,2024-01-17,1.0,1.0,0.5303784801896826,0.41511208529024546,0.11526639489943713,0.9027777777777778,0.9027777777777778,Low,Low,Negative pre-15:00 return
RQ1 Direction,Strict,Full,Extra Trees,1,2024-01-24,0.0,1.0,0.45258183041395483,0.41511208529024546,0.037469745123709375,0.1388888888888889,0.1388888888888889,Low,High,Negative pre-15:00 return
RQ1 Direction,Strict,Full,Extra Trees,1,2024-01-26,0.0,1.0,0.523817528547014,0.41511208529024546,0.10870544325676856,0.8402777777777778,0.8402777777777778,Low,Low,Positive pre-15:00 return
RQ1 Direction,Strict,Full,Extra Trees,1,2024-01-31,0.0,0.0,0.410309251171958,0.41511208529024546,0.004802834118287469,0.027777777777777776,0.013888888888888888,Low,High,Negative pre-15:00 return
RQ1 Direction,Strict,Full,Extra Trees,1,2024-02-01,1.0,1.0,0.5044698080423241,0.41511208529024546,0.08935772275207865,0.6388888888888888,0.6388888888888888,Low,Medium,Positive pre-15:00 return
RQ1 Direction,Strict,Full,Extra Trees,1,2024-02-02,0.0,1.0,0.481573381057841,0.41511208529024546,0.06646129576759552,0.4027777777777778,0.4027777777777778,Low,Medium,Positive pre-15:00 return
RQ1 Direction,Strict,Full,Extra Trees,1,2024-02-07,0.0,1.0,0.5057104625154836,0.41511208529024546,0.09059837722523811,0.6597222222222222,0.6597222222222222,Low,Low,Positive pre-15:00 return
RQ1 Direction,Strict,Full,Extra Trees,1,2024-02-08,1.0,1.0,0.4755644180787686,0.41511208529024546,0.06045233278852313,0.3472222222222222,0.3472222222222222,Low,Low,Positive pre-15:00 return
RQ1 Direction,Strict,Full,Extra Trees,1,2024-02-09,0.0,1.0,0.5003832171696101,0.41511208529024546,0.08527113187936464,0.6111111111111112,0.6111111111111112,Low,Low,Positive pre-15:00 return
RQ1 Direction,Strict,Full,Extra Trees,1,2024-02-13,1.0,1.0,0.41667991125776316,0.41511208529024546,0.0015678259675176998,0.006944444444444444,0.020833333333333332,Medium,Medium,Negative pre-15:00 return
RQ1 Direction,Strict,Full,Extra Trees,1,2024-02-14,1.0,1.0,0.5118639314705566,0.41511208529024546,0.09675184618031119,0.75,0.75,Low,Medium,Positive pre-15:00 return
RQ1 Direction,Strict,Full,Extra Trees,1,2024-02-20,0.0,1.0,0.49533327502766483,0.41511208529024546,0.08022118973741937,0.5138888888888888,0.5138888888888888,Low,Medium,Negative pre-15:00 return
RQ1 Direction,Strict,Full,Extra Trees,1,2024-02-21,1.0,1.0,0.4383888195213633,0.41511208529024546,0.023276734231117868,0.1111111111111111,0.1111111111111111,Low,High,Negative pre-15:00 return
RQ1 Direction,Strict,Full,Extra Trees,1,2024-03-05,1.0,1.0,0.42621248869871503,0.41511208529024546,0.011100403408469572,0.04861111111111111,0.05555555555555555,Low,Low,Negative pre-15:00 return
RQ1 Direction,Strict,Full,Extra Trees,1,2024-03-06,1.0,1.0,0.4402393799680502,0.41511208529024546,0.025127294677804723,0.11805555555555555,0.11805555555555555,Low,High,Negative pre-15:00 return
RQ1 Direction,Strict,Full,Extra Trees,1,2024-03-08,0.0,1.0,0.473748241875743,0.41511208529024546,0.058636156585497534,0.3055555555555556,0.3055555555555556,Low,Medium,Negative pre-15:00 return
RQ1 Direction,Strict,Full,Extra Trees,1,2024-03-14,1.0,1.0,0.4267046553625952,0.41511208529024546,0.011592570072349762,0.05555555555555555,0.0625,Low,Medium,Negative pre-15:00 return
RQ1 Direction,Strict,Full,Extra Trees,1,2024-03-15,0.0,1.0,0.4891780554438188,0.41511208529024546,0.07406597015357336,0.4444444444444444,0.4444444444444444,Low,Medium,Negative pre-15:00 return
RQ1 Direction,Strict,Full,Extra Trees,1,2024-03-18,0.0,1.0,0.4743726351302296,0.41511208529024546,0.059260549839984134,0.3125,0.3125,Low,Medium,Positive pre-15:00 return
RQ1 Direction,Strict,Full,Extra Trees,1,2024-03-21,0.0,1.0,0.4611827128798086,0.41511208529024546,0.04607062758956315,0.2013888888888889,0.2013888888888889,Low,Low,Negative pre-15:00 return
RQ1 Direction,Strict,Full,Extra Trees,1,2024-04-01,1.0,1.0,0.4587078485553657,0.41511208529024546,0.04359576326512027,0.16666666666666666,0.16666666666666666,Low,Low,Negative pre-15:00 return
RQ1 Direction,Strict,Full,Extra Trees,1,2024-04-02,1.0,1.0,0.5064904210150579,0.41511208529024546,0.09137833572481247,0.6736111111111112,0.6736111111111112,Low,Low,Negative pre-15:00 return
RQ1 Direction,Strict,Full,Extra Trees,1,2024-04-05,1.0,1.0,0.5273326123962025,0.41511208529024546,0.11222052710595709,0.8680555555555556,0.8680555555555556,Medium,High,Positive pre-15:00 return
RQ1 Direction,Strict,Full,Extra Trees,1,2024-04-08,0.0,1.0,0.5109337527828863,0.41511208529024546,0.09582166749264087,0.7361111111111112,0.7361111111111112,Low,Low,Negative pre-15:00 return
RQ1 Direction,Strict,Full,Extra Trees,1,2024-04-09,1.0,1.0,0.4753507648268195,0.41511208529024546,0.060238679536574025,0.3402777777777778,0.3402777777777778,Low,Medium,Negative pre-15:00 return
RQ1 Direction,Strict,Full,Extra Trees,1,2024-04-10,1.0,1.0,0.4341629485845422,0.41511208529024546,0.019050863294296727,0.0763888888888889,0.0763888888888889,Medium,High,Negative pre-15:00 return
RQ1 Direction,Strict,Full,Extra Trees,1,2024-04-11,0.0,1.0,0.4940458407179983,0.41511208529024546,0.07893375542775283,0.4930555555555556,0.4930555555555556,Low,Medium,Positive pre-15:00 return
RQ1 Direction,Strict,Full,Extra Trees,1,2024-04-12,1.0,1.0,0.4357871851066645,0.41511208529024546,0.020675099816419018,0.08333333333333333,0.08333333333333333,Medium,High,Negative pre-15:00 return
RQ1 Direction,Strict,Full,Extra Trees,1,2024-04-15,0.0,1.0,0.46996747204594,0.41511208529024546,0.05485538675569457,0.2569444444444444,0.2569444444444444,High,High,Negative pre-15:00 return
RQ1 Direction,Strict,Full,Extra Trees,1,2024-04-16,0.0,1.0,0.49405085316866465,0.41511208529024546,0.07893876787841919,0.5,0.5,Medium,High,Positive pre-15:00 return
RQ1 Direction,Strict,Full,Extra Trees,1,2024-04-17,0.0,1.0,0.4748937045889586,0.41511208529024546,0.05978161929871312,0.3194444444444444,0.3194444444444444,Medium,High,Negative pre-15:00 return
RQ1 Direction,Strict,Full,Extra Trees,1,2024-04-18,1.0,1.0,0.45520965797799817,0.41511208529024546,0.040097572687752714,0.1597222222222222,0.1597222222222222,Medium,High,Negative pre-15:00 return
RQ1 Direction,Strict,Full,Extra Trees,1,2024-04-19,1.0,1.0,0.4709183421795035,0.41511208529024546,0.055806256889258055,0.2638888888888889,0.2638888888888889,High,High,Negative pre-15:00 return
RQ1 Direction,Strict,Full,Extra Trees,1,2024-04-22,0.0,1.0,0.5065900246287075,0.41511208529024546,0.09147793933846204,0.6805555555555556,0.6805555555555556,Medium,Medium,Positive pre-15:00 return
RQ1 Direction,Strict,Full,Extra Trees,1,2024-04-23,0.0,1.0,0.5087159267644095,0.41511208529024546,0.093603841474164,0.6875,0.6875,Low,Low,Positive pre-15:00 return
RQ1 Direction,Strict,Full,Extra Trees,1,2024-04-24,1.0,1.0,0.4616228984673215,0.41511208529024546,0.04651081317707606,0.20833333333333334,0.20833333333333334,Low,High,Negative pre-15:00 return
RQ1 Direction,Strict,Full,Extra Trees,1,2024-04-25,1.0,1.0,0.5050912132685805,0.41511208529024546,0.08997912797833507,0.6527777777777778,0.6527777777777778,Medium,High,Positive pre-15:00 return
RQ1 Direction,Strict,Full,Extra Trees,1,2024-04-26,0.0,1.0,0.4971910453817849,0.41511208529024546,0.08207896009153942,0.5694444444444444,0.5694444444444444,Low,Low,Positive pre-15:00 return
RQ1 Direction,Strict,Full,Extra Trees,1,2024-04-29,1.0,1.0,0.4901444879127491,0.41511208529024546,0.07503240262250366,0.4652777777777778,0.4652777777777778,Low,Low,Negative pre-15:00 return
RQ1 Direction,Strict,Full,Extra Trees,1,2024-04-30,0.0,1.0,0.42221336116016606,0.41511208529024546,0.007101275869920598,0.034722222222222224,0.041666666666666664,Low,Medium,Negative pre-15:00 return
RQ1 Direction,Strict,Full,Extra Trees,1,2024-05-01,0.0,1.0,0.47530516248818977,0.41511208529024546,0.06019307719794431,0.3333333333333333,0.3333333333333333,Low,High,Positive pre-15:00 return
RQ1 Direction,Strict,Full,Extra Trees,1,2024-05-02,0.0,1.0,0.5006650562496253,0.41511208529024546,0.08555297095937986,0.6180555555555556,0.6180555555555556,Low,Medium,Positive pre-15:00 return
RQ1 Direction,Strict,Full,Extra Trees,1,2024-05-23,1.0,1.0,0.4168788750489208,0.41511208529024546,0.0017667897586753356,0.013888888888888888,0.027777777777777776,Low,High,Negative pre-15:00 return
RQ1 Direction,Strict,Full,Extra Trees,1,2024-05-24,1.0,1.0,0.5378123849221993,0.41511208529024546,0.12270029963195384,0.9513888888888888,0.9513888888888888,Low,Low,Positive pre-15:00 return
RQ1 Direction,Strict,Full,Extra Trees,1,2024-05-28,1.0,1.0,0.4479659794809353,0.41511208529024546,0.03285389419068985,0.13194444444444445,0.13194444444444445,Low,Medium,Negative pre-15:00 return
RQ1 Direction,Strict,Full,Extra Trees,1,2024-05-29,0.0,1.0,0.4983602022834885,0.41511208529024546,0.08324811699324303,0.5833333333333334,0.5833333333333334,Low,Low,Negative pre-15:00 return
RQ1 Direction,Strict,Full,Extra Trees,1,2024-05-30,0.0,1.0,0.47918462339442736,0.41511208529024546,0.0640725381041819,0.3888888888888889,0.3888888888888889,Low,Low,Negative pre-15:00 return
RQ1 Direction,Strict,Full,Extra Trees,1,2024-05-31,1.0,1.0,0.48316251625148426,0.41511208529024546,0.0680504309612388,0.4236111111111111,0.4236111111111111,Low,Low,Negative pre-15:00 return
RQ1 Direction,Strict,Full,Extra Trees,1,2024-06-03,1.0,1.0,0.4735048418232713,0.41511208529024546,0.058392756533025836,0.2986111111111111,0.2986111111111111,Low,High,Negative pre-15:00 return
RQ1 Direction,Strict,Full,Extra Trees,1,2024-06-04,0.0,1.0,0.5061487126212078,0.41511208529024546,0.0910366273309623,0.6666666666666666,0.6666666666666666,Low,Medium,Positive pre-15:00 return
RQ1 Direction,Strict,Full,Extra Trees,1,2024-06-05,1.0,1.0,0.5121983407697871,0.41511208529024546,0.09708625547954164,0.7569444444444444,0.7569444444444444,Low,Low,Positive pre-15:00 return
RQ1 Direction,Strict,Full,Extra Trees,1,2024-06-06,1.0,1.0,0.4963060561750655,0.41511208529024546,0.08119397088482005,0.5416666666666666,0.5416666666666666,Low,Medium,Negative pre-15:00 return
RQ1 Direction,Strict,Full,Extra Trees,1,2024-06-07,0.0,1.0,0.5277099195952489,0.41511208529024546,0.11259783430500347,0.875,0.875,Low,High,Positive pre-15:00 return
RQ1 Direction,Strict,Full,Extra Trees,1,2024-06-10,1.0,1.0,0.50117122791395,0.41511208529024546,0.08605914262370451,0.625,0.625,Low,Medium,Positive pre-15:00 return
RQ1 Direction,Strict,Full,Extra Trees,1,2024-06-12,0.0,1.0,0.4959256163034863,0.41511208529024546,0.08081353101324085,0.5277777777777778,0.5277777777777778,Low,High,Positive pre-15:00 return
RQ1 Direction,Strict,Full,Extra Trees,1,2024-06-13,1.0,1.0,0.4964159808276793,0.41511208529024546,0.08130389553743383,0.5555555555555556,0.5555555555555556,Low,Low,Negative pre-15:00 return
RQ1 Direction,Strict,Full,Extra Trees,1,2024-06-14,1.0,1.0,0.47571500600686456,0.41511208529024546,0.0606029207166191,0.3541666666666667,0.3541666666666667,Low,Low,Positive pre-15:00 return
RQ1 Direction,Strict,Full,Extra Trees,1,2024-06-20,0.0,1.0,0.4718519432238002,0.41511208529024546,0.05673985793355474,0.2777777777777778,0.2777777777777778,Low,Medium,Negative pre-15:00 return
RQ1 Direction,Strict,Full,Extra Trees,1,2024-06-21,1.0,1.0,0.5100733114566577,0.41511208529024546,0.09496122616641223,0.7222222222222222,0.7222222222222222,Low,Low,Negative pre-15:00 return
RQ1 Direction,Strict,Full,Extra Trees,1,2024-06-24,0.0,1.0,0.46029679263889284,0.41511208529024546,0.04518470734864738,0.1875,0.1875,Low,Low,Positive pre-15:00 return
RQ1 Direction,Strict,Full,Extra Trees,1,2024-06-25,1.0,1.0,0.4903728069199032,0.41511208529024546,0.07526072162965775,0.4722222222222222,0.4722222222222222,Low,Low,Positive pre-15:00 return
RQ1 Direction,Strict,Full,Extra Trees,1,2024-06-26,1.0,1.0,0.5217518495785429,0.41511208529024546,0.10663976428829747,0.8333333333333334,0.8333333333333334,Low,Low,Positive pre-15:00 return
RQ1 Direction,Strict,Full,Extra Trees,1,2024-06-27,1.0,1.0,0.4677516400524934,0.41511208529024546,0.052639554762247964,0.24305555555555555,0.24305555555555555,Low,Low,Positive pre-15:00 return
RQ1 Direction,Strict,Full,Extra Trees,1,2024-06-28,0.0,1.0,0.4381230188392259,0.41511208529024546,0.023010933548980428,0.10416666666666667,0.10416666666666667,Low,Medium,Negative pre-15:00 return
RQ1 Direction,Strict,Full,Extra Trees,1,2024-07-01,1.0,1.0,0.5099817412765606,0.41511208529024546,0.09486965598631514,0.7152777777777778,0.7152777777777778,Low,Low,Negative pre-15:00 return
RQ1 Direction,Strict,Full,Extra Trees,1,2024-07-05,1.0,1.0,0.4782980730822352,0.41511208529024546,0.06318598779198975,0.3819444444444444,0.3819444444444444,Low,Low,Positive pre-15:00 return
RQ1 Direction,Strict,Full,Extra Trees,1,2024-07-11,0.0,1.0,0.4600469321811727,0.41511208529024546,0.04493484689092725,0.18055555555555555,0.18055555555555555,Low,Medium,Negative pre-15:00 return
RQ1 Direction,Strict,Full,Extra Trees,1,2024-07-17,0.0,1.0,0.4545375512631711,0.41511208529024546,0.03942546597292562,0.14583333333333334,0.14583333333333334,Low,Medium,Negative pre-15:00 return
RQ1 Direction,Strict,Full,Extra Trees,1,2024-07-18,1.0,1.0,0.4368238740007958,0.41511208529024546,0.02171178871055035,0.09722222222222222,0.09722222222222222,Low,High,Negative pre-15:00 return
RQ1 Direction,Strict,Full,Extra Trees,1,2024-07-19,0.0,1.0,0.42825253482940506,0.41511208529024546,0.013140449539159604,0.0625,0.06944444444444445,Medium,Medium,Negative pre-15:00 return
RQ1 Direction,Strict,Full,Extra Trees,1,2024-07-22,0.0,1.0,0.49598656860396634,0.41511208529024546,0.08087448331372088,0.5347222222222222,0.5347222222222222,Low,Low,Positive pre-15:00 return
RQ1 Direction,Strict,Full,Extra Trees,1,2024-07-23,0.0,1.0,0.4991009057768116,0.41511208529024546,0.08398882048656614,0.5972222222222222,0.5972222222222222,Low,Low,Positive pre-15:00 return
RQ1 Direction,Strict,Full,Extra Trees,1,2024-07-24,0.0,1.0,0.4417189107191644,0.41511208529024546,0.026606825428918957,0.125,0.125,Medium,Medium,Negative pre-15:00 return
RQ1 Direction,Strict,Full,Extra Trees,1,2024-07-25,0.0,1.0,0.4982180959271441,0.41511208529024546,0.08310601063689865,0.5763888888888888,0.5763888888888888,Medium,High,Negative pre-15:00 return
RQ1 Direction,Strict,Full,Extra Trees,1,2024-07-26,1.0,1.0,0.5132948496170389,0.41511208529024546,0.0981827643267934,0.7638888888888888,0.7638888888888888,Medium,High,Positive pre-15:00 return
RQ1 Direction,Strict,Full,Extra Trees,1,2024-07-29,0.0,1.0,0.5250074625608767,0.41511208529024546,0.10989537727063126,0.8472222222222222,0.8472222222222222,Medium,Medium,Negative pre-15:00 return
RQ1 Direction,Strict,Full,Extra Trees,1,2024-07-30,1.0,1.0,0.4841625791023568,0.41511208529024546,0.06905049381211137,0.4305555555555556,0.4305555555555556,Medium,Medium,Negative pre-15:00 return
RQ1 Direction,Strict,Full,Extra Trees,1,2024-07-31,0.0,1.0,0.49233471036177134,0.41511208529024546,0.07722262507152589,0.4791666666666667,0.4791666666666667,Low,High,Positive pre-15:00 return
RQ1 Direction,Strict,Full,Extra Trees,1,2024-08-01,1.0,1.0,0.4695580919227348,0.41511208529024546,0.05444600663248933,0.25,0.25,High,High,Negative pre-15:00 return
RQ1 Direction,Strict,Full,Extra Trees,1,2024-08-02,1.0,1.0,0.47816525457910497,0.41511208529024546,0.06305316928885951,0.3680555555555556,0.3680555555555556,High,High,Negative pre-15:00 return
RQ1 Direction,Strict,Full,Extra Trees,1,2024-08-05,1.0,1.0,0.5292650829332178,0.41511208529024546,0.11415299764297238,0.8819444444444444,0.8819444444444444,High,High,Positive pre-15:00 return
RQ1 Direction,Strict,Full,Extra Trees,1,2024-08-06,0.0,1.0,0.5594510647266603,0.41511208529024546,0.14433897943641483,0.9791666666666666,0.9791666666666666,High,High,Positive pre-15:00 return
RQ1 Direction,Strict,Full,Extra Trees,1,2024-08-07,0.0,1.0,0.46228323876457017,0.41511208529024546,0.04717115347432471,0.2152777777777778,0.2152777777777778,High,High,Negative pre-15:00 return
RQ1 Direction,Strict,Full,Extra Trees,1,2024-08-08,1.0,1.0,0.5321514462913446,0.41511208529024546,0.11703936100109913,0.9097222222222222,0.9097222222222222,High,High,Positive pre-15:00 return
RQ1 Direction,Strict,Full,Extra Trees,1,2024-08-09,1.0,1.0,0.5520502769254616,0.41511208529024546,0.13693819163521614,0.9722222222222222,0.9722222222222222,High,High,Positive pre-15:00 return
RQ1 Direction,Strict,Full,Extra Trees,1,2024-08-12,0.0,1.0,0.5366253748676274,0.41511208529024546,0.12151328957738194,0.9375,0.9375,High,Medium,Negative pre-15:00 return
RQ1 Direction,Strict,Full,Extra Trees,1,2024-08-13,1.0,1.0,0.5272990967429051,0.41511208529024546,0.11218701145265964,0.8611111111111112,0.8611111111111112,Medium,Low,Positive pre-15:00 return
RQ1 Direction,Strict,Full,Extra Trees,1,2024-08-14,0.0,1.0,0.4846204351947562,0.41511208529024546,0.06950834990451077,0.4375,0.4375,Medium,Low,Positive pre-15:00 return
RQ1 Direction,Strict,Full,Extra Trees,1,2024-08-15,1.0,1.0,0.5135118175284146,0.41511208529024546,0.09839973223816911,0.7708333333333334,0.7708333333333334,Low,Low,Positive pre-15:00 return
RQ1 Direction,Strict,Full,Extra Trees,1,2024-08-16,0.0,1.0,0.4926565741916156,0.41511208529024546,0.07754448890137017,0.4861111111111111,0.4861111111111111,Low,Low,Positive pre-15:00 return
RQ1 Direction,Strict,Full,Extra Trees,1,2024-08-20,0.0,1.0,0.532677165901588,0.41511208529024546,0.11756508061134252,0.9166666666666666,0.9166666666666666,Low,Low,Negative pre-15:00 return
RQ1 Direction,Strict,Full,Extra Trees,1,2024-08-21,1.0,1.0,0.5197138928050843,0.41511208529024546,0.10460180751483883,0.8194444444444444,0.8194444444444444,Medium,High,Positive pre-15:00 return
RQ1 Direction,Strict,Full,Extra Trees,1,2024-08-23,1.0,1.0,0.5294232909913936,0.41511208529024546,0.11431120570114817,0.8888888888888888,0.8888888888888888,Low,Low,Positive pre-15:00 return
RQ1 Direction,Strict,Full,Extra Trees,1,2024-08-26,0.0,1.0,0.47524038358613535,0.41511208529024546,0.06012829829588989,0.3263888888888889,0.3263888888888889,Low,Medium,Negative pre-15:00 return
RQ1 Direction,Strict,Full,Extra Trees,1,2024-08-27,0.0,1.0,0.5163199253632266,0.41511208529024546,0.10120784007298111,0.7847222222222222,0.7847222222222222,Low,Low,Positive pre-15:00 return
RQ1 Direction,Strict,Full,Extra Trees,1,2024-08-28,1.0,1.0,0.47311952033692367,0.41511208529024546,0.05800743504667821,0.2916666666666667,0.2916666666666667,Medium,High,Negative pre-15:00 return
RQ1 Direction,Strict,Full,Extra Trees,1,2024-08-29,0.0,1.0,0.43641870635684704,0.41511208529024546,0.021306621066601583,0.09027777777777778,0.09027777777777778,Low,High,Negative pre-15:00 return
RQ1 Direction,Strict,Full,Extra Trees,1,2024-08-30,1.0,1.0,0.5297726926311211,0.41511208529024546,0.11466060734087569,0.8958333333333334,0.8958333333333334,Low,Low,Positive pre-15:00 return
RQ1 Direction,Strict,Full,Extra Trees,1,2024-09-03,0.0,1.0,0.48223094022992485,0.41511208529024546,0.0671188549396794,0.4097222222222222,0.4097222222222222,High,Medium,Negative pre-15:00 return
RQ1 Direction,Strict,Full,Extra Trees,1,2024-09-04,1.0,1.0,0.5210785072646259,0.41511208529024546,0.10596642197438044,0.8263888888888888,0.8263888888888888,High,Medium,Positive pre-15:00 return
RQ1 Direction,Strict,Full,Extra Trees,1,2024-09-05,0.0,1.0,0.5456474246377847,0.41511208529024546,0.13053533934753925,0.9583333333333334,0.9583333333333334,High,Medium,Negative pre-15:00 return
RQ1 Direction,Strict,Full,Extra Trees,1,2024-09-06,0.0,1.0,0.4668966088835977,0.41511208529024546,0.05178452359335223,0.2361111111111111,0.2361111111111111,High,High,Negative pre-15:00 return
RQ1 Direction,Strict,Full,Extra Trees,1,2024-09-09,1.0,1.0,0.5624855906046933,0.41511208529024546,0.14737350531444782,0.9861111111111112,0.9861111111111112,High,Medium,Positive pre-15:00 return
RQ1 Direction,Strict,Full,Extra Trees,1,2024-09-10,1.0,1.0,0.5375232533605422,0.41511208529024546,0.12241116807029673,0.9444444444444444,0.9444444444444444,High,Medium,Negative pre-15:00 return
RQ1 Direction,Strict,Full,Extra Trees,1,2024-09-11,1.0,1.0,0.5179361110840838,0.41511208529024546,0.10282402579383831,0.7986111111111112,0.7986111111111112,Medium,High,Positive pre-15:00 return
RQ1 Direction,Strict,Full,Extra Trees,1,2024-09-12,1.0,1.0,0.5088145861547777,0.41511208529024546,0.09370250086453225,0.6944444444444444,0.6944444444444444,Medium,High,Positive pre-15:00 return
RQ1 Direction,Strict,Full,Extra Trees,1,2024-09-13,1.0,1.0,0.5090605842422221,0.41511208529024546,0.09394849895197666,0.7013888888888888,0.7013888888888888,Medium,High,Positive pre-15:00 return
RQ1 Direction,Strict,Full,Extra Trees,1,2024-09-16,1.0,1.0,0.5109042925450613,0.41511208529024546,0.09579220725481585,0.7291666666666666,0.7291666666666666,Medium,Low,Positive pre-15:00 return
RQ1 Direction,Strict,Full,Extra Trees,1,2024-09-17,1.0,1.0,0.45494482198337527,0.41511208529024546,0.03983273669312981,0.1527777777777778,0.1527777777777778,Medium,High,Negative pre-15:00 return
RQ1 Direction,Strict,Full,Extra Trees,1,2024-09-18,0.0,1.0,0.47827260971801117,0.41511208529024546,0.06316052442776571,0.375,0.375,Medium,High,Positive pre-15:00 return
RQ1 Direction,Strict,Full,Extra Trees,1,2024-09-19,0.0,1.0,0.49909181814575093,0.41511208529024546,0.08397973285550547,0.5902777777777778,0.5902777777777778,Medium,Medium,Positive pre-15:00 return
RQ1 Direction,Strict,Full,Extra Trees,1,2024-09-20,1.0,1.0,0.4963244850472176,0.41511208529024546,0.08121239975697214,0.5486111111111112,0.5486111111111112,Medium,Medium,Negative pre-15:00 return
RQ1 Direction,Strict,Full,Extra Trees,2,2024-09-23,1.0,1.0,0.6040232176605506,0.5107780403604032,0.09324517730014736,0.875,0.9027777777777778,Medium,Low,Positive pre-15:00 return
RQ1 Direction,Strict,Full,Extra Trees,2,2024-09-24,1.0,1.0,0.5608944426033331,0.5107780403604032,0.0501164022429299,0.5694444444444444,0.6944444444444444,Medium,Low,Negative pre-15:00 return
RQ1 Direction,Strict,Full,Extra Trees,2,2024-09-25,1.0,1.0,0.5531413987666414,0.5107780403604032,0.04236335840623817,0.4791666666666667,0.6458333333333334,Medium,Low,Negative pre-15:00 return
RQ1 Direction,Strict,Full,Extra Trees,2,2024-09-26,1.0,1.0,0.6066885055518536,0.5107780403604032,0.09591046519145041,0.8958333333333334,0.9236111111111112,Medium,Low,Negative pre-15:00 return
RQ1 Direction,Strict,Full,Extra Trees,2,2024-09-27,0.0,1.0,0.5193789087149978,0.5107780403604032,0.008600868354594615,0.125,0.4444444444444444,Medium,Medium,Negative pre-15:00 return
RQ1 Direction,Strict,Full,Extra Trees,2,2024-09-30,1.0,1.0,0.5210278038179855,0.5107780403604032,0.010249763457582328,0.1597222222222222,0.4583333333333333,Medium,High,Positive pre-15:00 return
RQ1 Direction,Strict,Full,Extra Trees,2,2024-10-01,0.0,1.0,0.6010517430654106,0.5107780403604032,0.09027370270500745,0.8472222222222222,0.8888888888888888,High,Medium,Negative pre-15:00 return
RQ1 Direction,Strict,Full,Extra Trees,2,2024-10-02,0.0,1.0,0.5743698750644197,0.5107780403604032,0.06359183470401653,0.6875,0.7916666666666666,High,Low,Positive pre-15:00 return
RQ1 Direction,Strict,Full,Extra Trees,2,2024-10-03,1.0,1.0,0.5680208737209812,0.5107780403604032,0.057242833360578005,0.6388888888888888,0.7569444444444444,High,Low,Negative pre-15:00 return
RQ1 Direction,Strict,Full,Extra Trees,2,2024-10-04,1.0,1.0,0.5198663352996129,0.5107780403604032,0.009088294939209707,0.1388888888888889,0.4513888888888889,High,Low,Negative pre-15:00 return
RQ1 Direction,Strict,Full,Extra Trees,2,2024-10-07,1.0,0.0,0.4685168008549122,0.5107780403604032,0.04226123950549099,0.4652777777777778,0.18055555555555555,High,High,Negative pre-15:00 return
RQ1 Direction,Strict,Full,Extra Trees,2,2024-10-08,1.0,1.0,0.6072865170451007,0.5107780403604032,0.09650847668469753,0.9027777777777778,0.9305555555555556,High,Low,Positive pre-15:00 return
RQ1 Direction,Strict,Full,Extra Trees,2,2024-10-09,1.0,1.0,0.5828660909806257,0.5107780403604032,0.0720880506202225,0.7638888888888888,0.8333333333333334,High,Low,Positive pre-15:00 return
RQ1 Direction,Strict,Full,Extra Trees,2,2024-10-10,1.0,1.0,0.5447848541397118,0.5107780403604032,0.03400681377930859,0.4166666666666667,0.6111111111111112,High,Low,Negative pre-15:00 return
RQ1 Direction,Strict,Full,Extra Trees,2,2024-10-11,0.0,1.0,0.6086492305137534,0.5107780403604032,0.09787119015335022,0.9097222222222222,0.9375,High,Low,Positive pre-15:00 return
RQ1 Direction,Strict,Full,Extra Trees,2,2024-10-15,0.0,1.0,0.5266578901629965,0.5107780403604032,0.01587984980259327,0.2152777777777778,0.4861111111111111,High,Low,Negative pre-15:00 return
RQ1 Direction,Strict,Full,Extra Trees,2,2024-10-16,0.0,1.0,0.5910258596429357,0.5107780403604032,0.08024781928253255,0.8055555555555556,0.8611111111111112,High,Low,Positive pre-15:00 return
RQ1 Direction,Strict,Full,Extra Trees,2,2024-10-17,0.0,1.0,0.5140710131266906,0.5107780403604032,0.003292972766287372,0.0625,0.4027777777777778,High,Medium,Negative pre-15:00 return
RQ1 Direction,Strict,Full,Extra Trees,2,2024-10-18,0.0,1.0,0.5932166304024665,0.5107780403604032,0.08243859004206333,0.8194444444444444,0.875,High,Low,Positive pre-15:00 return
RQ1 Direction,Strict,Full,Extra Trees,2,2024-10-21,1.0,1.0,0.5976402705901113,0.5107780403604032,0.08686223022970807,0.8333333333333334,0.8819444444444444,High,Low,Negative pre-15:00 return
RQ1 Direction,Strict,Full,Extra Trees,2,2024-10-23,1.0,0.0,0.48667251334555783,0.5107780403604032,0.024105527014845363,0.2777777777777778,0.2638888888888889,High,Medium,Negative pre-15:00 return
RQ1 Direction,Strict,Full,Extra Trees,2,2024-10-24,1.0,1.0,0.6367632010243452,0.5107780403604032,0.12598516066394205,0.9930555555555556,1.0,High,Low,Negative pre-15:00 return
RQ1 Direction,Strict,Full,Extra Trees,2,2024-10-25,0.0,1.0,0.5284139665245732,0.5107780403604032,0.01763592616416998,0.22916666666666666,0.5,High,High,Negative pre-15:00 return
RQ1 Direction,Strict,Full,Extra Trees,2,2024-10-28,0.0,1.0,0.5479394082940053,0.5107780403604032,0.03716136793360214,0.4375,0.625,High,Low,Negative pre-15:00 return
RQ1 Direction,Strict,Full,Extra Trees,2,2024-10-29,0.0,1.0,0.5844503651973351,0.5107780403604032,0.07367232483693187,0.7777777777777778,0.8472222222222222,High,Low,Positive pre-15:00 return
RQ1 Direction,Strict,Full,Extra Trees,2,2024-10-30,0.0,1.0,0.6143821150802664,0.5107780403604032,0.10360407471986322,0.9305555555555556,0.9513888888888888,High,Low,Negative pre-15:00 return
RQ1 Direction,Strict,Full,Extra Trees,2,2024-10-31,0.0,0.0,0.4613944978845774,0.5107780403604032,0.04938354247582577,0.5625,0.13194444444444445,High,Medium,Negative pre-15:00 return
RQ1 Direction,Strict,Full,Extra Trees,2,2024-11-01,0.0,1.0,0.5308680873533745,0.5107780403604032,0.020090046992971344,0.25,0.5138888888888888,High,Medium,Positive pre-15:00 return
RQ1 Direction,Strict,Full,Extra Trees,2,2024-11-04,0.0,1.0,0.6056077522164618,0.5107780403604032,0.0948297118560586,0.8888888888888888,0.9166666666666666,High,Low,Negative pre-15:00 return
RQ1 Direction,Strict,Full,Extra Trees,2,2024-11-05,1.0,1.0,0.609957337396816,0.5107780403604032,0.09917929703641282,0.9166666666666666,0.9444444444444444,High,Low,Positive pre-15:00 return
RQ1 Direction,Strict,Full,Extra Trees,2,2024-11-06,1.0,0.0,0.501177466640741,0.5107780403604032,0.009600573719662164,0.14583333333333334,0.3125,Medium,Low,Positive pre-15:00 return
RQ1 Direction,Strict,Full,Extra Trees,2,2024-11-07,0.0,1.0,0.5534407973507949,0.5107780403604032,0.04266275699039168,0.5,0.6597222222222222,Medium,Medium,Positive pre-15:00 return
RQ1 Direction,Strict,Full,Extra Trees,2,2024-11-12,0.0,1.0,0.6055021163478103,0.5107780403604032,0.09472407598740706,0.8819444444444444,0.9097222222222222,Medium,Low,Negative pre-15:00 return
RQ1 Direction,Strict,Full,Extra Trees,2,2024-11-14,0.0,1.0,0.5354320658758095,0.5107780403604032,0.024654025515406297,0.3194444444444444,0.5763888888888888,Low,Low,Negative pre-15:00 return
RQ1 Direction,Strict,Full,Extra Trees,2,2024-11-15,1.0,0.0,0.42207766363047533,0.5107780403604032,0.08870037672992787,0.8402777777777778,0.04861111111111111,Medium,Medium,Negative pre-15:00 return
RQ1 Direction,Strict,Full,Extra Trees,2,2024-11-18,1.0,1.0,0.5868445001837248,0.5107780403604032,0.07606645982332161,0.7986111111111112,0.8541666666666666,Medium,Low,Positive pre-15:00 return
RQ1 Direction,Strict,Full,Extra Trees,2,2024-11-19,1.0,1.0,0.5401531202850403,0.5107780403604032,0.02937507992463706,0.3611111111111111,0.5902777777777778,Medium,Medium,Positive pre-15:00 return
RQ1 Direction,Strict,Full,Extra Trees,2,2024-11-20,1.0,1.0,0.5613373897356317,0.5107780403604032,0.050559349375228546,0.5833333333333334,0.7083333333333334,High,Low,Negative pre-15:00 return
RQ1 Direction,Strict,Full,Extra Trees,2,2024-11-21,0.0,0.0,0.5098854529275892,0.5107780403604032,0.0008925874328139516,0.013888888888888888,0.3680555555555556,Medium,Low,Positive pre-15:00 return
RQ1 Direction,Strict,Full,Extra Trees,2,2024-11-22,1.0,1.0,0.5297466189352442,0.5107780403604032,0.018968578574841022,0.2361111111111111,0.5069444444444444,Medium,Low,Positive pre-15:00 return
RQ1 Direction,Strict,Full,Extra Trees,2,2024-11-25,1.0,1.0,0.5328838619808013,0.5107780403604032,0.02210582162039809,0.2638888888888889,0.5277777777777778,Medium,Low,Negative pre-15:00 return
RQ1 Direction,Strict,Full,Extra Trees,2,2024-11-27,1.0,1.0,0.566029973637264,0.5107780403604032,0.05525193327686084,0.6111111111111112,0.7361111111111112,Low,Low,Negative pre-15:00 return
RQ1 Direction,Strict,Full,Extra Trees,2,2024-12-03,0.0,1.0,0.5723198579316592,0.5107780403604032,0.061541817571255986,0.6666666666666666,0.7708333333333334,Low,Low,Positive pre-15:00 return
RQ1 Direction,Strict,Full,Extra Trees,2,2024-12-05,0.0,0.0,0.4821048528232038,0.5107780403604032,0.028673187537199385,0.3472222222222222,0.24305555555555555,Low,Low,Negative pre-15:00 return
RQ1 Direction,Strict,Full,Extra Trees,2,2024-12-06,1.0,1.0,0.5150192456111545,0.5107780403604032,0.004241205250751334,0.06944444444444445,0.4097222222222222,Low,Low,Positive pre-15:00 return
RQ1 Direction,Strict,Full,Extra Trees,2,2024-12-09,0.0,0.0,0.4972951904726779,0.5107780403604032,0.013482849887725301,0.18055555555555555,0.2847222222222222,Low,Low,Negative pre-15:00 return
RQ1 Direction,Strict,Full,Extra Trees,2,2024-12-12,0.0,0.0,0.47140869399013646,0.5107780403604032,0.03936934637026673,0.4513888888888889,0.1875,Low,Low,Negative pre-15:00 return
RQ1 Direction,Strict,Full,Extra Trees,2,2024-12-13,1.0,1.0,0.5724027863610583,0.5107780403604032,0.06162474600065515,0.6736111111111112,0.7777777777777778,Low,Low,Negative pre-15:00 return
RQ1 Direction,Strict,Full,Extra Trees,2,2024-12-17,1.0,0.0,0.47815144519509245,0.5107780403604032,0.032626595165310746,0.4027777777777778,0.20833333333333334,Medium,Low,Negative pre-15:00 return
RQ1 Direction,Strict,Full,Extra Trees,2,2024-12-18,0.0,0.0,0.386234881389484,0.5107780403604032,0.12454315897091922,0.9861111111111112,0.013888888888888888,High,High,Negative pre-15:00 return
RQ1 Direction,Strict,Full,Extra Trees,2,2024-12-19,0.0,1.0,0.5531854589132578,0.5107780403604032,0.04240741855285457,0.4930555555555556,0.6527777777777778,High,High,Negative pre-15:00 return
RQ1 Direction,Strict,Full,Extra Trees,2,2024-12-20,0.0,1.0,0.511266851523829,0.5107780403604032,0.0004888111634258063,0.006944444444444444,0.375,High,Medium,Positive pre-15:00 return
RQ1 Direction,Strict,Full,Extra Trees,2,2024-12-23,1.0,1.0,0.5585258273594761,0.5107780403604032,0.047747786999072894,0.5486111111111112,0.6805555555555556,Medium,Low,Positive pre-15:00 return
RQ1 Direction,Strict,Full,Extra Trees,2,2024-12-26,0.0,1.0,0.5351095102977852,0.5107780403604032,0.024331469937382,0.2986111111111111,0.5555555555555556,Low,Low,Positive pre-15:00 return
RQ1 Direction,Strict,Full,Extra Trees,2,2024-12-27,0.0,0.0,0.5097603732580178,0.5107780403604032,0.0010176671023853778,0.020833333333333332,0.3611111111111111,Medium,Medium,Negative pre-15:00 return
RQ1 Direction,Strict,Full,Extra Trees,2,2024-12-30,0.0,0.0,0.47742766855636687,0.5107780403604032,0.03335037180403633,0.4097222222222222,0.2013888888888889,Medium,Medium,Positive pre-15:00 return
RQ1 Direction,Strict,Full,Extra Trees,2,2024-12-31,0.0,0.0,0.48291073909228743,0.5107780403604032,0.027867301268115763,0.3402777777777778,0.25,Medium,High,Negative pre-15:00 return
RQ1 Direction,Strict,Full,Extra Trees,2,2025-01-02,1.0,1.0,0.534316853598609,0.5107780403604032,0.023538813238205836,0.2708333333333333,0.5347222222222222,High,High,Negative pre-15:00 return
RQ1 Direction,Strict,Full,Extra Trees,2,2025-01-03,0.0,0.0,0.5017404309708964,0.5107780403604032,0.009037609389506818,0.13194444444444445,0.3194444444444444,Medium,Low,Positive pre-15:00 return
RQ1 Direction,Strict,Full,Extra Trees,2,2025-01-06,1.0,0.0,0.4910248582615986,0.5107780403604032,0.01975318209880461,0.24305555555555555,0.2708333333333333,Medium,Medium,Negative pre-15:00 return
RQ1 Direction,Strict,Full,Extra Trees,2,2025-01-07,0.0,1.0,0.5556747658077484,0.5107780403604032,0.04489672544734524,0.5347222222222222,0.6736111111111112,High,Medium,Negative pre-15:00 return
RQ1 Direction,Strict,Full,Extra Trees,2,2025-01-08,1.0,1.0,0.5528671682361836,0.5107780403604032,0.04208912787578045,0.4583333333333333,0.6388888888888888,High,High,Negative pre-15:00 return
RQ1 Direction,Strict,Full,Extra Trees,2,2025-01-10,0.0,1.0,0.5757713266581298,0.5107780403604032,0.0649932862977266,0.7013888888888888,0.7986111111111112,High,High,Negative pre-15:00 return
RQ1 Direction,Strict,Full,Extra Trees,2,2025-01-13,1.0,1.0,0.5760869655408332,0.5107780403604032,0.06530892518042997,0.7083333333333334,0.8055555555555556,High,High,Positive pre-15:00 return
RQ1 Direction,Strict,Full,Extra Trees,2,2025-01-14,1.0,1.0,0.6174097727245954,0.5107780403604032,0.10663173236419221,0.9583333333333334,0.9791666666666666,High,Medium,Negative pre-15:00 return
RQ1 Direction,Strict,Full,Extra Trees,2,2025-01-15,0.0,1.0,0.528186600962937,0.5107780403604032,0.017408560602533818,0.2222222222222222,0.4930555555555556,Medium,Low,Positive pre-15:00 return
RQ1 Direction,Strict,Full,Extra Trees,2,2025-01-16,0.0,1.0,0.562075069339463,0.5107780403604032,0.051297028979059855,0.5902777777777778,0.7152777777777778,Medium,Medium,Negative pre-15:00 return
RQ1 Direction,Strict,Full,Extra Trees,2,2025-01-17,0.0,1.0,0.6227049859038195,0.5107780403604032,0.11192694554341631,0.9722222222222222,0.9930555555555556,Medium,Low,Positive pre-15:00 return
RQ1 Direction,Strict,Full,Extra Trees,2,2025-01-21,1.0,1.0,0.5165410266237139,0.5107780403604032,0.005762986263310732,0.09027777777777778,0.4236111111111111,Medium,Low,Positive pre-15:00 return
RQ1 Direction,Strict,Full,Extra Trees,2,2025-01-22,0.0,1.0,0.5349701144394611,0.5107780403604032,0.02419207407905788,0.2916666666666667,0.5486111111111112,Medium,Low,Positive pre-15:00 return
RQ1 Direction,Strict,Full,Extra Trees,2,2025-01-24,1.0,0.0,0.4495424312912374,0.5107780403604032,0.06123560906916581,0.6597222222222222,0.1111111111111111,Medium,Low,Negative pre-15:00 return
RQ1 Direction,Strict,Full,Extra Trees,2,2025-01-27,1.0,1.0,0.6024115396265866,0.5107780403604032,0.09163349926618336,0.8611111111111112,0.8958333333333334,High,High,Positive pre-15:00 return
RQ1 Direction,Strict,Full,Extra Trees,2,2025-01-28,0.0,0.0,0.5007510873545343,0.5107780403604032,0.010026953005868866,0.1527777777777778,0.3055555555555556,Medium,Low,Positive pre-15:00 return
RQ1 Direction,Strict,Full,Extra Trees,2,2025-01-29,0.0,0.0,0.4430009342283295,0.5107780403604032,0.06777710613207372,0.7430555555555556,0.08333333333333333,Medium,High,Negative pre-15:00 return
RQ1 Direction,Strict,Full,Extra Trees,2,2025-01-30,0.0,1.0,0.5265850743438723,0.5107780403604032,0.015807033983469054,0.20833333333333334,0.4791666666666667,Medium,Low,Positive pre-15:00 return
RQ1 Direction,Strict,Full,Extra Trees,2,2025-01-31,0.0,0.0,0.3734668437876612,0.5107780403604032,0.137311196572742,1.0,0.006944444444444444,Medium,High,Negative pre-15:00 return
RQ1 Direction,Strict,Full,Extra Trees,2,2025-02-03,0.0,0.0,0.5081044743092121,0.5107780403604032,0.0026735660511910675,0.041666666666666664,0.3472222222222222,High,Medium,Positive pre-15:00 return
RQ1 Direction,Strict,Full,Extra Trees,2,2025-02-04,1.0,1.0,0.5540379559124174,0.5107780403604032,0.04325991555201425,0.5138888888888888,0.6666666666666666,Medium,Low,Positive pre-15:00 return
RQ1 Direction,Strict,Full,Extra Trees,2,2025-02-05,1.0,1.0,0.5319908216864954,0.5107780403604032,0.021212781326092167,0.2569444444444444,0.5208333333333334,Medium,Low,Positive pre-15:00 return
RQ1 Direction,Strict,Full,Extra Trees,2,2025-02-06,1.0,1.0,0.5137611763530125,0.5107780403604032,0.0029831359926093537,0.05555555555555555,0.3958333333333333,Medium,High,Negative pre-15:00 return
RQ1 Direction,Strict,Full,Extra Trees,2,2025-02-07,0.0,0.0,0.4745042427830708,0.5107780403604032,0.0362737975773324,0.4305555555555556,0.19444444444444445,Medium,Medium,Negative pre-15:00 return
RQ1 Direction,Strict,Full,Extra Trees,2,2025-02-10,0.0,1.0,0.5803128556480874,0.5107780403604032,0.06953481528768424,0.75,0.8263888888888888,Medium,Low,Positive pre-15:00 return
RQ1 Direction,Strict,Full,Extra Trees,2,2025-02-12,0.0,0.0,0.5024319114154858,0.5107780403604032,0.008346128944917375,0.11805555555555555,0.3263888888888889,Medium,Low,Positive pre-15:00 return
RQ1 Direction,Strict,Full,Extra Trees,2,2025-02-13,1.0,0.0,0.4781796216166878,0.5107780403604032,0.032598418743715385,0.3958333333333333,0.2152777777777778,Medium,Low,Positive pre-15:00 return
RQ1 Direction,Strict,Full,Extra Trees,2,2025-02-18,1.0,1.0,0.5496518539920392,0.5107780403604032,0.038873813631636,0.4444444444444444,0.6319444444444444,Medium,Medium,Negative pre-15:00 return
RQ1 Direction,Strict,Full,Extra Trees,2,2025-02-19,0.0,1.0,0.535114153985758,0.5107780403604032,0.024336113625354816,0.3055555555555556,0.5625,Medium,Low,Positive pre-15:00 return
RQ1 Direction,Strict,Full,Extra Trees,2,2025-02-20,1.0,1.0,0.5643946501932259,0.5107780403604032,0.05361660983282268,0.6041666666666666,0.7291666666666666,Medium,Low,Negative pre-15:00 return
RQ1 Direction,Strict,Full,Extra Trees,2,2025-02-21,0.0,0.0,0.39099908928552446,0.5107780403604032,0.11977895107487874,0.9791666666666666,0.020833333333333332,High,High,Negative pre-15:00 return
RQ1 Direction,Strict,Full,Extra Trees,2,2025-02-24,0.0,1.0,0.6160195444826274,0.5107780403604032,0.10524150412222422,0.9444444444444444,0.9652777777777778,High,Medium,Negative pre-15:00 return
RQ1 Direction,Strict,Full,Extra Trees,2,2025-02-25,0.0,1.0,0.5677068471154394,0.5107780403604032,0.0569288067550362,0.625,0.75,High,High,Negative pre-15:00 return
RQ1 Direction,Strict,Full,Extra Trees,2,2025-02-26,1.0,1.0,0.5418682501502615,0.5107780403604032,0.031090209789858325,0.375,0.6041666666666666,High,High,Negative pre-15:00 return
RQ1 Direction,Strict,Full,Extra Trees,2,2025-02-27,0.0,0.0,0.42821264129807846,0.5107780403604032,0.08256539906232474,0.8263888888888888,0.05555555555555555,High,High,Negative pre-15:00 return
RQ1 Direction,Strict,Full,Extra Trees,2,2025-02-28,1.0,1.0,0.5189700569511919,0.5107780403604032,0.00819201659078872,0.1111111111111111,0.4375,High,High,Positive pre-15:00 return
RQ1 Direction,Strict,Full,Extra Trees,2,2025-03-03,0.0,0.0,0.4663392904315512,0.5107780403604032,0.044438749928851995,0.5208333333333334,0.1527777777777778,High,High,Negative pre-15:00 return
RQ1 Direction,Strict,Full,Extra Trees,2,2025-03-04,0.0,0.0,0.4391848404503019,0.5107780403604032,0.07159319991010127,0.7569444444444444,0.0763888888888889,High,High,Positive pre-15:00 return
RQ1 Direction,Strict,Full,Extra Trees,2,2025-03-05,0.0,0.0,0.4676435690135594,0.5107780403604032,0.043134471346843783,0.5069444444444444,0.1597222222222222,High,High,Positive pre-15:00 return
RQ1 Direction,Strict,Full,Extra Trees,2,2025-03-06,1.0,0.0,0.4452571295165957,0.5107780403604032,0.06552091084380751,0.7152777777777778,0.09722222222222222,High,High,Negative pre-15:00 return
RQ1 Direction,Strict,Full,Extra Trees,2,2025-03-07,1.0,1.0,0.5261588908952659,0.5107780403604032,0.015380850534862711,0.2013888888888889,0.4722222222222222,High,High,Positive pre-15:00 return
RQ1 Direction,Strict,Full,Extra Trees,2,2025-03-10,1.0,0.0,0.46490026234545706,0.5107780403604032,0.045877778014946136,0.5416666666666666,0.1388888888888889,High,High,Negative pre-15:00 return
RQ1 Direction,Strict,Full,Extra Trees,2,2025-03-11,0.0,0.0,0.43588667785141183,0.5107780403604032,0.07489136250899137,0.7847222222222222,0.06944444444444445,High,High,Positive pre-15:00 return
RQ1 Direction,Strict,Full,Extra Trees,2,2025-03-12,0.0,1.0,0.5174025849534569,0.5107780403604032,0.006624544593053727,0.10416666666666667,0.4305555555555556,High,High,Negative pre-15:00 return
RQ1 Direction,Strict,Full,Extra Trees,2,2025-03-13,0.0,0.0,0.49692242193245,0.5107780403604032,0.013855618427953187,0.19444444444444445,0.2777777777777778,High,High,Negative pre-15:00 return
RQ1 Direction,Strict,Full,Extra Trees,2,2025-03-14,1.0,1.0,0.541361022807932,0.5107780403604032,0.030582982447528773,0.3680555555555556,0.5972222222222222,High,High,Positive pre-15:00 return
RQ1 Direction,Strict,Full,Extra Trees,2,2025-03-17,0.0,0.0,0.49932545707434556,0.5107780403604032,0.011452583286057638,0.16666666666666666,0.2986111111111111,High,High,Positive pre-15:00 return
RQ1 Direction,Strict,Full,Extra Trees,2,2025-03-18,0.0,1.0,0.5126870215139819,0.5107780403604032,0.001908981153578737,0.027777777777777776,0.3819444444444444,High,High,Negative pre-15:00 return
RQ1 Direction,Strict,Full,Extra Trees,2,2025-03-19,0.0,0.0,0.4077706641698859,0.5107780403604032,0.10300737619051731,0.9236111111111112,0.027777777777777776,High,High,Positive pre-15:00 return
RQ1 Direction,Strict,Full,Extra Trees,2,2025-03-20,1.0,0.0,0.44608016346335805,0.5107780403604032,0.06469787689704515,0.6944444444444444,0.10416666666666667,High,High,Positive pre-15:00 return
RQ1 Direction,Strict,Full,Extra Trees,2,2025-03-21,1.0,1.0,0.5627469332993066,0.5107780403604032,0.05196889293890339,0.5972222222222222,0.7222222222222222,High,High,Positive pre-15:00 return
RQ1 Direction,Strict,Full,Extra Trees,2,2025-03-24,1.0,0.0,0.5087387860119291,0.5107780403604032,0.0020392543484740733,0.034722222222222224,0.3541666666666667,High,Medium,Positive pre-15:00 return
RQ1 Direction,Strict,Full,Extra Trees,2,2025-03-25,1.0,0.0,0.45363593850037726,0.5107780403604032,0.05714210186002594,0.6319444444444444,0.125,Medium,Medium,Negative pre-15:00 return
RQ1 Direction,Strict,Full,Extra Trees,2,2025-03-26,1.0,1.0,0.5351286080558888,0.5107780403604032,0.024350567695485603,0.3125,0.5694444444444444,High,High,Negative pre-15:00 return
RQ1 Direction,Strict,Full,Extra Trees,2,2025-03-27,0.0,1.0,0.6186310660731915,0.5107780403604032,0.10785302571278832,0.9652777777777778,0.9861111111111112,High,High,Positive pre-15:00 return
RQ1 Direction,Strict,Full,Extra Trees,2,2025-03-28,0.0,0.0,0.41785443310108183,0.5107780403604032,0.09292360725932136,0.8680555555555556,0.034722222222222224,High,Medium,Negative pre-15:00 return
RQ1 Direction,Strict,Full,Extra Trees,2,2025-03-31,1.0,0.0,0.46842789841759774,0.5107780403604032,0.04235014194280545,0.4722222222222222,0.1736111111111111,High,High,Positive pre-15:00 return
RQ1 Direction,Strict,Full,Extra Trees,2,2025-04-01,1.0,1.0,0.5674459089525473,0.5107780403604032,0.05666786859214412,0.6180555555555556,0.7430555555555556,High,High,Positive pre-15:00 return
RQ1 Direction,Strict,Full,Extra Trees,2,2025-04-02,1.0,1.0,0.5776720618187382,0.5107780403604032,0.066894021458335,0.7361111111111112,0.8194444444444444,High,High,Positive pre-15:00 return
RQ1 Direction,Strict,Full,Extra Trees,2,2025-04-03,0.0,0.0,0.42005530310524675,0.5107780403604032,0.09072273725515645,0.8541666666666666,0.041666666666666664,High,High,Negative pre-15:00 return
RQ1 Direction,Strict,Full,Extra Trees,2,2025-04-04,0.0,0.0,0.44500140769946145,0.5107780403604032,0.06577663266094175,0.7222222222222222,0.09027777777777778,High,High,Negative pre-15:00 return
RQ1 Direction,Strict,Full,Extra Trees,2,2025-04-07,1.0,1.0,0.5137536855804006,0.5107780403604032,0.0029756452199973804,0.04861111111111111,0.3888888888888889,High,High,Positive pre-15:00 return
RQ1 Direction,Strict,Full,Extra Trees,2,2025-04-08,0.0,0.0,0.4786590314328779,0.5107780403604032,0.03211900892752528,0.3819444444444444,0.22916666666666666,High,High,Negative pre-15:00 return
RQ1 Direction,Strict,Full,Extra Trees,2,2025-04-09,1.0,0.0,0.4533667595377709,0.5107780403604032,0.057411280822632305,0.6458333333333334,0.11805555555555555,High,High,Positive pre-15:00 return
RQ1 Direction,Strict,Full,Extra Trees,2,2025-04-10,0.0,0.0,0.4973721709569625,0.5107780403604032,0.013405869403440684,0.1736111111111111,0.2916666666666667,High,High,Negative pre-15:00 return
RQ1 Direction,Strict,Full,Extra Trees,2,2025-04-11,1.0,0.0,0.48155109959880094,0.5107780403604032,0.02922694076160226,0.3541666666666667,0.2361111111111111,High,High,Positive pre-15:00 return
RQ1 Direction,Strict,Full,Extra Trees,2,2025-04-14,0.0,1.0,0.591353685013753,0.5107780403604032,0.08057564465334977,0.8125,0.8680555555555556,High,High,Negative pre-15:00 return
RQ1 Direction,Strict,Full,Extra Trees,2,2025-04-15,0.0,0.0,0.4857283237390573,0.5107780403604032,0.02504971662134592,0.3263888888888889,0.2569444444444444,High,High,Negative pre-15:00 return
RQ1 Direction,Strict,Full,Extra Trees,2,2025-04-16,1.0,0.0,0.47832656910474236,0.5107780403604032,0.032451471255660835,0.3888888888888889,0.2222222222222222,High,High,Negative pre-15:00 return
RQ1 Direction,Strict,Full,Extra Trees,2,2025-04-17,0.0,1.0,0.5739447165616014,0.5107780403604032,0.0631666762011982,0.6805555555555556,0.7847222222222222,High,High,Negative pre-15:00 return
RQ1 Direction,Strict,Full,Extra Trees,2,2025-04-21,1.0,0.0,0.5047129731809612,0.5107780403604032,0.006065067179441996,0.09722222222222222,0.3333333333333333,High,High,Negative pre-15:00 return
RQ1 Direction,Strict,Full,Extra Trees,2,2025-04-22,1.0,1.0,0.5372830278278006,0.5107780403604032,0.02650498746739738,0.3333333333333333,0.5833333333333334,High,High,Positive pre-15:00 return
RQ1 Direction,Strict,Full,Extra Trees,2,2025-04-23,0.0,0.0,0.46837452848779787,0.5107780403604032,0.042403511872605326,0.4861111111111111,0.16666666666666666,High,High,Negative pre-15:00 return
RQ1 Direction,Strict,Full,Extra Trees,2,2025-04-24,1.0,0.0,0.5050151359517698,0.5107780403604032,0.0057629044086333625,0.08333333333333333,0.3402777777777778,High,High,Positive pre-15:00 return
RQ1 Direction,Strict,Full,Extra Trees,2,2025-04-25,1.0,1.0,0.5600955683727177,0.5107780403604032,0.04931752801231448,0.5555555555555556,0.6875,High,High,Positive pre-15:00 return
RQ1 Direction,Strict,Full,Extra Trees,2,2025-04-28,1.0,1.0,0.5349364309303771,0.5107780403604032,0.02415839056997393,0.2847222222222222,0.5416666666666666,High,High,Negative pre-15:00 return
RQ1 Direction,Strict,Full,Extra Trees,2,2025-04-29,0.0,1.0,0.5772431069910209,0.5107780403604032,0.06646506663061769,0.7291666666666666,0.8125,High,High,Positive pre-15:00 return
RQ1 Direction,Strict,Full,Extra Trees,2,2025-04-30,1.0,1.0,0.5610634569565406,0.5107780403604032,0.05028541659613739,0.5763888888888888,0.7013888888888888,High,High,Positive pre-15:00 return
RQ1 Direction,Strict,Full,Extra Trees,2,2025-05-01,0.0,1.0,0.6163462539971034,0.5107780403604032,0.10556821363670021,0.9513888888888888,0.9722222222222222,High,Medium,Positive pre-15:00 return
RQ1 Direction,Strict,Full,Extra Trees,2,2025-05-02,0.0,1.0,0.5831428724813299,0.5107780403604032,0.0723648321209267,0.7708333333333334,0.8402777777777778,High,Medium,Positive pre-15:00 return
RQ1 Direction,Strict,Full,Extra Trees,2,2025-05-05,0.0,1.0,0.5712356945203576,0.5107780403604032,0.06045765415995441,0.6527777777777778,0.7638888888888888,High,Low,Positive pre-15:00 return
RQ1 Direction,Strict,Full,Extra Trees,2,2025-05-06,0.0,1.0,0.6147282012443924,0.5107780403604032,0.10395016088398923,0.9375,0.9583333333333334,High,Medium,Positive pre-15:00 return
RQ1 Direction,Strict,Full,Extra Trees,2,2025-05-07,1.0,0.0,0.43531752052635264,0.5107780403604032,0.07546051983405055,0.7916666666666666,0.0625,High,High,Positive pre-15:00 return
RQ1 Direction,Strict,Full,Extra Trees,2,2025-05-08,0.0,1.0,0.5463988253809052,0.5107780403604032,0.03562078502050203,0.4236111111111111,0.6180555555555556,High,Medium,Positive pre-15:00 return
RQ1 Direction,Strict,Full,Extra Trees,2,2025-05-09,0.0,1.0,0.5159104965658006,0.5107780403604032,0.005132456205397373,0.0763888888888889,0.4166666666666667,High,Medium,Negative pre-15:00 return
RQ1 Direction,Strict,Full,Extra Trees,2,2025-05-12,1.0,1.0,0.5242853697697399,0.5107780403604032,0.013507329409336744,0.1875,0.4652777777777778,High,Low,Positive pre-15:00 return
RQ1 Direction,Strict,Full,Extra Trees,2,2025-05-13,0.0,0.0,0.46624412156674017,0.5107780403604032,0.04453391879366303,0.5277777777777778,0.14583333333333334,High,Low,Positive pre-15:00 return
RQ1 Direction,Strict,Full,Extra Trees,3,2025-05-14,0.0,1.0,0.5810122011804804,0.39196054213258247,0.1890516590478979,0.9305555555555556,0.9305555555555556,Medium,High,Negative pre-15:00 return
RQ1 Direction,Strict,Full,Extra Trees,3,2025-05-15,1.0,1.0,0.5286593754820645,0.39196054213258247,0.13669883334948207,0.6666666666666666,0.6666666666666666,Medium,Medium,Positive pre-15:00 return
RQ1 Direction,Strict,Full,Extra Trees,3,2025-05-16,1.0,1.0,0.4678790964603398,0.39196054213258247,0.07591855432775735,0.3194444444444444,0.3194444444444444,Medium,Low,Positive pre-15:00 return
RQ1 Direction,Strict,Full,Extra Trees,3,2025-05-19,1.0,1.0,0.5186271779127308,0.39196054213258247,0.12666663578014836,0.6388888888888888,0.6388888888888888,Medium,Low,Positive pre-15:00 return
RQ1 Direction,Strict,Full,Extra Trees,3,2025-05-21,0.0,1.0,0.5366459699603975,0.39196054213258247,0.14468542782781502,0.7013888888888888,0.7013888888888888,High,High,Negative pre-15:00 return
RQ1 Direction,Strict,Full,Extra Trees,3,2025-05-22,0.0,1.0,0.45470572819282135,0.39196054213258247,0.06274518606023888,0.2361111111111111,0.2361111111111111,High,Medium,Positive pre-15:00 return
RQ1 Direction,Strict,Full,Extra Trees,3,2025-05-23,0.0,1.0,0.5471465753152718,0.39196054213258247,0.1551860331826893,0.7638888888888888,0.7638888888888888,High,High,Positive pre-15:00 return
RQ1 Direction,Strict,Full,Extra Trees,3,2025-05-27,1.0,1.0,0.530550614033167,0.39196054213258247,0.13859007190058448,0.6736111111111112,0.6736111111111112,High,Low,Positive pre-15:00 return
RQ1 Direction,Strict,Full,Extra Trees,3,2025-05-28,0.0,1.0,0.5636311743590054,0.39196054213258247,0.17167063222642298,0.8611111111111112,0.8611111111111112,High,Medium,Negative pre-15:00 return
RQ1 Direction,Strict,Full,Extra Trees,3,2025-05-29,1.0,1.0,0.5251207982382006,0.39196054213258247,0.1331602561056181,0.6597222222222222,0.6597222222222222,High,High,Negative pre-15:00 return
RQ1 Direction,Strict,Full,Extra Trees,3,2025-05-30,1.0,1.0,0.4424943265577602,0.39196054213258247,0.05053378442517775,0.19444444444444445,0.19444444444444445,High,High,Negative pre-15:00 return
RQ1 Direction,Strict,Full,Extra Trees,3,2025-06-02,1.0,1.0,0.43179976410338367,0.39196054213258247,0.0398392219708012,0.1736111111111111,0.18055555555555555,Medium,Low,Positive pre-15:00 return
RQ1 Direction,Strict,Full,Extra Trees,3,2025-06-03,0.0,1.0,0.4983030840344899,0.39196054213258247,0.10634254190190745,0.5347222222222222,0.5347222222222222,Medium,Medium,Positive pre-15:00 return
RQ1 Direction,Strict,Full,Extra Trees,3,2025-06-04,0.0,1.0,0.5810450696758471,0.39196054213258247,0.18908452754326466,0.9375,0.9375,Medium,Low,Positive pre-15:00 return
RQ1 Direction,Strict,Full,Extra Trees,3,2025-06-05,0.0,1.0,0.5696656731047152,0.39196054213258247,0.1777051309721327,0.875,0.875,Medium,High,Negative pre-15:00 return
RQ1 Direction,Strict,Full,Extra Trees,3,2025-06-06,0.0,1.0,0.5588927355284374,0.39196054213258247,0.16693219339585497,0.8541666666666666,0.8541666666666666,Medium,Medium,Positive pre-15:00 return
RQ1 Direction,Strict,Full,Extra Trees,3,2025-06-10,1.0,1.0,0.4624450343118357,0.39196054213258247,0.07048449217925323,0.2708333333333333,0.2708333333333333,Medium,Medium,Positive pre-15:00 return
RQ1 Direction,Strict,Full,Extra Trees,3,2025-06-11,1.0,1.0,0.4917340231757464,0.39196054213258247,0.09977348104316391,0.4722222222222222,0.4722222222222222,Medium,High,Negative pre-15:00 return
RQ1 Direction,Strict,Full,Extra Trees,3,2025-06-12,1.0,1.0,0.5229406673186837,0.39196054213258247,0.13098012518610125,0.6458333333333334,0.6458333333333334,Medium,Low,Positive pre-15:00 return
RQ1 Direction,Strict,Full,Extra Trees,3,2025-06-13,0.0,1.0,0.3976762260351028,0.39196054213258247,0.005715683902520308,0.034722222222222224,0.08333333333333333,High,High,Negative pre-15:00 return
RQ1 Direction,Strict,Full,Extra Trees,3,2025-06-16,1.0,1.0,0.5880714120385314,0.39196054213258247,0.19611086990594895,0.9652777777777778,0.9652777777777778,High,Low,Positive pre-15:00 return
RQ1 Direction,Strict,Full,Extra Trees,3,2025-06-17,0.0,0.0,0.389083254202145,0.39196054213258247,0.0028772879304374555,0.013888888888888888,0.05555555555555555,High,Medium,Negative pre-15:00 return
RQ1 Direction,Strict,Full,Extra Trees,3,2025-06-18,1.0,1.0,0.42674147896173165,0.39196054213258247,0.03478093682914918,0.14583333333333334,0.1597222222222222,High,High,Negative pre-15:00 return
RQ1 Direction,Strict,Full,Extra Trees,3,2025-06-20,1.0,1.0,0.5781724963026065,0.39196054213258247,0.186211954170024,0.9097222222222222,0.9097222222222222,High,Medium,Negative pre-15:00 return
RQ1 Direction,Strict,Full,Extra Trees,3,2025-06-23,1.0,1.0,0.4938799560547917,0.39196054213258247,0.10191941392220921,0.5069444444444444,0.5069444444444444,High,Low,Positive pre-15:00 return
RQ1 Direction,Strict,Full,Extra Trees,3,2025-06-24,0.0,1.0,0.47222138594927304,0.39196054213258247,0.08026084381669057,0.3611111111111111,0.3611111111111111,Medium,Low,Positive pre-15:00 return
RQ1 Direction,Strict,Full,Extra Trees,3,2025-06-25,1.0,1.0,0.5381358991245606,0.39196054213258247,0.14617535699197814,0.7083333333333334,0.7083333333333334,Medium,Low,Negative pre-15:00 return
RQ1 Direction,Strict,Full,Extra Trees,3,2025-06-27,1.0,1.0,0.43445198435040105,0.39196054213258247,0.04249144221781859,0.18055555555555555,0.1875,Medium,High,Negative pre-15:00 return
RQ1 Direction,Strict,Full,Extra Trees,3,2025-06-30,1.0,1.0,0.4688881631780281,0.39196054213258247,0.07692762104544565,0.3333333333333333,0.3333333333333333,Medium,Low,Negative pre-15:00 return
RQ1 Direction,Strict,Full,Extra Trees,3,2025-07-01,0.0,1.0,0.5515612763323469,0.39196054213258247,0.1596007341997644,0.8194444444444444,0.8194444444444444,Medium,Low,Positive pre-15:00 return
RQ1 Direction,Strict,Full,Extra Trees,3,2025-07-02,1.0,1.0,0.4561105694389834,0.39196054213258247,0.06415002730640096,0.24305555555555555,0.24305555555555555,Medium,Low,Positive pre-15:00 return
RQ1 Direction,Strict,Full,Extra Trees,3,2025-07-07,1.0,1.0,0.41320415904193697,0.39196054213258247,0.0212436169093545,0.08333333333333333,0.1111111111111111,Medium,Medium,Negative pre-15:00 return
RQ1 Direction,Strict,Full,Extra Trees,3,2025-07-08,0.0,1.0,0.6038036204548147,0.39196054213258247,0.21184307832223226,0.9930555555555556,0.9930555555555556,Medium,Low,Negative pre-15:00 return
RQ1 Direction,Strict,Full,Extra Trees,3,2025-07-09,1.0,1.0,0.575469960071092,0.39196054213258247,0.1835094179385095,0.8888888888888888,0.8888888888888888,Medium,Low,Positive pre-15:00 return
RQ1 Direction,Strict,Full,Extra Trees,3,2025-07-11,0.0,1.0,0.4786616922037984,0.39196054213258247,0.08670115007121593,0.3819444444444444,0.3819444444444444,Medium,Low,Positive pre-15:00 return
RQ1 Direction,Strict,Full,Extra Trees,3,2025-07-15,0.0,1.0,0.5385547931789113,0.39196054213258247,0.14659425104632884,0.7152777777777778,0.7152777777777778,Medium,Low,Negative pre-15:00 return
RQ1 Direction,Strict,Full,Extra Trees,3,2025-07-16,0.0,1.0,0.4237744657273775,0.39196054213258247,0.03181392359479501,0.11805555555555555,0.1388888888888889,Medium,Low,Positive pre-15:00 return
RQ1 Direction,Strict,Full,Extra Trees,3,2025-07-18,1.0,1.0,0.5512951616036285,0.39196054213258247,0.159334619471046,0.8125,0.8125,Medium,Low,Negative pre-15:00 return
RQ1 Direction,Strict,Full,Extra Trees,3,2025-07-22,0.0,1.0,0.46266992754485387,0.39196054213258247,0.0707093854122714,0.2916666666666667,0.2916666666666667,Medium,Low,Positive pre-15:00 return
RQ1 Direction,Strict,Full,Extra Trees,3,2025-07-23,1.0,1.0,0.429431110344104,0.39196054213258247,0.037470568211521504,0.1597222222222222,0.1736111111111111,Low,Low,Positive pre-15:00 return
RQ1 Direction,Strict,Full,Extra Trees,3,2025-07-25,0.0,1.0,0.4880758533558152,0.39196054213258247,0.09611531122323275,0.4444444444444444,0.4444444444444444,Low,Low,Positive pre-15:00 return
RQ1 Direction,Strict,Full,Extra Trees,3,2025-07-28,1.0,1.0,0.4762602559676645,0.39196054213258247,0.08429971383508206,0.375,0.375,Low,Low,Negative pre-15:00 return
RQ1 Direction,Strict,Full,Extra Trees,3,2025-07-29,0.0,1.0,0.5653170388176137,0.39196054213258247,0.17335649668503128,0.8680555555555556,0.8680555555555556,Medium,Low,Negative pre-15:00 return
RQ1 Direction,Strict,Full,Extra Trees,3,2025-07-30,1.0,1.0,0.4453756301305449,0.39196054213258247,0.05341508799796241,0.20833333333333334,0.20833333333333334,Medium,High,Negative pre-15:00 return
RQ1 Direction,Strict,Full,Extra Trees,3,2025-07-31,0.0,1.0,0.48253014210708833,0.39196054213258247,0.09056959997450587,0.4027777777777778,0.4027777777777778,Medium,High,Negative pre-15:00 return
RQ1 Direction,Strict,Full,Extra Trees,3,2025-08-01,1.0,1.0,0.4806232535565584,0.39196054213258247,0.08866271142397592,0.3888888888888889,0.3888888888888889,High,High,Negative pre-15:00 return
RQ1 Direction,Strict,Full,Extra Trees,3,2025-08-04,1.0,1.0,0.48510586167673664,0.39196054213258247,0.09314531954415417,0.4236111111111111,0.4236111111111111,Medium,Low,Positive pre-15:00 return
RQ1 Direction,Strict,Full,Extra Trees,3,2025-08-05,0.0,1.0,0.5165368167158442,0.39196054213258247,0.1245762745832617,0.6180555555555556,0.6180555555555556,Medium,Medium,Negative pre-15:00 return
RQ1 Direction,Strict,Full,Extra Trees,3,2025-08-06,0.0,1.0,0.48868004769199896,0.39196054213258247,0.0967195055594165,0.4583333333333333,0.4583333333333333,Medium,Low,Positive pre-15:00 return
RQ1 Direction,Strict,Full,Extra Trees,3,2025-08-07,1.0,1.0,0.3999772188659181,0.39196054213258247,0.008016676733335615,0.04861111111111111,0.09027777777777778,Medium,Medium,Negative pre-15:00 return
RQ1 Direction,Strict,Full,Extra Trees,3,2025-08-08,0.0,1.0,0.47304583700465547,0.39196054213258247,0.081085294872073,0.3680555555555556,0.3680555555555556,Low,Low,Positive pre-15:00 return
RQ1 Direction,Strict,Full,Extra Trees,3,2025-08-11,0.0,1.0,0.457451762912835,0.39196054213258247,0.06549122078025255,0.25,0.25,Medium,Medium,Negative pre-15:00 return
RQ1 Direction,Strict,Full,Extra Trees,3,2025-08-12,1.0,1.0,0.5003907516717482,0.39196054213258247,0.10843020953916571,0.5694444444444444,0.5694444444444444,Low,Low,Positive pre-15:00 return
RQ1 Direction,Strict,Full,Extra Trees,3,2025-08-13,1.0,1.0,0.5572393968069741,0.39196054213258247,0.16527885467439163,0.8472222222222222,0.8472222222222222,Low,Medium,Negative pre-15:00 return
RQ1 Direction,Strict,Full,Extra Trees,3,2025-08-14,1.0,1.0,0.5431851656442925,0.39196054213258247,0.15122462351171007,0.7430555555555556,0.7430555555555556,Low,Low,Positive pre-15:00 return
RQ1 Direction,Strict,Full,Extra Trees,3,2025-08-18,0.0,1.0,0.5565124575180941,0.39196054213258247,0.16455191538551162,0.8333333333333334,0.8333333333333334,Low,Low,Positive pre-15:00 return
RQ1 Direction,Strict,Full,Extra Trees,3,2025-08-19,1.0,1.0,0.45309455833767776,0.39196054213258247,0.06113401620509529,0.22916666666666666,0.22916666666666666,Medium,Low,Negative pre-15:00 return
RQ1 Direction,Strict,Full,Extra Trees,3,2025-08-20,1.0,1.0,0.5040335702327987,0.39196054213258247,0.11207302810021624,0.5972222222222222,0.5972222222222222,Medium,High,Negative pre-15:00 return
RQ1 Direction,Strict,Full,Extra Trees,3,2025-08-21,0.0,1.0,0.499636369869551,0.39196054213258247,0.10767582773696854,0.5486111111111112,0.5486111111111112,Medium,Low,Negative pre-15:00 return
RQ1 Direction,Strict,Full,Extra Trees,3,2025-08-22,0.0,1.0,0.46253349515350667,0.39196054213258247,0.0705729530209242,0.2847222222222222,0.2847222222222222,Low,Low,Positive pre-15:00 return
RQ1 Direction,Strict,Full,Extra Trees,3,2025-08-25,0.0,1.0,0.49591381458407485,0.39196054213258247,0.10395327245149238,0.5138888888888888,0.5138888888888888,Low,Low,Negative pre-15:00 return
RQ1 Direction,Strict,Full,Extra Trees,3,2025-08-26,1.0,1.0,0.46246256536623914,0.39196054213258247,0.07050202323365667,0.2777777777777778,0.2777777777777778,Low,Low,Positive pre-15:00 return
RQ1 Direction,Strict,Full,Extra Trees,3,2025-08-29,1.0,1.0,0.5512584863351637,0.39196054213258247,0.15929794420258125,0.8055555555555556,0.8055555555555556,Medium,Low,Negative pre-15:00 return
RQ1 Direction,Strict,Full,Extra Trees,3,2025-09-02,1.0,1.0,0.5171230410050187,0.39196054213258247,0.12516249887243625,0.6319444444444444,0.6319444444444444,Medium,Medium,Negative pre-15:00 return
RQ1 Direction,Strict,Full,Extra Trees,3,2025-09-03,1.0,1.0,0.4655185356979911,0.39196054213258247,0.07355799356540865,0.2986111111111111,0.2986111111111111,Medium,Medium,Negative pre-15:00 return
RQ1 Direction,Strict,Full,Extra Trees,3,2025-09-05,1.0,1.0,0.41924031556906777,0.39196054213258247,0.0272797734364853,0.09722222222222222,0.11805555555555555,Low,Low,Negative pre-15:00 return
RQ1 Direction,Strict,Full,Extra Trees,3,2025-09-09,1.0,1.0,0.5016718683539895,0.39196054213258247,0.109711326221407,0.5902777777777778,0.5902777777777778,Low,Low,Positive pre-15:00 return
RQ1 Direction,Strict,Full,Extra Trees,3,2025-09-10,1.0,1.0,0.45982432808426743,0.39196054213258247,0.06786378595168496,0.2638888888888889,0.2638888888888889,Low,Low,Negative pre-15:00 return
RQ1 Direction,Strict,Full,Extra Trees,3,2025-09-11,1.0,1.0,0.4594056140280337,0.39196054213258247,0.06744507189545124,0.2569444444444444,0.2569444444444444,Low,Low,Positive pre-15:00 return
RQ1 Direction,Strict,Full,Extra Trees,3,2025-09-15,1.0,1.0,0.5078525680974878,0.39196054213258247,0.11589202596490533,0.6041666666666666,0.6041666666666666,Medium,Low,Positive pre-15:00 return
RQ1 Direction,Strict,Full,Extra Trees,3,2025-09-17,1.0,1.0,0.40968159377295815,0.39196054213258247,0.017721051640375685,0.0763888888888889,0.10416666666666667,Medium,High,Negative pre-15:00 return
RQ1 Direction,Strict,Full,Extra Trees,3,2025-09-18,0.0,1.0,0.5796949539892156,0.39196054213258247,0.1877344118566331,0.9236111111111112,0.9236111111111112,Low,Low,Positive pre-15:00 return
RQ1 Direction,Strict,Full,Extra Trees,3,2025-09-23,1.0,1.0,0.49387328976705475,0.39196054213258247,0.10191274763447228,0.5,0.5,Medium,Low,Negative pre-15:00 return
RQ1 Direction,Strict,Full,Extra Trees,3,2025-09-24,0.0,1.0,0.4886614063570503,0.39196054213258247,0.09670086422446783,0.4513888888888889,0.4513888888888889,Medium,Low,Negative pre-15:00 return
RQ1 Direction,Strict,Full,Extra Trees,3,2025-09-25,0.0,1.0,0.5477627291308855,0.39196054213258247,0.15580218699830306,0.7708333333333334,0.7708333333333334,Medium,Medium,Negative pre-15:00 return
RQ1 Direction,Strict,Full,Extra Trees,3,2025-09-26,0.0,1.0,0.4432900119098543,0.39196054213258247,0.05132946977727182,0.2013888888888889,0.2013888888888889,Low,Low,Positive pre-15:00 return
RQ1 Direction,Strict,Full,Extra Trees,3,2025-09-29,1.0,1.0,0.5488901690193856,0.39196054213258247,0.15692962688680312,0.7916666666666666,0.7916666666666666,Medium,Low,Negative pre-15:00 return
RQ1 Direction,Strict,Full,Extra Trees,3,2025-09-30,1.0,1.0,0.48724706046101285,0.39196054213258247,0.09528651832843038,0.4375,0.4375,Medium,Low,Positive pre-15:00 return
RQ1 Direction,Strict,Full,Extra Trees,3,2025-10-02,0.0,1.0,0.6092957794964873,0.39196054213258247,0.2173352373639048,1.0,1.0,Medium,Low,Negative pre-15:00 return
RQ1 Direction,Strict,Full,Extra Trees,3,2025-10-03,0.0,1.0,0.5485025952193322,0.39196054213258247,0.15654205308674973,0.7847222222222222,0.7847222222222222,Medium,Medium,Positive pre-15:00 return
RQ1 Direction,Strict,Full,Extra Trees,3,2025-10-07,0.0,1.0,0.4923051361653131,0.39196054213258247,0.1003445940327306,0.4791666666666667,0.4791666666666667,Medium,Low,Negative pre-15:00 return
RQ1 Direction,Strict,Full,Extra Trees,3,2025-10-09,1.0,1.0,0.4848794504531268,0.39196054213258247,0.09291890832054434,0.4166666666666667,0.4166666666666667,Medium,Low,Negative pre-15:00 return
RQ1 Direction,Strict,Full,Extra Trees,3,2025-10-10,0.0,1.0,0.5008795616530128,0.39196054213258247,0.10891901952043037,0.5763888888888888,0.5763888888888888,High,High,Negative pre-15:00 return
RQ1 Direction,Strict,Full,Extra Trees,3,2025-10-13,1.0,1.0,0.6027534178581808,0.39196054213258247,0.21079287572559835,0.9861111111111112,0.9861111111111112,High,Medium,Positive pre-15:00 return
RQ1 Direction,Strict,Full,Extra Trees,3,2025-10-14,0.0,1.0,0.4719647688332706,0.39196054213258247,0.08000422670068813,0.3541666666666667,0.3541666666666667,High,Low,Positive pre-15:00 return
RQ1 Direction,Strict,Full,Extra Trees,3,2025-10-15,0.0,0.0,0.3855649760735204,0.39196054213258247,0.006395566059062052,0.041666666666666664,0.04861111111111111,High,Medium,Negative pre-15:00 return
RQ1 Direction,Strict,Full,Extra Trees,3,2025-10-16,1.0,0.0,0.3657172960989438,0.39196054213258247,0.026243246033638645,0.09027777777777778,0.027777777777777776,High,High,Negative pre-15:00 return
RQ1 Direction,Strict,Full,Extra Trees,3,2025-10-17,0.0,1.0,0.4480169106334597,0.39196054213258247,0.05605636850087725,0.2152777777777778,0.2152777777777778,High,Medium,Positive pre-15:00 return
RQ1 Direction,Strict,Full,Extra Trees,3,2025-10-21,0.0,1.0,0.5923647896785945,0.39196054213258247,0.20040424754601205,0.9791666666666666,0.9791666666666666,Medium,Low,Positive pre-15:00 return
RQ1 Direction,Strict,Full,Extra Trees,3,2025-10-23,0.0,1.0,0.49757401878159485,0.39196054213258247,0.10561347664901238,0.5277777777777778,0.5277777777777778,Medium,Low,Positive pre-15:00 return
RQ1 Direction,Strict,Full,Extra Trees,3,2025-10-24,0.0,1.0,0.49037643907048034,0.39196054213258247,0.09841589693789787,0.4652777777777778,0.4652777777777778,Medium,Low,Positive pre-15:00 return
RQ1 Direction,Strict,Full,Extra Trees,3,2025-10-29,1.0,0.0,0.3906058889541937,0.39196054213258247,0.0013546531783887872,0.006944444444444444,0.0625,Medium,High,Negative pre-15:00 return
RQ1 Direction,Strict,Full,Extra Trees,3,2025-10-30,0.0,1.0,0.5243229032856308,0.39196054213258247,0.13236236115304834,0.6527777777777778,0.6527777777777778,Medium,Medium,Negative pre-15:00 return
RQ1 Direction,Strict,Full,Extra Trees,3,2025-10-31,0.0,1.0,0.5430256074940909,0.39196054213258247,0.15106506536150843,0.7361111111111112,0.7361111111111112,Medium,Medium,Negative pre-15:00 return
RQ1 Direction,Strict,Full,Extra Trees,3,2025-11-03,0.0,1.0,0.5788033675498989,0.39196054213258247,0.18684282541731645,0.9166666666666666,0.9166666666666666,Medium,Low,Negative pre-15:00 return
RQ1 Direction,Strict,Full,Extra Trees,3,2025-11-04,1.0,1.0,0.5169090950460613,0.39196054213258247,0.12494855291347884,0.625,0.625,High,Medium,Negative pre-15:00 return
RQ1 Direction,Strict,Full,Extra Trees,3,2025-11-05,0.0,1.0,0.5129569431774819,0.39196054213258247,0.1209964010448994,0.6111111111111112,0.6111111111111112,Medium,Low,Positive pre-15:00 return
RQ1 Direction,Strict,Full,Extra Trees,3,2025-11-06,0.0,1.0,0.5420608453184942,0.39196054213258247,0.15010030318591172,0.7291666666666666,0.7291666666666666,High,High,Negative pre-15:00 return
RQ1 Direction,Strict,Full,Extra Trees,3,2025-11-07,1.0,1.0,0.4244551091450736,0.39196054213258247,0.03249456701249115,0.13194444444444445,0.14583333333333334,High,High,Positive pre-15:00 return
RQ1 Direction,Strict,Full,Extra Trees,3,2025-11-10,0.0,1.0,0.4683784522764763,0.39196054213258247,0.07641791014389382,0.3263888888888889,0.3263888888888889,Medium,Low,Positive pre-15:00 return
RQ1 Direction,Strict,Full,Extra Trees,3,2025-11-11,0.0,1.0,0.5013386318048838,0.39196054213258247,0.10937808967230134,0.5833333333333334,0.5833333333333334,Medium,Low,Positive pre-15:00 return
RQ1 Direction,Strict,Full,Extra Trees,3,2025-11-12,1.0,1.0,0.5503367683497498,0.39196054213258247,0.1583762262171673,0.7986111111111112,0.7986111111111112,Medium,Medium,Negative pre-15:00 return
RQ1 Direction,Strict,Full,Extra Trees,3,2025-11-13,1.0,1.0,0.5398442760740737,0.39196054213258247,0.14788373394149124,0.7222222222222222,0.7222222222222222,High,High,Negative pre-15:00 return
RQ1 Direction,Strict,Full,Extra Trees,3,2025-11-14,0.0,1.0,0.4195754980772638,0.39196054213258247,0.02761495594468133,0.10416666666666667,0.125,High,High,Positive pre-15:00 return
RQ1 Direction,Strict,Full,Extra Trees,3,2025-11-17,1.0,1.0,0.49329639866685326,0.39196054213258247,0.1013358565342708,0.4930555555555556,0.4930555555555556,High,High,Negative pre-15:00 return
RQ1 Direction,Strict,Full,Extra Trees,3,2025-11-18,0.0,0.0,0.3805921898202731,0.39196054213258247,0.011368352312309371,0.06944444444444445,0.034722222222222224,High,High,Positive pre-15:00 return
RQ1 Direction,Strict,Full,Extra Trees,3,2025-11-19,1.0,1.0,0.3967887977800237,0.39196054213258247,0.004828255647441215,0.027777777777777776,0.0763888888888889,High,High,Positive pre-15:00 return
RQ1 Direction,Strict,Full,Extra Trees,3,2025-11-20,0.0,0.0,0.34488077062077055,0.39196054213258247,0.04707977151181192,0.1875,0.006944444444444444,High,High,Negative pre-15:00 return
RQ1 Direction,Strict,Full,Extra Trees,3,2025-11-21,0.0,1.0,0.556672475653861,0.39196054213258247,0.16471193352127855,0.8402777777777778,0.8402777777777778,High,High,Positive pre-15:00 return
RQ1 Direction,Strict,Full,Extra Trees,3,2025-11-24,1.0,1.0,0.5484482550995669,0.39196054213258247,0.15648771296698438,0.7777777777777778,0.7777777777777778,High,Low,Positive pre-15:00 return
RQ1 Direction,Strict,Full,Extra Trees,3,2025-11-25,1.0,1.0,0.4222531768507917,0.39196054213258247,0.030292634718209255,0.1111111111111111,0.13194444444444445,High,Low,Positive pre-15:00 return
RQ1 Direction,Strict,Full,Extra Trees,3,2025-11-26,0.0,1.0,0.48202251020176246,0.39196054213258247,0.09006196806917999,0.3958333333333333,0.3958333333333333,Medium,Medium,Positive pre-15:00 return
RQ1 Direction,Strict,Full,Extra Trees,3,2025-12-01,0.0,1.0,0.5343784117836988,0.39196054213258247,0.14241786965111636,0.6875,0.6875,Medium,Medium,Positive pre-15:00 return
RQ1 Direction,Strict,Full,Extra Trees,3,2025-12-02,0.0,1.0,0.5559197841694405,0.39196054213258247,0.16395924203685808,0.8263888888888888,0.8263888888888888,Medium,Medium,Positive pre-15:00 return
RQ1 Direction,Strict,Full,Extra Trees,3,2025-12-03,0.0,1.0,0.45271629948040415,0.39196054213258247,0.06075575734782168,0.2222222222222222,0.2222222222222222,Medium,Low,Positive pre-15:00 return
RQ1 Direction,Strict,Full,Extra Trees,3,2025-12-04,1.0,1.0,0.4840585125249907,0.39196054213258247,0.09209797039240825,0.4097222222222222,0.4097222222222222,Medium,Medium,Negative pre-15:00 return
RQ1 Direction,Strict,Full,Extra Trees,3,2025-12-05,0.0,1.0,0.5905211559179504,0.39196054213258247,0.19856061378536793,0.9722222222222222,0.9722222222222222,Low,Low,Positive pre-15:00 return
RQ1 Direction,Strict,Full,Extra Trees,3,2025-12-08,1.0,1.0,0.531125918784035,0.39196054213258247,0.13916537665145257,0.6805555555555556,0.6805555555555556,Medium,Low,Negative pre-15:00 return
RQ1 Direction,Strict,Full,Extra Trees,3,2025-12-09,0.0,1.0,0.5773529631383594,0.39196054213258247,0.1853924210057769,0.8958333333333334,0.8958333333333334,Medium,Low,Positive pre-15:00 return
RQ1 Direction,Strict,Full,Extra Trees,3,2025-12-10,0.0,0.0,0.35259845947075147,0.39196054213258247,0.039362082661831,0.16666666666666666,0.013888888888888888,Medium,High,Positive pre-15:00 return
RQ1 Direction,Strict,Full,Extra Trees,3,2025-12-11,1.0,1.0,0.4259738170865266,0.39196054213258247,0.03401327495394413,0.1388888888888889,0.1527777777777778,Low,Low,Positive pre-15:00 return
RQ1 Direction,Strict,Full,Extra Trees,3,2025-12-12,0.0,0.0,0.38227014355006966,0.39196054213258247,0.009690398582512805,0.05555555555555555,0.041666666666666664,Medium,Medium,Negative pre-15:00 return
RQ1 Direction,Strict,Full,Extra Trees,3,2025-12-15,0.0,1.0,0.42871505658323356,0.39196054213258247,0.03675451445065109,0.1527777777777778,0.16666666666666666,Medium,Low,Negative pre-15:00 return
RQ1 Direction,Strict,Full,Extra Trees,3,2025-12-16,1.0,1.0,0.4700856058406893,0.39196054213258247,0.07812506370810685,0.3472222222222222,0.3472222222222222,Medium,Medium,Negative pre-15:00 return
RQ1 Direction,Strict,Full,Extra Trees,3,2025-12-17,0.0,1.0,0.3963314860383217,0.39196054213258247,0.004370943905739222,0.020833333333333332,0.06944444444444445,Medium,Medium,Negative pre-15:00 return
RQ1 Direction,Strict,Full,Extra Trees,3,2025-12-18,1.0,1.0,0.543980886799578,0.39196054213258247,0.15202034466699554,0.75,0.75,Medium,High,Negative pre-15:00 return
RQ1 Direction,Strict,Full,Extra Trees,3,2025-12-19,0.0,1.0,0.46933381176069766,0.39196054213258247,0.0773732696281152,0.3402777777777778,0.3402777777777778,Low,Low,Positive pre-15:00 return
RQ1 Direction,Strict,Full,Extra Trees,3,2025-12-29,0.0,1.0,0.5003817547374406,0.39196054213258247,0.10842121260485815,0.5625,0.5625,Low,Low,Positive pre-15:00 return
RQ1 Direction,Strict,Full,Extra Trees,3,2025-12-31,0.0,1.0,0.4996505831409088,0.39196054213258247,0.10769004100832635,0.5555555555555556,0.5555555555555556,Low,Low,Negative pre-15:00 return
RQ1 Direction,Strict,Full,Extra Trees,3,2026-01-02,1.0,1.0,0.5362671968687325,0.39196054213258247,0.14430665473615,0.6944444444444444,0.6944444444444444,Low,Medium,Negative pre-15:00 return
RQ1 Direction,Strict,Full,Extra Trees,3,2026-01-05,1.0,1.0,0.5714654569588806,0.39196054213258247,0.17950491482629816,0.8819444444444444,0.8819444444444444,Low,Low,Positive pre-15:00 return
RQ1 Direction,Strict,Full,Extra Trees,3,2026-01-07,0.0,1.0,0.4851664245925365,0.39196054213258247,0.09320588245995404,0.4305555555555556,0.4305555555555556,Low,Low,Negative pre-15:00 return
RQ1 Direction,Strict,Full,Extra Trees,3,2026-01-08,1.0,1.0,0.5861715891567307,0.39196054213258247,0.19421104702414826,0.9583333333333334,0.9583333333333334,Medium,Low,Negative pre-15:00 return
RQ1 Direction,Strict,Full,Extra Trees,3,2026-01-09,0.0,1.0,0.4966337597839914,0.39196054213258247,0.10467321765140891,0.5208333333333334,0.5208333333333334,Low,Low,Positive pre-15:00 return
RQ1 Direction,Strict,Full,Extra Trees,3,2026-01-13,1.0,1.0,0.46655771429989124,0.39196054213258247,0.07459717216730877,0.3125,0.3125,Medium,Low,Negative pre-15:00 return
RQ1 Direction,Strict,Full,Extra Trees,3,2026-01-14,1.0,1.0,0.5440748867166845,0.39196054213258247,0.152114344584102,0.7569444444444444,0.7569444444444444,Medium,Low,Negative pre-15:00 return
RQ1 Direction,Strict,Full,Extra Trees,3,2026-01-15,0.0,1.0,0.4927681084756199,0.39196054213258247,0.10080756634303745,0.4861111111111111,0.4861111111111111,Medium,Medium,Negative pre-15:00 return
RQ1 Direction,Strict,Full,Extra Trees,3,2026-01-16,0.0,1.0,0.5855608774610578,0.39196054213258247,0.19360033532847531,0.9513888888888888,0.9513888888888888,Low,Low,Negative pre-15:00 return
RQ1 Direction,Strict,Full,Extra Trees,3,2026-01-20,0.0,1.0,0.46619504949255763,0.39196054213258247,0.07423450735997517,0.3055555555555556,0.3055555555555556,High,Medium,Negative pre-15:00 return
RQ1 Direction,Strict,Full,Extra Trees,3,2026-01-21,0.0,0.0,0.35972558564322027,0.39196054213258247,0.0322349564893622,0.125,0.020833333333333332,Medium,High,Positive pre-15:00 return
RQ1 Direction,Strict,Full,Extra Trees,3,2026-01-22,1.0,1.0,0.5820787395801496,0.39196054213258247,0.19011819744756708,0.9444444444444444,0.9444444444444444,Medium,Low,Negative pre-15:00 return
RQ1 Direction,Strict,Full,Extra Trees,3,2026-01-23,0.0,1.0,0.5774935566469719,0.39196054213258247,0.18553301451438942,0.9027777777777778,0.9027777777777778,Low,Low,Positive pre-15:00 return
RQ1 Direction,Strict,Full,Extra Trees,3,2026-01-26,0.0,1.0,0.49847123795137477,0.39196054213258247,0.1065106958187923,0.5416666666666666,0.5416666666666666,Medium,Low,Positive pre-15:00 return
RQ1 Direction,Strict,Full,Extra Trees,3,2026-01-28,1.0,1.0,0.40236970517167314,0.39196054213258247,0.010409163039090674,0.0625,0.09722222222222222,Medium,High,Negative pre-15:00 return
RQ2 Magnitude,Relaxed,Full,RBF SVR,1,2023-11-03,31.15471449517848,10.798236318662408,10.798236318662408,,,,0.5202312138728323,Low,Medium,Positive pre-15:00 return
RQ2 Magnitude,Relaxed,Full,RBF SVR,1,2023-11-06,12.61112117453056,10.976578435981228,10.976578435981228,,,,0.5549132947976878,Low,Medium,Negative pre-15:00 return
RQ2 Magnitude,Relaxed,Full,RBF SVR,1,2023-11-07,1.5983523270868272,9.12982398360317,9.12982398360317,,,,0.2138728323699422,Low,Low,Positive pre-15:00 return
RQ2 Magnitude,Relaxed,Full,RBF SVR,1,2023-11-08,17.41570979302498,10.183547957451392,10.183547957451392,,,,0.41040462427745666,Low,Low,Negative pre-15:00 return
RQ2 Magnitude,Relaxed,Full,RBF SVR,1,2023-11-09,0.5750193206488508,15.4420438025364,15.4420438025364,,,,0.8439306358381503,Low,High,Negative pre-15:00 return
RQ2 Magnitude,Relaxed,Full,RBF SVR,1,2023-11-10,24.016471031549358,9.851684139150915,9.851684139150915,,,,0.3352601156069364,Low,Low,Positive pre-15:00 return
RQ2 Magnitude,Relaxed,Full,RBF SVR,1,2023-11-13,8.878741755454778,9.722525141198336,9.722525141198336,,,,0.3179190751445087,Low,Low,Positive pre-15:00 return
RQ2 Magnitude,Relaxed,Full,RBF SVR,1,2023-11-14,14.991404927841012,10.019107102500254,10.019107102500254,,,,0.3872832369942196,Low,Medium,Positive pre-15:00 return
RQ2 Magnitude,Relaxed,Full,RBF SVR,1,2023-11-15,14.057774348331664,9.387103884352296,9.387103884352296,,,,0.26011560693641617,Low,Low,Positive pre-15:00 return
RQ2 Magnitude,Relaxed,Full,RBF SVR,1,2023-11-16,14.438252038571076,11.698295752396081,11.698295752396081,,,,0.630057803468208,Low,Low,Positive pre-15:00 return
RQ2 Magnitude,Relaxed,Full,RBF SVR,1,2023-11-17,4.428786224702774,7.939872792675015,7.939872792675015,,,,0.08092485549132948,Low,Low,Positive pre-15:00 return
RQ2 Magnitude,Relaxed,Full,RBF SVR,1,2023-11-20,7.7992666492376905,7.460134958726979,7.460134958726979,,,,0.05202312138728324,Low,Low,Positive pre-15:00 return
RQ2 Magnitude,Relaxed,Full,RBF SVR,1,2023-11-21,0.7710864608245771,8.432989721857073,8.432989721857073,,,,0.11560693641618497,Low,Low,Positive pre-15:00 return
RQ2 Magnitude,Relaxed,Full,RBF SVR,1,2023-11-22,3.886300461526382,10.399646515112128,10.399646515112128,,,,0.44508670520231214,Low,Medium,Positive pre-15:00 return
RQ2 Magnitude,Relaxed,Full,RBF SVR,1,2023-11-27,2.789902748824291,7.840354600646155,7.840354600646155,,,,0.07514450867052024,Low,Low,Negative pre-15:00 return
RQ2 Magnitude,Relaxed,Full,RBF SVR,1,2023-11-28,2.767387871374094,10.355367294082722,10.355367294082722,,,,0.4393063583815029,Low,Low,Positive pre-15:00 return
RQ2 Magnitude,Relaxed,Full,RBF SVR,1,2023-11-29,20.78888101874177,9.079852385385802,9.079852385385802,,,,0.2023121387283237,Low,Low,Negative pre-15:00 return
RQ2 Magnitude,Relaxed,Full,RBF SVR,1,2023-11-30,32.188794083936045,9.938686812792948,9.938686812792948,,,,0.36416184971098264,Low,Low,Negative pre-15:00 return
RQ2 Magnitude,Relaxed,Full,RBF SVR,1,2023-12-04,15.05733623229144,10.444831495435526,10.444831495435526,,,,0.45664739884393063,Low,Medium,Negative pre-15:00 return
RQ2 Magnitude,Relaxed,Full,RBF SVR,1,2023-12-05,3.2389160135959383,10.157981123329396,10.157981123329396,,,,0.4046242774566474,Low,Low,Positive pre-15:00 return
RQ2 Magnitude,Relaxed,Full,RBF SVR,1,2023-12-06,23.59080046480111,9.788025472316345,9.788025472316345,,,,0.32947976878612717,Low,Low,Negative pre-15:00 return
RQ2 Magnitude,Relaxed,Full,RBF SVR,1,2023-12-07,6.066703183271738,8.52339787675766,8.52339787675766,,,,0.12716763005780346,Low,Low,Positive pre-15:00 return
RQ2 Magnitude,Relaxed,Full,RBF SVR,1,2023-12-08,4.603081893603811,9.043553700469634,9.043553700469634,,,,0.19653179190751446,Low,Low,Positive pre-15:00 return
RQ2 Magnitude,Relaxed,Full,RBF SVR,1,2023-12-13,12.892821506758079,18.464593535258434,18.464593535258434,,,,0.9017341040462428,Low,High,Positive pre-15:00 return
RQ2 Magnitude,Relaxed,Full,RBF SVR,1,2023-12-14,6.466851555013697,10.698363820265005,10.698363820265005,,,,0.5144508670520231,Low,Low,Negative pre-15:00 return
RQ2 Magnitude,Relaxed,Full,RBF SVR,1,2023-12-15,11.423354177060308,10.471710660725027,10.471710660725027,,,,0.47398843930635837,Low,Medium,Negative pre-15:00 return
RQ2 Magnitude,Relaxed,Full,RBF SVR,1,2023-12-20,55.58260133347481,17.807319391310845,17.807319391310845,,,,0.884393063583815,Low,High,Negative pre-15:00 return
RQ2 Magnitude,Relaxed,Full,RBF SVR,1,2023-12-21,48.34179596968191,12.535089737123936,12.535089737123936,,,,0.7456647398843931,Low,Medium,Positive pre-15:00 return
RQ2 Magnitude,Relaxed,Full,RBF SVR,1,2023-12-27,17.993636243667233,7.997322527779165,7.997322527779165,,,,0.09248554913294797,Low,Medium,Positive pre-15:00 return
RQ2 Magnitude,Relaxed,Full,RBF SVR,1,2023-12-29,3.937956242603402,6.430692414928675,6.430692414928675,,,,0.005780346820809248,Low,Low,Negative pre-15:00 return
RQ2 Magnitude,Relaxed,Full,RBF SVR,1,2024-01-02,33.25351361870954,9.194643762855247,9.194643762855247,,,,0.2254335260115607,Low,Low,Negative pre-15:00 return
RQ2 Magnitude,Relaxed,Full,RBF SVR,1,2024-01-03,33.538277704566745,13.718354581017234,13.718354581017234,,,,0.791907514450867,Low,High,Negative pre-15:00 return
RQ2 Magnitude,Relaxed,Full,RBF SVR,1,2024-01-04,30.230105954183184,8.968316866114957,8.968316866114957,,,,0.1907514450867052,Low,Low,Positive pre-15:00 return
RQ2 Magnitude,Relaxed,Full,RBF SVR,1,2024-01-05,24.63117273410198,12.97389451004575,12.97389451004575,,,,0.7687861271676301,Low,Medium,Negative pre-15:00 return
RQ2 Magnitude,Relaxed,Full,RBF SVR,1,2024-01-08,17.05705806760882,8.63078167437845,8.63078167437845,,,,0.13872832369942195,Low,Low,Positive pre-15:00 return
RQ2 Magnitude,Relaxed,Full,RBF SVR,1,2024-01-09,3.0497936656836977,9.936946350501959,9.936946350501959,,,,0.3583815028901734,Low,Low,Positive pre-15:00 return
RQ2 Magnitude,Relaxed,Full,RBF SVR,1,2024-01-10,15.033355256975911,8.313610449104697,8.313610449104697,,,,0.10404624277456648,Low,Low,Positive pre-15:00 return
RQ2 Magnitude,Relaxed,Full,RBF SVR,1,2024-01-11,8.799247570279167,10.92128851247828,10.92128851247828,,,,0.5375722543352601,Low,Medium,Negative pre-15:00 return
RQ2 Magnitude,Relaxed,Full,RBF SVR,1,2024-01-12,8.32782329949211,11.388044803258321,11.388044803258321,,,,0.5895953757225434,Low,Medium,Negative pre-15:00 return
RQ2 Magnitude,Relaxed,Full,RBF SVR,1,2024-01-16,11.74470910309422,11.008385662920798,11.008385662920798,,,,0.5606936416184971,Low,Medium,Negative pre-15:00 return
RQ2 Magnitude,Relaxed,Full,RBF SVR,1,2024-01-17,17.184999799191303,10.971072376714712,10.971072376714712,,,,0.5491329479768786,Low,Low,Negative pre-15:00 return
RQ2 Magnitude,Relaxed,Full,RBF SVR,1,2024-01-18,14.85302004424316,10.576903201609145,10.576903201609145,,,,0.4913294797687861,Low,Medium,Positive pre-15:00 return
RQ2 Magnitude,Relaxed,Full,RBF SVR,1,2024-01-19,2.1703586879451287,10.071298094080976,10.071298094080976,,,,0.3930635838150289,Low,Medium,Positive pre-15:00 return
RQ2 Magnitude,Relaxed,Full,RBF SVR,1,2024-01-22,3.0502256754816326,8.873604658445988,8.873604658445988,,,,0.1676300578034682,Low,Low,Negative pre-15:00 return
RQ2 Magnitude,Relaxed,Full,RBF SVR,1,2024-01-24,24.278408811526653,11.959220695978988,11.959220695978988,,,,0.6763005780346821,Low,High,Negative pre-15:00 return
RQ2 Magnitude,Relaxed,Full,RBF SVR,1,2024-01-25,27.30594954237331,10.681337074018,10.681337074018,,,,0.5086705202312138,Low,Medium,Negative pre-15:00 return
RQ2 Magnitude,Relaxed,Full,RBF SVR,1,2024-01-26,10.622498861146967,9.74104128819371,9.74104128819371,,,,0.3236994219653179,Low,Low,Positive pre-15:00 return
RQ2 Magnitude,Relaxed,Full,RBF SVR,1,2024-01-31,70.87998557400721,23.505418006396116,23.505418006396116,,,,0.9710982658959537,Low,High,Negative pre-15:00 return
RQ2 Magnitude,Relaxed,Full,RBF SVR,1,2024-02-01,12.408492470208365,11.445347119038207,11.445347119038207,,,,0.6011560693641619,Low,Medium,Positive pre-15:00 return
RQ2 Magnitude,Relaxed,Full,RBF SVR,1,2024-02-02,27.475511394492447,11.604415704550807,11.604415704550807,,,,0.6242774566473989,Low,Medium,Positive pre-15:00 return
RQ2 Magnitude,Relaxed,Full,RBF SVR,1,2024-02-05,25.772051552176436,8.615746795990002,8.615746795990002,,,,0.1329479768786127,Low,Low,Negative pre-15:00 return
RQ2 Magnitude,Relaxed,Full,RBF SVR,1,2024-02-06,16.23465239041666,9.573954337620162,9.573954337620162,,,,0.28901734104046245,Low,Medium,Negative pre-15:00 return
RQ2 Magnitude,Relaxed,Full,RBF SVR,1,2024-02-07,5.802506682885955,9.49358511012738,9.49358511012738,,,,0.2774566473988439,Low,Low,Positive pre-15:00 return
RQ2 Magnitude,Relaxed,Full,RBF SVR,1,2024-02-08,3.6624245250349574,7.657347502500247,7.657347502500247,,,,0.057803468208092484,Low,Low,Positive pre-15:00 return
RQ2 Magnitude,Relaxed,Full,RBF SVR,1,2024-02-09,1.054428400332208,6.719829127610954,6.719829127610954,,,,0.017341040462427744,Low,Low,Positive pre-15:00 return
RQ2 Magnitude,Relaxed,Full,RBF SVR,1,2024-02-12,6.415275528113273,10.61070178267003,10.61070178267003,,,,0.49710982658959535,Low,Medium,Negative pre-15:00 return
RQ2 Magnitude,Relaxed,Full,RBF SVR,1,2024-02-13,55.6198363883631,11.837897501229175,11.837897501229175,,,,0.6589595375722543,Medium,Medium,Negative pre-15:00 return
RQ2 Magnitude,Relaxed,Full,RBF SVR,1,2024-02-14,38.082046031697736,11.963810125485782,11.963810125485782,,,,0.6820809248554913,Low,Medium,Positive pre-15:00 return
RQ2 Magnitude,Relaxed,Full,RBF SVR,1,2024-02-15,0.019882059623110848,9.362601226363704,9.362601226363704,,,,0.2543352601156069,Low,Medium,Positive pre-15:00 return
RQ2 Magnitude,Relaxed,Full,RBF SVR,1,2024-02-16,21.05384880704775,14.169039672926491,14.169039672926491,,,,0.8034682080924855,Low,High,Negative pre-15:00 return
RQ2 Magnitude,Relaxed,Full,RBF SVR,1,2024-02-20,1.4668295584252533,11.271148245855787,11.271148245855787,,,,0.5838150289017341,Low,Medium,Negative pre-15:00 return
RQ2 Magnitude,Relaxed,Full,RBF SVR,1,2024-02-21,53.27403233975847,11.536391977346913,11.536391977346913,,,,0.6184971098265896,Low,High,Negative pre-15:00 return
RQ2 Magnitude,Relaxed,Full,RBF SVR,1,2024-02-22,8.520502335760405,10.57077290385509,10.57077290385509,,,,0.48554913294797686,Low,Medium,Positive pre-15:00 return
RQ2 Magnitude,Relaxed,Full,RBF SVR,1,2024-02-23,7.69649122462579,10.350686908527013,10.350686908527013,,,,0.4277456647398844,Low,Medium,Negative pre-15:00 return
RQ2 Magnitude,Relaxed,Full,RBF SVR,1,2024-02-26,15.993035545112111,9.895412840259805,9.895412840259805,,,,0.3468208092485549,Low,Low,Negative pre-15:00 return
RQ2 Magnitude,Relaxed,Full,RBF SVR,1,2024-02-27,6.73750901289516,8.12167795330458,8.12167795330458,,,,0.09826589595375723,Low,Low,Positive pre-15:00 return
RQ2 Magnitude,Relaxed,Full,RBF SVR,1,2024-02-28,5.545184372448553,7.7660194088794405,7.7660194088794405,,,,0.06358381502890173,Low,Low,Positive pre-15:00 return
RQ2 Magnitude,Relaxed,Full,RBF SVR,1,2024-02-29,24.089088331245012,8.835040831077013,8.835040831077013,,,,0.16184971098265896,Low,Low,Negative pre-15:00 return
RQ2 Magnitude,Relaxed,Full,RBF SVR,1,2024-03-01,4.300238361628628,7.947601123301968,7.947601123301968,,,,0.08670520231213873,Low,Low,Positive pre-15:00 return
RQ2 Magnitude,Relaxed,Full,RBF SVR,1,2024-03-05,28.314628039773915,10.466416807070242,10.466416807070242,,,,0.4624277456647399,Low,Low,Negative pre-15:00 return
RQ2 Magnitude,Relaxed,Full,RBF SVR,1,2024-03-06,12.236517769426136,18.677639757361323,18.677639757361323,,,,0.9075144508670521,Low,High,Negative pre-15:00 return
RQ2 Magnitude,Relaxed,Full,RBF SVR,1,2024-03-07,4.441436077260441,8.685919385207558,8.685919385207558,,,,0.14450867052023122,Low,Low,Positive pre-15:00 return
RQ2 Magnitude,Relaxed,Full,RBF SVR,1,2024-03-08,40.29076208431404,16.55082152888573,16.55082152888573,,,,0.861271676300578,Low,Medium,Negative pre-15:00 return
RQ2 Magnitude,Relaxed,Full,RBF SVR,1,2024-03-11,7.145478825173468,11.706388807454179,11.706388807454179,,,,0.6358381502890174,Low,Low,Positive pre-15:00 return
RQ2 Magnitude,Relaxed,Full,RBF SVR,1,2024-03-12,0.9276330283758405,11.864826767408719,11.864826767408719,,,,0.6647398843930635,Low,Medium,Positive pre-15:00 return
RQ2 Magnitude,Relaxed,Full,RBF SVR,1,2024-03-14,14.580291722476879,12.399380301124463,12.399380301124463,,,,0.7283236994219653,Low,Medium,Negative pre-15:00 return
RQ2 Magnitude,Relaxed,Full,RBF SVR,1,2024-03-15,9.058855226218299,11.999759506817558,11.999759506817558,,,,0.6878612716763006,Low,Medium,Negative pre-15:00 return
RQ2 Magnitude,Relaxed,Full,RBF SVR,1,2024-03-18,17.29238475943862,10.468046017937123,10.468046017937123,,,,0.4682080924855491,Low,Medium,Positive pre-15:00 return
RQ2 Magnitude,Relaxed,Full,RBF SVR,1,2024-03-19,16.09380833279994,10.614921970071965,10.614921970071965,,,,0.5028901734104047,Low,Low,Positive pre-15:00 return
RQ2 Magnitude,Relaxed,Full,RBF SVR,1,2024-03-20,26.52861039606602,23.36231474046974,23.36231474046974,,,,0.9653179190751445,Low,High,Positive pre-15:00 return
RQ2 Magnitude,Relaxed,Full,RBF SVR,1,2024-03-21,3.928988304583436,9.600876760947909,9.600876760947909,,,,0.2947976878612717,Low,Low,Negative pre-15:00 return
RQ2 Magnitude,Relaxed,Full,RBF SVR,1,2024-03-22,14.346244317302581,6.989746736068238,6.989746736068238,,,,0.028901734104046242,Low,Low,Negative pre-15:00 return
RQ2 Magnitude,Relaxed,Full,RBF SVR,1,2024-03-25,17.482116215904455,7.383607209461427,7.383607209461427,,,,0.04046242774566474,Low,Low,Positive pre-15:00 return
RQ2 Magnitude,Relaxed,Full,RBF SVR,1,2024-03-28,9.162766471118022,6.966707556731894,6.966707556731894,,,,0.023121387283236993,Low,Low,Positive pre-15:00 return
RQ2 Magnitude,Relaxed,Full,RBF SVR,1,2024-04-01,10.844392513549295,9.134183023239121,9.134183023239121,,,,0.21965317919075145,Low,Low,Negative pre-15:00 return
RQ2 Magnitude,Relaxed,Full,RBF SVR,1,2024-04-02,17.80003155897436,8.776893706054981,8.776893706054981,,,,0.15028901734104047,Low,Low,Negative pre-15:00 return
RQ2 Magnitude,Relaxed,Full,RBF SVR,1,2024-04-03,9.81162447540318,9.34349508117764,9.34349508117764,,,,0.24855491329479767,Low,Low,Positive pre-15:00 return
RQ2 Magnitude,Relaxed,Full,RBF SVR,1,2024-04-04,56.58405407650502,19.117944923470688,19.117944923470688,,,,0.9248554913294798,Medium,High,Negative pre-15:00 return
RQ2 Magnitude,Relaxed,Full,RBF SVR,1,2024-04-05,15.760274486638082,16.635670055487704,16.635670055487704,,,,0.8670520231213873,Medium,High,Positive pre-15:00 return
RQ2 Magnitude,Relaxed,Full,RBF SVR,1,2024-04-08,13.587425873682335,9.233990680992246,9.233990680992246,,,,0.23121387283236994,Low,Low,Negative pre-15:00 return
RQ2 Magnitude,Relaxed,Full,RBF SVR,1,2024-04-09,53.392353720966845,11.898976477745588,11.898976477745588,,,,0.6705202312138728,Low,Medium,Negative pre-15:00 return
RQ2 Magnitude,Relaxed,Full,RBF SVR,1,2024-04-10,31.066224714950685,19.35992488035848,19.35992488035848,,,,0.930635838150289,Medium,High,Negative pre-15:00 return
RQ2 Magnitude,Relaxed,Full,RBF SVR,1,2024-04-11,12.354455673827536,11.166062836403167,11.166062836403167,,,,0.5780346820809249,Low,Medium,Positive pre-15:00 return
RQ2 Magnitude,Relaxed,Full,RBF SVR,1,2024-04-12,21.515471580018097,14.934026649283783,14.934026649283783,,,,0.8265895953757225,Medium,High,Negative pre-15:00 return
RQ2 Magnitude,Relaxed,Full,RBF SVR,1,2024-04-15,11.918715935954616,18.932004233668334,18.932004233668334,,,,0.9190751445086706,High,High,Negative pre-15:00 return
RQ2 Magnitude,Relaxed,Full,RBF SVR,1,2024-04-16,44.92074317319017,22.887417140567262,22.887417140567262,,,,0.9595375722543352,Medium,High,Positive pre-15:00 return
RQ2 Magnitude,Relaxed,Full,RBF SVR,1,2024-04-17,20.5693026509568,22.503653760043914,22.503653760043914,,,,0.953757225433526,Medium,High,Negative pre-15:00 return
RQ2 Magnitude,Relaxed,Full,RBF SVR,1,2024-04-18,9.54966726002704,16.82003663854618,16.82003663854618,,,,0.8728323699421965,Medium,High,Negative pre-15:00 return
RQ2 Magnitude,Relaxed,Full,RBF SVR,1,2024-04-19,6.809271891405899,17.27775133365841,17.27775133365841,,,,0.8786127167630058,High,High,Negative pre-15:00 return
RQ2 Magnitude,Relaxed,Full,RBF SVR,1,2024-04-22,33.926348403312545,11.419261975206435,11.419261975206435,,,,0.5953757225433526,Medium,Medium,Positive pre-15:00 return
RQ2 Magnitude,Relaxed,Full,RBF SVR,1,2024-04-23,6.820596624790287,11.48949954710059,11.48949954710059,,,,0.6127167630057804,Low,Low,Positive pre-15:00 return
RQ2 Magnitude,Relaxed,Full,RBF SVR,1,2024-04-24,24.051193271199534,12.659483165711617,12.659483165711617,,,,0.7514450867052023,Medium,High,Negative pre-15:00 return
RQ2 Magnitude,Relaxed,Full,RBF SVR,1,2024-04-25,18.750446439199653,12.354949283541206,12.354949283541206,,,,0.7225433526011561,Medium,High,Positive pre-15:00 return
RQ2 Magnitude,Relaxed,Full,RBF SVR,1,2024-04-26,21.059018093922965,11.10387619853012,11.10387619853012,,,,0.5722543352601156,Low,Low,Positive pre-15:00 return
RQ2 Magnitude,Relaxed,Full,RBF SVR,1,2024-04-29,11.68098582041921,9.610550749467937,9.610550749467937,,,,0.30057803468208094,Low,Low,Negative pre-15:00 return
RQ2 Magnitude,Relaxed,Full,RBF SVR,1,2024-04-30,52.736053091576586,12.160982335278003,12.160982335278003,,,,0.6994219653179191,Low,Medium,Negative pre-15:00 return
RQ2 Magnitude,Relaxed,Full,RBF SVR,1,2024-05-01,136.17491409204985,34.59453983350733,34.59453983350733,,,,1.0,Low,High,Positive pre-15:00 return
RQ2 Magnitude,Relaxed,Full,RBF SVR,1,2024-05-02,7.397748322683917,12.23907877375363,12.23907877375363,,,,0.7052023121387283,Low,Medium,Positive pre-15:00 return
RQ2 Magnitude,Relaxed,Full,RBF SVR,1,2024-05-03,4.619756965696942,10.928811107629752,10.928811107629752,,,,0.5433526011560693,Low,Low,Positive pre-15:00 return
RQ2 Magnitude,Relaxed,Full,RBF SVR,1,2024-05-07,5.7671572929485215,9.902320479331681,9.902320479331681,,,,0.35260115606936415,Low,Low,Negative pre-15:00 return
RQ2 Magnitude,Relaxed,Full,RBF SVR,1,2024-05-08,5.70916069551286,8.778070138415291,8.778070138415291,,,,0.15606936416184972,Low,Low,Positive pre-15:00 return
RQ2 Magnitude,Relaxed,Full,RBF SVR,1,2024-05-10,0.057448483071764755,8.96603715407075,8.96603715407075,,,,0.18497109826589594,Low,Low,Negative pre-15:00 return
RQ2 Magnitude,Relaxed,Full,RBF SVR,1,2024-05-13,0.24895296129590072,7.804948474923155,7.804948474923155,,,,0.06936416184971098,Low,Low,Negative pre-15:00 return
RQ2 Magnitude,Relaxed,Full,RBF SVR,1,2024-05-16,25.135467933922186,9.459498913110199,9.459498913110199,,,,0.2658959537572254,Low,Low,Positive pre-15:00 return
RQ2 Magnitude,Relaxed,Full,RBF SVR,1,2024-05-17,10.456085385073255,6.613677333228932,6.613677333228932,,,,0.011560693641618497,Low,Low,Negative pre-15:00 return
RQ2 Magnitude,Relaxed,Full,RBF SVR,1,2024-05-20,0.18835868013100665,9.125120424018338,9.125120424018338,,,,0.20809248554913296,Low,Low,Positive pre-15:00 return
RQ2 Magnitude,Relaxed,Full,RBF SVR,1,2024-05-22,21.585750005665982,10.086083769343983,10.086083769343983,,,,0.3988439306358382,Low,High,Negative pre-15:00 return
RQ2 Magnitude,Relaxed,Full,RBF SVR,1,2024-05-23,17.39814952140817,15.226360538830267,15.226360538830267,,,,0.838150289017341,Low,High,Negative pre-15:00 return
RQ2 Magnitude,Relaxed,Full,RBF SVR,1,2024-05-24,7.678332575560276,9.641998768622582,9.641998768622582,,,,0.3063583815028902,Low,Low,Positive pre-15:00 return
RQ2 Magnitude,Relaxed,Full,RBF SVR,1,2024-05-28,28.91260268225615,10.198987141554934,10.198987141554934,,,,0.4161849710982659,Low,Medium,Negative pre-15:00 return
RQ2 Magnitude,Relaxed,Full,RBF SVR,1,2024-05-29,9.448352799217297,10.88583129163423,10.88583129163423,,,,0.5260115606936416,Low,Low,Negative pre-15:00 return
RQ2 Magnitude,Relaxed,Full,RBF SVR,1,2024-05-30,24.461755645350802,9.300341669530756,9.300341669530756,,,,0.23699421965317918,Low,Low,Negative pre-15:00 return
RQ2 Magnitude,Relaxed,Full,RBF SVR,1,2024-05-31,110.7198321010916,11.800816932802054,11.800816932802054,,,,0.653179190751445,Low,Medium,Negative pre-15:00 return
RQ2 Magnitude,Relaxed,Full,RBF SVR,1,2024-06-03,33.94144293867862,14.228490931316028,14.228490931316028,,,,0.8092485549132948,Low,High,Negative pre-15:00 return
RQ2 Magnitude,Relaxed,Full,RBF SVR,1,2024-06-04,1.3417872227838856,13.686354248918793,13.686354248918793,,,,0.7861271676300579,Low,Medium,Positive pre-15:00 return
RQ2 Magnitude,Relaxed,Full,RBF SVR,1,2024-06-05,13.11106248234939,8.493968309387515,8.493968309387515,,,,0.12138728323699421,Low,Low,Positive pre-15:00 return
RQ2 Magnitude,Relaxed,Full,RBF SVR,1,2024-06-06,1.6629235316756308,9.564438052492132,9.564438052492132,,,,0.2832369942196532,Low,Medium,Negative pre-15:00 return
RQ2 Magnitude,Relaxed,Full,RBF SVR,1,2024-06-07,20.88664654530281,12.505467058332211,12.505467058332211,,,,0.7398843930635838,Low,High,Positive pre-15:00 return
RQ2 Magnitude,Relaxed,Full,RBF SVR,1,2024-06-10,7.934418761819106,10.414880701226519,10.414880701226519,,,,0.4508670520231214,Low,Medium,Positive pre-15:00 return
RQ2 Magnitude,Relaxed,Full,RBF SVR,1,2024-06-11,14.474556821484352,9.978593833805828,9.978593833805828,,,,0.37572254335260113,Low,Medium,Positive pre-15:00 return
RQ2 Magnitude,Relaxed,Full,RBF SVR,1,2024-06-12,19.514925235742943,15.640453781891498,15.640453781891498,,,,0.8497109826589595,Low,High,Positive pre-15:00 return
RQ2 Magnitude,Relaxed,Full,RBF SVR,1,2024-06-13,2.448688018734657,9.483535508576804,9.483535508576804,,,,0.27167630057803466,Low,Low,Negative pre-15:00 return
RQ2 Magnitude,Relaxed,Full,RBF SVR,1,2024-06-14,11.942785212326612,10.354447058515529,10.354447058515529,,,,0.43352601156069365,Low,Medium,Positive pre-15:00 return
RQ2 Magnitude,Relaxed,Full,RBF SVR,1,2024-06-17,15.450170918656081,8.91715626251867,8.91715626251867,,,,0.1791907514450867,Low,Medium,Positive pre-15:00 return
RQ2 Magnitude,Relaxed,Full,RBF SVR,1,2024-06-18,3.883544709992748,8.4152949176836,8.4152949176836,,,,0.10982658959537572,Low,Low,Positive pre-15:00 return
RQ2 Magnitude,Relaxed,Full,RBF SVR,1,2024-06-20,5.8805481693602335,12.468450525486592,12.468450525486592,,,,0.7341040462427746,Low,Medium,Negative pre-15:00 return
RQ2 Magnitude,Relaxed,Full,RBF SVR,1,2024-06-21,7.064693189160476,11.099140613864233,11.099140613864233,,,,0.5664739884393064,Low,Low,Negative pre-15:00 return
RQ2 Magnitude,Relaxed,Full,RBF SVR,1,2024-06-24,26.37580674093143,11.999912164131086,11.999912164131086,,,,0.6936416184971098,Low,Low,Positive pre-15:00 return
RQ2 Magnitude,Relaxed,Full,RBF SVR,1,2024-06-25,8.232801677297008,10.007114884832493,10.007114884832493,,,,0.3815028901734104,Low,Low,Positive pre-15:00 return
RQ2 Magnitude,Relaxed,Full,RBF SVR,1,2024-06-26,21.896448275355862,10.31876876652959,10.31876876652959,,,,0.42196531791907516,Low,Low,Positive pre-15:00 return
RQ2 Magnitude,Relaxed,Full,RBF SVR,1,2024-06-27,13.041191168521316,9.678817305218796,9.678817305218796,,,,0.31213872832369943,Low,Low,Positive pre-15:00 return
RQ2 Magnitude,Relaxed,Full,RBF SVR,1,2024-06-28,22.607935988653296,10.492813716281919,10.492813716281919,,,,0.4797687861271676,Low,Medium,Negative pre-15:00 return
RQ2 Magnitude,Relaxed,Full,RBF SVR,1,2024-07-01,11.118385200843406,11.756197039579884,11.756197039579884,,,,0.6416184971098265,Low,Low,Negative pre-15:00 return
RQ2 Magnitude,Relaxed,Full,RBF SVR,1,2024-07-05,5.086396853983821,7.225227433685969,7.225227433685969,,,,0.03468208092485549,Low,Low,Positive pre-15:00 return
RQ2 Magnitude,Relaxed,Full,RBF SVR,1,2024-07-10,23.9165483295789,7.447939636967067,7.447939636967067,,,,0.046242774566473986,Low,Low,Positive pre-15:00 return
RQ2 Magnitude,Relaxed,Full,RBF SVR,1,2024-07-11,7.924950893928306,14.125895767704915,14.125895767704915,,,,0.7976878612716763,Low,Medium,Negative pre-15:00 return
RQ2 Magnitude,Relaxed,Full,RBF SVR,1,2024-07-12,63.185199340368705,8.899424533462163,8.899424533462163,,,,0.17341040462427745,Low,Low,Positive pre-15:00 return
RQ2 Magnitude,Relaxed,Full,RBF SVR,1,2024-07-15,14.714068422189142,13.653307259150164,13.653307259150164,,,,0.7803468208092486,Low,Medium,Positive pre-15:00 return
RQ2 Magnitude,Relaxed,Full,RBF SVR,1,2024-07-16,6.744659889048599,10.90007198697013,10.90007198697013,,,,0.5317919075144508,Low,Medium,Positive pre-15:00 return
RQ2 Magnitude,Relaxed,Full,RBF SVR,1,2024-07-17,8.224875241157337,13.240382647837375,13.240382647837375,,,,0.7745664739884393,Low,Medium,Negative pre-15:00 return
RQ2 Magnitude,Relaxed,Full,RBF SVR,1,2024-07-18,5.810145379943066,15.215905517560525,15.215905517560525,,,,0.8323699421965318,Medium,High,Negative pre-15:00 return
RQ2 Magnitude,Relaxed,Full,RBF SVR,1,2024-07-19,5.300754268287022,12.7668752273491,12.7668752273491,,,,0.7630057803468208,Medium,Medium,Negative pre-15:00 return
RQ2 Magnitude,Relaxed,Full,RBF SVR,1,2024-07-22,4.437314400792536,11.772810370205594,11.772810370205594,,,,0.6473988439306358,Low,Low,Positive pre-15:00 return
RQ2 Magnitude,Relaxed,Full,RBF SVR,1,2024-07-23,22.392857271122946,11.487785494579914,11.487785494579914,,,,0.6069364161849711,Low,Low,Positive pre-15:00 return
RQ2 Magnitude,Relaxed,Full,RBF SVR,1,2024-07-24,24.312657467182586,12.249415883235041,12.249415883235041,,,,0.7109826589595376,Medium,Medium,Negative pre-15:00 return
RQ2 Magnitude,Relaxed,Full,RBF SVR,1,2024-07-25,48.5470892020512,19.978316955330996,19.978316955330996,,,,0.9421965317919075,Medium,High,Negative pre-15:00 return
RQ2 Magnitude,Relaxed,Full,RBF SVR,1,2024-07-26,11.681343226104257,18.888397935893718,18.888397935893718,,,,0.9132947976878613,Medium,High,Positive pre-15:00 return
RQ2 Magnitude,Relaxed,Full,RBF SVR,1,2024-07-29,8.010153509654394,14.499409166000962,14.499409166000962,,,,0.815028901734104,Medium,Medium,Negative pre-15:00 return
RQ2 Magnitude,Relaxed,Full,RBF SVR,1,2024-07-30,9.152146611128842,14.866927086459906,14.866927086459906,,,,0.8208092485549133,Medium,Medium,Negative pre-15:00 return
RQ2 Magnitude,Relaxed,Full,RBF SVR,1,2024-07-31,48.39756299794607,19.972672072046667,19.972672072046667,,,,0.9364161849710982,Low,High,Positive pre-15:00 return
RQ2 Magnitude,Relaxed,Full,RBF SVR,1,2024-08-01,58.03883043354663,20.547753560625917,20.547753560625917,,,,0.9479768786127167,High,High,Negative pre-15:00 return
RQ2 Magnitude,Relaxed,Full,RBF SVR,1,2024-08-02,37.80004844715634,25.741455153652186,25.741455153652186,,,,0.9826589595375722,High,High,Negative pre-15:00 return
RQ2 Magnitude,Relaxed,Full,RBF SVR,1,2024-08-05,31.650953975606022,33.260829335613124,33.260829335613124,,,,0.9942196531791907,High,High,Positive pre-15:00 return
RQ2 Magnitude,Relaxed,Full,RBF SVR,1,2024-08-06,101.86705876349622,23.741207895309664,23.741207895309664,,,,0.976878612716763,High,High,Positive pre-15:00 return
RQ2 Magnitude,Relaxed,Full,RBF SVR,1,2024-08-07,15.261577682389449,27.510430346714234,27.510430346714234,,,,0.9884393063583815,High,High,Negative pre-15:00 return
RQ2 Magnitude,Relaxed,Full,RBF SVR,1,2024-08-08,3.5360213365032145,18.125690836517204,18.125690836517204,,,,0.8959537572254336,High,High,Positive pre-15:00 return
RQ2 Magnitude,Relaxed,Full,RBF SVR,1,2024-08-09,10.340079985764472,18.034124119262767,18.034124119262767,,,,0.8901734104046243,High,High,Positive pre-15:00 return
RQ2 Magnitude,Relaxed,Full,RBF SVR,1,2024-08-12,1.7022295465896065,16.402707008715947,16.402707008715947,,,,0.8554913294797688,High,Medium,Negative pre-15:00 return
RQ2 Magnitude,Relaxed,Full,RBF SVR,1,2024-08-13,10.610861395621285,12.686976160558526,12.686976160558526,,,,0.7572254335260116,Medium,Low,Positive pre-15:00 return
RQ2 Magnitude,Relaxed,Full,RBF SVR,1,2024-08-14,6.230917814192827,12.287285896509193,12.287285896509193,,,,0.7167630057803468,Medium,Low,Positive pre-15:00 return
RQ2 Magnitude,Relaxed,Full,RBF SVR,1,2024-08-15,0.9382284802872398,9.330247149900298,9.330247149900298,,,,0.24277456647398843,Low,Low,Positive pre-15:00 return
RQ2 Magnitude,Relaxed,Full,RBF SVR,1,2024-08-16,7.843729873456828,9.880286071539562,9.880286071539562,,,,0.34104046242774566,Low,Low,Positive pre-15:00 return
RQ2 Magnitude,Relaxed,Full,RBF SVR,1,2024-08-19,25.24403761576144,9.967596402467283,9.967596402467283,,,,0.3699421965317919,Low,Low,Positive pre-15:00 return
RQ2 Magnitude,Relaxed,Full,RBF SVR,2,2024-08-20,11.458495081949627,10.872976739947909,10.872976739947909,,,,0.2023121387283237,Medium,Low,Negative pre-15:00 return
RQ2 Magnitude,Relaxed,Full,RBF SVR,2,2024-08-21,2.8297706106084064,13.038882712269576,13.038882712269576,,,,0.34104046242774566,Medium,High,Positive pre-15:00 return
RQ2 Magnitude,Relaxed,Full,RBF SVR,2,2024-08-23,26.073832550823628,13.339788126094675,13.339788126094675,,,,0.3815028901734104,Medium,Low,Positive pre-15:00 return
RQ2 Magnitude,Relaxed,Full,RBF SVR,2,2024-08-26,1.9575426788787098,18.197851844586406,18.197851844586406,,,,0.6242774566473989,Medium,Medium,Negative pre-15:00 return
RQ2 Magnitude,Relaxed,Full,RBF SVR,2,2024-08-27,0.44431490196616963,9.068136008304094,9.068136008304094,,,,0.08092485549132948,Medium,Low,Positive pre-15:00 return
RQ2 Magnitude,Relaxed,Full,RBF SVR,2,2024-08-28,1.9674195325425359,31.76425582090668,31.76425582090668,,,,0.8728323699421965,High,High,Negative pre-15:00 return
RQ2 Magnitude,Relaxed,Full,RBF SVR,2,2024-08-29,4.611144671983203,19.324776836097286,19.324776836097286,,,,0.6878612716763006,Medium,High,Negative pre-15:00 return
RQ2 Magnitude,Relaxed,Full,RBF SVR,2,2024-08-30,55.07449212343918,14.494854192727011,14.494854192727011,,,,0.4682080924855491,Medium,Low,Positive pre-15:00 return
RQ2 Magnitude,Relaxed,Full,RBF SVR,2,2024-09-03,10.569182071776817,25.971724108409063,25.971724108409063,,,,0.8092485549132948,High,Medium,Negative pre-15:00 return
RQ2 Magnitude,Relaxed,Full,RBF SVR,2,2024-09-04,17.915421783845087,23.536253549107933,23.536253549107933,,,,0.7630057803468208,High,Medium,Positive pre-15:00 return
RQ2 Magnitude,Relaxed,Full,RBF SVR,2,2024-09-05,12.993895047075377,13.33828243151633,13.33828243151633,,,,0.37572254335260113,High,Medium,Negative pre-15:00 return
RQ2 Magnitude,Relaxed,Full,RBF SVR,2,2024-09-06,4.988590907830659,17.436644041831016,17.436644041831016,,,,0.5953757225433526,High,High,Negative pre-15:00 return
RQ2 Magnitude,Relaxed,Full,RBF SVR,2,2024-09-09,23.634381612815947,14.931977714579403,14.931977714579403,,,,0.49710982658959535,High,Medium,Positive pre-15:00 return
RQ2 Magnitude,Relaxed,Full,RBF SVR,2,2024-09-10,11.003464998415868,11.634177508547467,11.634177508547467,,,,0.24277456647398843,High,Medium,Negative pre-15:00 return
RQ2 Magnitude,Relaxed,Full,RBF SVR,2,2024-09-11,49.99828029086606,22.53469263576741,22.53469263576741,,,,0.7572254335260116,High,High,Positive pre-15:00 return
RQ2 Magnitude,Relaxed,Full,RBF SVR,2,2024-09-12,5.8458414078632615,19.92576247226819,19.92576247226819,,,,0.7052023121387283,High,High,Positive pre-15:00 return
RQ2 Magnitude,Relaxed,Full,RBF SVR,2,2024-09-13,8.539816002546274,13.48169370442779,13.48169370442779,,,,0.3930635838150289,Medium,High,Positive pre-15:00 return
RQ2 Magnitude,Relaxed,Full,RBF SVR,2,2024-09-16,3.2670338528606457,8.694013901715735,8.694013901715735,,,,0.04046242774566474,High,Low,Positive pre-15:00 return
RQ2 Magnitude,Relaxed,Full,RBF SVR,2,2024-09-17,18.452152395580512,15.39934353690089,15.39934353690089,,,,0.5202312138728323,High,High,Negative pre-15:00 return
RQ2 Magnitude,Relaxed,Full,RBF SVR,2,2024-09-18,46.64122921693048,44.450187095401596,44.450187095401596,,,,1.0,High,High,Positive pre-15:00 return
RQ2 Magnitude,Relaxed,Full,RBF SVR,2,2024-09-19,19.47816000391289,8.336578591887314,8.336578591887314,,,,0.011560693641618497,Medium,Medium,Positive pre-15:00 return
RQ2 Magnitude,Relaxed,Full,RBF SVR,2,2024-09-20,8.424437186167477,11.198377516673332,11.198377516673332,,,,0.21965317919075145,Medium,High,Negative pre-15:00 return
RQ2 Magnitude,Relaxed,Full,RBF SVR,2,2024-09-23,1.451701201413691,9.398256463558887,9.398256463558887,,,,0.09248554913294797,Medium,Low,Positive pre-15:00 return
RQ2 Magnitude,Relaxed,Full,RBF SVR,2,2024-09-24,13.025880643819931,8.727532302149463,8.727532302149463,,,,0.046242774566473986,Medium,Low,Negative pre-15:00 return
RQ2 Magnitude,Relaxed,Full,RBF SVR,2,2024-09-25,0.3669570869901939,10.369557094649394,10.369557094649394,,,,0.1676300578034682,Medium,Low,Negative pre-15:00 return
RQ2 Magnitude,Relaxed,Full,RBF SVR,2,2024-09-26,0.17408197868551412,9.812011341529189,9.812011341529189,,,,0.12716763005780346,Medium,Low,Negative pre-15:00 return
RQ2 Magnitude,Relaxed,Full,RBF SVR,2,2024-09-27,11.473140837591211,14.784840800724531,14.784840800724531,,,,0.4913294797687861,Medium,Medium,Negative pre-15:00 return
RQ2 Magnitude,Relaxed,Full,RBF SVR,2,2024-09-30,58.82424837137634,21.069330815812194,21.069330815812194,,,,0.7283236994219653,High,High,Positive pre-15:00 return
RQ2 Magnitude,Relaxed,Full,RBF SVR,2,2024-10-01,29.97050106276489,14.072285353372571,14.072285353372571,,,,0.43352601156069365,High,Medium,Negative pre-15:00 return
RQ2 Magnitude,Relaxed,Full,RBF SVR,2,2024-10-02,1.4886034272909576,10.524126754945591,10.524126754945591,,,,0.18497109826589594,High,Low,Positive pre-15:00 return
RQ2 Magnitude,Relaxed,Full,RBF SVR,2,2024-10-03,17.648434053039175,16.790638791537784,16.790638791537784,,,,0.5664739884393064,High,Medium,Negative pre-15:00 return
RQ2 Magnitude,Relaxed,Full,RBF SVR,2,2024-10-04,25.99952569610986,14.381789229622655,14.381789229622655,,,,0.4624277456647399,High,Low,Negative pre-15:00 return
RQ2 Magnitude,Relaxed,Full,RBF SVR,2,2024-10-07,15.68381981893241,34.211823510188005,34.211823510188005,,,,0.9075144508670521,High,High,Negative pre-15:00 return
RQ2 Magnitude,Relaxed,Full,RBF SVR,2,2024-10-08,5.480605615619805,13.248901536902252,13.248901536902252,,,,0.3583815028901734,High,Low,Positive pre-15:00 return
RQ2 Magnitude,Relaxed,Full,RBF SVR,2,2024-10-09,17.36438398810103,12.499895922282104,12.499895922282104,,,,0.31213872832369943,High,Low,Positive pre-15:00 return
RQ2 Magnitude,Relaxed,Full,RBF SVR,2,2024-10-10,14.119595573205412,13.301643409858059,13.301643409858059,,,,0.36416184971098264,High,Low,Negative pre-15:00 return
RQ2 Magnitude,Relaxed,Full,RBF SVR,2,2024-10-11,2.16637409154119,11.776907112716827,11.776907112716827,,,,0.2543352601156069,High,Low,Positive pre-15:00 return
RQ2 Magnitude,Relaxed,Full,RBF SVR,2,2024-10-14,1.6718699353424071,13.203413666229864,13.203413666229864,,,,0.3468208092485549,High,Low,Positive pre-15:00 return
RQ2 Magnitude,Relaxed,Full,RBF SVR,2,2024-10-15,2.3886198588829455,17.08520843157352,17.08520843157352,,,,0.5895953757225434,High,Low,Negative pre-15:00 return
RQ2 Magnitude,Relaxed,Full,RBF SVR,2,2024-10-16,0.4963526637025151,10.514799722435605,10.514799722435605,,,,0.1791907514450867,High,Low,Positive pre-15:00 return
RQ2 Magnitude,Relaxed,Full,RBF SVR,2,2024-10-17,17.99381750885565,13.986724532976087,13.986724532976087,,,,0.4277456647398844,High,Medium,Negative pre-15:00 return
RQ2 Magnitude,Relaxed,Full,RBF SVR,2,2024-10-18,5.061789623841406,10.376229486571074,10.376229486571074,,,,0.17341040462427745,High,Low,Positive pre-15:00 return
RQ2 Magnitude,Relaxed,Full,RBF SVR,2,2024-10-21,21.567291661672705,12.337477732804821,12.337477732804821,,,,0.2947976878612717,High,Low,Negative pre-15:00 return
RQ2 Magnitude,Relaxed,Full,RBF SVR,2,2024-10-22,4.035064022445134,11.835410991450217,11.835410991450217,,,,0.26011560693641617,High,Low,Positive pre-15:00 return
RQ2 Magnitude,Relaxed,Full,RBF SVR,2,2024-10-23,13.714127797015419,18.723312021068054,18.723312021068054,,,,0.6473988439306358,High,Medium,Negative pre-15:00 return
RQ2 Magnitude,Relaxed,Full,RBF SVR,2,2024-10-24,4.7188333115189,11.935703795531431,11.935703795531431,,,,0.2658959537572254,High,Low,Negative pre-15:00 return
RQ2 Magnitude,Relaxed,Full,RBF SVR,2,2024-10-25,21.578679714667757,19.06692726111112,19.06692726111112,,,,0.6589595375722543,High,High,Negative pre-15:00 return
RQ2 Magnitude,Relaxed,Full,RBF SVR,2,2024-10-28,9.673767623751273,13.335168819755513,13.335168819755513,,,,0.3699421965317919,High,Low,Negative pre-15:00 return
RQ2 Magnitude,Relaxed,Full,RBF SVR,2,2024-10-29,12.974209052506458,11.07172626640972,11.07172626640972,,,,0.20809248554913296,High,Low,Positive pre-15:00 return
RQ2 Magnitude,Relaxed,Full,RBF SVR,2,2024-10-30,22.315915141203348,14.265663328291389,14.265663328291389,,,,0.4508670520231214,High,Low,Negative pre-15:00 return
RQ2 Magnitude,Relaxed,Full,RBF SVR,2,2024-10-31,35.67622342191213,16.465144771115135,16.465144771115135,,,,0.5491329479768786,High,Medium,Negative pre-15:00 return
RQ2 Magnitude,Relaxed,Full,RBF SVR,2,2024-11-01,18.73089883920653,16.270527425020845,16.270527425020845,,,,0.5433526011560693,High,Medium,Positive pre-15:00 return
RQ2 Magnitude,Relaxed,Full,RBF SVR,2,2024-11-04,14.627675842314725,12.375583771768849,12.375583771768849,,,,0.30057803468208094,High,Low,Negative pre-15:00 return
RQ2 Magnitude,Relaxed,Full,RBF SVR,2,2024-11-05,27.76111224783495,19.156006142603566,19.156006142603566,,,,0.6705202312138728,High,Low,Positive pre-15:00 return
RQ2 Magnitude,Relaxed,Full,RBF SVR,2,2024-11-06,8.796827063835,10.13151841868578,10.13151841868578,,,,0.15606936416184972,Medium,Low,Positive pre-15:00 return
RQ2 Magnitude,Relaxed,Full,RBF SVR,2,2024-11-07,6.8426573602065055,14.572740587899254,14.572740587899254,,,,0.47398843930635837,Medium,Medium,Positive pre-15:00 return
RQ2 Magnitude,Relaxed,Full,RBF SVR,2,2024-11-08,15.285224283193566,8.914162234250195,8.914162234250195,,,,0.06936416184971098,Medium,Low,Positive pre-15:00 return
RQ2 Magnitude,Relaxed,Full,RBF SVR,2,2024-11-12,20.09596029505234,8.29429713907307,8.29429713907307,,,,0.005780346820809248,Medium,Low,Negative pre-15:00 return
RQ2 Magnitude,Relaxed,Full,RBF SVR,2,2024-11-13,1.252563580127486,9.993273776508765,9.993273776508765,,,,0.14450867052023122,Low,Medium,Positive pre-15:00 return
RQ2 Magnitude,Relaxed,Full,RBF SVR,2,2024-11-14,29.99505668060398,14.147900705051782,14.147900705051782,,,,0.44508670520231214,Low,Medium,Negative pre-15:00 return
RQ2 Magnitude,Relaxed,Full,RBF SVR,2,2024-11-15,11.273822559243474,16.971070782362048,16.971070782362048,,,,0.5838150289017341,Medium,High,Negative pre-15:00 return
RQ2 Magnitude,Relaxed,Full,RBF SVR,2,2024-11-18,0.23752525826647997,10.223676684124442,10.223676684124442,,,,0.16184971098265896,Medium,Low,Positive pre-15:00 return
RQ2 Magnitude,Relaxed,Full,RBF SVR,2,2024-11-19,9.813791761490442,11.497307521573397,11.497307521573397,,,,0.23699421965317918,Medium,Medium,Positive pre-15:00 return
RQ2 Magnitude,Relaxed,Full,RBF SVR,2,2024-11-20,48.94692773959264,12.15970365147789,12.15970365147789,,,,0.2832369942196532,High,Low,Negative pre-15:00 return
RQ2 Magnitude,Relaxed,Full,RBF SVR,2,2024-11-21,15.542806500450368,13.620019026012521,13.620019026012521,,,,0.41040462427745666,Medium,Medium,Positive pre-15:00 return
RQ2 Magnitude,Relaxed,Full,RBF SVR,2,2024-11-22,3.7210612064297877,9.83565434995582,9.83565434995582,,,,0.13872832369942195,Medium,Low,Positive pre-15:00 return
RQ2 Magnitude,Relaxed,Full,RBF SVR,2,2024-11-25,7.588661136195274,10.602514419613332,10.602514419613332,,,,0.1907514450867052,Medium,Low,Negative pre-15:00 return
RQ2 Magnitude,Relaxed,Full,RBF SVR,2,2024-11-26,14.65419590713779,14.649156673711683,14.649156673711683,,,,0.4797687861271676,Medium,Low,Positive pre-15:00 return
RQ2 Magnitude,Relaxed,Full,RBF SVR,2,2024-11-27,0.11669292257376895,9.642573338446965,9.642573338446965,,,,0.11560693641618497,Medium,Low,Negative pre-15:00 return
RQ2 Magnitude,Relaxed,Full,RBF SVR,2,2024-12-02,4.281366797421748,8.381884871506696,8.381884871506696,,,,0.023121387283236993,Low,Low,Positive pre-15:00 return
RQ2 Magnitude,Relaxed,Full,RBF SVR,2,2024-12-03,1.85099796885968,10.78789487131423,10.78789487131423,,,,0.19653179190751446,Low,Low,Positive pre-15:00 return
RQ2 Magnitude,Relaxed,Full,RBF SVR,2,2024-12-04,10.757127419325219,8.336880692810972,8.336880692810972,,,,0.017341040462427744,Low,Low,Positive pre-15:00 return
RQ2 Magnitude,Relaxed,Full,RBF SVR,2,2024-12-05,10.078788835398145,12.02521895453669,12.02521895453669,,,,0.27167630057803466,Low,Low,Negative pre-15:00 return
RQ2 Magnitude,Relaxed,Full,RBF SVR,2,2024-12-06,9.090565373985893,11.637208087739051,11.637208087739051,,,,0.24855491329479767,Low,Low,Positive pre-15:00 return
RQ2 Magnitude,Relaxed,Full,RBF SVR,2,2024-12-09,6.140336397999491,12.633033041425506,12.633033041425506,,,,0.3179190751445087,Low,Low,Negative pre-15:00 return
RQ2 Magnitude,Relaxed,Full,RBF SVR,2,2024-12-10,13.169475934271535,15.08982970945317,15.08982970945317,,,,0.5144508670520231,Medium,Low,Negative pre-15:00 return
RQ2 Magnitude,Relaxed,Full,RBF SVR,2,2024-12-11,6.6849860469408995,8.840132041984191,8.840132041984191,,,,0.06358381502890173,Low,Low,Positive pre-15:00 return
RQ2 Magnitude,Relaxed,Full,RBF SVR,2,2024-12-12,12.839385557837923,14.132900851028275,14.132900851028275,,,,0.4393063583815029,Low,Low,Negative pre-15:00 return
RQ2 Magnitude,Relaxed,Full,RBF SVR,2,2024-12-13,1.074348201210995,12.22756543268951,12.22756543268951,,,,0.28901734104046245,Low,Low,Negative pre-15:00 return
RQ2 Magnitude,Relaxed,Full,RBF SVR,2,2024-12-16,11.855257338009295,8.779204181509353,8.779204181509353,,,,0.057803468208092484,Medium,Low,Positive pre-15:00 return
RQ2 Magnitude,Relaxed,Full,RBF SVR,2,2024-12-17,16.737856362372128,13.203590444233665,13.203590444233665,,,,0.35260115606936415,Medium,Low,Negative pre-15:00 return
RQ2 Magnitude,Relaxed,Full,RBF SVR,2,2024-12-18,168.13550009297074,39.31154544107314,39.31154544107314,,,,0.9710982658959537,High,High,Negative pre-15:00 return
RQ2 Magnitude,Relaxed,Full,RBF SVR,2,2024-12-19,35.282086824171,22.010115921037603,22.010115921037603,,,,0.7514450867052023,High,High,Negative pre-15:00 return
RQ2 Magnitude,Relaxed,Full,RBF SVR,2,2024-12-20,29.829175454370027,26.720061617339645,26.720061617339645,,,,0.8265895953757225,High,High,Positive pre-15:00 return
RQ2 Magnitude,Relaxed,Full,RBF SVR,2,2024-12-23,28.175872520128653,13.499033301778205,13.499033301778205,,,,0.3988439306358382,High,Low,Positive pre-15:00 return
RQ2 Magnitude,Relaxed,Full,RBF SVR,2,2024-12-26,8.854039096789501,9.163064651983145,9.163064651983145,,,,0.08670520231213873,Medium,Low,Positive pre-15:00 return
RQ2 Magnitude,Relaxed,Full,RBF SVR,2,2024-12-27,6.960700487416149,12.824659189584366,12.824659189584366,,,,0.3352601156069364,Medium,Medium,Negative pre-15:00 return
RQ2 Magnitude,Relaxed,Full,RBF SVR,2,2024-12-30,42.846186908483965,12.06319629323578,12.06319629323578,,,,0.2774566473988439,Medium,Medium,Positive pre-15:00 return
RQ2 Magnitude,Relaxed,Full,RBF SVR,2,2024-12-31,3.9583170527013323,19.741518283484673,19.741518283484673,,,,0.6994219653179191,High,High,Negative pre-15:00 return
RQ2 Magnitude,Relaxed,Full,RBF SVR,2,2025-01-02,40.97596361950284,21.885706858653563,21.885706858653563,,,,0.7398843930635838,High,High,Negative pre-15:00 return
RQ2 Magnitude,Relaxed,Full,RBF SVR,2,2025-01-03,3.9365972322691345,11.320336611265553,11.320336611265553,,,,0.23121387283236994,Medium,Low,Positive pre-15:00 return
RQ2 Magnitude,Relaxed,Full,RBF SVR,2,2025-01-06,15.836971367761965,16.685732265865603,16.685732265865603,,,,0.5606936416184971,Medium,High,Negative pre-15:00 return
RQ2 Magnitude,Relaxed,Full,RBF SVR,2,2025-01-07,23.533463437034328,18.689849093229874,18.689849093229874,,,,0.6416184971098265,High,Medium,Negative pre-15:00 return
RQ2 Magnitude,Relaxed,Full,RBF SVR,2,2025-01-08,15.149976301713775,19.173014923640878,19.173014923640878,,,,0.6763005780346821,High,High,Negative pre-15:00 return
RQ2 Magnitude,Relaxed,Full,RBF SVR,2,2025-01-10,27.675703060415778,15.79223851695006,15.79223851695006,,,,0.5260115606936416,High,High,Negative pre-15:00 return
RQ2 Magnitude,Relaxed,Full,RBF SVR,2,2025-01-13,16.751482489034686,19.12621451401434,19.12621451401434,,,,0.6647398843930635,High,High,Positive pre-15:00 return
RQ2 Magnitude,Relaxed,Full,RBF SVR,2,2025-01-14,27.7494620002261,35.73907777584178,35.73907777584178,,,,0.930635838150289,High,High,Negative pre-15:00 return
RQ2 Magnitude,Relaxed,Full,RBF SVR,2,2025-01-15,9.908106510466697,9.478337170232692,9.478337170232692,,,,0.09826589595375723,Medium,Low,Positive pre-15:00 return
RQ2 Magnitude,Relaxed,Full,RBF SVR,2,2025-01-16,22.233014766552817,14.998897565187185,14.998897565187185,,,,0.5086705202312138,Medium,Medium,Negative pre-15:00 return
RQ2 Magnitude,Relaxed,Full,RBF SVR,2,2025-01-17,10.477465952399845,8.566854239924915,8.566854239924915,,,,0.03468208092485549,Medium,Low,Positive pre-15:00 return
RQ2 Magnitude,Relaxed,Full,RBF SVR,2,2025-01-21,9.845646734887303,8.532824904748644,8.532824904748644,,,,0.028901734104046242,Medium,Low,Positive pre-15:00 return
RQ2 Magnitude,Relaxed,Full,RBF SVR,2,2025-01-22,18.812129641323505,8.948286293143912,8.948286293143912,,,,0.07514450867052024,Medium,Low,Positive pre-15:00 return
RQ2 Magnitude,Relaxed,Full,RBF SVR,2,2025-01-23,31.250204946255966,9.822367113056703,9.822367113056703,,,,0.1329479768786127,Medium,Low,Positive pre-15:00 return
RQ2 Magnitude,Relaxed,Full,RBF SVR,2,2025-01-24,10.862787568508558,13.6569948293022,13.6569948293022,,,,0.4161849710982659,Medium,Low,Negative pre-15:00 return
RQ2 Magnitude,Relaxed,Full,RBF SVR,2,2025-01-27,40.67436629971999,23.5723821749852,23.5723821749852,,,,0.7687861271676301,High,High,Positive pre-15:00 return
RQ2 Magnitude,Relaxed,Full,RBF SVR,2,2025-01-28,8.958566629340137,12.718021866957308,12.718021866957308,,,,0.3236994219653179,Medium,Low,Positive pre-15:00 return
RQ2 Magnitude,Relaxed,Full,RBF SVR,2,2025-01-29,7.6779116080427645,37.776407676694205,37.776407676694205,,,,0.9595375722543352,Medium,High,Negative pre-15:00 return
RQ2 Magnitude,Relaxed,Full,RBF SVR,2,2025-01-30,12.785009453009089,9.578915739951388,9.578915739951388,,,,0.10404624277456648,Medium,Low,Positive pre-15:00 return
RQ2 Magnitude,Relaxed,Full,RBF SVR,2,2025-01-31,27.83588385535385,19.061935261952556,19.061935261952556,,,,0.653179190751445,Medium,High,Negative pre-15:00 return
RQ2 Magnitude,Relaxed,Full,RBF SVR,2,2025-02-03,35.320535941346655,24.32831241009888,24.32831241009888,,,,0.7803468208092486,High,Medium,Positive pre-15:00 return
RQ2 Magnitude,Relaxed,Full,RBF SVR,2,2025-02-04,4.789375210259017,14.742118022999499,14.742118022999499,,,,0.48554913294797686,High,Low,Positive pre-15:00 return
RQ2 Magnitude,Relaxed,Full,RBF SVR,2,2025-02-05,20.23257543824819,9.755599262900962,9.755599262900962,,,,0.12138728323699421,Medium,Low,Positive pre-15:00 return
RQ2 Magnitude,Relaxed,Full,RBF SVR,2,2025-02-06,43.57323655528545,15.946190528193625,15.946190528193625,,,,0.5317919075144508,Medium,High,Negative pre-15:00 return
RQ2 Magnitude,Relaxed,Full,RBF SVR,2,2025-02-07,7.528422281476432,16.968848484846,16.968848484846,,,,0.5780346820809249,Medium,Medium,Negative pre-15:00 return
RQ2 Magnitude,Relaxed,Full,RBF SVR,2,2025-02-10,1.7963825141120715,8.750736980801861,8.750736980801861,,,,0.05202312138728324,Medium,Low,Positive pre-15:00 return
RQ2 Magnitude,Relaxed,Full,RBF SVR,2,2025-02-11,5.12184557717843,9.99532602043957,9.99532602043957,,,,0.15028901734104047,Medium,Low,Positive pre-15:00 return
RQ2 Magnitude,Relaxed,Full,RBF SVR,2,2025-02-12,8.124268279190439,12.377111642681172,12.377111642681172,,,,0.3063583815028902,Medium,Low,Positive pre-15:00 return
RQ2 Magnitude,Relaxed,Full,RBF SVR,2,2025-02-13,14.739745231693302,13.376045664982225,13.376045664982225,,,,0.3872832369942196,Medium,Low,Positive pre-15:00 return
RQ2 Magnitude,Relaxed,Full,RBF SVR,2,2025-02-14,7.92666284225696,9.603594088942668,9.603594088942668,,,,0.10982658959537572,Medium,Low,Positive pre-15:00 return
RQ2 Magnitude,Relaxed,Full,RBF SVR,2,2025-02-18,24.827410245968906,13.780118604373133,13.780118604373133,,,,0.42196531791907516,Medium,Medium,Negative pre-15:00 return
RQ2 Magnitude,Relaxed,Full,RBF SVR,2,2025-02-19,4.181227751639538,11.288114409088443,11.288114409088443,,,,0.2254335260115607,Medium,Low,Positive pre-15:00 return
RQ2 Magnitude,Relaxed,Full,RBF SVR,2,2025-02-20,7.606291793711417,11.08608938811231,11.08608938811231,,,,0.2138728323699422,Medium,Low,Negative pre-15:00 return
RQ2 Magnitude,Relaxed,Full,RBF SVR,2,2025-02-21,1.7457781265639571,16.524052057407154,16.524052057407154,,,,0.5549132947976878,High,High,Negative pre-15:00 return
RQ2 Magnitude,Relaxed,Full,RBF SVR,2,2025-02-24,45.031332291972646,14.943433461672662,14.943433461672662,,,,0.5028901734104047,High,Medium,Negative pre-15:00 return
RQ2 Magnitude,Relaxed,Full,RBF SVR,2,2025-02-25,16.075742057259923,20.057903342361538,20.057903342361538,,,,0.7167630057803468,High,High,Negative pre-15:00 return
RQ2 Magnitude,Relaxed,Full,RBF SVR,2,2025-02-26,28.026622766708087,24.957352206544154,24.957352206544154,,,,0.7976878612716763,High,High,Negative pre-15:00 return
RQ2 Magnitude,Relaxed,Full,RBF SVR,2,2025-02-27,74.05363216643201,19.300958373051216,19.300958373051216,,,,0.6820809248554913,High,High,Negative pre-15:00 return
RQ2 Magnitude,Relaxed,Full,RBF SVR,2,2025-02-28,101.55807221228442,34.78026111794449,34.78026111794449,,,,0.9190751445086706,High,High,Positive pre-15:00 return
RQ2 Magnitude,Relaxed,Full,RBF SVR,2,2025-03-03,35.828805065075684,40.170510012399006,40.170510012399006,,,,0.9826589595375722,High,High,Negative pre-15:00 return
RQ2 Magnitude,Relaxed,Full,RBF SVR,2,2025-03-04,108.56296600666005,31.59705542891912,31.59705542891912,,,,0.861271676300578,High,High,Positive pre-15:00 return
RQ2 Magnitude,Relaxed,Full,RBF SVR,2,2025-03-05,2.8925280352720684,34.739253895493775,34.739253895493775,,,,0.9132947976878613,High,High,Positive pre-15:00 return
RQ2 Magnitude,Relaxed,Full,RBF SVR,2,2025-03-06,30.115743734770994,26.7646401034196,26.7646401034196,,,,0.8323699421965318,High,High,Negative pre-15:00 return
RQ2 Magnitude,Relaxed,Full,RBF SVR,2,2025-03-07,12.808564035009518,32.59303657830054,32.59303657830054,,,,0.884393063583815,High,High,Positive pre-15:00 return
RQ2 Magnitude,Relaxed,Full,RBF SVR,2,2025-03-10,61.89453915985466,28.022474258290703,28.022474258290703,,,,0.8497109826589595,High,High,Negative pre-15:00 return
RQ2 Magnitude,Relaxed,Full,RBF SVR,2,2025-03-11,91.98864767974601,41.721614901107806,41.721614901107806,,,,0.9942196531791907,High,High,Positive pre-15:00 return
RQ2 Magnitude,Relaxed,Full,RBF SVR,2,2025-03-12,39.905990524329304,31.65056928307697,31.65056928307697,,,,0.8670520231213873,High,High,Negative pre-15:00 return
RQ2 Magnitude,Relaxed,Full,RBF SVR,2,2025-03-13,45.48576744387245,31.370839178577118,31.370839178577118,,,,0.8554913294797688,High,High,Negative pre-15:00 return
RQ2 Magnitude,Relaxed,Full,RBF SVR,2,2025-03-14,21.99310515264452,24.037481380207545,24.037481380207545,,,,0.7745664739884393,High,High,Positive pre-15:00 return
RQ2 Magnitude,Relaxed,Full,RBF SVR,2,2025-03-17,39.482966170995006,19.63998497314061,19.63998497314061,,,,0.6936416184971098,High,High,Positive pre-15:00 return
RQ2 Magnitude,Relaxed,Full,RBF SVR,2,2025-03-18,9.233955335412602,18.587003284162616,18.587003284162616,,,,0.630057803468208,High,High,Negative pre-15:00 return
RQ2 Magnitude,Relaxed,Full,RBF SVR,2,2025-03-19,24.116716470381494,39.9996169662414,39.9996169662414,,,,0.976878612716763,High,High,Positive pre-15:00 return
RQ2 Magnitude,Relaxed,Full,RBF SVR,2,2025-03-20,21.096785041103683,17.931683757402027,17.931683757402027,,,,0.6184971098265896,High,High,Positive pre-15:00 return
RQ2 Magnitude,Relaxed,Full,RBF SVR,2,2025-03-21,33.21576792872483,16.876694417772697,16.876694417772697,,,,0.5722543352601156,High,High,Positive pre-15:00 return
RQ2 Magnitude,Relaxed,Full,RBF SVR,2,2025-03-24,11.374292362726912,12.730610169610408,12.730610169610408,,,,0.32947976878612717,High,Medium,Positive pre-15:00 return
RQ2 Magnitude,Relaxed,Full,RBF SVR,2,2025-03-25,25.615794323914365,14.34774004981454,14.34774004981454,,,,0.45664739884393063,High,Medium,Negative pre-15:00 return
RQ2 Magnitude,Relaxed,Full,RBF SVR,2,2025-03-26,27.33238070828925,17.82115017548196,17.82115017548196,,,,0.6127167630057804,High,High,Negative pre-15:00 return
RQ2 Magnitude,Relaxed,Full,RBF SVR,2,2025-03-27,10.283913222024488,18.616644051513845,18.616644051513845,,,,0.6358381502890174,High,High,Positive pre-15:00 return
RQ2 Magnitude,Relaxed,Full,RBF SVR,2,2025-03-28,6.4829241211350475,16.0662575903355,16.0662575903355,,,,0.5375722543352601,High,Medium,Negative pre-15:00 return
RQ2 Magnitude,Relaxed,Full,RBF SVR,2,2025-03-31,45.97495367593574,32.80014296217648,32.80014296217648,,,,0.8901734104046243,High,High,Positive pre-15:00 return
RQ2 Magnitude,Relaxed,Full,RBF SVR,2,2025-04-01,62.30752191838551,20.594645154950154,20.594645154950154,,,,0.7225433526011561,High,High,Positive pre-15:00 return
RQ2 Magnitude,Relaxed,Full,RBF SVR,2,2025-04-02,63.816945662400485,33.54055287353288,33.54055287353288,,,,0.9017341040462428,High,High,Positive pre-15:00 return
RQ2 Magnitude,Relaxed,Full,RBF SVR,2,2025-04-03,81.71947331845342,25.29285513893972,25.29285513893972,,,,0.8034682080924855,High,High,Negative pre-15:00 return
RQ2 Magnitude,Relaxed,Full,RBF SVR,2,2025-04-04,40.83554910175646,35.021743783915305,35.021743783915305,,,,0.9248554913294798,High,High,Negative pre-15:00 return
RQ2 Magnitude,Relaxed,Full,RBF SVR,2,2025-04-07,20.774868944046787,36.20256948746071,36.20256948746071,,,,0.9479768786127167,High,High,Positive pre-15:00 return
RQ2 Magnitude,Relaxed,Full,RBF SVR,2,2025-04-08,99.23266953157928,36.048534782920605,36.048534782920605,,,,0.9364161849710982,High,High,Negative pre-15:00 return
RQ2 Magnitude,Relaxed,Full,RBF SVR,2,2025-04-09,231.13663448094624,36.20255466088228,36.20255466088228,,,,0.9421965317919075,High,High,Positive pre-15:00 return
RQ2 Magnitude,Relaxed,Full,RBF SVR,2,2025-04-10,21.932815127960748,36.350461336087825,36.350461336087825,,,,0.953757225433526,High,High,Negative pre-15:00 return
RQ2 Magnitude,Relaxed,Full,RBF SVR,2,2025-04-11,39.54996928885013,41.51964767857014,41.51964767857014,,,,0.9884393063583815,High,High,Positive pre-15:00 return
RQ2 Magnitude,Relaxed,Full,RBF SVR,2,2025-04-14,36.56873225937329,32.21434310432337,32.21434310432337,,,,0.8786127167630058,High,High,Negative pre-15:00 return
RQ2 Magnitude,Relaxed,Full,RBF SVR,2,2025-04-15,15.079049372324071,26.222181847903276,26.222181847903276,,,,0.815028901734104,High,High,Negative pre-15:00 return
RQ2 Magnitude,Relaxed,Full,RBF SVR,2,2025-04-16,59.388649618408174,26.65509294431574,26.65509294431574,,,,0.8208092485549133,High,High,Negative pre-15:00 return
RQ2 Magnitude,Relaxed,Full,RBF SVR,2,2025-04-17,36.527389885099296,33.492121358350055,33.492121358350055,,,,0.8959537572254336,High,High,Negative pre-15:00 return
RQ2 Magnitude,Relaxed,Full,RBF SVR,2,2025-04-21,104.51644248363311,21.72257826514987,21.72257826514987,,,,0.7341040462427746,High,High,Negative pre-15:00 return
RQ2 Magnitude,Relaxed,Full,RBF SVR,2,2025-04-22,4.598458097260227,39.21938859088812,39.21938859088812,,,,0.9653179190751445,High,High,Positive pre-15:00 return
RQ2 Magnitude,Relaxed,Full,RBF SVR,2,2025-04-23,15.258436279766974,27.048265663961395,27.048265663961395,,,,0.838150289017341,High,High,Negative pre-15:00 return
RQ2 Magnitude,Relaxed,Full,RBF SVR,2,2025-04-24,9.619737437756015,24.506135185365494,24.506135185365494,,,,0.7861271676300579,High,High,Positive pre-15:00 return
RQ2 Magnitude,Relaxed,Full,RBF SVR,2,2025-04-25,12.870666120419205,27.76491849640813,27.76491849640813,,,,0.8439306358381503,High,High,Positive pre-15:00 return
RQ2 Magnitude,Relaxed,Full,RBF SVR,2,2025-04-28,42.92453601355773,17.46669569848508,17.46669569848508,,,,0.6011560693641619,High,High,Negative pre-15:00 return
RQ2 Magnitude,Relaxed,Full,RBF SVR,2,2025-04-29,0.7552978750957617,21.94174059581801,21.94174059581801,,,,0.7456647398843931,High,High,Positive pre-15:00 return
RQ2 Magnitude,Relaxed,Full,RBF SVR,2,2025-04-30,84.31770490435531,24.532239819790597,24.532239819790597,,,,0.791907514450867,High,High,Positive pre-15:00 return
RQ2 Magnitude,Relaxed,Full,RBF SVR,2,2025-05-01,57.32428686279878,17.82068893104401,17.82068893104401,,,,0.6069364161849711,High,Medium,Positive pre-15:00 return
RQ2 Magnitude,Relaxed,Full,RBF SVR,2,2025-05-02,4.201739766389601,19.934310721492874,19.934310721492874,,,,0.7109826589595376,High,Medium,Positive pre-15:00 return
RQ2 Magnitude,Relaxed,Full,RBF SVR,2,2025-05-05,41.990967448629625,13.53005667481488,13.53005667481488,,,,0.4046242774566474,High,Low,Positive pre-15:00 return
RQ2 Magnitude,Relaxed,Full,RBF SVR,3,2025-05-06,38.8988895424347,15.427920414578274,15.427920414578274,,,,0.7572254335260116,High,High,Positive pre-15:00 return
RQ2 Magnitude,Relaxed,Full,RBF SVR,3,2025-05-07,7.572673669316021,27.616741073148905,27.616741073148905,,,,0.9421965317919075,High,High,Positive pre-15:00 return
RQ2 Magnitude,Relaxed,Full,RBF SVR,3,2025-05-08,64.53650022365976,16.409220665642316,16.409220665642316,,,,0.8034682080924855,High,Medium,Positive pre-15:00 return
RQ2 Magnitude,Relaxed,Full,RBF SVR,3,2025-05-09,9.039117132481067,10.904339140197258,10.904339140197258,,,,0.4624277456647399,High,Medium,Negative pre-15:00 return
RQ2 Magnitude,Relaxed,Full,RBF SVR,3,2025-05-12,23.2721260982216,13.786953445289658,13.786953445289658,,,,0.6705202312138728,High,Low,Positive pre-15:00 return
RQ2 Magnitude,Relaxed,Full,RBF SVR,3,2025-05-13,29.547753337253457,10.182024680291928,10.182024680291928,,,,0.34104046242774566,Medium,Medium,Positive pre-15:00 return
RQ2 Magnitude,Relaxed,Full,RBF SVR,3,2025-05-14,0.23762443458141824,15.149862465589365,15.149862465589365,,,,0.7456647398843931,High,High,Negative pre-15:00 return
RQ2 Magnitude,Relaxed,Full,RBF SVR,3,2025-05-15,9.692627006399057,13.220204668346593,13.220204668346593,,,,0.6242774566473989,High,Medium,Positive pre-15:00 return
RQ2 Magnitude,Relaxed,Full,RBF SVR,3,2025-05-16,14.403772880906551,11.362315781770171,11.362315781770171,,,,0.5028901734104047,Medium,Low,Positive pre-15:00 return
RQ2 Magnitude,Relaxed,Full,RBF SVR,3,2025-05-19,12.322010737273459,11.860042579455897,11.860042579455897,,,,0.5433526011560693,High,Medium,Positive pre-15:00 return
RQ2 Magnitude,Relaxed,Full,RBF SVR,3,2025-05-20,31.813630215518085,15.759993253847856,15.759993253847856,,,,0.7745664739884393,High,High,Negative pre-15:00 return
RQ2 Magnitude,Relaxed,Full,RBF SVR,3,2025-05-21,14.693897077794338,28.702260128520894,28.702260128520894,,,,0.9653179190751445,High,High,Negative pre-15:00 return
RQ2 Magnitude,Relaxed,Full,RBF SVR,3,2025-05-22,50.16651193690436,12.722289111150047,12.722289111150047,,,,0.6011560693641619,High,Medium,Positive pre-15:00 return
RQ2 Magnitude,Relaxed,Full,RBF SVR,3,2025-05-23,25.45123965237872,16.30554742565064,16.30554742565064,,,,0.791907514450867,High,High,Positive pre-15:00 return
RQ2 Magnitude,Relaxed,Full,RBF SVR,3,2025-05-27,9.145063356186256,9.820664770566328,9.820664770566328,,,,0.31213872832369943,High,Low,Positive pre-15:00 return
RQ2 Magnitude,Relaxed,Full,RBF SVR,3,2025-05-28,33.708891904788985,16.133624199507505,16.133624199507505,,,,0.7803468208092486,High,Medium,Negative pre-15:00 return
RQ2 Magnitude,Relaxed,Full,RBF SVR,3,2025-05-29,21.510406867057963,17.38162963949044,17.38162963949044,,,,0.838150289017341,High,High,Negative pre-15:00 return
RQ2 Magnitude,Relaxed,Full,RBF SVR,3,2025-05-30,15.157372179610551,15.362205495876736,15.362205495876736,,,,0.7514450867052023,High,High,Negative pre-15:00 return
RQ2 Magnitude,Relaxed,Full,RBF SVR,3,2025-06-02,14.184540705921567,13.440403974264466,13.440403974264466,,,,0.6416184971098265,High,Medium,Positive pre-15:00 return
RQ2 Magnitude,Relaxed,Full,RBF SVR,3,2025-06-03,5.423710655081404,13.193427751268672,13.193427751268672,,,,0.6184971098265896,High,Medium,Positive pre-15:00 return
RQ2 Magnitude,Relaxed,Full,RBF SVR,3,2025-06-04,15.801063771087032,10.703551089192437,10.703551089192437,,,,0.43352601156069365,Medium,Low,Positive pre-15:00 return
RQ2 Magnitude,Relaxed,Full,RBF SVR,3,2025-06-05,38.02192088689927,17.716629244811816,17.716629244811816,,,,0.8497109826589595,High,High,Negative pre-15:00 return
RQ2 Magnitude,Relaxed,Full,RBF SVR,3,2025-06-06,12.019550914951216,12.002953245200757,12.002953245200757,,,,0.5606936416184971,Medium,Medium,Positive pre-15:00 return
RQ2 Magnitude,Relaxed,Full,RBF SVR,3,2025-06-09,24.820821579163432,8.275741519955027,8.275741519955027,,,,0.12138728323699421,Medium,Low,Positive pre-15:00 return
RQ2 Magnitude,Relaxed,Full,RBF SVR,3,2025-06-10,10.707117249564302,12.281123601865826,12.281123601865826,,,,0.5664739884393064,Medium,Medium,Positive pre-15:00 return
RQ2 Magnitude,Relaxed,Full,RBF SVR,3,2025-06-11,11.318101816382153,23.80040480374671,23.80040480374671,,,,0.9132947976878613,Medium,High,Negative pre-15:00 return
RQ2 Magnitude,Relaxed,Full,RBF SVR,3,2025-06-12,4.633920296570615,9.526335054759098,9.526335054759098,,,,0.2774566473988439,High,Low,Positive pre-15:00 return
RQ2 Magnitude,Relaxed,Full,RBF SVR,3,2025-06-13,3.0103959005089997,19.588996951660775,19.588996951660775,,,,0.884393063583815,High,High,Negative pre-15:00 return
RQ2 Magnitude,Relaxed,Full,RBF SVR,3,2025-06-16,2.320962602659904,10.037039530244098,10.037039530244098,,,,0.32947976878612717,High,Low,Positive pre-15:00 return
RQ2 Magnitude,Relaxed,Full,RBF SVR,3,2025-06-17,9.435994729203312,13.143391760855963,13.143391760855963,,,,0.6127167630057804,High,Medium,Negative pre-15:00 return
RQ2 Magnitude,Relaxed,Full,RBF SVR,3,2025-06-18,2.8769228967950866,34.37353957137002,34.37353957137002,,,,0.9884393063583815,High,High,Negative pre-15:00 return
RQ2 Magnitude,Relaxed,Full,RBF SVR,3,2025-06-20,14.951094316066893,19.09616182863354,19.09616182863354,,,,0.8728323699421965,High,High,Negative pre-15:00 return
RQ2 Magnitude,Relaxed,Full,RBF SVR,3,2025-06-23,27.245280757874912,12.436135708177101,12.436135708177101,,,,0.5780346820809249,High,Low,Positive pre-15:00 return
RQ2 Magnitude,Relaxed,Full,RBF SVR,3,2025-06-24,5.707949796286416,8.337624603583713,8.337624603583713,,,,0.12716763005780346,Medium,Low,Positive pre-15:00 return
RQ2 Magnitude,Relaxed,Full,RBF SVR,3,2025-06-25,9.954334899306971,8.181734525550084,8.181734525550084,,,,0.10982658959537572,Medium,Low,Negative pre-15:00 return
RQ2 Magnitude,Relaxed,Full,RBF SVR,3,2025-06-26,7.266021087752872,10.44400029825615,10.44400029825615,,,,0.3872832369942196,Medium,Low,Positive pre-15:00 return
RQ2 Magnitude,Relaxed,Full,RBF SVR,3,2025-06-27,59.53933214243756,19.563887377982955,19.563887377982955,,,,0.8786127167630058,Medium,High,Negative pre-15:00 return
RQ2 Magnitude,Relaxed,Full,RBF SVR,3,2025-06-30,20.43057641681667,10.024491013926461,10.024491013926461,,,,0.3236994219653179,Medium,Low,Negative pre-15:00 return
RQ2 Magnitude,Relaxed,Full,RBF SVR,3,2025-07-01,7.948395085215498,10.343428815901689,10.343428815901689,,,,0.3583815028901734,Medium,Low,Positive pre-15:00 return
RQ2 Magnitude,Relaxed,Full,RBF SVR,3,2025-07-02,9.93395048134671,8.780951117389272,8.780951117389272,,,,0.1791907514450867,Medium,Low,Positive pre-15:00 return
RQ2 Magnitude,Relaxed,Full,RBF SVR,3,2025-07-07,11.26330588471669,12.708833552189123,12.708833552189123,,,,0.5953757225433526,High,Medium,Negative pre-15:00 return
RQ2 Magnitude,Relaxed,Full,RBF SVR,3,2025-07-08,2.6978590561332894,9.591880523938872,9.591880523938872,,,,0.28901734104046245,Medium,Low,Negative pre-15:00 return
RQ2 Magnitude,Relaxed,Full,RBF SVR,3,2025-07-09,9.878374511875787,9.088174532450132,9.088174532450132,,,,0.1907514450867052,Medium,Low,Positive pre-15:00 return
RQ2 Magnitude,Relaxed,Full,RBF SVR,3,2025-07-11,10.183998352683021,9.735362798002178,9.735362798002178,,,,0.2947976878612717,Medium,Low,Positive pre-15:00 return
RQ2 Magnitude,Relaxed,Full,RBF SVR,3,2025-07-14,4.385363411079091,7.660110650539131,7.660110650539131,,,,0.057803468208092484,Medium,Low,Positive pre-15:00 return
RQ2 Magnitude,Relaxed,Full,RBF SVR,3,2025-07-15,17.045745279639092,14.548678356218844,14.548678356218844,,,,0.7167630057803468,Medium,Low,Negative pre-15:00 return
RQ2 Magnitude,Relaxed,Full,RBF SVR,3,2025-07-16,0.4150808449776555,10.30019091856063,10.30019091856063,,,,0.35260115606936415,Medium,Low,Positive pre-15:00 return
RQ2 Magnitude,Relaxed,Full,RBF SVR,3,2025-07-18,7.024503119705816,8.77811830064902,8.77811830064902,,,,0.1676300578034682,Medium,Low,Negative pre-15:00 return
RQ2 Magnitude,Relaxed,Full,RBF SVR,3,2025-07-22,8.029520762724562,9.958478566334367,9.958478566334367,,,,0.3179190751445087,Medium,Low,Positive pre-15:00 return
RQ2 Magnitude,Relaxed,Full,RBF SVR,3,2025-07-23,10.719176465032731,9.280918055523536,9.280918055523536,,,,0.23121387283236994,Medium,Low,Positive pre-15:00 return
RQ2 Magnitude,Relaxed,Full,RBF SVR,3,2025-07-25,3.6608661233772377,7.282257974201471,7.282257974201471,,,,0.023121387283236993,Medium,Low,Positive pre-15:00 return
RQ2 Magnitude,Relaxed,Full,RBF SVR,3,2025-07-28,14.199469635702844,9.48991257560547,9.48991257560547,,,,0.27167630057803466,Medium,Low,Negative pre-15:00 return
RQ2 Magnitude,Relaxed,Full,RBF SVR,3,2025-07-29,3.075189963583913,11.127285841511991,11.127285841511991,,,,0.4797687861271676,Medium,Low,Negative pre-15:00 return
RQ2 Magnitude,Relaxed,Full,RBF SVR,3,2025-07-30,26.227989754543657,35.954981768845556,35.954981768845556,,,,0.9942196531791907,Medium,High,Negative pre-15:00 return
RQ2 Magnitude,Relaxed,Full,RBF SVR,3,2025-07-31,30.968804824216267,20.912871934377677,20.912871934377677,,,,0.9017341040462428,Medium,High,Negative pre-15:00 return
RQ2 Magnitude,Relaxed,Full,RBF SVR,3,2025-08-01,6.256617576281265,26.364305739464893,26.364305739464893,,,,0.9364161849710982,High,High,Negative pre-15:00 return
RQ2 Magnitude,Relaxed,Full,RBF SVR,3,2025-08-04,19.07403098382554,10.633978890978597,10.633978890978597,,,,0.4161849710982659,High,Low,Positive pre-15:00 return
RQ2 Magnitude,Relaxed,Full,RBF SVR,3,2025-08-05,6.583811122357064,13.597494560056354,13.597494560056354,,,,0.6589595375722543,High,Medium,Negative pre-15:00 return
RQ2 Magnitude,Relaxed,Full,RBF SVR,3,2025-08-06,0.6146407424867384,11.498598027727521,11.498598027727521,,,,0.5086705202312138,Medium,Low,Positive pre-15:00 return
RQ2 Magnitude,Relaxed,Full,RBF SVR,3,2025-08-07,26.152099599339174,13.440380340304117,13.440380340304117,,,,0.6358381502890174,Medium,High,Negative pre-15:00 return
RQ2 Magnitude,Relaxed,Full,RBF SVR,3,2025-08-08,0.9857889910824813,9.343626002148156,9.343626002148156,,,,0.23699421965317918,Medium,Low,Positive pre-15:00 return
RQ2 Magnitude,Relaxed,Full,RBF SVR,3,2025-08-11,13.801638650855486,10.803015012899692,10.803015012899692,,,,0.4508670520231214,Medium,Medium,Negative pre-15:00 return
RQ2 Magnitude,Relaxed,Full,RBF SVR,3,2025-08-12,10.561466180010193,9.796569410167354,9.796569410167354,,,,0.3063583815028902,Medium,Low,Positive pre-15:00 return
RQ2 Magnitude,Relaxed,Full,RBF SVR,3,2025-08-13,13.549002483725925,10.593128678463653,10.593128678463653,,,,0.41040462427745666,Low,Medium,Negative pre-15:00 return
RQ2 Magnitude,Relaxed,Full,RBF SVR,3,2025-08-14,6.823044872736883,10.400261691212375,10.400261691212375,,,,0.3815028901734104,Medium,Low,Positive pre-15:00 return
RQ2 Magnitude,Relaxed,Full,RBF SVR,3,2025-08-15,12.928758668849794,10.165187818570487,10.165187818570487,,,,0.3352601156069364,Medium,Low,Negative pre-15:00 return
RQ2 Magnitude,Relaxed,Full,RBF SVR,3,2025-08-18,0.46514945251985296,7.833847251450415,7.833847251450415,,,,0.07514450867052024,Medium,Low,Positive pre-15:00 return
RQ2 Magnitude,Relaxed,Full,RBF SVR,3,2025-08-19,8.554052872788986,10.544163402534075,10.544163402534075,,,,0.3930635838150289,Medium,Low,Negative pre-15:00 return
RQ2 Magnitude,Relaxed,Full,RBF SVR,3,2025-08-20,20.558591987163144,13.73642628694591,13.73642628694591,,,,0.6647398843930635,Medium,High,Negative pre-15:00 return
RQ2 Magnitude,Relaxed,Full,RBF SVR,3,2025-08-21,8.219066351706772,10.756221130946479,10.756221130946479,,,,0.44508670520231214,Medium,Medium,Negative pre-15:00 return
RQ2 Magnitude,Relaxed,Full,RBF SVR,3,2025-08-22,3.7410512353974745,11.528300140073643,11.528300140073643,,,,0.5144508670520231,Low,Low,Positive pre-15:00 return
RQ2 Magnitude,Relaxed,Full,RBF SVR,3,2025-08-25,22.420482435481226,10.361794169002355,10.361794169002355,,,,0.3699421965317919,Low,Low,Negative pre-15:00 return
RQ2 Magnitude,Relaxed,Full,RBF SVR,3,2025-08-26,20.612485276794157,8.779812408681686,8.779812408681686,,,,0.17341040462427745,Medium,Low,Positive pre-15:00 return
RQ2 Magnitude,Relaxed,Full,RBF SVR,3,2025-08-27,4.904357320986152,7.417548692879286,7.417548692879286,,,,0.03468208092485549,Medium,Low,Positive pre-15:00 return
RQ2 Magnitude,Relaxed,Full,RBF SVR,3,2025-08-28,1.737541977784307,7.832241333291101,7.832241333291101,,,,0.06936416184971098,Low,Low,Positive pre-15:00 return
RQ2 Magnitude,Relaxed,Full,RBF SVR,3,2025-08-29,6.596918960102283,9.237785000547142,9.237785000547142,,,,0.2254335260115607,Medium,Low,Negative pre-15:00 return
RQ2 Magnitude,Relaxed,Full,RBF SVR,3,2025-09-02,35.59025061794063,11.867772749754831,11.867772749754831,,,,0.5491329479768786,High,High,Negative pre-15:00 return
RQ2 Magnitude,Relaxed,Full,RBF SVR,3,2025-09-03,42.942319913275014,13.506006895358691,13.506006895358691,,,,0.653179190751445,Medium,Medium,Negative pre-15:00 return
RQ2 Magnitude,Relaxed,Full,RBF SVR,3,2025-09-04,21.82712791375163,7.38454532840673,7.38454532840673,,,,0.028901734104046242,Medium,Low,Positive pre-15:00 return
RQ2 Magnitude,Relaxed,Full,RBF SVR,3,2025-09-05,12.91359016342808,13.801649814680239,13.801649814680239,,,,0.6763005780346821,Medium,Medium,Negative pre-15:00 return
RQ2 Magnitude,Relaxed,Full,RBF SVR,3,2025-09-08,5.329143948495929,10.58240245312211,10.58240245312211,,,,0.4046242774566474,Medium,Low,Negative pre-15:00 return
RQ2 Magnitude,Relaxed,Full,RBF SVR,3,2025-09-09,5.761563457860053,7.48868043374307,7.48868043374307,,,,0.04046242774566474,Medium,Low,Positive pre-15:00 return
RQ2 Magnitude,Relaxed,Full,RBF SVR,3,2025-09-10,3.338581133647267,10.851504739244167,10.851504739244167,,,,0.45664739884393063,Medium,Low,Negative pre-15:00 return
RQ2 Magnitude,Relaxed,Full,RBF SVR,3,2025-09-11,2.885433118697822,7.896317160801196,7.896317160801196,,,,0.08092485549132948,Medium,Low,Positive pre-15:00 return
RQ2 Magnitude,Relaxed,Full,RBF SVR,3,2025-09-12,20.780031768743434,8.712232161607083,8.712232161607083,,,,0.16184971098265896,Low,Low,Positive pre-15:00 return
RQ2 Magnitude,Relaxed,Full,RBF SVR,3,2025-09-15,12.015683948167766,8.415212267372048,8.415212267372048,,,,0.1329479768786127,Medium,Low,Positive pre-15:00 return
RQ2 Magnitude,Relaxed,Full,RBF SVR,3,2025-09-16,11.550765918587613,7.2470773802639314,7.2470773802639314,,,,0.017341040462427744,Medium,Low,Negative pre-15:00 return
RQ2 Magnitude,Relaxed,Full,RBF SVR,3,2025-09-17,24.374168544718522,38.02787684638464,38.02787684638464,,,,1.0,Medium,High,Negative pre-15:00 return
RQ2 Magnitude,Relaxed,Full,RBF SVR,3,2025-09-18,14.83205893070716,9.163963609951942,9.163963609951942,,,,0.20809248554913296,Medium,Low,Positive pre-15:00 return
RQ2 Magnitude,Relaxed,Full,RBF SVR,3,2025-09-19,8.411894418709487,7.824331167045855,7.824331167045855,,,,0.06358381502890173,Medium,Low,Positive pre-15:00 return
RQ2 Magnitude,Relaxed,Full,RBF SVR,3,2025-09-22,0.8066564091835371,8.124548027352382,8.124548027352382,,,,0.10404624277456648,Medium,Low,Positive pre-15:00 return
RQ2 Magnitude,Relaxed,Full,RBF SVR,3,2025-09-23,16.639010204557714,14.016677270987216,14.016677270987216,,,,0.6878612716763006,Medium,Medium,Negative pre-15:00 return
RQ2 Magnitude,Relaxed,Full,RBF SVR,3,2025-09-24,0.5574765897498057,9.547171817662417,9.547171817662417,,,,0.2832369942196532,Medium,Low,Negative pre-15:00 return
RQ2 Magnitude,Relaxed,Full,RBF SVR,3,2025-09-25,0.711617688696764,16.85233183277201,16.85233183277201,,,,0.8265895953757225,Medium,High,Negative pre-15:00 return
RQ2 Magnitude,Relaxed,Full,RBF SVR,3,2025-09-26,1.2792746963985469,10.670952782804758,10.670952782804758,,,,0.42196531791907516,Medium,Low,Positive pre-15:00 return
RQ2 Magnitude,Relaxed,Full,RBF SVR,3,2025-09-29,4.535426637972684,9.427644973840383,9.427644973840383,,,,0.2543352601156069,Medium,Low,Negative pre-15:00 return
RQ2 Magnitude,Relaxed,Full,RBF SVR,3,2025-09-30,26.809892670462965,11.18454424276668,11.18454424276668,,,,0.4913294797687861,Medium,Low,Positive pre-15:00 return
RQ2 Magnitude,Relaxed,Full,RBF SVR,3,2025-10-02,5.238625337087299,9.372367149841342,9.372367149841342,,,,0.24277456647398843,Medium,Low,Negative pre-15:00 return
RQ2 Magnitude,Relaxed,Full,RBF SVR,3,2025-10-03,10.36765766797565,15.748725642293028,15.748725642293028,,,,0.7687861271676301,Medium,Medium,Positive pre-15:00 return
RQ2 Magnitude,Relaxed,Full,RBF SVR,3,2025-10-06,7.738480856155361,8.48655430499408,8.48655430499408,,,,0.15028901734104047,Medium,Low,Positive pre-15:00 return
RQ2 Magnitude,Relaxed,Full,RBF SVR,3,2025-10-07,0.10425432097060927,9.46063605670684,9.46063605670684,,,,0.26011560693641617,Medium,Low,Negative pre-15:00 return
RQ2 Magnitude,Relaxed,Full,RBF SVR,3,2025-10-08,10.420140664486599,9.126632537504669,9.126632537504669,,,,0.19653179190751446,Medium,Low,Positive pre-15:00 return
RQ2 Magnitude,Relaxed,Full,RBF SVR,3,2025-10-09,17.53650091029124,10.348874826585824,10.348874826585824,,,,0.36416184971098264,Medium,Low,Negative pre-15:00 return
RQ2 Magnitude,Relaxed,Full,RBF SVR,3,2025-10-10,63.219445324808056,28.415373864542314,28.415373864542314,,,,0.953757225433526,High,High,Negative pre-15:00 return
RQ2 Magnitude,Relaxed,Full,RBF SVR,3,2025-10-13,15.75990751779166,16.470574200607935,16.470574200607935,,,,0.8092485549132948,High,Medium,Positive pre-15:00 return
RQ2 Magnitude,Relaxed,Full,RBF SVR,3,2025-10-14,41.519213503188325,12.290143427364043,12.290143427364043,,,,0.5722543352601156,High,Medium,Positive pre-15:00 return
RQ2 Magnitude,Relaxed,Full,RBF SVR,3,2025-10-15,12.320857280160302,14.283761572118863,14.283761572118863,,,,0.7109826589595376,High,Medium,Negative pre-15:00 return
RQ2 Magnitude,Relaxed,Full,RBF SVR,3,2025-10-16,3.1538077324122504,23.938319819293408,23.938319819293408,,,,0.9190751445086706,High,High,Negative pre-15:00 return
RQ2 Magnitude,Relaxed,Full,RBF SVR,3,2025-10-17,4.18560691300196,17.366873553107027,17.366873553107027,,,,0.8323699421965318,High,High,Positive pre-15:00 return
RQ2 Magnitude,Relaxed,Full,RBF SVR,3,2025-10-20,6.2620659772449905,7.922854591812971,7.922854591812971,,,,0.08670520231213873,High,Low,Positive pre-15:00 return
RQ2 Magnitude,Relaxed,Full,RBF SVR,3,2025-10-21,11.346091382754553,9.151562240920029,9.151562240920029,,,,0.2023121387283237,Medium,Low,Positive pre-15:00 return
RQ2 Magnitude,Relaxed,Full,RBF SVR,3,2025-10-23,14.656064113242051,9.389209882329752,9.389209882329752,,,,0.24855491329479767,Medium,Low,Positive pre-15:00 return
RQ2 Magnitude,Relaxed,Full,RBF SVR,3,2025-10-24,18.929985508566727,7.588361018530058,7.588361018530058,,,,0.05202312138728324,Medium,Low,Positive pre-15:00 return
RQ2 Magnitude,Relaxed,Full,RBF SVR,3,2025-10-28,19.523866768437202,8.252003408515684,8.252003408515684,,,,0.11560693641618497,Medium,Low,Positive pre-15:00 return
RQ2 Magnitude,Relaxed,Full,RBF SVR,3,2025-10-29,13.206297180914373,31.394808341056823,31.394808341056823,,,,0.976878612716763,Medium,High,Negative pre-15:00 return
RQ2 Magnitude,Relaxed,Full,RBF SVR,3,2025-10-30,35.5350559972889,14.861629629896775,14.861629629896775,,,,0.7283236994219653,Medium,Medium,Negative pre-15:00 return
RQ2 Magnitude,Relaxed,Full,RBF SVR,3,2025-10-31,10.471127727312846,14.10211641162416,14.10211641162416,,,,0.6936416184971098,Medium,Medium,Negative pre-15:00 return
RQ2 Magnitude,Relaxed,Full,RBF SVR,3,2025-11-03,5.280316235515281,10.688187190662894,10.688187190662894,,,,0.4277456647398844,Medium,Low,Negative pre-15:00 return
RQ2 Magnitude,Relaxed,Full,RBF SVR,3,2025-11-04,0.2362586086745999,16.474143286713076,16.474143286713076,,,,0.815028901734104,High,High,Negative pre-15:00 return
RQ2 Magnitude,Relaxed,Full,RBF SVR,3,2025-11-05,40.44815382022615,10.398504832207227,10.398504832207227,,,,0.37572254335260113,Medium,Low,Positive pre-15:00 return
RQ2 Magnitude,Relaxed,Full,RBF SVR,3,2025-11-06,42.574876378794755,19.052500017589477,19.052500017589477,,,,0.8670520231213873,High,High,Negative pre-15:00 return
RQ2 Magnitude,Relaxed,Full,RBF SVR,3,2025-11-07,13.795156069795755,20.856005286781294,20.856005286781294,,,,0.8959537572254336,High,High,Positive pre-15:00 return
RQ2 Magnitude,Relaxed,Full,RBF SVR,3,2025-11-10,0.35128497115177737,11.226642037110302,11.226642037110302,,,,0.49710982658959535,High,Low,Positive pre-15:00 return
RQ2 Magnitude,Relaxed,Full,RBF SVR,3,2025-11-11,3.926560187306194,10.906446274657519,10.906446274657519,,,,0.4682080924855491,Medium,Low,Positive pre-15:00 return
RQ2 Magnitude,Relaxed,Full,RBF SVR,3,2025-11-12,6.484061475910963,13.273494586219055,13.273494586219055,,,,0.630057803468208,Medium,Medium,Negative pre-15:00 return
RQ2 Magnitude,Relaxed,Full,RBF SVR,3,2025-11-13,3.5777325489050327,25.066164950449757,25.066164950449757,,,,0.9248554913294798,High,High,Negative pre-15:00 return
RQ2 Magnitude,Relaxed,Full,RBF SVR,3,2025-11-14,43.25612474794349,18.17464476219125,18.17464476219125,,,,0.861271676300578,High,High,Positive pre-15:00 return
RQ2 Magnitude,Relaxed,Full,RBF SVR,3,2025-11-17,43.21061978868723,28.686222919985777,28.686222919985777,,,,0.9595375722543352,High,High,Negative pre-15:00 return
RQ2 Magnitude,Relaxed,Full,RBF SVR,3,2025-11-18,64.96792143190655,23.154956348439732,23.154956348439732,,,,0.9075144508670521,High,High,Positive pre-15:00 return
RQ2 Magnitude,Relaxed,Full,RBF SVR,3,2025-11-19,22.450041867518866,16.706901362496097,16.706901362496097,,,,0.8208092485549133,High,High,Positive pre-15:00 return
RQ2 Magnitude,Relaxed,Full,RBF SVR,3,2025-11-20,85.84250583704711,33.317628670247835,33.317628670247835,,,,0.9826589595375722,High,High,Negative pre-15:00 return
RQ2 Magnitude,Relaxed,Full,RBF SVR,3,2025-11-21,42.7913597037477,27.9428272331015,27.9428272331015,,,,0.9479768786127167,High,High,Positive pre-15:00 return
RQ2 Magnitude,Relaxed,Full,RBF SVR,3,2025-11-24,10.780222323421018,14.778465921944761,14.778465921944761,,,,0.7225433526011561,High,Low,Positive pre-15:00 return
RQ2 Magnitude,Relaxed,Full,RBF SVR,3,2025-11-25,17.5148461639818,11.589758436462947,11.589758436462947,,,,0.5260115606936416,High,Low,Positive pre-15:00 return
RQ2 Magnitude,Relaxed,Full,RBF SVR,3,2025-11-26,16.590747873393987,13.444856315578768,13.444856315578768,,,,0.6473988439306358,Medium,Medium,Positive pre-15:00 return
RQ2 Magnitude,Relaxed,Full,RBF SVR,3,2025-12-01,1.1151200001158212,14.175031252241723,14.175031252241723,,,,0.6994219653179191,Medium,Medium,Positive pre-15:00 return
RQ2 Magnitude,Relaxed,Full,RBF SVR,3,2025-12-02,13.952733287798669,11.695488593654332,11.695488593654332,,,,0.5375722543352601,Medium,Medium,Positive pre-15:00 return
RQ2 Magnitude,Relaxed,Full,RBF SVR,3,2025-12-03,13.571784682395727,8.970599106519153,8.970599106519153,,,,0.18497109826589594,Medium,Low,Positive pre-15:00 return
RQ2 Magnitude,Relaxed,Full,RBF SVR,3,2025-12-04,18.42126406977007,14.94590682139576,14.94590682139576,,,,0.7398843930635838,Medium,High,Negative pre-15:00 return
RQ2 Magnitude,Relaxed,Full,RBF SVR,3,2025-12-05,7.535367494636569,9.221784508894466,9.221784508894466,,,,0.21965317919075145,Medium,Low,Positive pre-15:00 return
RQ2 Magnitude,Relaxed,Full,RBF SVR,3,2025-12-08,19.855814885860745,12.647431330460499,12.647431330460499,,,,0.5895953757225434,Medium,Low,Negative pre-15:00 return
RQ2 Magnitude,Relaxed,Full,RBF SVR,3,2025-12-09,10.835691775681333,8.466111088992939,8.466111088992939,,,,0.14450867052023122,Medium,Low,Positive pre-15:00 return
RQ2 Magnitude,Relaxed,Full,RBF SVR,3,2025-12-10,4.6878310871423245,26.34804510813734,26.34804510813734,,,,0.930635838150289,Medium,High,Positive pre-15:00 return
RQ2 Magnitude,Relaxed,Full,RBF SVR,3,2025-12-11,3.231944949688703,11.964743222717072,11.964743222717072,,,,0.5549132947976878,Medium,Low,Positive pre-15:00 return
RQ2 Magnitude,Relaxed,Full,RBF SVR,3,2025-12-12,3.118585304289212,13.968228023921693,13.968228023921693,,,,0.6820809248554913,Medium,Medium,Negative pre-15:00 return
RQ2 Magnitude,Relaxed,Full,RBF SVR,3,2025-12-15,14.122514276339038,11.557569877033483,11.557569877033483,,,,0.5202312138728323,Medium,Medium,Negative pre-15:00 return
RQ2 Magnitude,Relaxed,Full,RBF SVR,3,2025-12-16,14.701268168513248,16.353848645933695,16.353848645933695,,,,0.7976878612716763,Medium,Medium,Negative pre-15:00 return
RQ2 Magnitude,Relaxed,Full,RBF SVR,3,2025-12-17,26.572187776793264,15.570558961197829,15.570558961197829,,,,0.7630057803468208,Medium,Medium,Negative pre-15:00 return
RQ2 Magnitude,Relaxed,Full,RBF SVR,3,2025-12-18,11.734435247052755,19.94452943702187,19.94452943702187,,,,0.8901734104046243,Medium,High,Negative pre-15:00 return
RQ2 Magnitude,Relaxed,Full,RBF SVR,3,2025-12-19,0.23409404143026613,9.475227416080717,9.475227416080717,,,,0.2658959537572254,Medium,Low,Positive pre-15:00 return
RQ2 Magnitude,Relaxed,Full,RBF SVR,3,2025-12-22,0.34902744955322973,8.00475004852818,8.00475004852818,,,,0.09248554913294797,Low,Low,Positive pre-15:00 return
RQ2 Magnitude,Relaxed,Full,RBF SVR,3,2025-12-26,1.082287002309723,6.650068627611056,6.650068627611056,,,,0.005780346820809248,Low,Low,Negative pre-15:00 return
RQ2 Magnitude,Relaxed,Full,RBF SVR,3,2025-12-29,5.527596016657865,10.194915585598235,10.194915585598235,,,,0.3468208092485549,Low,Low,Positive pre-15:00 return
RQ2 Magnitude,Relaxed,Full,RBF SVR,3,2025-12-30,9.792545786670992,8.516279945886716,8.516279945886716,,,,0.15606936416184972,Low,Low,Positive pre-15:00 return
RQ2 Magnitude,Relaxed,Full,RBF SVR,3,2025-12-31,33.44135896831024,12.814201024238862,12.814201024238862,,,,0.6069364161849711,Medium,Low,Negative pre-15:00 return
RQ2 Magnitude,Relaxed,Full,RBF SVR,3,2026-01-02,1.5311724843924956,18.03171532035775,18.03171532035775,,,,0.8554913294797688,Medium,Medium,Negative pre-15:00 return
RQ2 Magnitude,Relaxed,Full,RBF SVR,3,2026-01-05,0.17384703199674334,9.739981979570022,9.739981979570022,,,,0.30057803468208094,Medium,Low,Positive pre-15:00 return
RQ2 Magnitude,Relaxed,Full,RBF SVR,3,2026-01-06,0.21600231554508298,7.536838818488228,7.536838818488228,,,,0.046242774566473986,Medium,Low,Positive pre-15:00 return
RQ2 Magnitude,Relaxed,Full,RBF SVR,3,2026-01-07,31.526250752511586,10.971107861712117,10.971107861712117,,,,0.47398843930635837,Medium,Low,Negative pre-15:00 return
RQ2 Magnitude,Relaxed,Full,RBF SVR,3,2026-01-08,10.297975984887575,10.579688281040404,10.579688281040404,,,,0.3988439306358382,Medium,Low,Negative pre-15:00 return
RQ2 Magnitude,Relaxed,Full,RBF SVR,3,2026-01-09,11.943816744858227,8.430279676478769,8.430279676478769,,,,0.13872832369942195,Medium,Low,Positive pre-15:00 return
RQ2 Magnitude,Relaxed,Full,RBF SVR,3,2026-01-12,11.982665935585946,8.117215838080881,8.117215838080881,,,,0.09826589595375723,Medium,Low,Positive pre-15:00 return
RQ2 Magnitude,Relaxed,Full,RBF SVR,3,2026-01-13,13.820636612176251,11.593629779341352,11.593629779341352,,,,0.5317919075144508,Medium,Low,Negative pre-15:00 return
RQ2 Magnitude,Relaxed,Full,RBF SVR,3,2026-01-14,34.86213019636919,12.45679283731296,12.45679283731296,,,,0.5838150289017341,Medium,Low,Negative pre-15:00 return
RQ2 Magnitude,Relaxed,Full,RBF SVR,3,2026-01-15,11.261649982741151,14.228102712656746,14.228102712656746,,,,0.7052023121387283,Medium,Medium,Negative pre-15:00 return
RQ2 Magnitude,Relaxed,Full,RBF SVR,3,2026-01-16,16.443937395067554,10.732703044534958,10.732703044534958,,,,0.4393063583815029,Medium,Low,Negative pre-15:00 return
RQ2 Magnitude,Relaxed,Full,RBF SVR,3,2026-01-20,7.395112169001905,16.27617192067797,16.27617192067797,,,,0.7861271676300579,High,Medium,Negative pre-15:00 return
RQ2 Magnitude,Relaxed,Full,RBF SVR,3,2026-01-21,46.25454040069865,30.56474370869846,30.56474370869846,,,,0.9710982658959537,Medium,High,Positive pre-15:00 return
RQ2 Magnitude,Relaxed,Full,RBF SVR,3,2026-01-22,1.591564131353529,14.897869408565143,14.897869408565143,,,,0.7341040462427746,Medium,Low,Negative pre-15:00 return
RQ2 Magnitude,Relaxed,Full,RBF SVR,3,2026-01-23,4.972104182927595,11.181009209575674,11.181009209575674,,,,0.48554913294797686,Medium,Low,Positive pre-15:00 return
RQ2 Magnitude,Relaxed,Full,RBF SVR,3,2026-01-26,12.717344446040446,9.181236135891687,9.181236135891687,,,,0.2138728323699422,Medium,Low,Positive pre-15:00 return
RQ2 Magnitude,Relaxed,Full,RBF SVR,3,2026-01-27,7.903666900531681,7.154006582266881,7.154006582266881,,,,0.011560693641618497,Medium,Low,Positive pre-15:00 return
RQ2 Magnitude,Relaxed,Full,RBF SVR,3,2026-01-28,6.3110667423993405,17.650501309782758,17.650501309782758,,,,0.8439306358381503,Medium,High,Negative pre-15:00 return
RQ3 Large Movement,Strict,Reduced,RBF SVC,1,2023-10-19,0.0,1.0,0.003919555629464222,-0.9280347945969099,0.9319543502263741,0.9097222222222222,0.9097222222222222,High,High,Negative pre-15:00 return
RQ3 Large Movement,Strict,Reduced,RBF SVC,1,2023-10-20,1.0,1.0,-0.4346857084775315,-0.9280347945969099,0.49334908611937833,0.7013888888888888,0.7013888888888888,High,High,Negative pre-15:00 return
RQ3 Large Movement,Strict,Reduced,RBF SVC,1,2023-10-23,1.0,1.0,-0.5697795532616599,-0.9280347945969099,0.35825524133525,0.6041666666666666,0.6041666666666666,High,High,Positive pre-15:00 return
RQ3 Large Movement,Strict,Reduced,RBF SVC,1,2023-10-24,0.0,1.0,-0.4073200894548197,-0.9280347945969099,0.5207147051420902,0.7361111111111112,0.7361111111111112,High,High,Positive pre-15:00 return
RQ3 Large Movement,Strict,Reduced,RBF SVC,1,2023-10-25,0.0,1.0,-0.460005935644485,-0.9280347945969099,0.46802885895242485,0.6736111111111112,0.6736111111111112,High,High,Negative pre-15:00 return
RQ3 Large Movement,Strict,Reduced,RBF SVC,1,2023-10-26,1.0,1.0,-0.30426115431442535,-0.9280347945969099,0.6237736402824845,0.7916666666666666,0.7916666666666666,High,High,Negative pre-15:00 return
RQ3 Large Movement,Strict,Reduced,RBF SVC,1,2023-10-27,1.0,1.0,0.6390714954240029,-0.9280347945969099,1.5671062900209127,0.9722222222222222,0.9722222222222222,High,High,Negative pre-15:00 return
RQ3 Large Movement,Strict,Reduced,RBF SVC,1,2023-10-30,0.0,1.0,-0.5487227230993728,-0.9280347945969099,0.3793120714975371,0.6111111111111112,0.6111111111111112,High,Medium,Positive pre-15:00 return
RQ3 Large Movement,Strict,Reduced,RBF SVC,1,2023-10-31,0.0,1.0,-0.6806908998664791,-0.9280347945969099,0.24734389473043072,0.4722222222222222,0.4791666666666667,Medium,Medium,Positive pre-15:00 return
RQ3 Large Movement,Strict,Reduced,RBF SVC,1,2023-11-01,1.0,1.0,-0.1217862489139081,-0.9280347945969099,0.8062485456830017,0.8611111111111112,0.8611111111111112,Medium,High,Positive pre-15:00 return
RQ3 Large Movement,Strict,Reduced,RBF SVC,1,2023-11-02,0.0,0.0,-0.945261408145927,-0.9280347945969099,0.01722661354901711,0.034722222222222224,0.1527777777777778,Low,Low,Positive pre-15:00 return
RQ3 Large Movement,Strict,Reduced,RBF SVC,1,2023-11-03,1.0,1.0,-0.8125281950036649,-0.9280347945969099,0.11550659959324494,0.2777777777777778,0.3333333333333333,Low,Medium,Positive pre-15:00 return
RQ3 Large Movement,Strict,Reduced,RBF SVC,1,2023-11-06,0.0,1.0,-0.7190945365857793,-0.9280347945969099,0.2089402580111306,0.4166666666666667,0.4236111111111111,Low,Medium,Negative pre-15:00 return
RQ3 Large Movement,Strict,Reduced,RBF SVC,1,2023-11-08,0.0,1.0,-0.7248897252476156,-0.9280347945969099,0.20314506934929422,0.4097222222222222,0.4166666666666667,Low,Low,Negative pre-15:00 return
RQ3 Large Movement,Strict,Reduced,RBF SVC,1,2023-11-09,0.0,1.0,-0.3475423790607921,-0.9280347945969099,0.5804924155361177,0.7638888888888888,0.7638888888888888,Low,High,Negative pre-15:00 return
RQ3 Large Movement,Strict,Reduced,RBF SVC,1,2023-11-10,0.0,0.0,-0.9521613982342207,-0.9280347945969099,0.024126603637310895,0.05555555555555555,0.1388888888888889,Low,Low,Positive pre-15:00 return
RQ3 Large Movement,Strict,Reduced,RBF SVC,1,2023-11-13,0.0,1.0,-0.7261153295783191,-0.9280347945969099,0.2019194650185907,0.4027777777777778,0.4097222222222222,Low,Low,Positive pre-15:00 return
RQ3 Large Movement,Strict,Reduced,RBF SVC,1,2023-11-14,0.0,1.0,-0.9010988498741861,-0.9280347945969099,0.02693594472272376,0.06944444444444445,0.2013888888888889,Low,Low,Positive pre-15:00 return
RQ3 Large Movement,Strict,Reduced,RBF SVC,1,2023-11-15,0.0,1.0,-0.8505154026203845,-0.9280347945969099,0.07751939197652535,0.2013888888888889,0.2638888888888889,Low,Low,Positive pre-15:00 return
RQ3 Large Movement,Strict,Reduced,RBF SVC,1,2023-11-16,0.0,1.0,-0.6264373236321512,-0.9280347945969099,0.30159747096475864,0.5416666666666666,0.5416666666666666,Low,Low,Positive pre-15:00 return
RQ3 Large Movement,Strict,Reduced,RBF SVC,1,2023-11-20,0.0,0.0,-0.987791661501453,-0.9280347945969099,0.05975686690454318,0.1597222222222222,0.09027777777777778,Low,Low,Positive pre-15:00 return
RQ3 Large Movement,Strict,Reduced,RBF SVC,1,2023-11-22,0.0,1.0,-0.8836566335430394,-0.9280347945969099,0.04437816105387049,0.1388888888888889,0.2361111111111111,Low,Medium,Positive pre-15:00 return
RQ3 Large Movement,Strict,Reduced,RBF SVC,1,2023-11-28,0.0,0.0,-0.9510756974523831,-0.9280347945969099,0.023040902855473222,0.04861111111111111,0.14583333333333334,Low,Low,Positive pre-15:00 return
RQ3 Large Movement,Strict,Reduced,RBF SVC,1,2023-12-14,0.0,1.0,-0.6499948719736988,-0.9280347945969099,0.2780399226232111,0.5069444444444444,0.5069444444444444,Low,Low,Negative pre-15:00 return
RQ3 Large Movement,Strict,Reduced,RBF SVC,1,2023-12-21,1.0,1.0,-0.576836232149464,-0.9280347945969099,0.35119856244744585,0.5763888888888888,0.5763888888888888,Low,Medium,Positive pre-15:00 return
RQ3 Large Movement,Strict,Reduced,RBF SVC,1,2023-12-29,0.0,0.0,-0.9597260971955588,-0.9280347945969099,0.03169130259864894,0.09722222222222222,0.125,Low,Low,Negative pre-15:00 return
RQ3 Large Movement,Strict,Reduced,RBF SVC,1,2024-01-04,1.0,1.0,-0.7080721860547399,-0.9280347945969099,0.21996260854216998,0.4375,0.4444444444444444,Low,Low,Positive pre-15:00 return
RQ3 Large Movement,Strict,Reduced,RBF SVC,1,2024-01-05,0.0,1.0,-0.5112560935229771,-0.9280347945969099,0.4167787010739328,0.625,0.625,Low,Medium,Negative pre-15:00 return
RQ3 Large Movement,Strict,Reduced,RBF SVC,1,2024-01-09,0.0,0.0,-1.0440727378427386,-0.9280347945969099,0.11603794324582872,0.2847222222222222,0.05555555555555555,Low,Low,Positive pre-15:00 return
RQ3 Large Movement,Strict,Reduced,RBF SVC,1,2024-01-11,0.0,1.0,-0.8178108449232766,-0.9280347945969099,0.11022394967363325,0.2708333333333333,0.3263888888888889,Low,Medium,Negative pre-15:00 return
RQ3 Large Movement,Strict,Reduced,RBF SVC,1,2024-01-12,0.0,1.0,-0.9031665371909312,-0.9280347945969099,0.024868257405978644,0.0625,0.19444444444444445,Low,Medium,Negative pre-15:00 return
RQ3 Large Movement,Strict,Reduced,RBF SVC,1,2024-01-16,0.0,1.0,-0.7990298407960601,-0.9280347945969099,0.12900495380084975,0.3125,0.3472222222222222,Low,Medium,Negative pre-15:00 return
RQ3 Large Movement,Strict,Reduced,RBF SVC,1,2024-01-17,0.0,1.0,-0.6081927878063895,-0.9280347945969099,0.31984200679052033,0.5555555555555556,0.5555555555555556,Low,Low,Negative pre-15:00 return
RQ3 Large Movement,Strict,Reduced,RBF SVC,1,2024-01-24,0.0,1.0,-0.6394893730766122,-0.9280347945969099,0.2885454215202976,0.5277777777777778,0.5277777777777778,Low,High,Negative pre-15:00 return
RQ3 Large Movement,Strict,Reduced,RBF SVC,1,2024-01-26,0.0,1.0,-0.8224938748672368,-0.9280347945969099,0.10554091972967306,0.2569444444444444,0.3125,Low,Low,Positive pre-15:00 return
RQ3 Large Movement,Strict,Reduced,RBF SVC,1,2024-01-31,1.0,1.0,1.0947002918337099,-0.9280347945969099,2.02273508643062,0.9861111111111112,0.9861111111111112,Low,High,Negative pre-15:00 return
RQ3 Large Movement,Strict,Reduced,RBF SVC,1,2024-02-01,0.0,1.0,-0.8310049657891321,-0.9280347945969099,0.09702982880777777,0.22916666666666666,0.2916666666666667,Low,Medium,Positive pre-15:00 return
RQ3 Large Movement,Strict,Reduced,RBF SVC,1,2024-02-02,0.0,1.0,-0.7116004820486921,-0.9280347945969099,0.21643431254821777,0.4236111111111111,0.4305555555555556,Low,Medium,Positive pre-15:00 return
RQ3 Large Movement,Strict,Reduced,RBF SVC,1,2024-02-07,0.0,0.0,-0.9851674286967469,-0.9280347945969099,0.05713263409983704,0.14583333333333334,0.09722222222222222,Low,Low,Positive pre-15:00 return
RQ3 Large Movement,Strict,Reduced,RBF SVC,1,2024-02-08,0.0,0.0,-1.0801000475508953,-0.9280347945969099,0.15206525295398543,0.3472222222222222,0.027777777777777776,Low,Low,Positive pre-15:00 return
RQ3 Large Movement,Strict,Reduced,RBF SVC,1,2024-02-09,0.0,0.0,-1.072982667275484,-0.9280347945969099,0.14494787267857423,0.3402777777777778,0.034722222222222224,Low,Low,Positive pre-15:00 return
RQ3 Large Movement,Strict,Reduced,RBF SVC,1,2024-02-13,1.0,1.0,-0.08231529647109936,-0.9280347945969099,0.8457194981258105,0.875,0.875,Medium,Medium,Negative pre-15:00 return
RQ3 Large Movement,Strict,Reduced,RBF SVC,1,2024-02-14,1.0,1.0,-0.6791551075048099,-0.9280347945969099,0.24887968709209995,0.4791666666666667,0.4861111111111111,Low,Medium,Positive pre-15:00 return
RQ3 Large Movement,Strict,Reduced,RBF SVC,1,2024-02-20,0.0,1.0,-0.8912159411946348,-0.9280347945969099,0.03681885340227509,0.1111111111111111,0.2222222222222222,Low,Medium,Negative pre-15:00 return
RQ3 Large Movement,Strict,Reduced,RBF SVC,1,2024-02-21,1.0,1.0,-0.8373508340458489,-0.9280347945969099,0.09068396055106098,0.2222222222222222,0.2847222222222222,Low,High,Negative pre-15:00 return
RQ3 Large Movement,Strict,Reduced,RBF SVC,1,2024-03-05,1.0,1.0,-0.42899484565710355,-0.9280347945969099,0.4990399489398063,0.7083333333333334,0.7083333333333334,Low,Low,Negative pre-15:00 return
RQ3 Large Movement,Strict,Reduced,RBF SVC,1,2024-03-06,0.0,1.0,-0.12332279275442803,-0.9280347945969099,0.8047120018424818,0.8541666666666666,0.8541666666666666,Low,High,Negative pre-15:00 return
RQ3 Large Movement,Strict,Reduced,RBF SVC,1,2024-03-08,1.0,1.0,0.09119333317536538,-0.9280347945969099,1.0192281277722752,0.9305555555555556,0.9305555555555556,Low,Medium,Negative pre-15:00 return
RQ3 Large Movement,Strict,Reduced,RBF SVC,1,2024-03-14,0.0,1.0,-0.29985446231847557,-0.9280347945969099,0.6281803322784343,0.7986111111111112,0.7986111111111112,Low,Medium,Negative pre-15:00 return
RQ3 Large Movement,Strict,Reduced,RBF SVC,1,2024-03-15,0.0,1.0,-0.6745549802021216,-0.9280347945969099,0.2534798143947883,0.4861111111111111,0.4930555555555556,Low,Medium,Negative pre-15:00 return
RQ3 Large Movement,Strict,Reduced,RBF SVC,1,2024-03-18,0.0,1.0,-0.9096440670741381,-0.9280347945969099,0.01839072752277171,0.041666666666666664,0.1875,Low,Medium,Positive pre-15:00 return
RQ3 Large Movement,Strict,Reduced,RBF SVC,1,2024-03-21,0.0,1.0,-0.8227613285579058,-0.9280347945969099,0.105273466039004,0.25,0.3055555555555556,Low,Low,Negative pre-15:00 return
RQ3 Large Movement,Strict,Reduced,RBF SVC,1,2024-04-01,0.0,0.0,-0.9913948702137423,-0.9280347945969099,0.06336007561683243,0.16666666666666666,0.08333333333333333,Low,Low,Negative pre-15:00 return
RQ3 Large Movement,Strict,Reduced,RBF SVC,1,2024-04-02,0.0,0.0,-0.95826102028741,-0.9280347945969099,0.030226225690500153,0.09027777777777778,0.13194444444444445,Low,Low,Negative pre-15:00 return
RQ3 Large Movement,Strict,Reduced,RBF SVC,1,2024-04-05,0.0,1.0,-0.3082386581708263,-0.9280347945969099,0.6197961364260836,0.7777777777777778,0.7777777777777778,Medium,High,Positive pre-15:00 return
RQ3 Large Movement,Strict,Reduced,RBF SVC,1,2024-04-08,0.0,0.0,-0.9937979759804711,-0.9280347945969099,0.0657631813835613,0.1875,0.06944444444444445,Low,Low,Negative pre-15:00 return
RQ3 Large Movement,Strict,Reduced,RBF SVC,1,2024-04-09,1.0,1.0,-0.7445190182427053,-0.9280347945969099,0.18351577635420457,0.3888888888888889,0.3958333333333333,Low,Medium,Negative pre-15:00 return
RQ3 Large Movement,Strict,Reduced,RBF SVC,1,2024-04-10,1.0,1.0,0.19026039475637657,-0.9280347945969099,1.1182951893532864,0.9375,0.9375,Medium,High,Negative pre-15:00 return
RQ3 Large Movement,Strict,Reduced,RBF SVC,1,2024-04-11,0.0,1.0,-0.5920524371911913,-0.9280347945969099,0.3359823574057186,0.5625,0.5625,Low,Medium,Positive pre-15:00 return
RQ3 Large Movement,Strict,Reduced,RBF SVC,1,2024-04-12,0.0,1.0,-0.4727816260118878,-0.9280347945969099,0.45525316858502207,0.6597222222222222,0.6597222222222222,Medium,High,Negative pre-15:00 return
RQ3 Large Movement,Strict,Reduced,RBF SVC,1,2024-04-15,0.0,1.0,0.0642344269165227,-0.9280347945969099,0.9922692215134326,0.9166666666666666,0.9166666666666666,High,High,Negative pre-15:00 return
RQ3 Large Movement,Strict,Reduced,RBF SVC,1,2024-04-16,1.0,1.0,-0.06290249304711248,-0.9280347945969099,0.8651323015497974,0.8819444444444444,0.8819444444444444,Medium,High,Positive pre-15:00 return
RQ3 Large Movement,Strict,Reduced,RBF SVC,1,2024-04-17,0.0,1.0,0.5294928068884863,-0.9280347945969099,1.4575276014853962,0.9513888888888888,0.9513888888888888,Medium,High,Negative pre-15:00 return
RQ3 Large Movement,Strict,Reduced,RBF SVC,1,2024-04-18,0.0,1.0,-0.04300006226109221,-0.9280347945969099,0.8850347323358176,0.8888888888888888,0.8888888888888888,Medium,High,Negative pre-15:00 return
RQ3 Large Movement,Strict,Reduced,RBF SVC,1,2024-04-19,0.0,1.0,-0.45518625572695615,-0.9280347945969099,0.4728485388699537,0.6875,0.6875,High,High,Negative pre-15:00 return
RQ3 Large Movement,Strict,Reduced,RBF SVC,1,2024-04-22,1.0,1.0,-0.7852548658972143,-0.9280347945969099,0.14277992869969558,0.3263888888888889,0.3611111111111111,Medium,Medium,Positive pre-15:00 return
RQ3 Large Movement,Strict,Reduced,RBF SVC,1,2024-04-23,0.0,1.0,-0.7712466842309273,-0.9280347945969099,0.1567881103659825,0.3541666666666667,0.375,Low,Low,Positive pre-15:00 return
RQ3 Large Movement,Strict,Reduced,RBF SVC,1,2024-04-24,0.0,1.0,-0.7410982342827015,-0.9280347945969099,0.18693656031420836,0.3958333333333333,0.4027777777777778,Low,High,Negative pre-15:00 return
RQ3 Large Movement,Strict,Reduced,RBF SVC,1,2024-04-25,0.0,0.0,-0.9340982596092517,-0.9280347945969099,0.006063465012341895,0.020833333333333332,0.16666666666666666,Medium,High,Positive pre-15:00 return
RQ3 Large Movement,Strict,Reduced,RBF SVC,1,2024-04-26,0.0,0.0,-0.9290546307899843,-0.9280347945969099,0.0010198361930744415,0.006944444444444444,0.18055555555555555,Low,Low,Positive pre-15:00 return
RQ3 Large Movement,Strict,Reduced,RBF SVC,1,2024-04-29,0.0,1.0,-0.8088010152315472,-0.9280347945969099,0.11923377936536261,0.2986111111111111,0.3402777777777778,Low,Low,Negative pre-15:00 return
RQ3 Large Movement,Strict,Reduced,RBF SVC,1,2024-04-30,1.0,1.0,-0.5754085753325595,-0.9280347945969099,0.35262621926435034,0.5833333333333334,0.5833333333333334,Low,Medium,Negative pre-15:00 return
RQ3 Large Movement,Strict,Reduced,RBF SVC,1,2024-05-01,1.0,1.0,1.3625806445254514,-0.9280347945969099,2.2906154391223614,0.9930555555555556,0.9930555555555556,Low,High,Positive pre-15:00 return
RQ3 Large Movement,Strict,Reduced,RBF SVC,1,2024-05-02,0.0,1.0,-0.7019379214053412,-0.9280347945969099,0.22609687319156868,0.4583333333333333,0.4652777777777778,Low,Medium,Positive pre-15:00 return
RQ3 Large Movement,Strict,Reduced,RBF SVC,1,2024-05-23,0.0,1.0,-0.0020207481000260596,-0.9280347945969099,0.9260140464968838,0.9027777777777778,0.9027777777777778,Low,High,Negative pre-15:00 return
RQ3 Large Movement,Strict,Reduced,RBF SVC,1,2024-05-24,0.0,0.0,-0.962459319458828,-0.9280347945969099,0.03442452486191816,0.10416666666666667,0.11805555555555555,Low,Low,Positive pre-15:00 return
RQ3 Large Movement,Strict,Reduced,RBF SVC,1,2024-05-28,1.0,1.0,-0.8897447684789224,-0.9280347945969099,0.038290026117987486,0.11805555555555555,0.22916666666666666,Low,Medium,Negative pre-15:00 return
RQ3 Large Movement,Strict,Reduced,RBF SVC,1,2024-05-29,0.0,1.0,-0.7707466545777055,-0.9280347945969099,0.15728814001920433,0.3611111111111111,0.3819444444444444,Low,Low,Negative pre-15:00 return
RQ3 Large Movement,Strict,Reduced,RBF SVC,1,2024-05-30,0.0,0.0,-0.971942671749608,-0.9280347945969099,0.04390787715269817,0.13194444444444445,0.10416666666666667,Low,Low,Negative pre-15:00 return
RQ3 Large Movement,Strict,Reduced,RBF SVC,1,2024-05-31,1.0,1.0,-0.6738930800203426,-0.9280347945969099,0.2541417145765672,0.4930555555555556,0.5,Low,Low,Negative pre-15:00 return
RQ3 Large Movement,Strict,Reduced,RBF SVC,1,2024-06-03,1.0,1.0,-0.5753862720705241,-0.9280347945969099,0.3526485225263858,0.5902777777777778,0.5902777777777778,Low,High,Negative pre-15:00 return
RQ3 Large Movement,Strict,Reduced,RBF SVC,1,2024-06-04,0.0,1.0,-0.22910856486964692,-0.9280347945969099,0.6989262297272629,0.8263888888888888,0.8263888888888888,Low,Medium,Positive pre-15:00 return
RQ3 Large Movement,Strict,Reduced,RBF SVC,1,2024-06-05,0.0,0.0,-0.9670505630775155,-0.9280347945969099,0.03901576848060562,0.125,0.1111111111111111,Low,Low,Positive pre-15:00 return
RQ3 Large Movement,Strict,Reduced,RBF SVC,1,2024-06-06,0.0,0.0,-1.0295195236109167,-0.9280347945969099,0.10148472901400685,0.2361111111111111,0.0625,Low,Medium,Negative pre-15:00 return
RQ3 Large Movement,Strict,Reduced,RBF SVC,1,2024-06-07,0.0,1.0,-0.6249654295948763,-0.9280347945969099,0.3030693650020335,0.5486111111111112,0.5486111111111112,Low,High,Positive pre-15:00 return
RQ3 Large Movement,Strict,Reduced,RBF SVC,1,2024-06-10,0.0,0.0,-0.9451822858024224,-0.9280347945969099,0.01714749120551251,0.027777777777777776,0.1597222222222222,Low,Medium,Positive pre-15:00 return
RQ3 Large Movement,Strict,Reduced,RBF SVC,1,2024-06-12,0.0,1.0,-0.3360592479410289,-0.9280347945969099,0.5919755466558809,0.7708333333333334,0.7708333333333334,Low,High,Positive pre-15:00 return
RQ3 Large Movement,Strict,Reduced,RBF SVC,1,2024-06-13,0.0,1.0,-0.8684868250949254,-0.9280347945969099,0.05954796950198449,0.1527777777777778,0.24305555555555555,Low,Low,Negative pre-15:00 return
RQ3 Large Movement,Strict,Reduced,RBF SVC,1,2024-06-14,0.0,0.0,-1.0465545006006483,-0.9280347945969099,0.1185197060037384,0.2916666666666667,0.04861111111111111,Low,Low,Positive pre-15:00 return
RQ3 Large Movement,Strict,Reduced,RBF SVC,1,2024-06-20,0.0,1.0,-0.3778570054480228,-0.9280347945969099,0.550177789148887,0.7430555555555556,0.7430555555555556,Low,Medium,Negative pre-15:00 return
RQ3 Large Movement,Strict,Reduced,RBF SVC,1,2024-06-21,0.0,1.0,-0.7851536116836362,-0.9280347945969099,0.14288118291327367,0.3333333333333333,0.3680555555555556,Low,Low,Negative pre-15:00 return
RQ3 Large Movement,Strict,Reduced,RBF SVC,1,2024-06-24,0.0,1.0,-0.7033816201936138,-0.9280347945969099,0.22465317440329602,0.4444444444444444,0.4513888888888889,Low,Low,Positive pre-15:00 return
RQ3 Large Movement,Strict,Reduced,RBF SVC,1,2024-06-25,0.0,1.0,-0.7560960560339856,-0.9280347945969099,0.1719387385629243,0.3819444444444444,0.3888888888888889,Low,Low,Positive pre-15:00 return
RQ3 Large Movement,Strict,Reduced,RBF SVC,1,2024-06-26,0.0,1.0,-0.8984325584340744,-0.9280347945969099,0.029602236162835416,0.08333333333333333,0.2152777777777778,Low,Low,Positive pre-15:00 return
RQ3 Large Movement,Strict,Reduced,RBF SVC,1,2024-06-27,0.0,0.0,-1.0967595862356843,-0.9280347945969099,0.1687247916387744,0.375,0.013888888888888888,Low,Low,Positive pre-15:00 return
RQ3 Large Movement,Strict,Reduced,RBF SVC,1,2024-06-28,0.0,1.0,-0.6301528358474708,-0.9280347945969099,0.297881958749439,0.5347222222222222,0.5347222222222222,Low,Medium,Negative pre-15:00 return
RQ3 Large Movement,Strict,Reduced,RBF SVC,1,2024-07-01,0.0,1.0,-0.8189643394151911,-0.9280347945969099,0.10907045518171876,0.2638888888888889,0.3194444444444444,Low,Low,Negative pre-15:00 return
RQ3 Large Movement,Strict,Reduced,RBF SVC,1,2024-07-05,0.0,0.0,-1.0542163508501339,-0.9280347945969099,0.12618155625322403,0.3055555555555556,0.041666666666666664,Low,Low,Positive pre-15:00 return
RQ3 Large Movement,Strict,Reduced,RBF SVC,1,2024-07-11,0.0,1.0,-0.48982745933065597,-0.9280347945969099,0.4382073352662539,0.6527777777777778,0.6527777777777778,Low,Medium,Negative pre-15:00 return
RQ3 Large Movement,Strict,Reduced,RBF SVC,1,2024-07-17,0.0,1.0,-0.4219184610645239,-0.9280347945969099,0.5061163335323859,0.7222222222222222,0.7222222222222222,Low,Medium,Negative pre-15:00 return
RQ3 Large Movement,Strict,Reduced,RBF SVC,1,2024-07-18,0.0,1.0,-0.5024316962231594,-0.9280347945969099,0.42560309837375043,0.6388888888888888,0.6388888888888888,Low,High,Negative pre-15:00 return
RQ3 Large Movement,Strict,Reduced,RBF SVC,1,2024-07-19,0.0,0.0,-0.9327716701705373,-0.9280347945969099,0.004736875573627453,0.013888888888888888,0.1736111111111111,Medium,Medium,Negative pre-15:00 return
RQ3 Large Movement,Strict,Reduced,RBF SVC,1,2024-07-22,0.0,1.0,-0.6822642420112508,-0.9280347945969099,0.24577055258565905,0.4652777777777778,0.4722222222222222,Low,Low,Positive pre-15:00 return
RQ3 Large Movement,Strict,Reduced,RBF SVC,1,2024-07-23,0.0,1.0,-0.8508006854706742,-0.9280347945969099,0.07723410912623563,0.19444444444444445,0.2569444444444444,Low,Low,Positive pre-15:00 return
RQ3 Large Movement,Strict,Reduced,RBF SVC,1,2024-07-24,0.0,1.0,-0.5832498720506718,-0.9280347945969099,0.34478492254623805,0.5694444444444444,0.5694444444444444,Medium,Medium,Negative pre-15:00 return
RQ3 Large Movement,Strict,Reduced,RBF SVC,1,2024-07-25,1.0,1.0,0.07789295595036383,-0.9280347945969099,1.0059277505472737,0.9236111111111112,0.9236111111111112,Medium,High,Negative pre-15:00 return
RQ3 Large Movement,Strict,Reduced,RBF SVC,1,2024-07-26,0.0,1.0,-0.15699313879821175,-0.9280347945969099,0.7710416557986981,0.8402777777777778,0.8402777777777778,Medium,High,Positive pre-15:00 return
RQ3 Large Movement,Strict,Reduced,RBF SVC,1,2024-07-29,0.0,1.0,-0.642179534861288,-0.9280347945969099,0.28585525973562187,0.5208333333333334,0.5208333333333334,Medium,Medium,Negative pre-15:00 return
RQ3 Large Movement,Strict,Reduced,RBF SVC,1,2024-07-30,0.0,1.0,-0.30456894739141727,-0.9280347945969099,0.6234658472054926,0.7847222222222222,0.7847222222222222,Medium,Medium,Negative pre-15:00 return
RQ3 Large Movement,Strict,Reduced,RBF SVC,1,2024-07-31,1.0,1.0,-0.09330751301774298,-0.9280347945969099,0.8347272815791669,0.8680555555555556,0.8680555555555556,Low,High,Positive pre-15:00 return
RQ3 Large Movement,Strict,Reduced,RBF SVC,1,2024-08-01,1.0,1.0,-0.14126407948525777,-0.9280347945969099,0.7867707151116521,0.8472222222222222,0.8472222222222222,High,High,Negative pre-15:00 return
RQ3 Large Movement,Strict,Reduced,RBF SVC,1,2024-08-02,1.0,1.0,0.3716365802592645,-0.9280347945969099,1.2996713748561743,0.9444444444444444,0.9444444444444444,High,High,Negative pre-15:00 return
RQ3 Large Movement,Strict,Reduced,RBF SVC,1,2024-08-05,1.0,1.0,1.030675047832869,-0.9280347945969099,1.9587098424297789,0.9791666666666666,0.9791666666666666,High,High,Positive pre-15:00 return
RQ3 Large Movement,Strict,Reduced,RBF SVC,1,2024-08-06,1.0,1.0,0.5994996966045749,-0.9280347945969099,1.5275344912014848,0.9652777777777778,0.9652777777777778,High,High,Positive pre-15:00 return
RQ3 Large Movement,Strict,Reduced,RBF SVC,1,2024-08-07,0.0,1.0,0.5608006100585137,-0.9280347945969099,1.4888354046554235,0.9583333333333334,0.9583333333333334,High,High,Negative pre-15:00 return
RQ3 Large Movement,Strict,Reduced,RBF SVC,1,2024-08-08,0.0,1.0,-0.49686730469613116,-0.9280347945969099,0.4311674899007787,0.6458333333333334,0.6458333333333334,High,High,Positive pre-15:00 return
RQ3 Large Movement,Strict,Reduced,RBF SVC,1,2024-08-09,0.0,1.0,-0.37731822846073526,-0.9280347945969099,0.5507165661361746,0.75,0.75,High,High,Positive pre-15:00 return
RQ3 Large Movement,Strict,Reduced,RBF SVC,1,2024-08-12,0.0,1.0,-0.4653488662697949,-0.9280347945969099,0.46268592832711497,0.6666666666666666,0.6666666666666666,High,Medium,Negative pre-15:00 return
RQ3 Large Movement,Strict,Reduced,RBF SVC,1,2024-08-13,0.0,1.0,-0.8228332136261896,-0.9280347945969099,0.1052015809707203,0.24305555555555555,0.2986111111111111,Medium,Low,Positive pre-15:00 return
RQ3 Large Movement,Strict,Reduced,RBF SVC,1,2024-08-14,0.0,1.0,-0.8458826777639705,-0.9280347945969099,0.08215211683293933,0.20833333333333334,0.2708333333333333,Medium,Low,Positive pre-15:00 return
RQ3 Large Movement,Strict,Reduced,RBF SVC,1,2024-08-15,0.0,1.0,-0.8440994267536055,-0.9280347945969099,0.08393536784330435,0.2152777777777778,0.2777777777777778,Low,Low,Positive pre-15:00 return
RQ3 Large Movement,Strict,Reduced,RBF SVC,1,2024-08-16,0.0,0.0,-1.0927288094183945,-0.9280347945969099,0.1646940148214846,0.3680555555555556,0.020833333333333332,Low,Low,Positive pre-15:00 return
RQ3 Large Movement,Strict,Reduced,RBF SVC,1,2024-08-20,0.0,1.0,-0.7020327292590636,-0.9280347945969099,0.22600206533784628,0.4513888888888889,0.4583333333333333,Low,Low,Negative pre-15:00 return
RQ3 Large Movement,Strict,Reduced,RBF SVC,1,2024-08-21,0.0,1.0,-0.6480869224517469,-0.9280347945969099,0.2799478721451629,0.5138888888888888,0.5138888888888888,Medium,High,Positive pre-15:00 return
RQ3 Large Movement,Strict,Reduced,RBF SVC,1,2024-08-23,0.0,1.0,-0.422096647228807,-0.9280347945969099,0.5059381473681028,0.7152777777777778,0.7152777777777778,Low,Low,Positive pre-15:00 return
RQ3 Large Movement,Strict,Reduced,RBF SVC,1,2024-08-26,0.0,1.0,-0.45521706650358573,-0.9280347945969099,0.4728177280933241,0.6805555555555556,0.6805555555555556,Low,Medium,Negative pre-15:00 return
RQ3 Large Movement,Strict,Reduced,RBF SVC,1,2024-08-27,0.0,0.0,-0.9924770978830482,-0.9280347945969099,0.06444230328613831,0.1736111111111111,0.0763888888888889,Low,Low,Positive pre-15:00 return
RQ3 Large Movement,Strict,Reduced,RBF SVC,1,2024-08-28,0.0,1.0,-0.7911153348396149,-0.9280347945969099,0.13691945975729491,0.3194444444444444,0.3541666666666667,Medium,High,Negative pre-15:00 return
RQ3 Large Movement,Strict,Reduced,RBF SVC,1,2024-08-29,0.0,1.0,-0.5711683537069232,-0.9280347945969099,0.35686644088998665,0.5972222222222222,0.5972222222222222,Low,High,Negative pre-15:00 return
RQ3 Large Movement,Strict,Reduced,RBF SVC,1,2024-08-30,1.0,1.0,-0.3616145046663817,-0.9280347945969099,0.5664202899305282,0.7569444444444444,0.7569444444444444,Low,Low,Positive pre-15:00 return
RQ3 Large Movement,Strict,Reduced,RBF SVC,1,2024-09-03,0.0,1.0,-0.25017248758388066,-0.9280347945969099,0.6778623070130292,0.8194444444444444,0.8194444444444444,High,Medium,Negative pre-15:00 return
RQ3 Large Movement,Strict,Reduced,RBF SVC,1,2024-09-04,0.0,1.0,-0.1645651336054692,-0.9280347945969099,0.7634696609914406,0.8333333333333334,0.8333333333333334,High,Medium,Positive pre-15:00 return
RQ3 Large Movement,Strict,Reduced,RBF SVC,1,2024-09-05,0.0,1.0,-0.5071062178051589,-0.9280347945969099,0.420928576791751,0.6319444444444444,0.6319444444444444,High,Medium,Negative pre-15:00 return
RQ3 Large Movement,Strict,Reduced,RBF SVC,1,2024-09-06,0.0,1.0,-0.2907866584633714,-0.9280347945969099,0.6372481361335385,0.8055555555555556,0.8055555555555556,High,High,Negative pre-15:00 return
RQ3 Large Movement,Strict,Reduced,RBF SVC,1,2024-09-09,0.0,1.0,-0.5231395483003458,-0.9280347945969099,0.40489524629656404,0.6180555555555556,0.6180555555555556,High,Medium,Positive pre-15:00 return
RQ3 Large Movement,Strict,Reduced,RBF SVC,1,2024-09-10,0.0,1.0,-0.43903402825866933,-0.9280347945969099,0.4890007663382405,0.6944444444444444,0.6944444444444444,High,Medium,Negative pre-15:00 return
RQ3 Large Movement,Strict,Reduced,RBF SVC,1,2024-09-11,1.0,1.0,-0.015375554702602434,-0.9280347945969099,0.9126592398943074,0.8958333333333334,0.8958333333333334,Medium,High,Positive pre-15:00 return
RQ3 Large Movement,Strict,Reduced,RBF SVC,1,2024-09-12,0.0,1.0,-0.28484453143544974,-0.9280347945969099,0.6431902631614601,0.8125,0.8125,Medium,High,Positive pre-15:00 return
RQ3 Large Movement,Strict,Reduced,RBF SVC,1,2024-09-13,0.0,1.0,-0.863341661259384,-0.9280347945969099,0.0646931333375258,0.18055555555555555,0.25,Medium,High,Positive pre-15:00 return
RQ3 Large Movement,Strict,Reduced,RBF SVC,1,2024-09-16,0.0,1.0,-0.9007968987018466,-0.9280347945969099,0.027237895895063202,0.0763888888888889,0.20833333333333334,Medium,Low,Positive pre-15:00 return
RQ3 Large Movement,Strict,Reduced,RBF SVC,1,2024-09-17,0.0,1.0,-0.4154033753036488,-0.9280347945969099,0.5126314192932611,0.7291666666666666,0.7291666666666666,Medium,High,Negative pre-15:00 return
RQ3 Large Movement,Strict,Reduced,RBF SVC,1,2024-09-18,1.0,1.0,1.7729612935941212,-0.9280347945969099,2.7009960881910313,1.0,1.0,Medium,High,Positive pre-15:00 return
RQ3 Large Movement,Strict,Reduced,RBF SVC,1,2024-09-19,0.0,1.0,-0.7110890494841742,-0.9280347945969099,0.21694574511273568,0.4305555555555556,0.4375,Medium,Medium,Positive pre-15:00 return
RQ3 Large Movement,Strict,Reduced,RBF SVC,1,2024-09-20,0.0,0.0,-1.1841657423102674,-0.9280347945969099,0.25613094771335754,0.5,0.006944444444444444,Medium,Medium,Negative pre-15:00 return
RQ3 Large Movement,Strict,Reduced,RBF SVC,2,2024-09-23,0.0,0.0,-1.1233807709662744,-0.8426716029508791,0.28070916801539536,0.4375,0.0625,Medium,Low,Positive pre-15:00 return
RQ3 Large Movement,Strict,Reduced,RBF SVC,2,2024-09-24,0.0,0.0,-1.0338622758751597,-0.8426716029508791,0.1911906729242806,0.3402777777777778,0.1111111111111111,Medium,Low,Negative pre-15:00 return
RQ3 Large Movement,Strict,Reduced,RBF SVC,2,2024-09-25,0.0,0.0,-1.109627783541224,-0.8426716029508791,0.266956180590345,0.4166666666666667,0.0763888888888889,Medium,Low,Negative pre-15:00 return
RQ3 Large Movement,Strict,Reduced,RBF SVC,2,2024-09-26,0.0,0.0,-0.9661200534340604,-0.8426716029508791,0.12344845048318132,0.20833333333333334,0.19444444444444445,Medium,Low,Negative pre-15:00 return
RQ3 Large Movement,Strict,Reduced,RBF SVC,2,2024-09-27,0.0,0.0,-1.0333349871256359,-0.8426716029508791,0.1906633841747568,0.3333333333333333,0.11805555555555555,Medium,Medium,Negative pre-15:00 return
RQ3 Large Movement,Strict,Reduced,RBF SVC,2,2024-09-30,1.0,1.0,-0.19397712460919214,-0.8426716029508791,0.6486944783416869,0.6805555555555556,0.6805555555555556,Medium,High,Positive pre-15:00 return
RQ3 Large Movement,Strict,Reduced,RBF SVC,2,2024-10-01,1.0,1.0,-0.3332042752690483,-0.8426716029508791,0.5094673276818308,0.5763888888888888,0.5763888888888888,High,Medium,Negative pre-15:00 return
RQ3 Large Movement,Strict,Reduced,RBF SVC,2,2024-10-02,0.0,0.0,-0.9358822793501491,-0.8426716029508791,0.09321067639927005,0.1527777777777778,0.2361111111111111,High,Low,Positive pre-15:00 return
RQ3 Large Movement,Strict,Reduced,RBF SVC,2,2024-10-03,0.0,1.0,-0.41445794326131447,-0.8426716029508791,0.4282136596895646,0.5208333333333334,0.5277777777777778,High,Low,Negative pre-15:00 return
RQ3 Large Movement,Strict,Reduced,RBF SVC,2,2024-10-04,0.0,1.0,-0.7741019612168638,-0.8426716029508791,0.06856964173401525,0.10416666666666667,0.3541666666666667,High,Low,Negative pre-15:00 return
RQ3 Large Movement,Strict,Reduced,RBF SVC,2,2024-10-07,0.0,1.0,-0.13194983467991106,-0.8426716029508791,0.710721768270968,0.7083333333333334,0.7083333333333334,High,High,Negative pre-15:00 return
RQ3 Large Movement,Strict,Reduced,RBF SVC,2,2024-10-08,0.0,0.0,-1.0345295700636998,-0.8426716029508791,0.19185796711282077,0.3472222222222222,0.10416666666666667,High,Low,Positive pre-15:00 return
RQ3 Large Movement,Strict,Reduced,RBF SVC,2,2024-10-09,0.0,0.0,-1.0084757902466186,-0.8426716029508791,0.16580418729573954,0.2777777777777778,0.1597222222222222,High,Low,Positive pre-15:00 return
RQ3 Large Movement,Strict,Reduced,RBF SVC,2,2024-10-10,0.0,0.0,-0.9186702674565477,-0.8426716029508791,0.07599866450566861,0.11805555555555555,0.24305555555555555,High,Low,Negative pre-15:00 return
RQ3 Large Movement,Strict,Reduced,RBF SVC,2,2024-10-11,0.0,0.0,-1.141023290950208,-0.8426716029508791,0.298351687999329,0.4513888888888889,0.04861111111111111,High,Low,Positive pre-15:00 return
RQ3 Large Movement,Strict,Reduced,RBF SVC,2,2024-10-15,0.0,1.0,-0.765655393965726,-0.8426716029508791,0.07701620898515305,0.125,0.3611111111111111,High,Low,Negative pre-15:00 return
RQ3 Large Movement,Strict,Reduced,RBF SVC,2,2024-10-16,0.0,0.0,-0.9564758514793019,-0.8426716029508791,0.11380424852842286,0.18055555555555555,0.2152777777777778,High,Low,Positive pre-15:00 return
RQ3 Large Movement,Strict,Reduced,RBF SVC,2,2024-10-17,0.0,0.0,-0.8944916817187596,-0.8426716029508791,0.05182007876788053,0.0763888888888889,0.2708333333333333,High,Medium,Negative pre-15:00 return
RQ3 Large Movement,Strict,Reduced,RBF SVC,2,2024-10-18,0.0,0.0,-1.1613497167891498,-0.8426716029508791,0.3186781138382707,0.4791666666666667,0.020833333333333332,High,Low,Positive pre-15:00 return
RQ3 Large Movement,Strict,Reduced,RBF SVC,2,2024-10-21,0.0,0.0,-1.1336338163700677,-0.8426716029508791,0.2909622134191886,0.4444444444444444,0.05555555555555555,High,Low,Negative pre-15:00 return
RQ3 Large Movement,Strict,Reduced,RBF SVC,2,2024-10-23,0.0,1.0,-0.3302015561451408,-0.8426716029508791,0.5124700468057383,0.5902777777777778,0.5902777777777778,High,Medium,Negative pre-15:00 return
RQ3 Large Movement,Strict,Reduced,RBF SVC,2,2024-10-24,0.0,0.0,-0.9966048577425606,-0.8426716029508791,0.15393325479168152,0.2569444444444444,0.1736111111111111,High,Low,Negative pre-15:00 return
RQ3 Large Movement,Strict,Reduced,RBF SVC,2,2024-10-25,0.0,1.0,-0.6757552739710326,-0.8426716029508791,0.16691632897984643,0.2847222222222222,0.4375,High,High,Negative pre-15:00 return
RQ3 Large Movement,Strict,Reduced,RBF SVC,2,2024-10-28,0.0,0.0,-0.9802635345222366,-0.8426716029508791,0.13759193157135752,0.2361111111111111,0.18055555555555555,High,Low,Negative pre-15:00 return
RQ3 Large Movement,Strict,Reduced,RBF SVC,2,2024-10-29,0.0,0.0,-0.9585112638564275,-0.8426716029508791,0.11583966090554842,0.19444444444444445,0.2013888888888889,High,Low,Positive pre-15:00 return
RQ3 Large Movement,Strict,Reduced,RBF SVC,2,2024-10-30,0.0,1.0,-0.8131178851307985,-0.8426716029508791,0.02955371782008054,0.0625,0.3402777777777778,High,Low,Negative pre-15:00 return
RQ3 Large Movement,Strict,Reduced,RBF SVC,2,2024-10-31,1.0,1.0,-0.6288499716909093,-0.8426716029508791,0.21382163125996978,0.3611111111111111,0.4513888888888889,High,Medium,Negative pre-15:00 return
RQ3 Large Movement,Strict,Reduced,RBF SVC,2,2024-11-01,0.0,1.0,-0.6593614662419376,-0.8426716029508791,0.18331013670894147,0.3194444444444444,0.4444444444444444,High,Medium,Positive pre-15:00 return
RQ3 Large Movement,Strict,Reduced,RBF SVC,2,2024-11-04,0.0,1.0,-0.7534624610179992,-0.8426716029508791,0.08920914193287988,0.1388888888888889,0.375,High,Low,Negative pre-15:00 return
RQ3 Large Movement,Strict,Reduced,RBF SVC,2,2024-11-05,1.0,1.0,-0.7056967510752741,-0.8426716029508791,0.13697485187560499,0.22916666666666666,0.4097222222222222,High,Low,Positive pre-15:00 return
RQ3 Large Movement,Strict,Reduced,RBF SVC,2,2024-11-06,0.0,0.0,-1.047966275503311,-0.8426716029508791,0.20529467255243194,0.3541666666666667,0.09722222222222222,Medium,Low,Positive pre-15:00 return
RQ3 Large Movement,Strict,Reduced,RBF SVC,2,2024-11-07,0.0,0.0,-1.0145128763300568,-0.8426716029508791,0.17184127337917776,0.2916666666666667,0.1527777777777778,Medium,Medium,Positive pre-15:00 return
RQ3 Large Movement,Strict,Reduced,RBF SVC,2,2024-11-12,0.0,1.0,-0.8245559341976629,-0.8426716029508791,0.01811566875321613,0.034722222222222224,0.3263888888888889,Medium,Low,Negative pre-15:00 return
RQ3 Large Movement,Strict,Reduced,RBF SVC,2,2024-11-14,1.0,1.0,-0.752362197183984,-0.8426716029508791,0.09030940576689506,0.14583333333333334,0.3819444444444444,Low,Low,Negative pre-15:00 return
RQ3 Large Movement,Strict,Reduced,RBF SVC,2,2024-11-15,0.0,1.0,-0.4061265269846106,-0.8426716029508791,0.43654507596626846,0.5347222222222222,0.5416666666666666,Medium,Medium,Negative pre-15:00 return
RQ3 Large Movement,Strict,Reduced,RBF SVC,2,2024-11-18,0.0,0.0,-1.145332844700476,-0.8426716029508791,0.30266124174959697,0.4652777777777778,0.034722222222222224,Medium,Low,Positive pre-15:00 return
RQ3 Large Movement,Strict,Reduced,RBF SVC,2,2024-11-19,0.0,1.0,-0.8294102840264528,-0.8426716029508791,0.01326131892442628,0.013888888888888888,0.3194444444444444,Medium,Medium,Positive pre-15:00 return
RQ3 Large Movement,Strict,Reduced,RBF SVC,2,2024-11-20,1.0,1.0,-0.6772319290551336,-0.8426716029508791,0.16543967389574543,0.2708333333333333,0.4305555555555556,High,Low,Negative pre-15:00 return
RQ3 Large Movement,Strict,Reduced,RBF SVC,2,2024-11-21,0.0,1.0,-0.5188636122355379,-0.8426716029508791,0.32380799071534117,0.4861111111111111,0.5,Medium,Low,Positive pre-15:00 return
RQ3 Large Movement,Strict,Reduced,RBF SVC,2,2024-11-22,0.0,0.0,-0.905350476826754,-0.8426716029508791,0.0626788738758749,0.09722222222222222,0.2569444444444444,Medium,Low,Positive pre-15:00 return
RQ3 Large Movement,Strict,Reduced,RBF SVC,2,2024-11-25,0.0,0.0,-1.071914210034803,-0.8426716029508791,0.22924260708392385,0.3819444444444444,0.09027777777777778,Medium,Low,Negative pre-15:00 return
RQ3 Large Movement,Strict,Reduced,RBF SVC,2,2024-11-27,0.0,0.0,-1.2002575225630916,-0.8426716029508791,0.35758591961221253,0.5,0.013888888888888888,Low,Low,Negative pre-15:00 return
RQ3 Large Movement,Strict,Reduced,RBF SVC,2,2024-12-03,0.0,0.0,-1.0208001860354474,-0.8426716029508791,0.17812858308456836,0.2986111111111111,0.14583333333333334,Low,Low,Positive pre-15:00 return
RQ3 Large Movement,Strict,Reduced,RBF SVC,2,2024-12-05,0.0,0.0,-1.0731359549134676,-0.8426716029508791,0.23046435196258852,0.3888888888888889,0.08333333333333333,Low,Low,Negative pre-15:00 return
RQ3 Large Movement,Strict,Reduced,RBF SVC,2,2024-12-06,0.0,0.0,-1.1447873684300514,-0.8426716029508791,0.3021157654791723,0.4583333333333333,0.041666666666666664,Low,Low,Positive pre-15:00 return
RQ3 Large Movement,Strict,Reduced,RBF SVC,2,2024-12-09,0.0,0.0,-1.1137125050035137,-0.8426716029508791,0.27104090205263465,0.4236111111111111,0.06944444444444445,Low,Low,Negative pre-15:00 return
RQ3 Large Movement,Strict,Reduced,RBF SVC,2,2024-12-12,0.0,0.0,-0.8599719244044688,-0.8426716029508791,0.01730032145358973,0.027777777777777776,0.2986111111111111,Low,Low,Negative pre-15:00 return
RQ3 Large Movement,Strict,Reduced,RBF SVC,2,2024-12-13,0.0,0.0,-0.8661983127893573,-0.8426716029508791,0.023526709838478266,0.04861111111111111,0.2916666666666667,Low,Low,Negative pre-15:00 return
RQ3 Large Movement,Strict,Reduced,RBF SVC,2,2024-12-17,0.0,0.0,-0.8834164700493701,-0.8426716029508791,0.04074486709849101,0.06944444444444445,0.2777777777777778,Medium,Low,Negative pre-15:00 return
RQ3 Large Movement,Strict,Reduced,RBF SVC,2,2024-12-18,1.0,1.0,1.4973922022537622,-0.8426716029508791,2.3400638052046414,0.9583333333333334,0.9583333333333334,High,High,Negative pre-15:00 return
RQ3 Large Movement,Strict,Reduced,RBF SVC,2,2024-12-19,1.0,1.0,-0.2288353732980375,-0.8426716029508791,0.6138362296528416,0.6597222222222222,0.6597222222222222,High,High,Negative pre-15:00 return
RQ3 Large Movement,Strict,Reduced,RBF SVC,2,2024-12-20,1.0,1.0,-0.11980225023781044,-0.8426716029508791,0.7228693527130686,0.7152777777777778,0.7152777777777778,High,Medium,Positive pre-15:00 return
RQ3 Large Movement,Strict,Reduced,RBF SVC,2,2024-12-23,1.0,1.0,-0.6115136005777049,-0.8426716029508791,0.2311580023731742,0.3958333333333333,0.4722222222222222,Medium,Low,Positive pre-15:00 return
RQ3 Large Movement,Strict,Reduced,RBF SVC,2,2024-12-26,0.0,0.0,-1.0209902861550524,-0.8426716029508791,0.17831868320417332,0.3125,0.13194444444444445,Low,Low,Positive pre-15:00 return
RQ3 Large Movement,Strict,Reduced,RBF SVC,2,2024-12-27,0.0,1.0,-0.7543676293102854,-0.8426716029508791,0.08830397364059361,0.13194444444444445,0.3680555555555556,Medium,Medium,Negative pre-15:00 return
RQ3 Large Movement,Strict,Reduced,RBF SVC,2,2024-12-30,1.0,1.0,-0.7017123970245378,-0.8426716029508791,0.14095920592634126,0.24305555555555555,0.4166666666666667,Medium,Medium,Positive pre-15:00 return
RQ3 Large Movement,Strict,Reduced,RBF SVC,2,2024-12-31,0.0,1.0,-0.2896325183569295,-0.8426716029508791,0.5530390845939496,0.6041666666666666,0.6041666666666666,Medium,High,Negative pre-15:00 return
RQ3 Large Movement,Strict,Reduced,RBF SVC,2,2025-01-02,1.0,1.0,0.3804003542592498,-0.8426716029508791,1.223071957210129,0.8125,0.8125,High,High,Negative pre-15:00 return
RQ3 Large Movement,Strict,Reduced,RBF SVC,2,2025-01-03,0.0,1.0,-0.7908504044855778,-0.8426716029508791,0.05182119846530131,0.08333333333333333,0.3472222222222222,Medium,Low,Positive pre-15:00 return
RQ3 Large Movement,Strict,Reduced,RBF SVC,2,2025-01-06,0.0,1.0,-0.36734203793713993,-0.8426716029508791,0.47532956501373913,0.5555555555555556,0.5555555555555556,Medium,Medium,Negative pre-15:00 return
RQ3 Large Movement,Strict,Reduced,RBF SVC,2,2025-01-07,0.0,1.0,-0.38220576066415246,-0.8426716029508791,0.4604658422867266,0.5486111111111112,0.5486111111111112,High,Medium,Negative pre-15:00 return
RQ3 Large Movement,Strict,Reduced,RBF SVC,2,2025-01-08,0.0,1.0,-0.07166082881833402,-0.8426716029508791,0.771010774132545,0.75,0.75,High,High,Negative pre-15:00 return
RQ3 Large Movement,Strict,Reduced,RBF SVC,2,2025-01-10,1.0,1.0,-0.45839096892347575,-0.8426716029508791,0.3842806340274033,0.5069444444444444,0.5138888888888888,High,High,Negative pre-15:00 return
RQ3 Large Movement,Strict,Reduced,RBF SVC,2,2025-01-13,0.0,1.0,-0.3318345876723252,-0.8426716029508791,0.5108370152785539,0.5833333333333334,0.5833333333333334,High,High,Positive pre-15:00 return
RQ3 Large Movement,Strict,Reduced,RBF SVC,2,2025-01-14,1.0,1.0,-0.11928545235756571,-0.8426716029508791,0.7233861505933133,0.7222222222222222,0.7222222222222222,High,Medium,Negative pre-15:00 return
RQ3 Large Movement,Strict,Reduced,RBF SVC,2,2025-01-15,0.0,0.0,-0.8586741218498868,-0.8426716029508791,0.016002518899007723,0.020833333333333332,0.3055555555555556,Medium,Low,Positive pre-15:00 return
RQ3 Large Movement,Strict,Reduced,RBF SVC,2,2025-01-16,0.0,1.0,-0.6284838840151372,-0.8426716029508791,0.21418771893574184,0.3680555555555556,0.4583333333333333,Medium,Medium,Negative pre-15:00 return
RQ3 Large Movement,Strict,Reduced,RBF SVC,2,2025-01-17,0.0,0.0,-0.9409622265234314,-0.8426716029508791,0.09829062357255236,0.16666666666666666,0.22916666666666666,Medium,Low,Positive pre-15:00 return
RQ3 Large Movement,Strict,Reduced,RBF SVC,2,2025-01-21,0.0,0.0,-0.9579063992115375,-0.8426716029508791,0.11523479626065847,0.1875,0.20833333333333334,Medium,Low,Positive pre-15:00 return
RQ3 Large Movement,Strict,Reduced,RBF SVC,2,2025-01-22,0.0,0.0,-1.281745730220821,-0.8426716029508791,0.439074127269942,0.5416666666666666,0.006944444444444444,Medium,Low,Positive pre-15:00 return
RQ3 Large Movement,Strict,Reduced,RBF SVC,2,2025-01-24,0.0,1.0,-0.8200847660118522,-0.8426716029508791,0.022586836939026855,0.041666666666666664,0.3333333333333333,Medium,Low,Negative pre-15:00 return
RQ3 Large Movement,Strict,Reduced,RBF SVC,2,2025-01-27,1.0,1.0,0.06811710119997239,-0.8426716029508791,0.9107887041508514,0.7638888888888888,0.7638888888888888,High,High,Positive pre-15:00 return
RQ3 Large Movement,Strict,Reduced,RBF SVC,2,2025-01-28,0.0,0.0,-0.9047193421033444,-0.8426716029508791,0.06204773915246531,0.09027777777777778,0.2638888888888889,Medium,Low,Positive pre-15:00 return
RQ3 Large Movement,Strict,Reduced,RBF SVC,2,2025-01-29,0.0,1.0,0.8955407917783718,-0.8426716029508791,1.738212394729251,0.9097222222222222,0.9097222222222222,Medium,High,Negative pre-15:00 return
RQ3 Large Movement,Strict,Reduced,RBF SVC,2,2025-01-30,0.0,0.0,-0.945424254564601,-0.8426716029508791,0.10275265161372193,0.1736111111111111,0.2222222222222222,Medium,Low,Positive pre-15:00 return
RQ3 Large Movement,Strict,Reduced,RBF SVC,2,2025-01-31,1.0,1.0,-0.13715010275130757,-0.8426716029508791,0.7055215001995715,0.7013888888888888,0.7013888888888888,Medium,High,Negative pre-15:00 return
RQ3 Large Movement,Strict,Reduced,RBF SVC,2,2025-02-03,1.0,1.0,-0.1623538594853673,-0.8426716029508791,0.6803177434655118,0.6875,0.6875,High,Medium,Positive pre-15:00 return
RQ3 Large Movement,Strict,Reduced,RBF SVC,2,2025-02-04,0.0,1.0,-0.7082241609477058,-0.8426716029508791,0.13444744200317327,0.2222222222222222,0.4027777777777778,Medium,Low,Positive pre-15:00 return
RQ3 Large Movement,Strict,Reduced,RBF SVC,2,2025-02-05,0.0,0.0,-1.0306973567336057,-0.8426716029508791,0.18802575378272668,0.3263888888888889,0.125,Medium,Low,Positive pre-15:00 return
RQ3 Large Movement,Strict,Reduced,RBF SVC,2,2025-02-06,1.0,1.0,-0.5895684933816869,-0.8426716029508791,0.25310310956919213,0.4097222222222222,0.4861111111111111,Medium,High,Negative pre-15:00 return
RQ3 Large Movement,Strict,Reduced,RBF SVC,2,2025-02-07,0.0,1.0,-0.2882209429415705,-0.8426716029508791,0.5544506600093085,0.6180555555555556,0.6180555555555556,Medium,Medium,Negative pre-15:00 return
RQ3 Large Movement,Strict,Reduced,RBF SVC,2,2025-02-10,0.0,0.0,-1.1587774046100257,-0.8426716029508791,0.3161058016591466,0.4722222222222222,0.027777777777777776,Medium,Low,Positive pre-15:00 return
RQ3 Large Movement,Strict,Reduced,RBF SVC,2,2025-02-12,0.0,0.0,-0.9170764237205762,-0.8426716029508791,0.07440482076969712,0.1111111111111111,0.25,Medium,Low,Positive pre-15:00 return
RQ3 Large Movement,Strict,Reduced,RBF SVC,2,2025-02-13,0.0,1.0,-0.563630773241099,-0.8426716029508791,0.27904082970978006,0.4305555555555556,0.4930555555555556,Medium,Low,Positive pre-15:00 return
RQ3 Large Movement,Strict,Reduced,RBF SVC,2,2025-02-18,0.0,0.0,-0.8709914306069595,-0.8426716029508791,0.028319827656080432,0.05555555555555555,0.2847222222222222,Medium,Medium,Negative pre-15:00 return
RQ3 Large Movement,Strict,Reduced,RBF SVC,2,2025-02-19,0.0,0.0,-1.020837395848719,-0.8426716029508791,0.17816579289783985,0.3055555555555556,0.1388888888888889,Medium,Low,Positive pre-15:00 return
RQ3 Large Movement,Strict,Reduced,RBF SVC,2,2025-02-20,0.0,0.0,-1.0014220074753957,-0.8426716029508791,0.1587504045245166,0.2638888888888889,0.16666666666666666,Medium,Low,Negative pre-15:00 return
RQ3 Large Movement,Strict,Reduced,RBF SVC,2,2025-02-21,0.0,1.0,-0.4294555630812176,-0.8426716029508791,0.4132160398696615,0.5138888888888888,0.5208333333333334,High,High,Negative pre-15:00 return
RQ3 Large Movement,Strict,Reduced,RBF SVC,2,2025-02-24,1.0,1.0,-0.6066671662866105,-0.8426716029508791,0.2360044366642685,0.4027777777777778,0.4791666666666667,High,Medium,Negative pre-15:00 return
RQ3 Large Movement,Strict,Reduced,RBF SVC,2,2025-02-25,0.0,1.0,-0.10076647734992816,-0.8426716029508791,0.7419051256009509,0.7291666666666666,0.7291666666666666,High,High,Negative pre-15:00 return
RQ3 Large Movement,Strict,Reduced,RBF SVC,2,2025-02-26,1.0,1.0,0.3363232565952541,-0.8426716029508791,1.1789948595461333,0.7916666666666666,0.7916666666666666,High,High,Negative pre-15:00 return
RQ3 Large Movement,Strict,Reduced,RBF SVC,2,2025-02-27,1.0,1.0,0.056425892072584194,-0.8426716029508791,0.8990974950234633,0.7569444444444444,0.7569444444444444,High,High,Negative pre-15:00 return
RQ3 Large Movement,Strict,Reduced,RBF SVC,2,2025-02-28,1.0,1.0,0.43096038953382676,-0.8426716029508791,1.273631992484706,0.8263888888888888,0.8263888888888888,High,High,Positive pre-15:00 return
RQ3 Large Movement,Strict,Reduced,RBF SVC,2,2025-03-03,1.0,1.0,1.4772862570859844,-0.8426716029508791,2.3199578600368636,0.9444444444444444,0.9444444444444444,High,High,Negative pre-15:00 return
RQ3 Large Movement,Strict,Reduced,RBF SVC,2,2025-03-04,1.0,1.0,0.4656560333833597,-0.8426716029508791,1.3083276363342389,0.8333333333333334,0.8333333333333334,High,High,Positive pre-15:00 return
RQ3 Large Movement,Strict,Reduced,RBF SVC,2,2025-03-05,0.0,1.0,0.6433076407341809,-0.8426716029508791,1.48597924368506,0.8680555555555556,0.8680555555555556,High,High,Positive pre-15:00 return
RQ3 Large Movement,Strict,Reduced,RBF SVC,2,2025-03-06,1.0,1.0,1.1611619239172186,-0.8426716029508791,2.003833526868098,0.9305555555555556,0.9305555555555556,High,High,Negative pre-15:00 return
RQ3 Large Movement,Strict,Reduced,RBF SVC,2,2025-03-07,0.0,1.0,0.5597777994124606,-0.8426716029508791,1.4024494023633398,0.8541666666666666,0.8541666666666666,High,High,Positive pre-15:00 return
RQ3 Large Movement,Strict,Reduced,RBF SVC,2,2025-03-10,1.0,1.0,0.9448702907952762,-0.8426716029508791,1.7875418937461554,0.9236111111111112,0.9236111111111112,High,High,Negative pre-15:00 return
RQ3 Large Movement,Strict,Reduced,RBF SVC,2,2025-03-11,1.0,1.0,1.4807810275391682,-0.8426716029508791,2.3234526304900474,0.9513888888888888,0.9513888888888888,High,High,Positive pre-15:00 return
RQ3 Large Movement,Strict,Reduced,RBF SVC,2,2025-03-12,1.0,1.0,0.3614838765387778,-0.8426716029508791,1.204155479489657,0.8055555555555556,0.8055555555555556,High,High,Negative pre-15:00 return
RQ3 Large Movement,Strict,Reduced,RBF SVC,2,2025-03-13,1.0,1.0,0.8155886950741267,-0.8426716029508791,1.6582602980250059,0.9027777777777778,0.9027777777777778,High,High,Negative pre-15:00 return
RQ3 Large Movement,Strict,Reduced,RBF SVC,2,2025-03-14,0.0,1.0,-0.09041493706154169,-0.8426716029508791,0.7522566658893374,0.7361111111111112,0.7361111111111112,High,High,Positive pre-15:00 return
RQ3 Large Movement,Strict,Reduced,RBF SVC,2,2025-03-17,1.0,1.0,-0.2785525301380516,-0.8426716029508791,0.5641190728128275,0.6319444444444444,0.6319444444444444,High,High,Positive pre-15:00 return
RQ3 Large Movement,Strict,Reduced,RBF SVC,2,2025-03-18,0.0,1.0,-0.2905643413792194,-0.8426716029508791,0.5521072615716597,0.5972222222222222,0.5972222222222222,High,High,Negative pre-15:00 return
RQ3 Large Movement,Strict,Reduced,RBF SVC,2,2025-03-19,0.0,1.0,0.49549870237630467,-0.8426716029508791,1.3381703053271838,0.8402777777777778,0.8402777777777778,High,High,Positive pre-15:00 return
RQ3 Large Movement,Strict,Reduced,RBF SVC,2,2025-03-20,0.0,1.0,-0.20741249562892738,-0.8426716029508791,0.6352591073219517,0.6736111111111112,0.6736111111111112,High,High,Positive pre-15:00 return
RQ3 Large Movement,Strict,Reduced,RBF SVC,2,2025-03-21,1.0,1.0,-0.2799233744258802,-0.8426716029508791,0.5627482285249988,0.625,0.625,High,High,Positive pre-15:00 return
RQ3 Large Movement,Strict,Reduced,RBF SVC,2,2025-03-24,0.0,1.0,-0.7474672340707325,-0.8426716029508791,0.0952043688801466,0.1597222222222222,0.3888888888888889,High,Medium,Positive pre-15:00 return
RQ3 Large Movement,Strict,Reduced,RBF SVC,2,2025-03-25,0.0,1.0,-0.6894875771887317,-0.8426716029508791,0.1531840257621474,0.25,0.4236111111111111,Medium,Medium,Negative pre-15:00 return
RQ3 Large Movement,Strict,Reduced,RBF SVC,2,2025-03-26,0.0,1.0,-0.24263507967066777,-0.8426716029508791,0.6000365232802113,0.6527777777777778,0.6527777777777778,High,High,Negative pre-15:00 return
RQ3 Large Movement,Strict,Reduced,RBF SVC,2,2025-03-27,0.0,1.0,-0.14403699033853412,-0.8426716029508791,0.6986346126123449,0.6944444444444444,0.6944444444444444,High,High,Positive pre-15:00 return
RQ3 Large Movement,Strict,Reduced,RBF SVC,2,2025-03-28,0.0,1.0,-0.49309706575456635,-0.8426716029508791,0.3495745371963127,0.4930555555555556,0.5069444444444444,High,Medium,Negative pre-15:00 return
RQ3 Large Movement,Strict,Reduced,RBF SVC,2,2025-03-31,1.0,1.0,0.6525669169204797,-0.8426716029508791,1.495238519871359,0.875,0.875,High,High,Positive pre-15:00 return
RQ3 Large Movement,Strict,Reduced,RBF SVC,2,2025-04-01,1.0,1.0,-0.08939065459431772,-0.8426716029508791,0.7532809483565613,0.7430555555555556,0.7430555555555556,High,High,Positive pre-15:00 return
RQ3 Large Movement,Strict,Reduced,RBF SVC,2,2025-04-02,1.0,1.0,0.33153072050881294,-0.8426716029508791,1.174202323459692,0.7847222222222222,0.7847222222222222,High,High,Positive pre-15:00 return
RQ3 Large Movement,Strict,Reduced,RBF SVC,2,2025-04-03,1.0,1.0,0.6398676808381834,-0.8426716029508791,1.4825392837890625,0.8611111111111112,0.8611111111111112,High,High,Negative pre-15:00 return
RQ3 Large Movement,Strict,Reduced,RBF SVC,2,2025-04-04,1.0,1.0,2.054343596245801,-0.8426716029508791,2.89701519919668,0.9722222222222222,0.9722222222222222,High,High,Negative pre-15:00 return
RQ3 Large Movement,Strict,Reduced,RBF SVC,2,2025-04-07,0.0,1.0,4.700057455959749,-0.8426716029508791,5.542729058910628,1.0,1.0,High,High,Positive pre-15:00 return
RQ3 Large Movement,Strict,Reduced,RBF SVC,2,2025-04-08,1.0,1.0,3.231644778865786,-0.8426716029508791,4.074316381816665,0.9791666666666666,0.9791666666666666,High,High,Negative pre-15:00 return
RQ3 Large Movement,Strict,Reduced,RBF SVC,2,2025-04-09,1.0,1.0,4.489869371529663,-0.8426716029508791,5.332540974480541,0.9861111111111112,0.9861111111111112,High,High,Positive pre-15:00 return
RQ3 Large Movement,Strict,Reduced,RBF SVC,2,2025-04-10,0.0,1.0,4.496236945520442,-0.8426716029508791,5.338908548471321,0.9930555555555556,0.9930555555555556,High,High,Negative pre-15:00 return
RQ3 Large Movement,Strict,Reduced,RBF SVC,2,2025-04-11,1.0,1.0,1.885711293159423,-0.8426716029508791,2.7283828961103023,0.9652777777777778,0.9652777777777778,High,High,Positive pre-15:00 return
RQ3 Large Movement,Strict,Reduced,RBF SVC,2,2025-04-14,1.0,1.0,0.8065160819145345,-0.8426716029508791,1.6491876848654137,0.8958333333333334,0.8958333333333334,High,High,Negative pre-15:00 return
RQ3 Large Movement,Strict,Reduced,RBF SVC,2,2025-04-15,0.0,1.0,0.3415640715981394,-0.8426716029508791,1.1842356745490186,0.7986111111111112,0.7986111111111112,High,High,Negative pre-15:00 return
RQ3 Large Movement,Strict,Reduced,RBF SVC,2,2025-04-16,1.0,1.0,1.2813314404359883,-0.8426716029508791,2.1240030433868675,0.9375,0.9375,High,High,Negative pre-15:00 return
RQ3 Large Movement,Strict,Reduced,RBF SVC,2,2025-04-17,1.0,1.0,0.9411700498668201,-0.8426716029508791,1.7838416528176992,0.9166666666666666,0.9166666666666666,High,High,Negative pre-15:00 return
RQ3 Large Movement,Strict,Reduced,RBF SVC,2,2025-04-21,1.0,1.0,0.39363076689550214,-0.8426716029508791,1.2363023698463813,0.8194444444444444,0.8194444444444444,High,High,Negative pre-15:00 return
RQ3 Large Movement,Strict,Reduced,RBF SVC,2,2025-04-22,0.0,1.0,0.5351775268183876,-0.8426716029508791,1.3778491297692668,0.8472222222222222,0.8472222222222222,High,High,Positive pre-15:00 return
RQ3 Large Movement,Strict,Reduced,RBF SVC,2,2025-04-23,0.0,1.0,0.6849151695587925,-0.8426716029508791,1.5275867725096717,0.8888888888888888,0.8888888888888888,High,High,Negative pre-15:00 return
RQ3 Large Movement,Strict,Reduced,RBF SVC,2,2025-04-24,0.0,1.0,-0.2891923606217577,-0.8426716029508791,0.5534792423291214,0.6111111111111112,0.6111111111111112,High,High,Positive pre-15:00 return
RQ3 Large Movement,Strict,Reduced,RBF SVC,2,2025-04-25,0.0,1.0,0.29698501835553204,-0.8426716029508791,1.1396566213064112,0.7777777777777778,0.7777777777777778,High,High,Positive pre-15:00 return
RQ3 Large Movement,Strict,Reduced,RBF SVC,2,2025-04-28,1.0,1.0,-0.33816553748206024,-0.8426716029508791,0.5045060654688188,0.5694444444444444,0.5694444444444444,High,High,Negative pre-15:00 return
RQ3 Large Movement,Strict,Reduced,RBF SVC,2,2025-04-29,0.0,1.0,-0.22861317273817816,-0.8426716029508791,0.6140584302127009,0.6666666666666666,0.6666666666666666,High,High,Positive pre-15:00 return
RQ3 Large Movement,Strict,Reduced,RBF SVC,2,2025-04-30,1.0,1.0,0.22134844612478632,-0.8426716029508791,1.0640200490756655,0.7708333333333334,0.7708333333333334,High,High,Positive pre-15:00 return
RQ3 Large Movement,Strict,Reduced,RBF SVC,2,2025-05-01,1.0,1.0,-0.2602905755593592,-0.8426716029508791,0.5823810273915199,0.6388888888888888,0.6388888888888888,High,Medium,Positive pre-15:00 return
RQ3 Large Movement,Strict,Reduced,RBF SVC,2,2025-05-02,0.0,1.0,-0.25886208079663175,-0.8426716029508791,0.5838095221542473,0.6458333333333334,0.6458333333333334,High,Medium,Positive pre-15:00 return
RQ3 Large Movement,Strict,Reduced,RBF SVC,2,2025-05-05,1.0,1.0,-0.7239968942291841,-0.8426716029508791,0.11867470872169494,0.2013888888888889,0.3958333333333333,High,Low,Positive pre-15:00 return
RQ3 Large Movement,Strict,Reduced,RBF SVC,2,2025-05-06,1.0,1.0,-0.41044880839605247,-0.8426716029508791,0.4322227945548266,0.5277777777777778,0.5347222222222222,High,Medium,Positive pre-15:00 return
RQ3 Large Movement,Strict,Reduced,RBF SVC,2,2025-05-07,0.0,1.0,0.6663129984650102,-0.8426716029508791,1.5089846014158894,0.8819444444444444,0.8819444444444444,High,High,Positive pre-15:00 return
RQ3 Large Movement,Strict,Reduced,RBF SVC,2,2025-05-08,1.0,1.0,-0.35724754223339117,-0.8426716029508791,0.4854240607174879,0.5625,0.5625,High,Medium,Positive pre-15:00 return
RQ3 Large Movement,Strict,Reduced,RBF SVC,2,2025-05-09,0.0,0.0,-0.8527994573014008,-0.8426716029508791,0.01012785435052177,0.006944444444444444,0.3125,High,Medium,Negative pre-15:00 return
RQ3 Large Movement,Strict,Reduced,RBF SVC,2,2025-05-12,0.0,1.0,-0.6140984640706839,-0.8426716029508791,0.22857313888019515,0.375,0.4652777777777778,High,Low,Positive pre-15:00 return
RQ3 Large Movement,Strict,Reduced,RBF SVC,2,2025-05-13,1.0,0.0,-0.9708096792835703,-0.8426716029508791,0.12813807633269125,0.2152777777777778,0.1875,High,Low,Positive pre-15:00 return
RQ3 Large Movement,Strict,Reduced,RBF SVC,3,2025-05-14,0.0,0.0,-0.3564594241470517,-0.12554916618368495,0.23091025796336673,0.1111111111111111,0.7291666666666666,Medium,High,Negative pre-15:00 return
RQ3 Large Movement,Strict,Reduced,RBF SVC,3,2025-05-15,0.0,0.0,-0.6499889166230856,-0.12554916618368495,0.5244397504394006,0.3125,0.5763888888888888,Medium,Medium,Positive pre-15:00 return
RQ3 Large Movement,Strict,Reduced,RBF SVC,3,2025-05-16,0.0,0.0,-0.8523904496111393,-0.12554916618368495,0.7268412834274544,0.4513888888888889,0.4513888888888889,Medium,Low,Positive pre-15:00 return
RQ3 Large Movement,Strict,Reduced,RBF SVC,3,2025-05-19,0.0,0.0,-0.7878628108529616,-0.12554916618368495,0.6623136446692767,0.4097222222222222,0.4791666666666667,Medium,Low,Positive pre-15:00 return
RQ3 Large Movement,Strict,Reduced,RBF SVC,3,2025-05-21,0.0,1.0,1.305890346612435,-0.12554916618368495,1.43143951279612,0.9652777777777778,0.9652777777777778,High,High,Negative pre-15:00 return
RQ3 Large Movement,Strict,Reduced,RBF SVC,3,2025-05-22,1.0,0.0,-0.45829709035746735,-0.12554916618368495,0.3327479241737824,0.20833333333333334,0.6666666666666666,High,Medium,Positive pre-15:00 return
RQ3 Large Movement,Strict,Reduced,RBF SVC,3,2025-05-23,0.0,1.0,0.1313943923230586,-0.12554916618368495,0.25694355850674355,0.1388888888888889,0.8472222222222222,High,High,Positive pre-15:00 return
RQ3 Large Movement,Strict,Reduced,RBF SVC,3,2025-05-27,0.0,0.0,-1.113260984514672,-0.12554916618368495,0.987711818330987,0.6944444444444444,0.24305555555555555,High,Low,Positive pre-15:00 return
RQ3 Large Movement,Strict,Reduced,RBF SVC,3,2025-05-28,1.0,0.0,-0.47222963888311076,-0.12554916618368495,0.3466804726994258,0.22916666666666666,0.6458333333333334,High,Medium,Negative pre-15:00 return
RQ3 Large Movement,Strict,Reduced,RBF SVC,3,2025-05-29,0.0,1.0,0.11456399174248244,-0.12554916618368495,0.2401131579261674,0.11805555555555555,0.8402777777777778,High,High,Negative pre-15:00 return
RQ3 Large Movement,Strict,Reduced,RBF SVC,3,2025-05-30,0.0,0.0,-0.1465360527819356,-0.12554916618368495,0.020986886598250654,0.006944444444444444,0.7916666666666666,High,High,Negative pre-15:00 return
RQ3 Large Movement,Strict,Reduced,RBF SVC,3,2025-06-02,0.0,0.0,-0.45068683904792384,-0.12554916618368495,0.3251376728642389,0.2013888888888889,0.6736111111111112,Medium,Low,Positive pre-15:00 return
RQ3 Large Movement,Strict,Reduced,RBF SVC,3,2025-06-03,0.0,0.0,-0.7363416914101143,-0.12554916618368495,0.6107925252264294,0.375,0.5138888888888888,Medium,Medium,Positive pre-15:00 return
RQ3 Large Movement,Strict,Reduced,RBF SVC,3,2025-06-04,0.0,0.0,-0.9442310400056441,-0.12554916618368495,0.8186818738219591,0.5277777777777778,0.3888888888888889,Medium,Low,Positive pre-15:00 return
RQ3 Large Movement,Strict,Reduced,RBF SVC,3,2025-06-05,1.0,1.0,0.06633559437240388,-0.12554916618368495,0.19188476055608883,0.0763888888888889,0.8194444444444444,Medium,High,Negative pre-15:00 return
RQ3 Large Movement,Strict,Reduced,RBF SVC,3,2025-06-06,0.0,0.0,-0.8657614011686708,-0.12554916618368495,0.7402122349849859,0.4722222222222222,0.4305555555555556,Medium,Medium,Positive pre-15:00 return
RQ3 Large Movement,Strict,Reduced,RBF SVC,3,2025-06-10,0.0,0.0,-0.8628548345175723,-0.12554916618368495,0.7373056683338873,0.4652777777777778,0.4375,Medium,Medium,Positive pre-15:00 return
RQ3 Large Movement,Strict,Reduced,RBF SVC,3,2025-06-11,0.0,1.0,0.6150394363453789,-0.12554916618368495,0.7405886025290639,0.4791666666666667,0.9027777777777778,Medium,High,Negative pre-15:00 return
RQ3 Large Movement,Strict,Reduced,RBF SVC,3,2025-06-12,0.0,0.0,-1.113586567256748,-0.12554916618368495,0.988037401073063,0.7013888888888888,0.2361111111111111,Medium,Low,Positive pre-15:00 return
RQ3 Large Movement,Strict,Reduced,RBF SVC,3,2025-06-13,0.0,1.0,-0.031118306233232418,-0.12554916618368495,0.09443085995045253,0.020833333333333332,0.7986111111111112,High,High,Negative pre-15:00 return
RQ3 Large Movement,Strict,Reduced,RBF SVC,3,2025-06-16,0.0,0.0,-1.1614278167171999,-0.12554916618368495,1.035878650533515,0.75,0.19444444444444445,High,Low,Positive pre-15:00 return
RQ3 Large Movement,Strict,Reduced,RBF SVC,3,2025-06-17,0.0,0.0,-0.7393079470911607,-0.12554916618368495,0.6137587809074757,0.3819444444444444,0.5069444444444444,High,Medium,Negative pre-15:00 return
RQ3 Large Movement,Strict,Reduced,RBF SVC,3,2025-06-18,0.0,1.0,1.5010840410779793,-0.12554916618368495,1.6266332072616643,1.0,1.0,High,High,Negative pre-15:00 return
RQ3 Large Movement,Strict,Reduced,RBF SVC,3,2025-06-20,0.0,1.0,0.13737878210276866,-0.12554916618368495,0.2629279482864536,0.14583333333333334,0.8541666666666666,High,Medium,Negative pre-15:00 return
RQ3 Large Movement,Strict,Reduced,RBF SVC,3,2025-06-23,0.0,0.0,-0.4394222373276352,-0.12554916618368495,0.31387307114395024,0.1875,0.6875,High,Low,Positive pre-15:00 return
RQ3 Large Movement,Strict,Reduced,RBF SVC,3,2025-06-24,0.0,0.0,-1.290006978715296,-0.12554916618368495,1.164457812531611,0.8680555555555556,0.0763888888888889,Medium,Low,Positive pre-15:00 return
RQ3 Large Movement,Strict,Reduced,RBF SVC,3,2025-06-25,0.0,0.0,-1.3486640924469757,-0.12554916618368495,1.2231149262632908,0.9027777777777778,0.04861111111111111,Medium,Low,Negative pre-15:00 return
RQ3 Large Movement,Strict,Reduced,RBF SVC,3,2025-06-27,1.0,0.0,-0.38216080914117057,-0.12554916618368495,0.2566116429574856,0.13194444444444445,0.7152777777777778,Medium,High,Negative pre-15:00 return
RQ3 Large Movement,Strict,Reduced,RBF SVC,3,2025-06-30,0.0,0.0,-1.1468237228230365,-0.12554916618368495,1.0212745566393515,0.7361111111111112,0.2013888888888889,Medium,Low,Negative pre-15:00 return
RQ3 Large Movement,Strict,Reduced,RBF SVC,3,2025-07-01,0.0,0.0,-0.9454380055785104,-0.12554916618368495,0.8198888393948255,0.5347222222222222,0.3819444444444444,Medium,Low,Positive pre-15:00 return
RQ3 Large Movement,Strict,Reduced,RBF SVC,3,2025-07-02,0.0,0.0,-1.2870707563244426,-0.12554916618368495,1.1615215901407576,0.8611111111111112,0.08333333333333333,Medium,Low,Positive pre-15:00 return
RQ3 Large Movement,Strict,Reduced,RBF SVC,3,2025-07-07,0.0,0.0,-0.722430468669177,-0.12554916618368495,0.5968813024854921,0.3680555555555556,0.5208333333333334,Medium,Medium,Negative pre-15:00 return
RQ3 Large Movement,Strict,Reduced,RBF SVC,3,2025-07-08,0.0,0.0,-1.109100456840892,-0.12554916618368495,0.983551290657207,0.6805555555555556,0.2569444444444444,Medium,Low,Negative pre-15:00 return
RQ3 Large Movement,Strict,Reduced,RBF SVC,3,2025-07-09,0.0,0.0,-1.2353130341759444,-0.12554916618368495,1.1097638679922595,0.8263888888888888,0.11805555555555555,Medium,Low,Positive pre-15:00 return
RQ3 Large Movement,Strict,Reduced,RBF SVC,3,2025-07-11,0.0,0.0,-1.121174604571885,-0.12554916618368495,0.9956254383882,0.7152777777777778,0.2222222222222222,Medium,Low,Positive pre-15:00 return
RQ3 Large Movement,Strict,Reduced,RBF SVC,3,2025-07-15,0.0,0.0,-0.5043312416904516,-0.12554916618368495,0.3787820755067667,0.24305555555555555,0.6388888888888888,Medium,Low,Negative pre-15:00 return
RQ3 Large Movement,Strict,Reduced,RBF SVC,3,2025-07-16,0.0,0.0,-0.7119285237590646,-0.12554916618368495,0.5863793575753796,0.3541666666666667,0.5347222222222222,Medium,Low,Positive pre-15:00 return
RQ3 Large Movement,Strict,Reduced,RBF SVC,3,2025-07-18,0.0,0.0,-1.2740562402624627,-0.12554916618368495,1.1485070740787777,0.8541666666666666,0.09027777777777778,Medium,Low,Negative pre-15:00 return
RQ3 Large Movement,Strict,Reduced,RBF SVC,3,2025-07-22,0.0,0.0,-1.0692193193848087,-0.12554916618368495,0.9436701532011238,0.6319444444444444,0.3055555555555556,Medium,Low,Positive pre-15:00 return
RQ3 Large Movement,Strict,Reduced,RBF SVC,3,2025-07-23,0.0,0.0,-1.178941365701129,-0.12554916618368495,1.053392199517444,0.7569444444444444,0.1875,Low,Low,Positive pre-15:00 return
RQ3 Large Movement,Strict,Reduced,RBF SVC,3,2025-07-25,0.0,0.0,-1.512088774974619,-0.12554916618368495,1.386539608790934,0.9583333333333334,0.006944444444444444,Low,Low,Positive pre-15:00 return
RQ3 Large Movement,Strict,Reduced,RBF SVC,3,2025-07-28,0.0,0.0,-1.3261085147999991,-0.12554916618368495,1.2005593486163142,0.8819444444444444,0.0625,Low,Low,Negative pre-15:00 return
RQ3 Large Movement,Strict,Reduced,RBF SVC,3,2025-07-29,0.0,0.0,-0.8863722356252869,-0.12554916618368495,0.7608230694416019,0.4930555555555556,0.4166666666666667,Medium,Low,Negative pre-15:00 return
RQ3 Large Movement,Strict,Reduced,RBF SVC,3,2025-07-30,0.0,1.0,1.415251844362348,-0.12554916618368495,1.540801010546033,0.9791666666666666,0.9791666666666666,Medium,High,Negative pre-15:00 return
RQ3 Large Movement,Strict,Reduced,RBF SVC,3,2025-07-31,1.0,1.0,0.09319289687421095,-0.12554916618368495,0.2187420630578959,0.09722222222222222,0.8333333333333334,Medium,High,Negative pre-15:00 return
RQ3 Large Movement,Strict,Reduced,RBF SVC,3,2025-08-01,0.0,1.0,1.2348733854771263,-0.12554916618368495,1.3604225516608113,0.9513888888888888,0.9583333333333334,High,High,Negative pre-15:00 return
RQ3 Large Movement,Strict,Reduced,RBF SVC,3,2025-08-04,0.0,0.0,-1.0298802104672244,-0.12554916618368495,0.9043310442835395,0.5972222222222222,0.3333333333333333,Medium,Low,Positive pre-15:00 return
RQ3 Large Movement,Strict,Reduced,RBF SVC,3,2025-08-05,0.0,0.0,-0.5502803478394666,-0.12554916618368495,0.4247311816557816,0.25,0.6319444444444444,Medium,Medium,Negative pre-15:00 return
RQ3 Large Movement,Strict,Reduced,RBF SVC,3,2025-08-06,0.0,0.0,-0.8408705272945755,-0.12554916618368495,0.7153213611108905,0.4305555555555556,0.4652777777777778,Medium,Low,Positive pre-15:00 return
RQ3 Large Movement,Strict,Reduced,RBF SVC,3,2025-08-07,0.0,0.0,-0.6338271987210659,-0.12554916618368495,0.5082780325373809,0.2986111111111111,0.5902777777777778,Medium,Medium,Negative pre-15:00 return
RQ3 Large Movement,Strict,Reduced,RBF SVC,3,2025-08-08,0.0,0.0,-1.1942149034510443,-0.12554916618368495,1.0686657372673594,0.7777777777777778,0.16666666666666666,Low,Low,Positive pre-15:00 return
RQ3 Large Movement,Strict,Reduced,RBF SVC,3,2025-08-11,0.0,0.0,-1.2117067759357565,-0.12554916618368495,1.0861576097520715,0.7916666666666666,0.1527777777777778,Medium,Medium,Negative pre-15:00 return
RQ3 Large Movement,Strict,Reduced,RBF SVC,3,2025-08-12,0.0,0.0,-1.0255111241066053,-0.12554916618368495,0.8999619579229203,0.5902777777777778,0.3402777777777778,Low,Low,Positive pre-15:00 return
RQ3 Large Movement,Strict,Reduced,RBF SVC,3,2025-08-13,0.0,0.0,-1.1970648354828874,-0.12554916618368495,1.0715156692992025,0.7847222222222222,0.1597222222222222,Low,Medium,Negative pre-15:00 return
RQ3 Large Movement,Strict,Reduced,RBF SVC,3,2025-08-14,0.0,0.0,-1.052755252663394,-0.12554916618368495,0.9272060864797091,0.6111111111111112,0.3194444444444444,Low,Low,Positive pre-15:00 return
RQ3 Large Movement,Strict,Reduced,RBF SVC,3,2025-08-18,0.0,0.0,-1.3831181046003258,-0.12554916618368495,1.2575689384166409,0.9166666666666666,0.034722222222222224,Low,Low,Positive pre-15:00 return
RQ3 Large Movement,Strict,Reduced,RBF SVC,3,2025-08-19,0.0,0.0,-1.1104223374547737,-0.12554916618368495,0.9848731712710888,0.6875,0.25,Medium,Low,Negative pre-15:00 return
RQ3 Large Movement,Strict,Reduced,RBF SVC,3,2025-08-20,0.0,0.0,-0.4669654307013217,-0.12554916618368495,0.34141626451763674,0.2222222222222222,0.6527777777777778,Medium,High,Negative pre-15:00 return
RQ3 Large Movement,Strict,Reduced,RBF SVC,3,2025-08-21,0.0,0.0,-0.8611473781710107,-0.12554916618368495,0.7355982119873258,0.4583333333333333,0.4444444444444444,Medium,Low,Negative pre-15:00 return
RQ3 Large Movement,Strict,Reduced,RBF SVC,3,2025-08-22,0.0,0.0,-0.6796015328755963,-0.12554916618368495,0.5540523666919114,0.3333333333333333,0.5555555555555556,Low,Low,Positive pre-15:00 return
RQ3 Large Movement,Strict,Reduced,RBF SVC,3,2025-08-25,0.0,0.0,-1.2186160060135052,-0.12554916618368495,1.0930668398298202,0.8055555555555556,0.1388888888888889,Low,Low,Negative pre-15:00 return
RQ3 Large Movement,Strict,Reduced,RBF SVC,3,2025-08-26,0.0,0.0,-1.2590555672627697,-0.12554916618368495,1.1335064010790847,0.8402777777777778,0.10416666666666667,Low,Low,Positive pre-15:00 return
RQ3 Large Movement,Strict,Reduced,RBF SVC,3,2025-08-29,0.0,0.0,-1.1919272477480765,-0.12554916618368495,1.0663780815643915,0.7708333333333334,0.1736111111111111,Medium,Low,Negative pre-15:00 return
RQ3 Large Movement,Strict,Reduced,RBF SVC,3,2025-09-02,1.0,0.0,-0.8020116386044506,-0.12554916618368495,0.6764624724207656,0.4236111111111111,0.4722222222222222,Medium,Medium,Negative pre-15:00 return
RQ3 Large Movement,Strict,Reduced,RBF SVC,3,2025-09-03,1.0,0.0,-0.6932256582820199,-0.12554916618368495,0.5676764920983349,0.3472222222222222,0.5416666666666666,Medium,Medium,Negative pre-15:00 return
RQ3 Large Movement,Strict,Reduced,RBF SVC,3,2025-09-05,0.0,0.0,-0.35519520660149484,-0.12554916618368495,0.2296460404178099,0.10416666666666667,0.7361111111111112,Low,Low,Negative pre-15:00 return
RQ3 Large Movement,Strict,Reduced,RBF SVC,3,2025-09-09,0.0,0.0,-1.4018194078066113,-0.12554916618368495,1.2762702416229263,0.9305555555555556,0.020833333333333332,Low,Low,Positive pre-15:00 return
RQ3 Large Movement,Strict,Reduced,RBF SVC,3,2025-09-10,0.0,0.0,-1.1080201331233868,-0.12554916618368495,0.9824709669397018,0.6736111111111112,0.2638888888888889,Low,Low,Negative pre-15:00 return
RQ3 Large Movement,Strict,Reduced,RBF SVC,3,2025-09-11,0.0,0.0,-1.389325885693363,-0.12554916618368495,1.263776719509678,0.9236111111111112,0.027777777777777776,Low,Low,Positive pre-15:00 return
RQ3 Large Movement,Strict,Reduced,RBF SVC,3,2025-09-15,0.0,0.0,-1.4797219307129454,-0.12554916618368495,1.3541727645292605,0.9444444444444444,0.013888888888888888,Medium,Low,Positive pre-15:00 return
RQ3 Large Movement,Strict,Reduced,RBF SVC,3,2025-09-17,0.0,1.0,0.7418228639732797,-0.12554916618368495,0.8673720301569646,0.5763888888888888,0.9166666666666666,Medium,High,Negative pre-15:00 return
RQ3 Large Movement,Strict,Reduced,RBF SVC,3,2025-09-18,0.0,0.0,-1.2988207184109872,-0.12554916618368495,1.1732715522273023,0.875,0.06944444444444445,Low,Low,Positive pre-15:00 return
RQ3 Large Movement,Strict,Reduced,RBF SVC,3,2025-09-23,0.0,0.0,-0.7546417890403264,-0.12554916618368495,0.6290926228566415,0.3958333333333333,0.4930555555555556,Medium,Low,Negative pre-15:00 return
RQ3 Large Movement,Strict,Reduced,RBF SVC,3,2025-09-24,0.0,0.0,-1.1800210226163959,-0.12554916618368495,1.054471856432711,0.7638888888888888,0.18055555555555555,Medium,Low,Negative pre-15:00 return
RQ3 Large Movement,Strict,Reduced,RBF SVC,3,2025-09-25,0.0,0.0,-0.2159414731120598,-0.12554916618368495,0.09039230692837485,0.013888888888888888,0.7847222222222222,Medium,Medium,Negative pre-15:00 return
RQ3 Large Movement,Strict,Reduced,RBF SVC,3,2025-09-26,0.0,0.0,-0.9197653724565283,-0.12554916618368495,0.7942162062728434,0.5069444444444444,0.4027777777777778,Low,Low,Positive pre-15:00 return
RQ3 Large Movement,Strict,Reduced,RBF SVC,3,2025-09-29,0.0,0.0,-1.2665244606611665,-0.12554916618368495,1.1409752944774816,0.8472222222222222,0.09722222222222222,Medium,Low,Negative pre-15:00 return
RQ3 Large Movement,Strict,Reduced,RBF SVC,3,2025-09-30,0.0,0.0,-0.880470253695197,-0.12554916618368495,0.7549210875115121,0.4861111111111111,0.4236111111111111,Medium,Low,Positive pre-15:00 return
RQ3 Large Movement,Strict,Reduced,RBF SVC,3,2025-10-02,0.0,0.0,-1.1273018875541916,-0.12554916618368495,1.0017527213705066,0.7291666666666666,0.20833333333333334,Medium,Low,Negative pre-15:00 return
RQ3 Large Movement,Strict,Reduced,RBF SVC,3,2025-10-03,0.0,0.0,-0.5988872315017012,-0.12554916618368495,0.47333806531801625,0.2847222222222222,0.6041666666666666,Medium,Medium,Positive pre-15:00 return
RQ3 Large Movement,Strict,Reduced,RBF SVC,3,2025-10-07,0.0,0.0,-1.083268232907756,-0.12554916618368495,0.9577190667240711,0.6388888888888888,0.2986111111111111,Medium,Low,Negative pre-15:00 return
RQ3 Large Movement,Strict,Reduced,RBF SVC,3,2025-10-09,0.0,0.0,-1.0867516150521084,-0.12554916618368495,0.9612024488684234,0.6527777777777778,0.2847222222222222,Medium,Low,Negative pre-15:00 return
RQ3 Large Movement,Strict,Reduced,RBF SVC,3,2025-10-10,1.0,1.0,1.427100050222429,-0.12554916618368495,1.5526492164061139,0.9861111111111112,0.9861111111111112,High,High,Negative pre-15:00 return
RQ3 Large Movement,Strict,Reduced,RBF SVC,3,2025-10-13,0.0,0.0,-0.2492545743482878,-0.12554916618368495,0.12370540816460285,0.041666666666666664,0.7638888888888888,High,Medium,Positive pre-15:00 return
RQ3 Large Movement,Strict,Reduced,RBF SVC,3,2025-10-14,1.0,0.0,-0.5911680509582152,-0.12554916618368495,0.4656188847745303,0.2777777777777778,0.6111111111111112,High,Low,Positive pre-15:00 return
RQ3 Large Movement,Strict,Reduced,RBF SVC,3,2025-10-15,0.0,0.0,-0.22078823393784985,-0.12554916618368495,0.09523906775416491,0.027777777777777776,0.7777777777777778,High,Medium,Negative pre-15:00 return
RQ3 Large Movement,Strict,Reduced,RBF SVC,3,2025-10-16,0.0,1.0,0.7644920160987866,-0.12554916618368495,0.8900411822824715,0.5833333333333334,0.9236111111111112,High,High,Negative pre-15:00 return
RQ3 Large Movement,Strict,Reduced,RBF SVC,3,2025-10-17,0.0,1.0,0.24703190152458754,-0.12554916618368495,0.3725810677082725,0.2361111111111111,0.875,High,Medium,Positive pre-15:00 return
RQ3 Large Movement,Strict,Reduced,RBF SVC,3,2025-10-21,0.0,0.0,-1.1029277446824493,-0.12554916618368495,0.9773785784987643,0.6666666666666666,0.2708333333333333,Medium,Low,Positive pre-15:00 return
RQ3 Large Movement,Strict,Reduced,RBF SVC,3,2025-10-23,0.0,0.0,-1.0428877868014168,-0.12554916618368495,0.9173386206177319,0.6041666666666666,0.3263888888888889,Medium,Low,Positive pre-15:00 return
RQ3 Large Movement,Strict,Reduced,RBF SVC,3,2025-10-24,0.0,0.0,-1.3446809561962874,-0.12554916618368495,1.2191317900126024,0.8958333333333334,0.05555555555555555,Medium,Low,Positive pre-15:00 return
RQ3 Large Movement,Strict,Reduced,RBF SVC,3,2025-10-29,0.0,1.0,0.53783735099255,-0.12554916618368495,0.663386517176235,0.4166666666666667,0.8888888888888888,Medium,High,Negative pre-15:00 return
RQ3 Large Movement,Strict,Reduced,RBF SVC,3,2025-10-30,1.0,0.0,-0.38074527936834734,-0.12554916618368495,0.2551961131846624,0.125,0.7222222222222222,Medium,Medium,Negative pre-15:00 return
RQ3 Large Movement,Strict,Reduced,RBF SVC,3,2025-10-31,0.0,0.0,-0.46109544660705104,-0.12554916618368495,0.3355462804233661,0.2152777777777778,0.6597222222222222,Medium,Medium,Negative pre-15:00 return
RQ3 Large Movement,Strict,Reduced,RBF SVC,3,2025-11-03,0.0,0.0,-0.978345464566205,-0.12554916618368495,0.85279629838252,0.5694444444444444,0.3472222222222222,Medium,Low,Negative pre-15:00 return
RQ3 Large Movement,Strict,Reduced,RBF SVC,3,2025-11-04,0.0,0.0,-0.3319234249047326,-0.12554916618368495,0.20637425872104764,0.09027777777777778,0.7430555555555556,High,Medium,Negative pre-15:00 return
RQ3 Large Movement,Strict,Reduced,RBF SVC,3,2025-11-05,1.0,0.0,-0.9721026376906808,-0.12554916618368495,0.8465534715069959,0.5625,0.3541666666666667,Medium,Low,Positive pre-15:00 return
RQ3 Large Movement,Strict,Reduced,RBF SVC,3,2025-11-06,1.0,1.0,0.30102616051585607,-0.12554916618368495,0.426575326699541,0.2569444444444444,0.8819444444444444,High,High,Negative pre-15:00 return
RQ3 Large Movement,Strict,Reduced,RBF SVC,3,2025-11-07,0.0,1.0,0.5928948638130674,-0.12554916618368495,0.7184440299967524,0.4375,0.8958333333333334,High,High,Positive pre-15:00 return
RQ3 Large Movement,Strict,Reduced,RBF SVC,3,2025-11-10,0.0,0.0,-0.85161904731937,-0.12554916618368495,0.726069881135685,0.4444444444444444,0.4583333333333333,Medium,Low,Positive pre-15:00 return
RQ3 Large Movement,Strict,Reduced,RBF SVC,3,2025-11-11,0.0,0.0,-0.9079863963521259,-0.12554916618368495,0.7824372301684409,0.5,0.4097222222222222,Medium,Low,Positive pre-15:00 return
RQ3 Large Movement,Strict,Reduced,RBF SVC,3,2025-11-12,0.0,0.0,-0.5755248805131256,-0.12554916618368495,0.4499757143294406,0.2638888888888889,0.625,Medium,Medium,Negative pre-15:00 return
RQ3 Large Movement,Strict,Reduced,RBF SVC,3,2025-11-13,0.0,1.0,0.8179956563959262,-0.12554916618368495,0.9435448225796111,0.625,0.9305555555555556,High,High,Negative pre-15:00 return
RQ3 Large Movement,Strict,Reduced,RBF SVC,3,2025-11-14,1.0,1.0,0.16320028511439777,-0.12554916618368495,0.2887494512980827,0.16666666666666666,0.8611111111111112,High,High,Positive pre-15:00 return
RQ3 Large Movement,Strict,Reduced,RBF SVC,3,2025-11-17,1.0,1.0,1.1937354393865656,-0.12554916618368495,1.3192846055702505,0.9375,0.9513888888888888,High,High,Negative pre-15:00 return
RQ3 Large Movement,Strict,Reduced,RBF SVC,3,2025-11-18,1.0,1.0,1.092522252071909,-0.12554916618368495,1.2180714182555938,0.8888888888888888,0.9444444444444444,High,High,Positive pre-15:00 return
RQ3 Large Movement,Strict,Reduced,RBF SVC,3,2025-11-19,0.0,1.0,0.07618713137162902,-0.12554916618368495,0.20173629755531397,0.08333333333333333,0.8263888888888888,High,High,Positive pre-15:00 return
RQ3 Large Movement,Strict,Reduced,RBF SVC,3,2025-11-20,1.0,1.0,1.3793431864762113,-0.12554916618368495,1.5048923526598963,0.9722222222222222,0.9722222222222222,High,High,Negative pre-15:00 return
RQ3 Large Movement,Strict,Reduced,RBF SVC,3,2025-11-21,1.0,1.0,1.4964619677857676,-0.12554916618368495,1.6220111339694525,0.9930555555555556,0.9930555555555556,High,High,Positive pre-15:00 return
RQ3 Large Movement,Strict,Reduced,RBF SVC,3,2025-11-24,0.0,0.0,-0.2848338456380576,-0.12554916618368495,0.15928467945437264,0.0625,0.75,High,Low,Positive pre-15:00 return
RQ3 Large Movement,Strict,Reduced,RBF SVC,3,2025-11-25,0.0,0.0,-0.6479819041463274,-0.12554916618368495,0.5224327379626424,0.3055555555555556,0.5833333333333334,High,Low,Positive pre-15:00 return
RQ3 Large Movement,Strict,Reduced,RBF SVC,3,2025-11-26,0.0,0.0,-0.671753747872425,-0.12554916618368495,0.5462045816887401,0.3263888888888889,0.5625,Medium,Medium,Positive pre-15:00 return
RQ3 Large Movement,Strict,Reduced,RBF SVC,3,2025-12-01,0.0,0.0,-0.4466743170299775,-0.12554916618368495,0.32112515084629256,0.19444444444444445,0.6805555555555556,Medium,Medium,Positive pre-15:00 return
RQ3 Large Movement,Strict,Reduced,RBF SVC,3,2025-12-02,0.0,0.0,-0.7678845193525711,-0.12554916618368495,0.6423353531688861,0.4027777777777778,0.4861111111111111,Medium,Medium,Positive pre-15:00 return
RQ3 Large Movement,Strict,Reduced,RBF SVC,3,2025-12-03,0.0,0.0,-1.0866869817451184,-0.12554916618368495,0.9611378155614334,0.6458333333333334,0.2916666666666667,Medium,Low,Positive pre-15:00 return
RQ3 Large Movement,Strict,Reduced,RBF SVC,3,2025-12-04,0.0,0.0,-0.39940761350810006,-0.12554916618368495,0.2738584473244151,0.1527777777777778,0.7083333333333334,Medium,Medium,Negative pre-15:00 return
RQ3 Large Movement,Strict,Reduced,RBF SVC,3,2025-12-05,0.0,0.0,-1.2206316380201998,-0.12554916618368495,1.0950824718365149,0.8125,0.13194444444444445,Low,Low,Positive pre-15:00 return
RQ3 Large Movement,Strict,Reduced,RBF SVC,3,2025-12-08,0.0,0.0,-0.7418730848131655,-0.12554916618368495,0.6163239186294805,0.3888888888888889,0.5,Medium,Low,Negative pre-15:00 return
RQ3 Large Movement,Strict,Reduced,RBF SVC,3,2025-12-09,0.0,0.0,-1.3635516777592236,-0.12554916618368495,1.2380025115755386,0.9097222222222222,0.041666666666666664,Medium,Low,Positive pre-15:00 return
RQ3 Large Movement,Strict,Reduced,RBF SVC,3,2025-12-10,0.0,1.0,0.676780828839677,-0.12554916618368495,0.802329995023362,0.5208333333333334,0.9097222222222222,Medium,High,Positive pre-15:00 return
RQ3 Large Movement,Strict,Reduced,RBF SVC,3,2025-12-11,0.0,0.0,-0.7165944834665566,-0.12554916618368495,0.5910453172828717,0.3611111111111111,0.5277777777777778,Low,Low,Positive pre-15:00 return
RQ3 Large Movement,Strict,Reduced,RBF SVC,3,2025-12-12,0.0,0.0,-0.4097487902066085,-0.12554916618368495,0.28419962402292354,0.1597222222222222,0.7013888888888888,Medium,Medium,Negative pre-15:00 return
RQ3 Large Movement,Strict,Reduced,RBF SVC,3,2025-12-15,0.0,0.0,-0.6875487824657002,-0.12554916618368495,0.5619996162820152,0.3402777777777778,0.5486111111111112,Medium,Low,Negative pre-15:00 return
RQ3 Large Movement,Strict,Reduced,RBF SVC,3,2025-12-16,0.0,1.0,-0.0017583479574064809,-0.12554916618368495,0.12379081822627847,0.04861111111111111,0.8055555555555556,Medium,Medium,Negative pre-15:00 return
RQ3 Large Movement,Strict,Reduced,RBF SVC,3,2025-12-17,0.0,0.0,-0.25531951097417294,-0.12554916618368495,0.129770344790488,0.05555555555555555,0.7569444444444444,Medium,Medium,Negative pre-15:00 return
RQ3 Large Movement,Strict,Reduced,RBF SVC,3,2025-12-18,0.0,1.0,0.17215679088472413,-0.12554916618368495,0.2977059570684091,0.18055555555555555,0.8680555555555556,Medium,High,Negative pre-15:00 return
RQ3 Large Movement,Strict,Reduced,RBF SVC,3,2025-12-19,0.0,0.0,-1.1256631076583403,-0.12554916618368495,1.0001139414746554,0.7222222222222222,0.2152777777777778,Low,Low,Positive pre-15:00 return
RQ3 Large Movement,Strict,Reduced,RBF SVC,3,2025-12-29,0.0,0.0,-1.1151312587626188,-0.12554916618368495,0.9895820925789338,0.7083333333333334,0.22916666666666666,Low,Low,Positive pre-15:00 return
RQ3 Large Movement,Strict,Reduced,RBF SVC,3,2025-12-31,1.0,0.0,-0.9473259186385884,-0.12554916618368495,0.8217767524549034,0.5416666666666666,0.375,Low,Low,Negative pre-15:00 return
RQ3 Large Movement,Strict,Reduced,RBF SVC,3,2026-01-02,0.0,1.0,0.04815976196464866,-0.12554916618368495,0.1737089281483336,0.06944444444444445,0.8125,Low,Medium,Negative pre-15:00 return
RQ3 Large Movement,Strict,Reduced,RBF SVC,3,2026-01-05,0.0,0.0,-1.2463277416179612,-0.12554916618368495,1.1207785754342763,0.8333333333333334,0.1111111111111111,Low,Low,Positive pre-15:00 return
RQ3 Large Movement,Strict,Reduced,RBF SVC,3,2026-01-07,1.0,0.0,-1.096790058037028,-0.12554916618368495,0.9712408918533431,0.6597222222222222,0.2777777777777778,Low,Low,Negative pre-15:00 return
RQ3 Large Movement,Strict,Reduced,RBF SVC,3,2026-01-08,0.0,0.0,-1.0535848847128007,-0.12554916618368495,0.9280357185291157,0.6180555555555556,0.3125,Medium,Low,Negative pre-15:00 return
RQ3 Large Movement,Strict,Reduced,RBF SVC,3,2026-01-09,0.0,0.0,-1.2223672926508917,-0.12554916618368495,1.0968181264672068,0.8194444444444444,0.125,Low,Low,Positive pre-15:00 return
RQ3 Large Movement,Strict,Reduced,RBF SVC,3,2026-01-13,0.0,0.0,-0.9201725107282103,-0.12554916618368495,0.7946233445445253,0.5138888888888888,0.3958333333333333,Medium,Low,Negative pre-15:00 return
RQ3 Large Movement,Strict,Reduced,RBF SVC,3,2026-01-14,1.0,0.0,-0.5897179834171292,-0.12554916618368495,0.4641688172334443,0.2708333333333333,0.6180555555555556,Medium,Low,Negative pre-15:00 return
RQ3 Large Movement,Strict,Reduced,RBF SVC,3,2026-01-15,0.0,0.0,-0.6566666432165099,-0.12554916618368495,0.531117477032825,0.3194444444444444,0.5694444444444444,Medium,Medium,Negative pre-15:00 return
RQ3 Large Movement,Strict,Reduced,RBF SVC,3,2026-01-16,0.0,0.0,-0.9698212147777224,-0.12554916618368495,0.8442720485940375,0.5555555555555556,0.3611111111111111,Low,Low,Negative pre-15:00 return
RQ3 Large Movement,Strict,Reduced,RBF SVC,3,2026-01-20,0.0,0.0,-0.24633435203207443,-0.12554916618368495,0.12078518584838949,0.034722222222222224,0.7708333333333334,High,Medium,Negative pre-15:00 return
RQ3 Large Movement,Strict,Reduced,RBF SVC,3,2026-01-21,1.0,1.0,0.906011132330009,-0.12554916618368495,1.031560298513694,0.7430555555555556,0.9375,Medium,High,Positive pre-15:00 return
RQ3 Large Movement,Strict,Reduced,RBF SVC,3,2026-01-22,0.0,0.0,-0.6184185149703824,-0.12554916618368495,0.4928693487866974,0.2916666666666667,0.5972222222222222,Medium,Low,Negative pre-15:00 return
RQ3 Large Movement,Strict,Reduced,RBF SVC,3,2026-01-23,0.0,0.0,-0.9617804118913301,-0.12554916618368495,0.8362312457076452,0.5486111111111112,0.3680555555555556,Low,Low,Positive pre-15:00 return
RQ3 Large Movement,Strict,Reduced,RBF SVC,3,2026-01-26,0.0,0.0,-1.21457920115995,-0.12554916618368495,1.0890300349762652,0.7986111111111112,0.14583333333333334,Medium,Low,Positive pre-15:00 return
RQ3 Large Movement,Strict,Reduced,RBF SVC,3,2026-01-28,0.0,0.0,-0.4197627753031411,-0.12554916618368495,0.29421360911945615,0.1736111111111111,0.6944444444444444,Medium,High,Negative pre-15:00 return
