dataset,ticker,session_date,rows,file_path,status,message
stock_minute_1,SPY,2023-01-02,0,,empty,No qualifying bars
stock_minute_1,SPY,2023-01-03,854,C:\Users\hkhat\OneDrive\Desktop\Project\Dissertation\data_extended_2023_2026\raw\stock_minute_1\ticker=SPY\date=2023-01-03\data.parquet,ok,
stock_minute_1,SPY,2023-01-04,847,C:\Users\hkhat\OneDrive\Desktop\Project\Dissertation\data_extended_2023_2026\raw\stock_minute_1\ticker=SPY\date=2023-01-04\data.parquet,ok,
stock_minute_1,SPY,2023-01-05,839,C:\Users\hkhat\OneDrive\Desktop\Project\Dissertation\data_extended_2023_2026\raw\stock_minute_1\ticker=SPY\date=2023-01-05\data.parquet,ok,
stock_minute_1,SPY,2023-01-06,831,C:\Users\hkhat\OneDrive\Desktop\Project\Dissertation\data_extended_2023_2026\raw\stock_minute_1\ticker=SPY\date=2023-01-06\data.parquet,ok,
stock_minute_1,SPY,2023-01-09,844,C:\Users\hkhat\OneDrive\Desktop\Project\Dissertation\data_extended_2023_2026\raw\stock_minute_1\ticker=SPY\date=2023-01-09\data.parquet,ok,
stock_minute_1,SPY,2023-01-10,859,C:\Users\hkhat\OneDrive\Desktop\Project\Dissertation\data_extended_2023_2026\raw\stock_minute_1\ticker=SPY\date=2023-01-10\data.parquet,ok,
stock_minute_1,SPY,2023-01-11,870,C:\Users\hkhat\OneDrive\Desktop\Project\Dissertation\data_extended_2023_2026\raw\stock_minute_1\ticker=SPY\date=2023-01-11\data.parquet,ok,
stock_minute_1,SPY,2023-01-12,837,C:\Users\hkhat\OneDrive\Desktop\Project\Dissertation\data_extended_2023_2026\raw\stock_minute_1\ticker=SPY\date=2023-01-12\data.parquet,ok,
stock_minute_1,SPY,2023-01-13,823,C:\Users\hkhat\OneDrive\Desktop\Project\Dissertation\data_extended_2023_2026\raw\stock_minute_1\ticker=SPY\date=2023-01-13\data.parquet,ok,
stock_minute_1,SPY,2023-01-16,0,,empty,No qualifying bars
stock_minute_1,SPY,2023-01-17,834,C:\Users\hkhat\OneDrive\Desktop\Project\Dissertation\data_extended_2023_2026\raw\stock_minute_1\ticker=SPY\date=2023-01-17\data.parquet,ok,
stock_minute_1,SPY,2023-01-18,852,C:\Users\hkhat\OneDrive\Desktop\Project\Dissertation\data_extended_2023_2026\raw\stock_minute_1\ticker=SPY\date=2023-01-18\data.parquet,ok,
stock_minute_1,SPY,2023-01-19,886,C:\Users\hkhat\OneDrive\Desktop\Project\Dissertation\data_extended_2023_2026\raw\stock_minute_1\ticker=SPY\date=2023-01-19\data.parquet,ok,
stock_minute_1,SPY,2023-01-20,831,C:\Users\hkhat\OneDrive\Desktop\Project\Dissertation\data_extended_2023_2026\raw\stock_minute_1\ticker=SPY\date=2023-01-20\data.parquet,ok,
stock_minute_1,SPY,2023-01-23,837,C:\Users\hkhat\OneDrive\Desktop\Project\Dissertation\data_extended_2023_2026\raw\stock_minute_1\ticker=SPY\date=2023-01-23\data.parquet,ok,
stock_minute_1,SPY,2023-01-24,887,C:\Users\hkhat\OneDrive\Desktop\Project\Dissertation\data_extended_2023_2026\raw\stock_minute_1\ticker=SPY\date=2023-01-24\data.parquet,ok,
stock_minute_1,SPY,2023-01-25,890,C:\Users\hkhat\OneDrive\Desktop\Project\Dissertation\data_extended_2023_2026\raw\stock_minute_1\ticker=SPY\date=2023-01-25\data.parquet,ok,
stock_minute_1,SPY,2023-01-26,857,C:\Users\hkhat\OneDrive\Desktop\Project\Dissertation\data_extended_2023_2026\raw\stock_minute_1\ticker=SPY\date=2023-01-26\data.parquet,ok,
stock_minute_1,SPY,2023-01-27,806,C:\Users\hkhat\OneDrive\Desktop\Project\Dissertation\data_extended_2023_2026\raw\stock_minute_1\ticker=SPY\date=2023-01-27\data.parquet,ok,
stock_minute_1,SPY,2023-01-30,891,C:\Users\hkhat\OneDrive\Desktop\Project\Dissertation\data_extended_2023_2026\raw\stock_minute_1\ticker=SPY\date=2023-01-30\data.parquet,ok,
stock_minute_1,SPY,2023-01-31,889,C:\Users\hkhat\OneDrive\Desktop\Project\Dissertation\data_extended_2023_2026\raw\stock_minute_1\ticker=SPY\date=2023-01-31\data.parquet,ok,
stock_minute_1,SPY,2023-02-01,889,C:\Users\hkhat\OneDrive\Desktop\Project\Dissertation\data_extended_2023_2026\raw\stock_minute_1\ticker=SPY\date=2023-02-01\data.parquet,ok,
stock_minute_1,SPY,2023-02-02,907,C:\Users\hkhat\OneDrive\Desktop\Project\Dissertation\data_extended_2023_2026\raw\stock_minute_1\ticker=SPY\date=2023-02-02\data.parquet,ok,
stock_minute_1,SPY,2023-02-03,840,C:\Users\hkhat\OneDrive\Desktop\Project\Dissertation\data_extended_2023_2026\raw\stock_minute_1\ticker=SPY\date=2023-02-03\data.parquet,ok,
stock_minute_1,SPY,2023-02-06,883,C:\Users\hkhat\OneDrive\Desktop\Project\Dissertation\data_extended_2023_2026\raw\stock_minute_1\ticker=SPY\date=2023-02-06\data.parquet,ok,
stock_minute_1,SPY,2023-02-07,878,C:\Users\hkhat\OneDrive\Desktop\Project\Dissertation\data_extended_2023_2026\raw\stock_minute_1\ticker=SPY\date=2023-02-07\data.parquet,ok,
stock_minute_1,SPY,2023-02-08,856,C:\Users\hkhat\OneDrive\Desktop\Project\Dissertation\data_extended_2023_2026\raw\stock_minute_1\ticker=SPY\date=2023-02-08\data.parquet,ok,
stock_minute_1,SPY,2023-02-09,887,C:\Users\hkhat\OneDrive\Desktop\Project\Dissertation\data_extended_2023_2026\raw\stock_minute_1\ticker=SPY\date=2023-02-09\data.parquet,ok,
stock_minute_1,SPY,2023-02-10,835,C:\Users\hkhat\OneDrive\Desktop\Project\Dissertation\data_extended_2023_2026\raw\stock_minute_1\ticker=SPY\date=2023-02-10\data.parquet,ok,
stock_minute_1,SPY,2023-02-13,817,C:\Users\hkhat\OneDrive\Desktop\Project\Dissertation\data_extended_2023_2026\raw\stock_minute_1\ticker=SPY\date=2023-02-13\data.parquet,ok,
stock_minute_1,SPY,2023-02-14,833,C:\Users\hkhat\OneDrive\Desktop\Project\Dissertation\data_extended_2023_2026\raw\stock_minute_1\ticker=SPY\date=2023-02-14\data.parquet,ok,
stock_minute_1,SPY,2023-02-15,824,C:\Users\hkhat\OneDrive\Desktop\Project\Dissertation\data_extended_2023_2026\raw\stock_minute_1\ticker=SPY\date=2023-02-15\data.parquet,ok,
stock_minute_1,SPY,2023-02-16,866,C:\Users\hkhat\OneDrive\Desktop\Project\Dissertation\data_extended_2023_2026\raw\stock_minute_1\ticker=SPY\date=2023-02-16\data.parquet,ok,
stock_minute_1,SPY,2023-02-17,817,C:\Users\hkhat\OneDrive\Desktop\Project\Dissertation\data_extended_2023_2026\raw\stock_minute_1\ticker=SPY\date=2023-02-17\data.parquet,ok,
stock_minute_1,SPY,2023-02-20,0,,empty,No qualifying bars
stock_minute_1,SPY,2023-02-21,862,C:\Users\hkhat\OneDrive\Desktop\Project\Dissertation\data_extended_2023_2026\raw\stock_minute_1\ticker=SPY\date=2023-02-21\data.parquet,ok,
stock_minute_1,SPY,2023-02-22,864,C:\Users\hkhat\OneDrive\Desktop\Project\Dissertation\data_extended_2023_2026\raw\stock_minute_1\ticker=SPY\date=2023-02-22\data.parquet,ok,
stock_minute_1,SPY,2023-02-23,858,C:\Users\hkhat\OneDrive\Desktop\Project\Dissertation\data_extended_2023_2026\raw\stock_minute_1\ticker=SPY\date=2023-02-23\data.parquet,ok,
stock_minute_1,SPY,2023-02-24,776,C:\Users\hkhat\OneDrive\Desktop\Project\Dissertation\data_extended_2023_2026\raw\stock_minute_1\ticker=SPY\date=2023-02-24\data.parquet,ok,
stock_minute_1,SPY,2023-02-27,818,C:\Users\hkhat\OneDrive\Desktop\Project\Dissertation\data_extended_2023_2026\raw\stock_minute_1\ticker=SPY\date=2023-02-27\data.parquet,ok,
stock_minute_1,SPY,2023-02-28,875,C:\Users\hkhat\OneDrive\Desktop\Project\Dissertation\data_extended_2023_2026\raw\stock_minute_1\ticker=SPY\date=2023-02-28\data.parquet,ok,
stock_minute_1,SPY,2023-03-01,857,C:\Users\hkhat\OneDrive\Desktop\Project\Dissertation\data_extended_2023_2026\raw\stock_minute_1\ticker=SPY\date=2023-03-01\data.parquet,ok,
stock_minute_1,SPY,2023-03-02,873,C:\Users\hkhat\OneDrive\Desktop\Project\Dissertation\data_extended_2023_2026\raw\stock_minute_1\ticker=SPY\date=2023-03-02\data.parquet,ok,
stock_minute_1,SPY,2023-03-03,832,C:\Users\hkhat\OneDrive\Desktop\Project\Dissertation\data_extended_2023_2026\raw\stock_minute_1\ticker=SPY\date=2023-03-03\data.parquet,ok,
stock_minute_1,SPY,2023-03-06,830,C:\Users\hkhat\OneDrive\Desktop\Project\Dissertation\data_extended_2023_2026\raw\stock_minute_1\ticker=SPY\date=2023-03-06\data.parquet,ok,
stock_minute_1,SPY,2023-03-07,801,C:\Users\hkhat\OneDrive\Desktop\Project\Dissertation\data_extended_2023_2026\raw\stock_minute_1\ticker=SPY\date=2023-03-07\data.parquet,ok,
stock_minute_1,SPY,2023-03-08,860,C:\Users\hkhat\OneDrive\Desktop\Project\Dissertation\data_extended_2023_2026\raw\stock_minute_1\ticker=SPY\date=2023-03-08\data.parquet,ok,
stock_minute_1,SPY,2023-03-09,890,C:\Users\hkhat\OneDrive\Desktop\Project\Dissertation\data_extended_2023_2026\raw\stock_minute_1\ticker=SPY\date=2023-03-09\data.parquet,ok,
stock_minute_1,SPY,2023-03-10,884,C:\Users\hkhat\OneDrive\Desktop\Project\Dissertation\data_extended_2023_2026\raw\stock_minute_1\ticker=SPY\date=2023-03-10\data.parquet,ok,
stock_minute_1,SPY,2023-03-13,919,C:\Users\hkhat\OneDrive\Desktop\Project\Dissertation\data_extended_2023_2026\raw\stock_minute_1\ticker=SPY\date=2023-03-13\data.parquet,ok,
stock_minute_1,SPY,2023-03-14,892,C:\Users\hkhat\OneDrive\Desktop\Project\Dissertation\data_extended_2023_2026\raw\stock_minute_1\ticker=SPY\date=2023-03-14\data.parquet,ok,
stock_minute_1,SPY,2023-03-15,934,C:\Users\hkhat\OneDrive\Desktop\Project\Dissertation\data_extended_2023_2026\raw\stock_minute_1\ticker=SPY\date=2023-03-15\data.parquet,ok,
stock_minute_1,SPY,2023-03-16,895,C:\Users\hkhat\OneDrive\Desktop\Project\Dissertation\data_extended_2023_2026\raw\stock_minute_1\ticker=SPY\date=2023-03-16\data.parquet,ok,
stock_minute_1,SPY,2023-03-17,914,C:\Users\hkhat\OneDrive\Desktop\Project\Dissertation\data_extended_2023_2026\raw\stock_minute_1\ticker=SPY\date=2023-03-17\data.parquet,ok,
stock_minute_1,SPY,2023-03-20,896,C:\Users\hkhat\OneDrive\Desktop\Project\Dissertation\data_extended_2023_2026\raw\stock_minute_1\ticker=SPY\date=2023-03-20\data.parquet,ok,
stock_minute_1,SPY,2023-03-21,864,C:\Users\hkhat\OneDrive\Desktop\Project\Dissertation\data_extended_2023_2026\raw\stock_minute_1\ticker=SPY\date=2023-03-21\data.parquet,ok,
stock_minute_1,SPY,2023-03-22,876,C:\Users\hkhat\OneDrive\Desktop\Project\Dissertation\data_extended_2023_2026\raw\stock_minute_1\ticker=SPY\date=2023-03-22\data.parquet,ok,
stock_minute_1,SPY,2023-03-23,912,C:\Users\hkhat\OneDrive\Desktop\Project\Dissertation\data_extended_2023_2026\raw\stock_minute_1\ticker=SPY\date=2023-03-23\data.parquet,ok,
stock_minute_1,SPY,2023-03-24,877,C:\Users\hkhat\OneDrive\Desktop\Project\Dissertation\data_extended_2023_2026\raw\stock_minute_1\ticker=SPY\date=2023-03-24\data.parquet,ok,
stock_minute_1,SPY,2023-03-27,837,C:\Users\hkhat\OneDrive\Desktop\Project\Dissertation\data_extended_2023_2026\raw\stock_minute_1\ticker=SPY\date=2023-03-27\data.parquet,ok,
stock_minute_1,SPY,2023-03-28,829,C:\Users\hkhat\OneDrive\Desktop\Project\Dissertation\data_extended_2023_2026\raw\stock_minute_1\ticker=SPY\date=2023-03-28\data.parquet,ok,
stock_minute_1,SPY,2023-03-29,834,C:\Users\hkhat\OneDrive\Desktop\Project\Dissertation\data_extended_2023_2026\raw\stock_minute_1\ticker=SPY\date=2023-03-29\data.parquet,ok,
stock_minute_1,SPY,2023-03-30,857,C:\Users\hkhat\OneDrive\Desktop\Project\Dissertation\data_extended_2023_2026\raw\stock_minute_1\ticker=SPY\date=2023-03-30\data.parquet,ok,
stock_minute_1,SPY,2023-03-31,768,C:\Users\hkhat\OneDrive\Desktop\Project\Dissertation\data_extended_2023_2026\raw\stock_minute_1\ticker=SPY\date=2023-03-31\data.parquet,ok,
stock_minute_1,SPY,2023-04-03,855,C:\Users\hkhat\OneDrive\Desktop\Project\Dissertation\data_extended_2023_2026\raw\stock_minute_1\ticker=SPY\date=2023-04-03\data.parquet,ok,
stock_minute_1,SPY,2023-04-04,828,C:\Users\hkhat\OneDrive\Desktop\Project\Dissertation\data_extended_2023_2026\raw\stock_minute_1\ticker=SPY\date=2023-04-04\data.parquet,ok,
stock_minute_1,SPY,2023-04-05,809,C:\Users\hkhat\OneDrive\Desktop\Project\Dissertation\data_extended_2023_2026\raw\stock_minute_1\ticker=SPY\date=2023-04-05\data.parquet,ok,
stock_minute_1,SPY,2023-04-06,818,C:\Users\hkhat\OneDrive\Desktop\Project\Dissertation\data_extended_2023_2026\raw\stock_minute_1\ticker=SPY\date=2023-04-06\data.parquet,ok,
stock_minute_1,SPY,2023-04-07,0,,empty,No qualifying bars
stock_minute_1,SPY,2023-04-10,784,C:\Users\hkhat\OneDrive\Desktop\Project\Dissertation\data_extended_2023_2026\raw\stock_minute_1\ticker=SPY\date=2023-04-10\data.parquet,ok,
stock_minute_1,SPY,2023-04-11,797,C:\Users\hkhat\OneDrive\Desktop\Project\Dissertation\data_extended_2023_2026\raw\stock_minute_1\ticker=SPY\date=2023-04-11\data.parquet,ok,
stock_minute_1,SPY,2023-04-12,804,C:\Users\hkhat\OneDrive\Desktop\Project\Dissertation\data_extended_2023_2026\raw\stock_minute_1\ticker=SPY\date=2023-04-12\data.parquet,ok,
stock_minute_1,SPY,2023-04-13,834,C:\Users\hkhat\OneDrive\Desktop\Project\Dissertation\data_extended_2023_2026\raw\stock_minute_1\ticker=SPY\date=2023-04-13\data.parquet,ok,
stock_minute_1,SPY,2023-04-14,788,C:\Users\hkhat\OneDrive\Desktop\Project\Dissertation\data_extended_2023_2026\raw\stock_minute_1\ticker=SPY\date=2023-04-14\data.parquet,ok,
stock_minute_1,SPY,2023-04-17,805,C:\Users\hkhat\OneDrive\Desktop\Project\Dissertation\data_extended_2023_2026\raw\stock_minute_1\ticker=SPY\date=2023-04-17\data.parquet,ok,
stock_minute_1,SPY,2023-04-18,812,C:\Users\hkhat\OneDrive\Desktop\Project\Dissertation\data_extended_2023_2026\raw\stock_minute_1\ticker=SPY\date=2023-04-18\data.parquet,ok,
stock_minute_1,SPY,2023-04-19,857,C:\Users\hkhat\OneDrive\Desktop\Project\Dissertation\data_extended_2023_2026\raw\stock_minute_1\ticker=SPY\date=2023-04-19\data.parquet,ok,
stock_minute_1,SPY,2023-04-20,845,C:\Users\hkhat\OneDrive\Desktop\Project\Dissertation\data_extended_2023_2026\raw\stock_minute_1\ticker=SPY\date=2023-04-20\data.parquet,ok,
stock_minute_1,SPY,2023-04-21,764,C:\Users\hkhat\OneDrive\Desktop\Project\Dissertation\data_extended_2023_2026\raw\stock_minute_1\ticker=SPY\date=2023-04-21\data.parquet,ok,
stock_minute_1,SPY,2023-04-24,783,C:\Users\hkhat\OneDrive\Desktop\Project\Dissertation\data_extended_2023_2026\raw\stock_minute_1\ticker=SPY\date=2023-04-24\data.parquet,ok,
stock_minute_1,SPY,2023-04-25,880,C:\Users\hkhat\OneDrive\Desktop\Project\Dissertation\data_extended_2023_2026\raw\stock_minute_1\ticker=SPY\date=2023-04-25\data.parquet,ok,
stock_minute_1,SPY,2023-04-26,868,C:\Users\hkhat\OneDrive\Desktop\Project\Dissertation\data_extended_2023_2026\raw\stock_minute_1\ticker=SPY\date=2023-04-26\data.parquet,ok,
stock_minute_1,SPY,2023-04-27,855,C:\Users\hkhat\OneDrive\Desktop\Project\Dissertation\data_extended_2023_2026\raw\stock_minute_1\ticker=SPY\date=2023-04-27\data.parquet,ok,
stock_minute_1,SPY,2023-04-28,827,C:\Users\hkhat\OneDrive\Desktop\Project\Dissertation\data_extended_2023_2026\raw\stock_minute_1\ticker=SPY\date=2023-04-28\data.parquet,ok,
stock_minute_1,SPY,2023-05-01,812,C:\Users\hkhat\OneDrive\Desktop\Project\Dissertation\data_extended_2023_2026\raw\stock_minute_1\ticker=SPY\date=2023-05-01\data.parquet,ok,
stock_minute_1,SPY,2023-05-02,817,C:\Users\hkhat\OneDrive\Desktop\Project\Dissertation\data_extended_2023_2026\raw\stock_minute_1\ticker=SPY\date=2023-05-02\data.parquet,ok,
stock_minute_1,SPY,2023-05-03,849,C:\Users\hkhat\OneDrive\Desktop\Project\Dissertation\data_extended_2023_2026\raw\stock_minute_1\ticker=SPY\date=2023-05-03\data.parquet,ok,
stock_minute_1,SPY,2023-05-04,876,C:\Users\hkhat\OneDrive\Desktop\Project\Dissertation\data_extended_2023_2026\raw\stock_minute_1\ticker=SPY\date=2023-05-04\data.parquet,ok,
stock_minute_1,SPY,2023-05-05,788,C:\Users\hkhat\OneDrive\Desktop\Project\Dissertation\data_extended_2023_2026\raw\stock_minute_1\ticker=SPY\date=2023-05-05\data.parquet,ok,
stock_minute_1,SPY,2023-05-08,760,C:\Users\hkhat\OneDrive\Desktop\Project\Dissertation\data_extended_2023_2026\raw\stock_minute_1\ticker=SPY\date=2023-05-08\data.parquet,ok,
stock_minute_1,SPY,2023-05-09,798,C:\Users\hkhat\OneDrive\Desktop\Project\Dissertation\data_extended_2023_2026\raw\stock_minute_1\ticker=SPY\date=2023-05-09\data.parquet,ok,
stock_minute_1,SPY,2023-05-10,793,C:\Users\hkhat\OneDrive\Desktop\Project\Dissertation\data_extended_2023_2026\raw\stock_minute_1\ticker=SPY\date=2023-05-10\data.parquet,ok,
stock_minute_1,SPY,2023-05-11,798,C:\Users\hkhat\OneDrive\Desktop\Project\Dissertation\data_extended_2023_2026\raw\stock_minute_1\ticker=SPY\date=2023-05-11\data.parquet,ok,
stock_minute_1,SPY,2023-05-12,784,C:\Users\hkhat\OneDrive\Desktop\Project\Dissertation\data_extended_2023_2026\raw\stock_minute_1\ticker=SPY\date=2023-05-12\data.parquet,ok,
stock_minute_1,SPY,2023-05-15,794,C:\Users\hkhat\OneDrive\Desktop\Project\Dissertation\data_extended_2023_2026\raw\stock_minute_1\ticker=SPY\date=2023-05-15\data.parquet,ok,
stock_minute_1,SPY,2023-05-16,823,C:\Users\hkhat\OneDrive\Desktop\Project\Dissertation\data_extended_2023_2026\raw\stock_minute_1\ticker=SPY\date=2023-05-16\data.parquet,ok,
stock_minute_1,SPY,2023-05-17,809,C:\Users\hkhat\OneDrive\Desktop\Project\Dissertation\data_extended_2023_2026\raw\stock_minute_1\ticker=SPY\date=2023-05-17\data.parquet,ok,
stock_minute_1,SPY,2023-05-18,850,C:\Users\hkhat\OneDrive\Desktop\Project\Dissertation\data_extended_2023_2026\raw\stock_minute_1\ticker=SPY\date=2023-05-18\data.parquet,ok,
stock_minute_1,SPY,2023-05-19,812,C:\Users\hkhat\OneDrive\Desktop\Project\Dissertation\data_extended_2023_2026\raw\stock_minute_1\ticker=SPY\date=2023-05-19\data.parquet,ok,
stock_minute_1,SPY,2023-05-22,805,C:\Users\hkhat\OneDrive\Desktop\Project\Dissertation\data_extended_2023_2026\raw\stock_minute_1\ticker=SPY\date=2023-05-22\data.parquet,ok,
stock_minute_1,SPY,2023-05-23,787,C:\Users\hkhat\OneDrive\Desktop\Project\Dissertation\data_extended_2023_2026\raw\stock_minute_1\ticker=SPY\date=2023-05-23\data.parquet,ok,
stock_minute_1,SPY,2023-05-24,908,C:\Users\hkhat\OneDrive\Desktop\Project\Dissertation\data_extended_2023_2026\raw\stock_minute_1\ticker=SPY\date=2023-05-24\data.parquet,ok,
stock_minute_1,SPY,2023-05-25,858,C:\Users\hkhat\OneDrive\Desktop\Project\Dissertation\data_extended_2023_2026\raw\stock_minute_1\ticker=SPY\date=2023-05-25\data.parquet,ok,
stock_minute_1,SPY,2023-05-26,777,C:\Users\hkhat\OneDrive\Desktop\Project\Dissertation\data_extended_2023_2026\raw\stock_minute_1\ticker=SPY\date=2023-05-26\data.parquet,ok,
stock_minute_1,SPY,2023-05-29,0,,empty,No qualifying bars
stock_minute_1,SPY,2023-05-30,845,C:\Users\hkhat\OneDrive\Desktop\Project\Dissertation\data_extended_2023_2026\raw\stock_minute_1\ticker=SPY\date=2023-05-30\data.parquet,ok,
stock_minute_1,SPY,2023-05-31,818,C:\Users\hkhat\OneDrive\Desktop\Project\Dissertation\data_extended_2023_2026\raw\stock_minute_1\ticker=SPY\date=2023-05-31\data.parquet,ok,
stock_minute_1,SPY,2023-06-01,829,C:\Users\hkhat\OneDrive\Desktop\Project\Dissertation\data_extended_2023_2026\raw\stock_minute_1\ticker=SPY\date=2023-06-01\data.parquet,ok,
stock_minute_1,SPY,2023-06-02,799,C:\Users\hkhat\OneDrive\Desktop\Project\Dissertation\data_extended_2023_2026\raw\stock_minute_1\ticker=SPY\date=2023-06-02\data.parquet,ok,
stock_minute_1,SPY,2023-06-05,769,C:\Users\hkhat\OneDrive\Desktop\Project\Dissertation\data_extended_2023_2026\raw\stock_minute_1\ticker=SPY\date=2023-06-05\data.parquet,ok,
stock_minute_1,SPY,2023-06-06,771,C:\Users\hkhat\OneDrive\Desktop\Project\Dissertation\data_extended_2023_2026\raw\stock_minute_1\ticker=SPY\date=2023-06-06\data.parquet,ok,
stock_minute_1,SPY,2023-06-07,794,C:\Users\hkhat\OneDrive\Desktop\Project\Dissertation\data_extended_2023_2026\raw\stock_minute_1\ticker=SPY\date=2023-06-07\data.parquet,ok,
stock_minute_1,SPY,2023-06-08,792,C:\Users\hkhat\OneDrive\Desktop\Project\Dissertation\data_extended_2023_2026\raw\stock_minute_1\ticker=SPY\date=2023-06-08\data.parquet,ok,
stock_minute_1,SPY,2023-06-09,759,C:\Users\hkhat\OneDrive\Desktop\Project\Dissertation\data_extended_2023_2026\raw\stock_minute_1\ticker=SPY\date=2023-06-09\data.parquet,ok,
stock_minute_1,SPY,2023-06-12,824,C:\Users\hkhat\OneDrive\Desktop\Project\Dissertation\data_extended_2023_2026\raw\stock_minute_1\ticker=SPY\date=2023-06-12\data.parquet,ok,
stock_minute_1,SPY,2023-06-13,858,C:\Users\hkhat\OneDrive\Desktop\Project\Dissertation\data_extended_2023_2026\raw\stock_minute_1\ticker=SPY\date=2023-06-13\data.parquet,ok,
stock_minute_1,SPY,2023-06-14,799,C:\Users\hkhat\OneDrive\Desktop\Project\Dissertation\data_extended_2023_2026\raw\stock_minute_1\ticker=SPY\date=2023-06-14\data.parquet,ok,
stock_minute_1,SPY,2023-06-15,868,C:\Users\hkhat\OneDrive\Desktop\Project\Dissertation\data_extended_2023_2026\raw\stock_minute_1\ticker=SPY\date=2023-06-15\data.parquet,ok,
stock_minute_1,SPY,2023-06-16,831,C:\Users\hkhat\OneDrive\Desktop\Project\Dissertation\data_extended_2023_2026\raw\stock_minute_1\ticker=SPY\date=2023-06-16\data.parquet,ok,
stock_minute_1,SPY,2023-06-19,0,,empty,No qualifying bars
stock_minute_1,SPY,2023-06-20,825,C:\Users\hkhat\OneDrive\Desktop\Project\Dissertation\data_extended_2023_2026\raw\stock_minute_1\ticker=SPY\date=2023-06-20\data.parquet,ok,
stock_minute_1,SPY,2023-06-21,784,C:\Users\hkhat\OneDrive\Desktop\Project\Dissertation\data_extended_2023_2026\raw\stock_minute_1\ticker=SPY\date=2023-06-21\data.parquet,ok,
stock_minute_1,SPY,2023-06-22,797,C:\Users\hkhat\OneDrive\Desktop\Project\Dissertation\data_extended_2023_2026\raw\stock_minute_1\ticker=SPY\date=2023-06-22\data.parquet,ok,
stock_minute_1,SPY,2023-06-23,783,C:\Users\hkhat\OneDrive\Desktop\Project\Dissertation\data_extended_2023_2026\raw\stock_minute_1\ticker=SPY\date=2023-06-23\data.parquet,ok,
stock_minute_1,SPY,2023-06-26,826,C:\Users\hkhat\OneDrive\Desktop\Project\Dissertation\data_extended_2023_2026\raw\stock_minute_1\ticker=SPY\date=2023-06-26\data.parquet,ok,
stock_minute_1,SPY,2023-06-27,814,C:\Users\hkhat\OneDrive\Desktop\Project\Dissertation\data_extended_2023_2026\raw\stock_minute_1\ticker=SPY\date=2023-06-27\data.parquet,ok,
stock_minute_1,SPY,2023-06-28,812,C:\Users\hkhat\OneDrive\Desktop\Project\Dissertation\data_extended_2023_2026\raw\stock_minute_1\ticker=SPY\date=2023-06-28\data.parquet,ok,
stock_minute_1,SPY,2023-06-29,812,C:\Users\hkhat\OneDrive\Desktop\Project\Dissertation\data_extended_2023_2026\raw\stock_minute_1\ticker=SPY\date=2023-06-29\data.parquet,ok,
stock_minute_1,SPY,2023-06-30,787,C:\Users\hkhat\OneDrive\Desktop\Project\Dissertation\data_extended_2023_2026\raw\stock_minute_1\ticker=SPY\date=2023-06-30\data.parquet,ok,
stock_minute_1,SPY,2023-07-03,468,C:\Users\hkhat\OneDrive\Desktop\Project\Dissertation\data_extended_2023_2026\raw\stock_minute_1\ticker=SPY\date=2023-07-03\data.parquet,ok,
stock_minute_1,SPY,2023-07-04,0,,empty,No qualifying bars
stock_minute_1,SPY,2023-07-05,784,C:\Users\hkhat\OneDrive\Desktop\Project\Dissertation\data_extended_2023_2026\raw\stock_minute_1\ticker=SPY\date=2023-07-05\data.parquet,ok,
stock_minute_1,SPY,2023-07-06,801,C:\Users\hkhat\OneDrive\Desktop\Project\Dissertation\data_extended_2023_2026\raw\stock_minute_1\ticker=SPY\date=2023-07-06\data.parquet,ok,
stock_minute_1,SPY,2023-07-07,753,C:\Users\hkhat\OneDrive\Desktop\Project\Dissertation\data_extended_2023_2026\raw\stock_minute_1\ticker=SPY\date=2023-07-07\data.parquet,ok,
stock_minute_1,SPY,2023-07-10,798,C:\Users\hkhat\OneDrive\Desktop\Project\Dissertation\data_extended_2023_2026\raw\stock_minute_1\ticker=SPY\date=2023-07-10\data.parquet,ok,
stock_minute_1,SPY,2023-07-11,810,C:\Users\hkhat\OneDrive\Desktop\Project\Dissertation\data_extended_2023_2026\raw\stock_minute_1\ticker=SPY\date=2023-07-11\data.parquet,ok,
stock_minute_1,SPY,2023-07-12,768,C:\Users\hkhat\OneDrive\Desktop\Project\Dissertation\data_extended_2023_2026\raw\stock_minute_1\ticker=SPY\date=2023-07-12\data.parquet,ok,
stock_minute_1,SPY,2023-07-13,829,C:\Users\hkhat\OneDrive\Desktop\Project\Dissertation\data_extended_2023_2026\raw\stock_minute_1\ticker=SPY\date=2023-07-13\data.parquet,ok,
stock_minute_1,SPY,2023-07-14,783,C:\Users\hkhat\OneDrive\Desktop\Project\Dissertation\data_extended_2023_2026\raw\stock_minute_1\ticker=SPY\date=2023-07-14\data.parquet,ok,
stock_minute_1,SPY,2023-07-17,781,C:\Users\hkhat\OneDrive\Desktop\Project\Dissertation\data_extended_2023_2026\raw\stock_minute_1\ticker=SPY\date=2023-07-17\data.parquet,ok,
stock_minute_1,SPY,2023-07-18,756,C:\Users\hkhat\OneDrive\Desktop\Project\Dissertation\data_extended_2023_2026\raw\stock_minute_1\ticker=SPY\date=2023-07-18\data.parquet,ok,
stock_minute_1,SPY,2023-07-19,826,C:\Users\hkhat\OneDrive\Desktop\Project\Dissertation\data_extended_2023_2026\raw\stock_minute_1\ticker=SPY\date=2023-07-19\data.parquet,ok,
stock_minute_1,SPY,2023-07-20,783,C:\Users\hkhat\OneDrive\Desktop\Project\Dissertation\data_extended_2023_2026\raw\stock_minute_1\ticker=SPY\date=2023-07-20\data.parquet,ok,
stock_minute_1,SPY,2023-07-21,732,C:\Users\hkhat\OneDrive\Desktop\Project\Dissertation\data_extended_2023_2026\raw\stock_minute_1\ticker=SPY\date=2023-07-21\data.parquet,ok,
stock_minute_1,SPY,2023-07-24,723,C:\Users\hkhat\OneDrive\Desktop\Project\Dissertation\data_extended_2023_2026\raw\stock_minute_1\ticker=SPY\date=2023-07-24\data.parquet,ok,
stock_minute_1,SPY,2023-07-25,796,C:\Users\hkhat\OneDrive\Desktop\Project\Dissertation\data_extended_2023_2026\raw\stock_minute_1\ticker=SPY\date=2023-07-25\data.parquet,ok,
stock_minute_1,SPY,2023-07-26,794,C:\Users\hkhat\OneDrive\Desktop\Project\Dissertation\data_extended_2023_2026\raw\stock_minute_1\ticker=SPY\date=2023-07-26\data.parquet,ok,
stock_minute_1,SPY,2023-07-27,814,C:\Users\hkhat\OneDrive\Desktop\Project\Dissertation\data_extended_2023_2026\raw\stock_minute_1\ticker=SPY\date=2023-07-27\data.parquet,ok,
stock_minute_1,SPY,2023-07-28,777,C:\Users\hkhat\OneDrive\Desktop\Project\Dissertation\data_extended_2023_2026\raw\stock_minute_1\ticker=SPY\date=2023-07-28\data.parquet,ok,
stock_minute_1,SPY,2023-07-31,768,C:\Users\hkhat\OneDrive\Desktop\Project\Dissertation\data_extended_2023_2026\raw\stock_minute_1\ticker=SPY\date=2023-07-31\data.parquet,ok,
stock_minute_1,SPY,2023-08-01,857,C:\Users\hkhat\OneDrive\Desktop\Project\Dissertation\data_extended_2023_2026\raw\stock_minute_1\ticker=SPY\date=2023-08-01\data.parquet,ok,
stock_minute_1,SPY,2023-08-02,885,C:\Users\hkhat\OneDrive\Desktop\Project\Dissertation\data_extended_2023_2026\raw\stock_minute_1\ticker=SPY\date=2023-08-02\data.parquet,ok,
stock_minute_1,SPY,2023-08-03,864,C:\Users\hkhat\OneDrive\Desktop\Project\Dissertation\data_extended_2023_2026\raw\stock_minute_1\ticker=SPY\date=2023-08-03\data.parquet,ok,
stock_minute_1,SPY,2023-08-04,805,C:\Users\hkhat\OneDrive\Desktop\Project\Dissertation\data_extended_2023_2026\raw\stock_minute_1\ticker=SPY\date=2023-08-04\data.parquet,ok,
stock_minute_1,SPY,2023-08-07,800,C:\Users\hkhat\OneDrive\Desktop\Project\Dissertation\data_extended_2023_2026\raw\stock_minute_1\ticker=SPY\date=2023-08-07\data.parquet,ok,
stock_minute_1,SPY,2023-08-08,811,C:\Users\hkhat\OneDrive\Desktop\Project\Dissertation\data_extended_2023_2026\raw\stock_minute_1\ticker=SPY\date=2023-08-08\data.parquet,ok,
stock_minute_1,SPY,2023-08-09,791,C:\Users\hkhat\OneDrive\Desktop\Project\Dissertation\data_extended_2023_2026\raw\stock_minute_1\ticker=SPY\date=2023-08-09\data.parquet,ok,
stock_minute_1,SPY,2023-08-10,821,C:\Users\hkhat\OneDrive\Desktop\Project\Dissertation\data_extended_2023_2026\raw\stock_minute_1\ticker=SPY\date=2023-08-10\data.parquet,ok,
stock_minute_1,SPY,2023-08-11,773,C:\Users\hkhat\OneDrive\Desktop\Project\Dissertation\data_extended_2023_2026\raw\stock_minute_1\ticker=SPY\date=2023-08-11\data.parquet,ok,
stock_minute_1,SPY,2023-08-14,805,C:\Users\hkhat\OneDrive\Desktop\Project\Dissertation\data_extended_2023_2026\raw\stock_minute_1\ticker=SPY\date=2023-08-14\data.parquet,ok,
stock_minute_1,SPY,2023-08-15,851,C:\Users\hkhat\OneDrive\Desktop\Project\Dissertation\data_extended_2023_2026\raw\stock_minute_1\ticker=SPY\date=2023-08-15\data.parquet,ok,
stock_minute_1,SPY,2023-08-16,835,C:\Users\hkhat\OneDrive\Desktop\Project\Dissertation\data_extended_2023_2026\raw\stock_minute_1\ticker=SPY\date=2023-08-16\data.parquet,ok,
stock_minute_1,SPY,2023-08-17,838,C:\Users\hkhat\OneDrive\Desktop\Project\Dissertation\data_extended_2023_2026\raw\stock_minute_1\ticker=SPY\date=2023-08-17\data.parquet,ok,
stock_minute_1,SPY,2023-08-18,827,C:\Users\hkhat\OneDrive\Desktop\Project\Dissertation\data_extended_2023_2026\raw\stock_minute_1\ticker=SPY\date=2023-08-18\data.parquet,ok,
stock_minute_1,SPY,2023-08-21,828,C:\Users\hkhat\OneDrive\Desktop\Project\Dissertation\data_extended_2023_2026\raw\stock_minute_1\ticker=SPY\date=2023-08-21\data.parquet,ok,
stock_minute_1,SPY,2023-08-22,817,C:\Users\hkhat\OneDrive\Desktop\Project\Dissertation\data_extended_2023_2026\raw\stock_minute_1\ticker=SPY\date=2023-08-22\data.parquet,ok,
stock_minute_1,SPY,2023-08-23,860,C:\Users\hkhat\OneDrive\Desktop\Project\Dissertation\data_extended_2023_2026\raw\stock_minute_1\ticker=SPY\date=2023-08-23\data.parquet,ok,
stock_minute_1,SPY,2023-08-24,852,C:\Users\hkhat\OneDrive\Desktop\Project\Dissertation\data_extended_2023_2026\raw\stock_minute_1\ticker=SPY\date=2023-08-24\data.parquet,ok,
stock_minute_1,SPY,2023-08-25,775,C:\Users\hkhat\OneDrive\Desktop\Project\Dissertation\data_extended_2023_2026\raw\stock_minute_1\ticker=SPY\date=2023-08-25\data.parquet,ok,
stock_minute_1,SPY,2023-08-28,739,C:\Users\hkhat\OneDrive\Desktop\Project\Dissertation\data_extended_2023_2026\raw\stock_minute_1\ticker=SPY\date=2023-08-28\data.parquet,ok,
stock_minute_1,SPY,2023-08-29,779,C:\Users\hkhat\OneDrive\Desktop\Project\Dissertation\data_extended_2023_2026\raw\stock_minute_1\ticker=SPY\date=2023-08-29\data.parquet,ok,
stock_minute_1,SPY,2023-08-30,770,C:\Users\hkhat\OneDrive\Desktop\Project\Dissertation\data_extended_2023_2026\raw\stock_minute_1\ticker=SPY\date=2023-08-30\data.parquet,ok,
stock_minute_1,SPY,2023-08-31,755,C:\Users\hkhat\OneDrive\Desktop\Project\Dissertation\data_extended_2023_2026\raw\stock_minute_1\ticker=SPY\date=2023-08-31\data.parquet,ok,
stock_minute_1,SPY,2023-09-01,788,C:\Users\hkhat\OneDrive\Desktop\Project\Dissertation\data_extended_2023_2026\raw\stock_minute_1\ticker=SPY\date=2023-09-01\data.parquet,ok,
stock_minute_1,SPY,2023-09-04,0,,empty,No qualifying bars
stock_minute_1,SPY,2023-09-05,791,C:\Users\hkhat\OneDrive\Desktop\Project\Dissertation\data_extended_2023_2026\raw\stock_minute_1\ticker=SPY\date=2023-09-05\data.parquet,ok,
stock_minute_1,SPY,2023-09-06,729,C:\Users\hkhat\OneDrive\Desktop\Project\Dissertation\data_extended_2023_2026\raw\stock_minute_1\ticker=SPY\date=2023-09-06\data.parquet,ok,
stock_minute_1,SPY,2023-09-07,783,C:\Users\hkhat\OneDrive\Desktop\Project\Dissertation\data_extended_2023_2026\raw\stock_minute_1\ticker=SPY\date=2023-09-07\data.parquet,ok,
stock_minute_1,SPY,2023-09-08,809,C:\Users\hkhat\OneDrive\Desktop\Project\Dissertation\data_extended_2023_2026\raw\stock_minute_1\ticker=SPY\date=2023-09-08\data.parquet,ok,
stock_minute_1,SPY,2023-09-11,750,C:\Users\hkhat\OneDrive\Desktop\Project\Dissertation\data_extended_2023_2026\raw\stock_minute_1\ticker=SPY\date=2023-09-11\data.parquet,ok,
stock_minute_1,SPY,2023-09-12,740,C:\Users\hkhat\OneDrive\Desktop\Project\Dissertation\data_extended_2023_2026\raw\stock_minute_1\ticker=SPY\date=2023-09-12\data.parquet,ok,
stock_minute_1,SPY,2023-09-13,759,C:\Users\hkhat\OneDrive\Desktop\Project\Dissertation\data_extended_2023_2026\raw\stock_minute_1\ticker=SPY\date=2023-09-13\data.parquet,ok,
stock_minute_1,SPY,2023-09-14,766,C:\Users\hkhat\OneDrive\Desktop\Project\Dissertation\data_extended_2023_2026\raw\stock_minute_1\ticker=SPY\date=2023-09-14\data.parquet,ok,
stock_minute_1,SPY,2023-09-15,820,C:\Users\hkhat\OneDrive\Desktop\Project\Dissertation\data_extended_2023_2026\raw\stock_minute_1\ticker=SPY\date=2023-09-15\data.parquet,ok,
stock_minute_1,SPY,2023-09-18,773,C:\Users\hkhat\OneDrive\Desktop\Project\Dissertation\data_extended_2023_2026\raw\stock_minute_1\ticker=SPY\date=2023-09-18\data.parquet,ok,
stock_minute_1,SPY,2023-09-19,713,C:\Users\hkhat\OneDrive\Desktop\Project\Dissertation\data_extended_2023_2026\raw\stock_minute_1\ticker=SPY\date=2023-09-19\data.parquet,ok,
stock_minute_1,SPY,2023-09-20,841,C:\Users\hkhat\OneDrive\Desktop\Project\Dissertation\data_extended_2023_2026\raw\stock_minute_1\ticker=SPY\date=2023-09-20\data.parquet,ok,
stock_minute_1,SPY,2023-09-21,881,C:\Users\hkhat\OneDrive\Desktop\Project\Dissertation\data_extended_2023_2026\raw\stock_minute_1\ticker=SPY\date=2023-09-21\data.parquet,ok,
stock_minute_1,SPY,2023-09-22,797,C:\Users\hkhat\OneDrive\Desktop\Project\Dissertation\data_extended_2023_2026\raw\stock_minute_1\ticker=SPY\date=2023-09-22\data.parquet,ok,
stock_minute_1,SPY,2023-09-25,852,C:\Users\hkhat\OneDrive\Desktop\Project\Dissertation\data_extended_2023_2026\raw\stock_minute_1\ticker=SPY\date=2023-09-25\data.parquet,ok,
stock_minute_1,SPY,2023-09-26,832,C:\Users\hkhat\OneDrive\Desktop\Project\Dissertation\data_extended_2023_2026\raw\stock_minute_1\ticker=SPY\date=2023-09-26\data.parquet,ok,
stock_minute_1,SPY,2023-09-27,852,C:\Users\hkhat\OneDrive\Desktop\Project\Dissertation\data_extended_2023_2026\raw\stock_minute_1\ticker=SPY\date=2023-09-27\data.parquet,ok,
stock_minute_1,SPY,2023-09-28,866,C:\Users\hkhat\OneDrive\Desktop\Project\Dissertation\data_extended_2023_2026\raw\stock_minute_1\ticker=SPY\date=2023-09-28\data.parquet,ok,
stock_minute_1,SPY,2023-09-29,780,C:\Users\hkhat\OneDrive\Desktop\Project\Dissertation\data_extended_2023_2026\raw\stock_minute_1\ticker=SPY\date=2023-09-29\data.parquet,ok,
stock_minute_1,SPY,2023-10-02,850,C:\Users\hkhat\OneDrive\Desktop\Project\Dissertation\data_extended_2023_2026\raw\stock_minute_1\ticker=SPY\date=2023-10-02\data.parquet,ok,
stock_minute_1,SPY,2023-10-03,862,C:\Users\hkhat\OneDrive\Desktop\Project\Dissertation\data_extended_2023_2026\raw\stock_minute_1\ticker=SPY\date=2023-10-03\data.parquet,ok,
stock_minute_1,SPY,2023-10-04,844,C:\Users\hkhat\OneDrive\Desktop\Project\Dissertation\data_extended_2023_2026\raw\stock_minute_1\ticker=SPY\date=2023-10-04\data.parquet,ok,
stock_minute_1,SPY,2023-10-05,780,C:\Users\hkhat\OneDrive\Desktop\Project\Dissertation\data_extended_2023_2026\raw\stock_minute_1\ticker=SPY\date=2023-10-05\data.parquet,ok,
stock_minute_1,SPY,2023-10-06,815,C:\Users\hkhat\OneDrive\Desktop\Project\Dissertation\data_extended_2023_2026\raw\stock_minute_1\ticker=SPY\date=2023-10-06\data.parquet,ok,
stock_minute_1,SPY,2023-10-09,825,C:\Users\hkhat\OneDrive\Desktop\Project\Dissertation\data_extended_2023_2026\raw\stock_minute_1\ticker=SPY\date=2023-10-09\data.parquet,ok,
stock_minute_1,SPY,2023-10-10,814,C:\Users\hkhat\OneDrive\Desktop\Project\Dissertation\data_extended_2023_2026\raw\stock_minute_1\ticker=SPY\date=2023-10-10\data.parquet,ok,
stock_minute_1,SPY,2023-10-11,827,C:\Users\hkhat\OneDrive\Desktop\Project\Dissertation\data_extended_2023_2026\raw\stock_minute_1\ticker=SPY\date=2023-10-11\data.parquet,ok,
stock_minute_1,SPY,2023-10-12,801,C:\Users\hkhat\OneDrive\Desktop\Project\Dissertation\data_extended_2023_2026\raw\stock_minute_1\ticker=SPY\date=2023-10-12\data.parquet,ok,
stock_minute_1,SPY,2023-10-13,830,C:\Users\hkhat\OneDrive\Desktop\Project\Dissertation\data_extended_2023_2026\raw\stock_minute_1\ticker=SPY\date=2023-10-13\data.parquet,ok,
stock_minute_1,SPY,2023-10-16,821,C:\Users\hkhat\OneDrive\Desktop\Project\Dissertation\data_extended_2023_2026\raw\stock_minute_1\ticker=SPY\date=2023-10-16\data.parquet,ok,
stock_minute_1,SPY,2023-10-17,795,C:\Users\hkhat\OneDrive\Desktop\Project\Dissertation\data_extended_2023_2026\raw\stock_minute_1\ticker=SPY\date=2023-10-17\data.parquet,ok,
stock_minute_1,SPY,2023-10-18,853,C:\Users\hkhat\OneDrive\Desktop\Project\Dissertation\data_extended_2023_2026\raw\stock_minute_1\ticker=SPY\date=2023-10-18\data.parquet,ok,
stock_minute_1,SPY,2023-10-19,873,C:\Users\hkhat\OneDrive\Desktop\Project\Dissertation\data_extended_2023_2026\raw\stock_minute_1\ticker=SPY\date=2023-10-19\data.parquet,ok,
stock_minute_1,SPY,2023-10-20,834,C:\Users\hkhat\OneDrive\Desktop\Project\Dissertation\data_extended_2023_2026\raw\stock_minute_1\ticker=SPY\date=2023-10-20\data.parquet,ok,
stock_minute_1,SPY,2023-10-23,865,C:\Users\hkhat\OneDrive\Desktop\Project\Dissertation\data_extended_2023_2026\raw\stock_minute_1\ticker=SPY\date=2023-10-23\data.parquet,ok,
stock_minute_1,SPY,2023-10-24,869,C:\Users\hkhat\OneDrive\Desktop\Project\Dissertation\data_extended_2023_2026\raw\stock_minute_1\ticker=SPY\date=2023-10-24\data.parquet,ok,
stock_minute_1,SPY,2023-10-25,864,C:\Users\hkhat\OneDrive\Desktop\Project\Dissertation\data_extended_2023_2026\raw\stock_minute_1\ticker=SPY\date=2023-10-25\data.parquet,ok,
stock_minute_1,SPY,2023-10-26,883,C:\Users\hkhat\OneDrive\Desktop\Project\Dissertation\data_extended_2023_2026\raw\stock_minute_1\ticker=SPY\date=2023-10-26\data.parquet,ok,
stock_minute_1,SPY,2023-10-27,845,C:\Users\hkhat\OneDrive\Desktop\Project\Dissertation\data_extended_2023_2026\raw\stock_minute_1\ticker=SPY\date=2023-10-27\data.parquet,ok,
stock_minute_1,SPY,2023-10-30,822,C:\Users\hkhat\OneDrive\Desktop\Project\Dissertation\data_extended_2023_2026\raw\stock_minute_1\ticker=SPY\date=2023-10-30\data.parquet,ok,
stock_minute_1,SPY,2023-10-31,855,C:\Users\hkhat\OneDrive\Desktop\Project\Dissertation\data_extended_2023_2026\raw\stock_minute_1\ticker=SPY\date=2023-10-31\data.parquet,ok,
stock_minute_1,SPY,2023-11-01,827,C:\Users\hkhat\OneDrive\Desktop\Project\Dissertation\data_extended_2023_2026\raw\stock_minute_1\ticker=SPY\date=2023-11-01\data.parquet,ok,
stock_minute_1,SPY,2023-11-02,887,C:\Users\hkhat\OneDrive\Desktop\Project\Dissertation\data_extended_2023_2026\raw\stock_minute_1\ticker=SPY\date=2023-11-02\data.parquet,ok,
stock_minute_1,SPY,2023-11-03,755,C:\Users\hkhat\OneDrive\Desktop\Project\Dissertation\data_extended_2023_2026\raw\stock_minute_1\ticker=SPY\date=2023-11-03\data.parquet,ok,
stock_minute_1,SPY,2023-11-06,806,C:\Users\hkhat\OneDrive\Desktop\Project\Dissertation\data_extended_2023_2026\raw\stock_minute_1\ticker=SPY\date=2023-11-06\data.parquet,ok,
stock_minute_1,SPY,2023-11-07,771,C:\Users\hkhat\OneDrive\Desktop\Project\Dissertation\data_extended_2023_2026\raw\stock_minute_1\ticker=SPY\date=2023-11-07\data.parquet,ok,
stock_minute_1,SPY,2023-11-08,750,C:\Users\hkhat\OneDrive\Desktop\Project\Dissertation\data_extended_2023_2026\raw\stock_minute_1\ticker=SPY\date=2023-11-08\data.parquet,ok,
stock_minute_1,SPY,2023-11-09,829,C:\Users\hkhat\OneDrive\Desktop\Project\Dissertation\data_extended_2023_2026\raw\stock_minute_1\ticker=SPY\date=2023-11-09\data.parquet,ok,
stock_minute_1,SPY,2023-11-10,818,C:\Users\hkhat\OneDrive\Desktop\Project\Dissertation\data_extended_2023_2026\raw\stock_minute_1\ticker=SPY\date=2023-11-10\data.parquet,ok,
stock_minute_1,SPY,2023-11-13,746,C:\Users\hkhat\OneDrive\Desktop\Project\Dissertation\data_extended_2023_2026\raw\stock_minute_1\ticker=SPY\date=2023-11-13\data.parquet,ok,
stock_minute_1,SPY,2023-11-14,818,C:\Users\hkhat\OneDrive\Desktop\Project\Dissertation\data_extended_2023_2026\raw\stock_minute_1\ticker=SPY\date=2023-11-14\data.parquet,ok,
stock_minute_1,SPY,2023-11-15,817,C:\Users\hkhat\OneDrive\Desktop\Project\Dissertation\data_extended_2023_2026\raw\stock_minute_1\ticker=SPY\date=2023-11-15\data.parquet,ok,
stock_minute_1,SPY,2023-11-16,797,C:\Users\hkhat\OneDrive\Desktop\Project\Dissertation\data_extended_2023_2026\raw\stock_minute_1\ticker=SPY\date=2023-11-16\data.parquet,ok,
stock_minute_1,SPY,2023-11-17,747,C:\Users\hkhat\OneDrive\Desktop\Project\Dissertation\data_extended_2023_2026\raw\stock_minute_1\ticker=SPY\date=2023-11-17\data.parquet,ok,
stock_minute_1,SPY,2023-11-20,774,C:\Users\hkhat\OneDrive\Desktop\Project\Dissertation\data_extended_2023_2026\raw\stock_minute_1\ticker=SPY\date=2023-11-20\data.parquet,ok,
stock_minute_1,SPY,2023-11-21,785,C:\Users\hkhat\OneDrive\Desktop\Project\Dissertation\data_extended_2023_2026\raw\stock_minute_1\ticker=SPY\date=2023-11-21\data.parquet,ok,
stock_minute_1,SPY,2023-11-22,774,C:\Users\hkhat\OneDrive\Desktop\Project\Dissertation\data_extended_2023_2026\raw\stock_minute_1\ticker=SPY\date=2023-11-22\data.parquet,ok,
stock_minute_1,SPY,2023-11-23,0,,empty,No qualifying bars
stock_minute_1,SPY,2023-11-24,407,C:\Users\hkhat\OneDrive\Desktop\Project\Dissertation\data_extended_2023_2026\raw\stock_minute_1\ticker=SPY\date=2023-11-24\data.parquet,ok,
stock_minute_1,SPY,2023-11-27,736,C:\Users\hkhat\OneDrive\Desktop\Project\Dissertation\data_extended_2023_2026\raw\stock_minute_1\ticker=SPY\date=2023-11-27\data.parquet,ok,
stock_minute_1,SPY,2023-11-28,729,C:\Users\hkhat\OneDrive\Desktop\Project\Dissertation\data_extended_2023_2026\raw\stock_minute_1\ticker=SPY\date=2023-11-28\data.parquet,ok,
stock_minute_1,SPY,2023-11-29,768,C:\Users\hkhat\OneDrive\Desktop\Project\Dissertation\data_extended_2023_2026\raw\stock_minute_1\ticker=SPY\date=2023-11-29\data.parquet,ok,
stock_minute_1,SPY,2023-11-30,777,C:\Users\hkhat\OneDrive\Desktop\Project\Dissertation\data_extended_2023_2026\raw\stock_minute_1\ticker=SPY\date=2023-11-30\data.parquet,ok,
stock_minute_1,SPY,2023-12-01,793,C:\Users\hkhat\OneDrive\Desktop\Project\Dissertation\data_extended_2023_2026\raw\stock_minute_1\ticker=SPY\date=2023-12-01\data.parquet,ok,
stock_minute_1,SPY,2023-12-04,787,C:\Users\hkhat\OneDrive\Desktop\Project\Dissertation\data_extended_2023_2026\raw\stock_minute_1\ticker=SPY\date=2023-12-04\data.parquet,ok,
stock_minute_1,SPY,2023-12-05,795,C:\Users\hkhat\OneDrive\Desktop\Project\Dissertation\data_extended_2023_2026\raw\stock_minute_1\ticker=SPY\date=2023-12-05\data.parquet,ok,
stock_minute_1,SPY,2023-12-06,761,C:\Users\hkhat\OneDrive\Desktop\Project\Dissertation\data_extended_2023_2026\raw\stock_minute_1\ticker=SPY\date=2023-12-06\data.parquet,ok,
stock_minute_1,SPY,2023-12-07,755,C:\Users\hkhat\OneDrive\Desktop\Project\Dissertation\data_extended_2023_2026\raw\stock_minute_1\ticker=SPY\date=2023-12-07\data.parquet,ok,
stock_minute_1,SPY,2023-12-08,754,C:\Users\hkhat\OneDrive\Desktop\Project\Dissertation\data_extended_2023_2026\raw\stock_minute_1\ticker=SPY\date=2023-12-08\data.parquet,ok,
stock_minute_1,SPY,2023-12-11,759,C:\Users\hkhat\OneDrive\Desktop\Project\Dissertation\data_extended_2023_2026\raw\stock_minute_1\ticker=SPY\date=2023-12-11\data.parquet,ok,
stock_minute_1,SPY,2023-12-12,780,C:\Users\hkhat\OneDrive\Desktop\Project\Dissertation\data_extended_2023_2026\raw\stock_minute_1\ticker=SPY\date=2023-12-12\data.parquet,ok,
stock_minute_1,SPY,2023-12-13,812,C:\Users\hkhat\OneDrive\Desktop\Project\Dissertation\data_extended_2023_2026\raw\stock_minute_1\ticker=SPY\date=2023-12-13\data.parquet,ok,
stock_minute_1,SPY,2023-12-14,839,C:\Users\hkhat\OneDrive\Desktop\Project\Dissertation\data_extended_2023_2026\raw\stock_minute_1\ticker=SPY\date=2023-12-14\data.parquet,ok,
stock_minute_1,SPY,2023-12-15,816,C:\Users\hkhat\OneDrive\Desktop\Project\Dissertation\data_extended_2023_2026\raw\stock_minute_1\ticker=SPY\date=2023-12-15\data.parquet,ok,
stock_minute_1,SPY,2023-12-18,728,C:\Users\hkhat\OneDrive\Desktop\Project\Dissertation\data_extended_2023_2026\raw\stock_minute_1\ticker=SPY\date=2023-12-18\data.parquet,ok,
stock_minute_1,SPY,2023-12-19,752,C:\Users\hkhat\OneDrive\Desktop\Project\Dissertation\data_extended_2023_2026\raw\stock_minute_1\ticker=SPY\date=2023-12-19\data.parquet,ok,
stock_minute_1,SPY,2023-12-20,807,C:\Users\hkhat\OneDrive\Desktop\Project\Dissertation\data_extended_2023_2026\raw\stock_minute_1\ticker=SPY\date=2023-12-20\data.parquet,ok,
stock_minute_1,SPY,2023-12-21,834,C:\Users\hkhat\OneDrive\Desktop\Project\Dissertation\data_extended_2023_2026\raw\stock_minute_1\ticker=SPY\date=2023-12-21\data.parquet,ok,
stock_minute_1,SPY,2023-12-22,713,C:\Users\hkhat\OneDrive\Desktop\Project\Dissertation\data_extended_2023_2026\raw\stock_minute_1\ticker=SPY\date=2023-12-22\data.parquet,ok,
stock_minute_1,SPY,2023-12-25,0,,empty,No qualifying bars
stock_minute_1,SPY,2023-12-26,709,C:\Users\hkhat\OneDrive\Desktop\Project\Dissertation\data_extended_2023_2026\raw\stock_minute_1\ticker=SPY\date=2023-12-26\data.parquet,ok,
stock_minute_1,SPY,2023-12-27,710,C:\Users\hkhat\OneDrive\Desktop\Project\Dissertation\data_extended_2023_2026\raw\stock_minute_1\ticker=SPY\date=2023-12-27\data.parquet,ok,
stock_minute_1,SPY,2023-12-28,712,C:\Users\hkhat\OneDrive\Desktop\Project\Dissertation\data_extended_2023_2026\raw\stock_minute_1\ticker=SPY\date=2023-12-28\data.parquet,ok,
stock_minute_1,SPY,2023-12-29,711,C:\Users\hkhat\OneDrive\Desktop\Project\Dissertation\data_extended_2023_2026\raw\stock_minute_1\ticker=SPY\date=2023-12-29\data.parquet,ok,
stock_minute_1,SPY,2024-01-01,0,,empty,No qualifying bars
stock_minute_1,SPY,2024-01-02,821,C:\Users\hkhat\OneDrive\Desktop\Project\Dissertation\data_extended_2023_2026\raw\stock_minute_1\ticker=SPY\date=2024-01-02\data.parquet,ok,
stock_minute_1,SPY,2024-01-03,803,C:\Users\hkhat\OneDrive\Desktop\Project\Dissertation\data_extended_2023_2026\raw\stock_minute_1\ticker=SPY\date=2024-01-03\data.parquet,ok,
stock_minute_1,SPY,2024-01-04,824,C:\Users\hkhat\OneDrive\Desktop\Project\Dissertation\data_extended_2023_2026\raw\stock_minute_1\ticker=SPY\date=2024-01-04\data.parquet,ok,
stock_minute_1,SPY,2024-01-05,755,C:\Users\hkhat\OneDrive\Desktop\Project\Dissertation\data_extended_2023_2026\raw\stock_minute_1\ticker=SPY\date=2024-01-05\data.parquet,ok,
stock_minute_1,SPY,2024-01-08,790,C:\Users\hkhat\OneDrive\Desktop\Project\Dissertation\data_extended_2023_2026\raw\stock_minute_1\ticker=SPY\date=2024-01-08\data.parquet,ok,
stock_minute_1,SPY,2024-01-09,791,C:\Users\hkhat\OneDrive\Desktop\Project\Dissertation\data_extended_2023_2026\raw\stock_minute_1\ticker=SPY\date=2024-01-09\data.parquet,ok,
stock_minute_1,SPY,2024-01-10,787,C:\Users\hkhat\OneDrive\Desktop\Project\Dissertation\data_extended_2023_2026\raw\stock_minute_1\ticker=SPY\date=2024-01-10\data.parquet,ok,
stock_minute_1,SPY,2024-01-11,783,C:\Users\hkhat\OneDrive\Desktop\Project\Dissertation\data_extended_2023_2026\raw\stock_minute_1\ticker=SPY\date=2024-01-11\data.parquet,ok,
stock_minute_1,SPY,2024-01-12,793,C:\Users\hkhat\OneDrive\Desktop\Project\Dissertation\data_extended_2023_2026\raw\stock_minute_1\ticker=SPY\date=2024-01-12\data.parquet,ok,
stock_minute_1,SPY,2024-01-15,0,,empty,No qualifying bars
stock_minute_1,SPY,2024-01-16,778,C:\Users\hkhat\OneDrive\Desktop\Project\Dissertation\data_extended_2023_2026\raw\stock_minute_1\ticker=SPY\date=2024-01-16\data.parquet,ok,
stock_minute_1,SPY,2024-01-17,773,C:\Users\hkhat\OneDrive\Desktop\Project\Dissertation\data_extended_2023_2026\raw\stock_minute_1\ticker=SPY\date=2024-01-17\data.parquet,ok,
stock_minute_1,SPY,2024-01-18,810,C:\Users\hkhat\OneDrive\Desktop\Project\Dissertation\data_extended_2023_2026\raw\stock_minute_1\ticker=SPY\date=2024-01-18\data.parquet,ok,
stock_minute_1,SPY,2024-01-19,842,C:\Users\hkhat\OneDrive\Desktop\Project\Dissertation\data_extended_2023_2026\raw\stock_minute_1\ticker=SPY\date=2024-01-19\data.parquet,ok,
stock_minute_1,SPY,2024-01-22,774,C:\Users\hkhat\OneDrive\Desktop\Project\Dissertation\data_extended_2023_2026\raw\stock_minute_1\ticker=SPY\date=2024-01-22\data.parquet,ok,
stock_minute_1,SPY,2024-01-23,755,C:\Users\hkhat\OneDrive\Desktop\Project\Dissertation\data_extended_2023_2026\raw\stock_minute_1\ticker=SPY\date=2024-01-23\data.parquet,ok,
stock_minute_1,SPY,2024-01-24,795,C:\Users\hkhat\OneDrive\Desktop\Project\Dissertation\data_extended_2023_2026\raw\stock_minute_1\ticker=SPY\date=2024-01-24\data.parquet,ok,
stock_minute_1,SPY,2024-01-25,786,C:\Users\hkhat\OneDrive\Desktop\Project\Dissertation\data_extended_2023_2026\raw\stock_minute_1\ticker=SPY\date=2024-01-25\data.parquet,ok,
stock_minute_1,SPY,2024-01-26,774,C:\Users\hkhat\OneDrive\Desktop\Project\Dissertation\data_extended_2023_2026\raw\stock_minute_1\ticker=SPY\date=2024-01-26\data.parquet,ok,
stock_minute_1,SPY,2024-01-29,787,C:\Users\hkhat\OneDrive\Desktop\Project\Dissertation\data_extended_2023_2026\raw\stock_minute_1\ticker=SPY\date=2024-01-29\data.parquet,ok,
stock_minute_1,SPY,2024-01-30,830,C:\Users\hkhat\OneDrive\Desktop\Project\Dissertation\data_extended_2023_2026\raw\stock_minute_1\ticker=SPY\date=2024-01-30\data.parquet,ok,
stock_minute_1,SPY,2024-01-31,838,C:\Users\hkhat\OneDrive\Desktop\Project\Dissertation\data_extended_2023_2026\raw\stock_minute_1\ticker=SPY\date=2024-01-31\data.parquet,ok,
stock_minute_1,SPY,2024-02-01,856,C:\Users\hkhat\OneDrive\Desktop\Project\Dissertation\data_extended_2023_2026\raw\stock_minute_1\ticker=SPY\date=2024-02-01\data.parquet,ok,
stock_minute_1,SPY,2024-02-02,810,C:\Users\hkhat\OneDrive\Desktop\Project\Dissertation\data_extended_2023_2026\raw\stock_minute_1\ticker=SPY\date=2024-02-02\data.parquet,ok,
stock_minute_1,SPY,2024-02-05,769,C:\Users\hkhat\OneDrive\Desktop\Project\Dissertation\data_extended_2023_2026\raw\stock_minute_1\ticker=SPY\date=2024-02-05\data.parquet,ok,
stock_minute_1,SPY,2024-02-06,746,C:\Users\hkhat\OneDrive\Desktop\Project\Dissertation\data_extended_2023_2026\raw\stock_minute_1\ticker=SPY\date=2024-02-06\data.parquet,ok,
stock_minute_1,SPY,2024-02-07,754,C:\Users\hkhat\OneDrive\Desktop\Project\Dissertation\data_extended_2023_2026\raw\stock_minute_1\ticker=SPY\date=2024-02-07\data.parquet,ok,
stock_minute_1,SPY,2024-02-08,757,C:\Users\hkhat\OneDrive\Desktop\Project\Dissertation\data_extended_2023_2026\raw\stock_minute_1\ticker=SPY\date=2024-02-08\data.parquet,ok,
stock_minute_1,SPY,2024-02-09,741,C:\Users\hkhat\OneDrive\Desktop\Project\Dissertation\data_extended_2023_2026\raw\stock_minute_1\ticker=SPY\date=2024-02-09\data.parquet,ok,
stock_minute_1,SPY,2024-02-12,739,C:\Users\hkhat\OneDrive\Desktop\Project\Dissertation\data_extended_2023_2026\raw\stock_minute_1\ticker=SPY\date=2024-02-12\data.parquet,ok,
stock_minute_1,SPY,2024-02-13,836,C:\Users\hkhat\OneDrive\Desktop\Project\Dissertation\data_extended_2023_2026\raw\stock_minute_1\ticker=SPY\date=2024-02-13\data.parquet,ok,
stock_minute_1,SPY,2024-02-14,805,C:\Users\hkhat\OneDrive\Desktop\Project\Dissertation\data_extended_2023_2026\raw\stock_minute_1\ticker=SPY\date=2024-02-14\data.parquet,ok,
stock_minute_1,SPY,2024-02-15,776,C:\Users\hkhat\OneDrive\Desktop\Project\Dissertation\data_extended_2023_2026\raw\stock_minute_1\ticker=SPY\date=2024-02-15\data.parquet,ok,
stock_minute_1,SPY,2024-02-16,768,C:\Users\hkhat\OneDrive\Desktop\Project\Dissertation\data_extended_2023_2026\raw\stock_minute_1\ticker=SPY\date=2024-02-16\data.parquet,ok,
stock_minute_1,SPY,2024-02-19,0,,empty,No qualifying bars
stock_minute_1,SPY,2024-02-20,810,C:\Users\hkhat\OneDrive\Desktop\Project\Dissertation\data_extended_2023_2026\raw\stock_minute_1\ticker=SPY\date=2024-02-20\data.parquet,ok,
stock_minute_1,SPY,2024-02-21,822,C:\Users\hkhat\OneDrive\Desktop\Project\Dissertation\data_extended_2023_2026\raw\stock_minute_1\ticker=SPY\date=2024-02-21\data.parquet,ok,
stock_minute_1,SPY,2024-02-22,863,C:\Users\hkhat\OneDrive\Desktop\Project\Dissertation\data_extended_2023_2026\raw\stock_minute_1\ticker=SPY\date=2024-02-22\data.parquet,ok,
stock_minute_1,SPY,2024-02-23,714,C:\Users\hkhat\OneDrive\Desktop\Project\Dissertation\data_extended_2023_2026\raw\stock_minute_1\ticker=SPY\date=2024-02-23\data.parquet,ok,
stock_minute_1,SPY,2024-02-26,753,C:\Users\hkhat\OneDrive\Desktop\Project\Dissertation\data_extended_2023_2026\raw\stock_minute_1\ticker=SPY\date=2024-02-26\data.parquet,ok,
stock_minute_1,SPY,2024-02-27,757,C:\Users\hkhat\OneDrive\Desktop\Project\Dissertation\data_extended_2023_2026\raw\stock_minute_1\ticker=SPY\date=2024-02-27\data.parquet,ok,
stock_minute_1,SPY,2024-02-28,813,C:\Users\hkhat\OneDrive\Desktop\Project\Dissertation\data_extended_2023_2026\raw\stock_minute_1\ticker=SPY\date=2024-02-28\data.parquet,ok,
stock_minute_1,SPY,2024-02-29,791,C:\Users\hkhat\OneDrive\Desktop\Project\Dissertation\data_extended_2023_2026\raw\stock_minute_1\ticker=SPY\date=2024-02-29\data.parquet,ok,
stock_minute_1,SPY,2024-03-01,790,C:\Users\hkhat\OneDrive\Desktop\Project\Dissertation\data_extended_2023_2026\raw\stock_minute_1\ticker=SPY\date=2024-03-01\data.parquet,ok,
stock_minute_1,SPY,2024-03-04,762,C:\Users\hkhat\OneDrive\Desktop\Project\Dissertation\data_extended_2023_2026\raw\stock_minute_1\ticker=SPY\date=2024-03-04\data.parquet,ok,
stock_minute_1,SPY,2024-03-05,815,C:\Users\hkhat\OneDrive\Desktop\Project\Dissertation\data_extended_2023_2026\raw\stock_minute_1\ticker=SPY\date=2024-03-05\data.parquet,ok,
stock_minute_1,SPY,2024-03-06,799,C:\Users\hkhat\OneDrive\Desktop\Project\Dissertation\data_extended_2023_2026\raw\stock_minute_1\ticker=SPY\date=2024-03-06\data.parquet,ok,
stock_minute_1,SPY,2024-03-07,784,C:\Users\hkhat\OneDrive\Desktop\Project\Dissertation\data_extended_2023_2026\raw\stock_minute_1\ticker=SPY\date=2024-03-07\data.parquet,ok,
stock_minute_1,SPY,2024-03-08,794,C:\Users\hkhat\OneDrive\Desktop\Project\Dissertation\data_extended_2023_2026\raw\stock_minute_1\ticker=SPY\date=2024-03-08\data.parquet,ok,
stock_minute_1,SPY,2024-03-11,805,C:\Users\hkhat\OneDrive\Desktop\Project\Dissertation\data_extended_2023_2026\raw\stock_minute_1\ticker=SPY\date=2024-03-11\data.parquet,ok,
stock_minute_1,SPY,2024-03-12,775,C:\Users\hkhat\OneDrive\Desktop\Project\Dissertation\data_extended_2023_2026\raw\stock_minute_1\ticker=SPY\date=2024-03-12\data.parquet,ok,
stock_minute_1,SPY,2024-03-13,781,C:\Users\hkhat\OneDrive\Desktop\Project\Dissertation\data_extended_2023_2026\raw\stock_minute_1\ticker=SPY\date=2024-03-13\data.parquet,ok,
stock_minute_1,SPY,2024-03-14,799,C:\Users\hkhat\OneDrive\Desktop\Project\Dissertation\data_extended_2023_2026\raw\stock_minute_1\ticker=SPY\date=2024-03-14\data.parquet,ok,
stock_minute_1,SPY,2024-03-15,792,C:\Users\hkhat\OneDrive\Desktop\Project\Dissertation\data_extended_2023_2026\raw\stock_minute_1\ticker=SPY\date=2024-03-15\data.parquet,ok,
stock_minute_1,SPY,2024-03-18,796,C:\Users\hkhat\OneDrive\Desktop\Project\Dissertation\data_extended_2023_2026\raw\stock_minute_1\ticker=SPY\date=2024-03-18\data.parquet,ok,
stock_minute_1,SPY,2024-03-19,752,C:\Users\hkhat\OneDrive\Desktop\Project\Dissertation\data_extended_2023_2026\raw\stock_minute_1\ticker=SPY\date=2024-03-19\data.parquet,ok,
stock_minute_1,SPY,2024-03-20,813,C:\Users\hkhat\OneDrive\Desktop\Project\Dissertation\data_extended_2023_2026\raw\stock_minute_1\ticker=SPY\date=2024-03-20\data.parquet,ok,
stock_minute_1,SPY,2024-03-21,805,C:\Users\hkhat\OneDrive\Desktop\Project\Dissertation\data_extended_2023_2026\raw\stock_minute_1\ticker=SPY\date=2024-03-21\data.parquet,ok,
stock_minute_1,SPY,2024-03-22,746,C:\Users\hkhat\OneDrive\Desktop\Project\Dissertation\data_extended_2023_2026\raw\stock_minute_1\ticker=SPY\date=2024-03-22\data.parquet,ok,
stock_minute_1,SPY,2024-03-25,756,C:\Users\hkhat\OneDrive\Desktop\Project\Dissertation\data_extended_2023_2026\raw\stock_minute_1\ticker=SPY\date=2024-03-25\data.parquet,ok,
stock_minute_1,SPY,2024-03-26,795,C:\Users\hkhat\OneDrive\Desktop\Project\Dissertation\data_extended_2023_2026\raw\stock_minute_1\ticker=SPY\date=2024-03-26\data.parquet,ok,
stock_minute_1,SPY,2024-03-27,833,C:\Users\hkhat\OneDrive\Desktop\Project\Dissertation\data_extended_2023_2026\raw\stock_minute_1\ticker=SPY\date=2024-03-27\data.parquet,ok,
stock_minute_1,SPY,2024-03-28,767,C:\Users\hkhat\OneDrive\Desktop\Project\Dissertation\data_extended_2023_2026\raw\stock_minute_1\ticker=SPY\date=2024-03-28\data.parquet,ok,
stock_minute_1,SPY,2024-03-29,0,,empty,No qualifying bars
stock_minute_1,SPY,2024-04-01,750,C:\Users\hkhat\OneDrive\Desktop\Project\Dissertation\data_extended_2023_2026\raw\stock_minute_1\ticker=SPY\date=2024-04-01\data.parquet,ok,
stock_minute_1,SPY,2024-04-02,764,C:\Users\hkhat\OneDrive\Desktop\Project\Dissertation\data_extended_2023_2026\raw\stock_minute_1\ticker=SPY\date=2024-04-02\data.parquet,ok,
stock_minute_1,SPY,2024-04-03,790,C:\Users\hkhat\OneDrive\Desktop\Project\Dissertation\data_extended_2023_2026\raw\stock_minute_1\ticker=SPY\date=2024-04-03\data.parquet,ok,
stock_minute_1,SPY,2024-04-04,809,C:\Users\hkhat\OneDrive\Desktop\Project\Dissertation\data_extended_2023_2026\raw\stock_minute_1\ticker=SPY\date=2024-04-04\data.parquet,ok,
stock_minute_1,SPY,2024-04-05,759,C:\Users\hkhat\OneDrive\Desktop\Project\Dissertation\data_extended_2023_2026\raw\stock_minute_1\ticker=SPY\date=2024-04-05\data.parquet,ok,
stock_minute_1,SPY,2024-04-08,715,C:\Users\hkhat\OneDrive\Desktop\Project\Dissertation\data_extended_2023_2026\raw\stock_minute_1\ticker=SPY\date=2024-04-08\data.parquet,ok,
stock_minute_1,SPY,2024-04-09,759,C:\Users\hkhat\OneDrive\Desktop\Project\Dissertation\data_extended_2023_2026\raw\stock_minute_1\ticker=SPY\date=2024-04-09\data.parquet,ok,
stock_minute_1,SPY,2024-04-10,763,C:\Users\hkhat\OneDrive\Desktop\Project\Dissertation\data_extended_2023_2026\raw\stock_minute_1\ticker=SPY\date=2024-04-10\data.parquet,ok,
stock_minute_1,SPY,2024-04-11,805,C:\Users\hkhat\OneDrive\Desktop\Project\Dissertation\data_extended_2023_2026\raw\stock_minute_1\ticker=SPY\date=2024-04-11\data.parquet,ok,
stock_minute_1,SPY,2024-04-12,820,C:\Users\hkhat\OneDrive\Desktop\Project\Dissertation\data_extended_2023_2026\raw\stock_minute_1\ticker=SPY\date=2024-04-12\data.parquet,ok,
stock_minute_1,SPY,2024-04-15,853,C:\Users\hkhat\OneDrive\Desktop\Project\Dissertation\data_extended_2023_2026\raw\stock_minute_1\ticker=SPY\date=2024-04-15\data.parquet,ok,
stock_minute_1,SPY,2024-04-16,836,C:\Users\hkhat\OneDrive\Desktop\Project\Dissertation\data_extended_2023_2026\raw\stock_minute_1\ticker=SPY\date=2024-04-16\data.parquet,ok,
stock_minute_1,SPY,2024-04-17,837,C:\Users\hkhat\OneDrive\Desktop\Project\Dissertation\data_extended_2023_2026\raw\stock_minute_1\ticker=SPY\date=2024-04-17\data.parquet,ok,
stock_minute_1,SPY,2024-04-18,826,C:\Users\hkhat\OneDrive\Desktop\Project\Dissertation\data_extended_2023_2026\raw\stock_minute_1\ticker=SPY\date=2024-04-18\data.parquet,ok,
stock_minute_1,SPY,2024-04-19,857,C:\Users\hkhat\OneDrive\Desktop\Project\Dissertation\data_extended_2023_2026\raw\stock_minute_1\ticker=SPY\date=2024-04-19\data.parquet,ok,
stock_minute_1,SPY,2024-04-22,845,C:\Users\hkhat\OneDrive\Desktop\Project\Dissertation\data_extended_2023_2026\raw\stock_minute_1\ticker=SPY\date=2024-04-22\data.parquet,ok,
stock_minute_1,SPY,2024-04-23,842,C:\Users\hkhat\OneDrive\Desktop\Project\Dissertation\data_extended_2023_2026\raw\stock_minute_1\ticker=SPY\date=2024-04-23\data.parquet,ok,
stock_minute_1,SPY,2024-04-24,878,C:\Users\hkhat\OneDrive\Desktop\Project\Dissertation\data_extended_2023_2026\raw\stock_minute_1\ticker=SPY\date=2024-04-24\data.parquet,ok,
stock_minute_1,SPY,2024-04-25,881,C:\Users\hkhat\OneDrive\Desktop\Project\Dissertation\data_extended_2023_2026\raw\stock_minute_1\ticker=SPY\date=2024-04-25\data.parquet,ok,
stock_minute_1,SPY,2024-04-26,765,C:\Users\hkhat\OneDrive\Desktop\Project\Dissertation\data_extended_2023_2026\raw\stock_minute_1\ticker=SPY\date=2024-04-26\data.parquet,ok,
stock_minute_1,SPY,2024-04-29,766,C:\Users\hkhat\OneDrive\Desktop\Project\Dissertation\data_extended_2023_2026\raw\stock_minute_1\ticker=SPY\date=2024-04-29\data.parquet,ok,
stock_minute_1,SPY,2024-04-30,801,C:\Users\hkhat\OneDrive\Desktop\Project\Dissertation\data_extended_2023_2026\raw\stock_minute_1\ticker=SPY\date=2024-04-30\data.parquet,ok,
stock_minute_1,SPY,2024-05-01,818,C:\Users\hkhat\OneDrive\Desktop\Project\Dissertation\data_extended_2023_2026\raw\stock_minute_1\ticker=SPY\date=2024-05-01\data.parquet,ok,
stock_minute_1,SPY,2024-05-02,828,C:\Users\hkhat\OneDrive\Desktop\Project\Dissertation\data_extended_2023_2026\raw\stock_minute_1\ticker=SPY\date=2024-05-02\data.parquet,ok,
stock_minute_1,SPY,2024-05-03,792,C:\Users\hkhat\OneDrive\Desktop\Project\Dissertation\data_extended_2023_2026\raw\stock_minute_1\ticker=SPY\date=2024-05-03\data.parquet,ok,
stock_minute_1,SPY,2024-05-06,778,C:\Users\hkhat\OneDrive\Desktop\Project\Dissertation\data_extended_2023_2026\raw\stock_minute_1\ticker=SPY\date=2024-05-06\data.parquet,ok,
stock_minute_1,SPY,2024-05-07,749,C:\Users\hkhat\OneDrive\Desktop\Project\Dissertation\data_extended_2023_2026\raw\stock_minute_1\ticker=SPY\date=2024-05-07\data.parquet,ok,
stock_minute_1,SPY,2024-05-08,744,C:\Users\hkhat\OneDrive\Desktop\Project\Dissertation\data_extended_2023_2026\raw\stock_minute_1\ticker=SPY\date=2024-05-08\data.parquet,ok,
stock_minute_1,SPY,2024-05-09,726,C:\Users\hkhat\OneDrive\Desktop\Project\Dissertation\data_extended_2023_2026\raw\stock_minute_1\ticker=SPY\date=2024-05-09\data.parquet,ok,
stock_minute_1,SPY,2024-05-10,774,C:\Users\hkhat\OneDrive\Desktop\Project\Dissertation\data_extended_2023_2026\raw\stock_minute_1\ticker=SPY\date=2024-05-10\data.parquet,ok,
stock_minute_1,SPY,2024-05-13,729,C:\Users\hkhat\OneDrive\Desktop\Project\Dissertation\data_extended_2023_2026\raw\stock_minute_1\ticker=SPY\date=2024-05-13\data.parquet,ok,
stock_minute_1,SPY,2024-05-14,704,C:\Users\hkhat\OneDrive\Desktop\Project\Dissertation\data_extended_2023_2026\raw\stock_minute_1\ticker=SPY\date=2024-05-14\data.parquet,ok,
stock_minute_1,SPY,2024-05-15,767,C:\Users\hkhat\OneDrive\Desktop\Project\Dissertation\data_extended_2023_2026\raw\stock_minute_1\ticker=SPY\date=2024-05-15\data.parquet,ok,
stock_minute_1,SPY,2024-05-16,783,C:\Users\hkhat\OneDrive\Desktop\Project\Dissertation\data_extended_2023_2026\raw\stock_minute_1\ticker=SPY\date=2024-05-16\data.parquet,ok,
stock_minute_1,SPY,2024-05-17,725,C:\Users\hkhat\OneDrive\Desktop\Project\Dissertation\data_extended_2023_2026\raw\stock_minute_1\ticker=SPY\date=2024-05-17\data.parquet,ok,
stock_minute_1,SPY,2024-05-20,702,C:\Users\hkhat\OneDrive\Desktop\Project\Dissertation\data_extended_2023_2026\raw\stock_minute_1\ticker=SPY\date=2024-05-20\data.parquet,ok,
stock_minute_1,SPY,2024-05-21,691,C:\Users\hkhat\OneDrive\Desktop\Project\Dissertation\data_extended_2023_2026\raw\stock_minute_1\ticker=SPY\date=2024-05-21\data.parquet,ok,
stock_minute_1,SPY,2024-05-22,761,C:\Users\hkhat\OneDrive\Desktop\Project\Dissertation\data_extended_2023_2026\raw\stock_minute_1\ticker=SPY\date=2024-05-22\data.parquet,ok,
stock_minute_1,SPY,2024-05-23,758,C:\Users\hkhat\OneDrive\Desktop\Project\Dissertation\data_extended_2023_2026\raw\stock_minute_1\ticker=SPY\date=2024-05-23\data.parquet,ok,
stock_minute_1,SPY,2024-05-24,696,C:\Users\hkhat\OneDrive\Desktop\Project\Dissertation\data_extended_2023_2026\raw\stock_minute_1\ticker=SPY\date=2024-05-24\data.parquet,ok,
stock_minute_1,SPY,2024-05-27,0,,empty,No qualifying bars
stock_minute_1,SPY,2024-05-28,729,C:\Users\hkhat\OneDrive\Desktop\Project\Dissertation\data_extended_2023_2026\raw\stock_minute_1\ticker=SPY\date=2024-05-28\data.parquet,ok,
stock_minute_1,SPY,2024-05-29,858,C:\Users\hkhat\OneDrive\Desktop\Project\Dissertation\data_extended_2023_2026\raw\stock_minute_1\ticker=SPY\date=2024-05-29\data.parquet,ok,
stock_minute_1,SPY,2024-05-30,802,C:\Users\hkhat\OneDrive\Desktop\Project\Dissertation\data_extended_2023_2026\raw\stock_minute_1\ticker=SPY\date=2024-05-30\data.parquet,ok,
stock_minute_1,SPY,2024-05-31,813,C:\Users\hkhat\OneDrive\Desktop\Project\Dissertation\data_extended_2023_2026\raw\stock_minute_1\ticker=SPY\date=2024-05-31\data.parquet,ok,
stock_minute_1,SPY,2024-06-03,788,C:\Users\hkhat\OneDrive\Desktop\Project\Dissertation\data_extended_2023_2026\raw\stock_minute_1\ticker=SPY\date=2024-06-03\data.parquet,ok,
stock_minute_1,SPY,2024-06-04,823,C:\Users\hkhat\OneDrive\Desktop\Project\Dissertation\data_extended_2023_2026\raw\stock_minute_1\ticker=SPY\date=2024-06-04\data.parquet,ok,
stock_minute_1,SPY,2024-06-05,785,C:\Users\hkhat\OneDrive\Desktop\Project\Dissertation\data_extended_2023_2026\raw\stock_minute_1\ticker=SPY\date=2024-06-05\data.parquet,ok,
stock_minute_1,SPY,2024-06-06,703,C:\Users\hkhat\OneDrive\Desktop\Project\Dissertation\data_extended_2023_2026\raw\stock_minute_1\ticker=SPY\date=2024-06-06\data.parquet,ok,
stock_minute_1,SPY,2024-06-07,742,C:\Users\hkhat\OneDrive\Desktop\Project\Dissertation\data_extended_2023_2026\raw\stock_minute_1\ticker=SPY\date=2024-06-07\data.parquet,ok,
stock_minute_1,SPY,2024-06-10,724,C:\Users\hkhat\OneDrive\Desktop\Project\Dissertation\data_extended_2023_2026\raw\stock_minute_1\ticker=SPY\date=2024-06-10\data.parquet,ok,
stock_minute_1,SPY,2024-06-11,736,C:\Users\hkhat\OneDrive\Desktop\Project\Dissertation\data_extended_2023_2026\raw\stock_minute_1\ticker=SPY\date=2024-06-11\data.parquet,ok,
stock_minute_1,SPY,2024-06-12,747,C:\Users\hkhat\OneDrive\Desktop\Project\Dissertation\data_extended_2023_2026\raw\stock_minute_1\ticker=SPY\date=2024-06-12\data.parquet,ok,
stock_minute_1,SPY,2024-06-13,768,C:\Users\hkhat\OneDrive\Desktop\Project\Dissertation\data_extended_2023_2026\raw\stock_minute_1\ticker=SPY\date=2024-06-13\data.parquet,ok,
stock_minute_1,SPY,2024-06-14,790,C:\Users\hkhat\OneDrive\Desktop\Project\Dissertation\data_extended_2023_2026\raw\stock_minute_1\ticker=SPY\date=2024-06-14\data.parquet,ok,
stock_minute_1,SPY,2024-06-17,733,C:\Users\hkhat\OneDrive\Desktop\Project\Dissertation\data_extended_2023_2026\raw\stock_minute_1\ticker=SPY\date=2024-06-17\data.parquet,ok,
stock_minute_1,SPY,2024-06-18,722,C:\Users\hkhat\OneDrive\Desktop\Project\Dissertation\data_extended_2023_2026\raw\stock_minute_1\ticker=SPY\date=2024-06-18\data.parquet,ok,
stock_minute_1,SPY,2024-06-19,0,,empty,No qualifying bars
stock_minute_1,SPY,2024-06-20,757,C:\Users\hkhat\OneDrive\Desktop\Project\Dissertation\data_extended_2023_2026\raw\stock_minute_1\ticker=SPY\date=2024-06-20\data.parquet,ok,
stock_minute_1,SPY,2024-06-21,788,C:\Users\hkhat\OneDrive\Desktop\Project\Dissertation\data_extended_2023_2026\raw\stock_minute_1\ticker=SPY\date=2024-06-21\data.parquet,ok,
stock_minute_1,SPY,2024-06-24,766,C:\Users\hkhat\OneDrive\Desktop\Project\Dissertation\data_extended_2023_2026\raw\stock_minute_1\ticker=SPY\date=2024-06-24\data.parquet,ok,
stock_minute_1,SPY,2024-06-25,762,C:\Users\hkhat\OneDrive\Desktop\Project\Dissertation\data_extended_2023_2026\raw\stock_minute_1\ticker=SPY\date=2024-06-25\data.parquet,ok,
stock_minute_1,SPY,2024-06-26,754,C:\Users\hkhat\OneDrive\Desktop\Project\Dissertation\data_extended_2023_2026\raw\stock_minute_1\ticker=SPY\date=2024-06-26\data.parquet,ok,
stock_minute_1,SPY,2024-06-27,735,C:\Users\hkhat\OneDrive\Desktop\Project\Dissertation\data_extended_2023_2026\raw\stock_minute_1\ticker=SPY\date=2024-06-27\data.parquet,ok,
stock_minute_1,SPY,2024-06-28,743,C:\Users\hkhat\OneDrive\Desktop\Project\Dissertation\data_extended_2023_2026\raw\stock_minute_1\ticker=SPY\date=2024-06-28\data.parquet,ok,
stock_minute_1,SPY,2024-07-01,754,C:\Users\hkhat\OneDrive\Desktop\Project\Dissertation\data_extended_2023_2026\raw\stock_minute_1\ticker=SPY\date=2024-07-01\data.parquet,ok,
stock_minute_1,SPY,2024-07-02,771,C:\Users\hkhat\OneDrive\Desktop\Project\Dissertation\data_extended_2023_2026\raw\stock_minute_1\ticker=SPY\date=2024-07-02\data.parquet,ok,
stock_minute_1,SPY,2024-07-03,438,C:\Users\hkhat\OneDrive\Desktop\Project\Dissertation\data_extended_2023_2026\raw\stock_minute_1\ticker=SPY\date=2024-07-03\data.parquet,ok,
stock_minute_1,SPY,2024-07-04,0,,empty,No qualifying bars
stock_minute_1,SPY,2024-07-05,698,C:\Users\hkhat\OneDrive\Desktop\Project\Dissertation\data_extended_2023_2026\raw\stock_minute_1\ticker=SPY\date=2024-07-05\data.parquet,ok,
stock_minute_1,SPY,2024-07-08,739,C:\Users\hkhat\OneDrive\Desktop\Project\Dissertation\data_extended_2023_2026\raw\stock_minute_1\ticker=SPY\date=2024-07-08\data.parquet,ok,
stock_minute_1,SPY,2024-07-09,693,C:\Users\hkhat\OneDrive\Desktop\Project\Dissertation\data_extended_2023_2026\raw\stock_minute_1\ticker=SPY\date=2024-07-09\data.parquet,ok,
stock_minute_1,SPY,2024-07-10,756,C:\Users\hkhat\OneDrive\Desktop\Project\Dissertation\data_extended_2023_2026\raw\stock_minute_1\ticker=SPY\date=2024-07-10\data.parquet,ok,
stock_minute_1,SPY,2024-07-11,746,C:\Users\hkhat\OneDrive\Desktop\Project\Dissertation\data_extended_2023_2026\raw\stock_minute_1\ticker=SPY\date=2024-07-11\data.parquet,ok,
stock_minute_1,SPY,2024-07-12,726,C:\Users\hkhat\OneDrive\Desktop\Project\Dissertation\data_extended_2023_2026\raw\stock_minute_1\ticker=SPY\date=2024-07-12\data.parquet,ok,
stock_minute_1,SPY,2024-07-15,761,C:\Users\hkhat\OneDrive\Desktop\Project\Dissertation\data_extended_2023_2026\raw\stock_minute_1\ticker=SPY\date=2024-07-15\data.parquet,ok,
stock_minute_1,SPY,2024-07-16,738,C:\Users\hkhat\OneDrive\Desktop\Project\Dissertation\data_extended_2023_2026\raw\stock_minute_1\ticker=SPY\date=2024-07-16\data.parquet,ok,
stock_minute_1,SPY,2024-07-17,849,C:\Users\hkhat\OneDrive\Desktop\Project\Dissertation\data_extended_2023_2026\raw\stock_minute_1\ticker=SPY\date=2024-07-17\data.parquet,ok,
stock_minute_1,SPY,2024-07-18,799,C:\Users\hkhat\OneDrive\Desktop\Project\Dissertation\data_extended_2023_2026\raw\stock_minute_1\ticker=SPY\date=2024-07-18\data.parquet,ok,
stock_minute_1,SPY,2024-07-19,777,C:\Users\hkhat\OneDrive\Desktop\Project\Dissertation\data_extended_2023_2026\raw\stock_minute_1\ticker=SPY\date=2024-07-19\data.parquet,ok,
stock_minute_1,SPY,2024-07-22,803,C:\Users\hkhat\OneDrive\Desktop\Project\Dissertation\data_extended_2023_2026\raw\stock_minute_1\ticker=SPY\date=2024-07-22\data.parquet,ok,
stock_minute_1,SPY,2024-07-23,826,C:\Users\hkhat\OneDrive\Desktop\Project\Dissertation\data_extended_2023_2026\raw\stock_minute_1\ticker=SPY\date=2024-07-23\data.parquet,ok,
stock_minute_1,SPY,2024-07-24,845,C:\Users\hkhat\OneDrive\Desktop\Project\Dissertation\data_extended_2023_2026\raw\stock_minute_1\ticker=SPY\date=2024-07-24\data.parquet,ok,
stock_minute_1,SPY,2024-07-25,884,C:\Users\hkhat\OneDrive\Desktop\Project\Dissertation\data_extended_2023_2026\raw\stock_minute_1\ticker=SPY\date=2024-07-25\data.parquet,ok,
stock_minute_1,SPY,2024-07-26,796,C:\Users\hkhat\OneDrive\Desktop\Project\Dissertation\data_extended_2023_2026\raw\stock_minute_1\ticker=SPY\date=2024-07-26\data.parquet,ok,
stock_minute_1,SPY,2024-07-29,764,C:\Users\hkhat\OneDrive\Desktop\Project\Dissertation\data_extended_2023_2026\raw\stock_minute_1\ticker=SPY\date=2024-07-29\data.parquet,ok,
stock_minute_1,SPY,2024-07-30,797,C:\Users\hkhat\OneDrive\Desktop\Project\Dissertation\data_extended_2023_2026\raw\stock_minute_1\ticker=SPY\date=2024-07-30\data.parquet,ok,
stock_minute_1,SPY,2024-07-31,864,C:\Users\hkhat\OneDrive\Desktop\Project\Dissertation\data_extended_2023_2026\raw\stock_minute_1\ticker=SPY\date=2024-07-31\data.parquet,ok,
stock_minute_1,SPY,2024-08-01,866,C:\Users\hkhat\OneDrive\Desktop\Project\Dissertation\data_extended_2023_2026\raw\stock_minute_1\ticker=SPY\date=2024-08-01\data.parquet,ok,
stock_minute_1,SPY,2024-08-02,881,C:\Users\hkhat\OneDrive\Desktop\Project\Dissertation\data_extended_2023_2026\raw\stock_minute_1\ticker=SPY\date=2024-08-02\data.parquet,ok,
stock_minute_1,SPY,2024-08-05,948,C:\Users\hkhat\OneDrive\Desktop\Project\Dissertation\data_extended_2023_2026\raw\stock_minute_1\ticker=SPY\date=2024-08-05\data.parquet,ok,
stock_minute_1,SPY,2024-08-06,925,C:\Users\hkhat\OneDrive\Desktop\Project\Dissertation\data_extended_2023_2026\raw\stock_minute_1\ticker=SPY\date=2024-08-06\data.parquet,ok,
stock_minute_1,SPY,2024-08-07,922,C:\Users\hkhat\OneDrive\Desktop\Project\Dissertation\data_extended_2023_2026\raw\stock_minute_1\ticker=SPY\date=2024-08-07\data.parquet,ok,
stock_minute_1,SPY,2024-08-08,864,C:\Users\hkhat\OneDrive\Desktop\Project\Dissertation\data_extended_2023_2026\raw\stock_minute_1\ticker=SPY\date=2024-08-08\data.parquet,ok,
stock_minute_1,SPY,2024-08-09,799,C:\Users\hkhat\OneDrive\Desktop\Project\Dissertation\data_extended_2023_2026\raw\stock_minute_1\ticker=SPY\date=2024-08-09\data.parquet,ok,
stock_minute_1,SPY,2024-08-12,748,C:\Users\hkhat\OneDrive\Desktop\Project\Dissertation\data_extended_2023_2026\raw\stock_minute_1\ticker=SPY\date=2024-08-12\data.parquet,ok,
stock_minute_1,SPY,2024-08-13,780,C:\Users\hkhat\OneDrive\Desktop\Project\Dissertation\data_extended_2023_2026\raw\stock_minute_1\ticker=SPY\date=2024-08-13\data.parquet,ok,
stock_minute_1,SPY,2024-08-14,773,C:\Users\hkhat\OneDrive\Desktop\Project\Dissertation\data_extended_2023_2026\raw\stock_minute_1\ticker=SPY\date=2024-08-14\data.parquet,ok,
stock_minute_1,SPY,2024-08-15,784,C:\Users\hkhat\OneDrive\Desktop\Project\Dissertation\data_extended_2023_2026\raw\stock_minute_1\ticker=SPY\date=2024-08-15\data.parquet,ok,
stock_minute_1,SPY,2024-08-16,768,C:\Users\hkhat\OneDrive\Desktop\Project\Dissertation\data_extended_2023_2026\raw\stock_minute_1\ticker=SPY\date=2024-08-16\data.parquet,ok,
stock_minute_1,SPY,2024-08-19,776,C:\Users\hkhat\OneDrive\Desktop\Project\Dissertation\data_extended_2023_2026\raw\stock_minute_1\ticker=SPY\date=2024-08-19\data.parquet,ok,
stock_minute_1,SPY,2024-08-20,764,C:\Users\hkhat\OneDrive\Desktop\Project\Dissertation\data_extended_2023_2026\raw\stock_minute_1\ticker=SPY\date=2024-08-20\data.parquet,ok,
stock_minute_1,SPY,2024-08-21,721,C:\Users\hkhat\OneDrive\Desktop\Project\Dissertation\data_extended_2023_2026\raw\stock_minute_1\ticker=SPY\date=2024-08-21\data.parquet,ok,
stock_minute_1,SPY,2024-08-22,760,C:\Users\hkhat\OneDrive\Desktop\Project\Dissertation\data_extended_2023_2026\raw\stock_minute_1\ticker=SPY\date=2024-08-22\data.parquet,ok,
stock_minute_1,SPY,2024-08-23,755,C:\Users\hkhat\OneDrive\Desktop\Project\Dissertation\data_extended_2023_2026\raw\stock_minute_1\ticker=SPY\date=2024-08-23\data.parquet,ok,
stock_minute_1,SPY,2024-08-26,754,C:\Users\hkhat\OneDrive\Desktop\Project\Dissertation\data_extended_2023_2026\raw\stock_minute_1\ticker=SPY\date=2024-08-26\data.parquet,ok,
stock_minute_1,SPY,2024-08-27,737,C:\Users\hkhat\OneDrive\Desktop\Project\Dissertation\data_extended_2023_2026\raw\stock_minute_1\ticker=SPY\date=2024-08-27\data.parquet,ok,
stock_minute_1,SPY,2024-08-28,788,C:\Users\hkhat\OneDrive\Desktop\Project\Dissertation\data_extended_2023_2026\raw\stock_minute_1\ticker=SPY\date=2024-08-28\data.parquet,ok,
stock_minute_1,SPY,2024-08-29,846,C:\Users\hkhat\OneDrive\Desktop\Project\Dissertation\data_extended_2023_2026\raw\stock_minute_1\ticker=SPY\date=2024-08-29\data.parquet,ok,
stock_minute_1,SPY,2024-08-30,740,C:\Users\hkhat\OneDrive\Desktop\Project\Dissertation\data_extended_2023_2026\raw\stock_minute_1\ticker=SPY\date=2024-08-30\data.parquet,ok,
stock_minute_1,SPY,2024-09-02,0,,empty,No qualifying bars
stock_minute_1,SPY,2024-09-03,854,C:\Users\hkhat\OneDrive\Desktop\Project\Dissertation\data_extended_2023_2026\raw\stock_minute_1\ticker=SPY\date=2024-09-03\data.parquet,ok,
stock_minute_1,SPY,2024-09-04,792,C:\Users\hkhat\OneDrive\Desktop\Project\Dissertation\data_extended_2023_2026\raw\stock_minute_1\ticker=SPY\date=2024-09-04\data.parquet,ok,
stock_minute_1,SPY,2024-09-05,799,C:\Users\hkhat\OneDrive\Desktop\Project\Dissertation\data_extended_2023_2026\raw\stock_minute_1\ticker=SPY\date=2024-09-05\data.parquet,ok,
stock_minute_1,SPY,2024-09-06,816,C:\Users\hkhat\OneDrive\Desktop\Project\Dissertation\data_extended_2023_2026\raw\stock_minute_1\ticker=SPY\date=2024-09-06\data.parquet,ok,
stock_minute_1,SPY,2024-09-09,833,C:\Users\hkhat\OneDrive\Desktop\Project\Dissertation\data_extended_2023_2026\raw\stock_minute_1\ticker=SPY\date=2024-09-09\data.parquet,ok,
stock_minute_1,SPY,2024-09-10,779,C:\Users\hkhat\OneDrive\Desktop\Project\Dissertation\data_extended_2023_2026\raw\stock_minute_1\ticker=SPY\date=2024-09-10\data.parquet,ok,
stock_minute_1,SPY,2024-09-11,787,C:\Users\hkhat\OneDrive\Desktop\Project\Dissertation\data_extended_2023_2026\raw\stock_minute_1\ticker=SPY\date=2024-09-11\data.parquet,ok,
stock_minute_1,SPY,2024-09-12,778,C:\Users\hkhat\OneDrive\Desktop\Project\Dissertation\data_extended_2023_2026\raw\stock_minute_1\ticker=SPY\date=2024-09-12\data.parquet,ok,
stock_minute_1,SPY,2024-09-13,727,C:\Users\hkhat\OneDrive\Desktop\Project\Dissertation\data_extended_2023_2026\raw\stock_minute_1\ticker=SPY\date=2024-09-13\data.parquet,ok,
stock_minute_1,SPY,2024-09-16,773,C:\Users\hkhat\OneDrive\Desktop\Project\Dissertation\data_extended_2023_2026\raw\stock_minute_1\ticker=SPY\date=2024-09-16\data.parquet,ok,
stock_minute_1,SPY,2024-09-17,782,C:\Users\hkhat\OneDrive\Desktop\Project\Dissertation\data_extended_2023_2026\raw\stock_minute_1\ticker=SPY\date=2024-09-17\data.parquet,ok,
stock_minute_1,SPY,2024-09-18,768,C:\Users\hkhat\OneDrive\Desktop\Project\Dissertation\data_extended_2023_2026\raw\stock_minute_1\ticker=SPY\date=2024-09-18\data.parquet,ok,
stock_minute_1,SPY,2024-09-19,865,C:\Users\hkhat\OneDrive\Desktop\Project\Dissertation\data_extended_2023_2026\raw\stock_minute_1\ticker=SPY\date=2024-09-19\data.parquet,ok,
stock_minute_1,SPY,2024-09-20,819,C:\Users\hkhat\OneDrive\Desktop\Project\Dissertation\data_extended_2023_2026\raw\stock_minute_1\ticker=SPY\date=2024-09-20\data.parquet,ok,
stock_minute_1,SPY,2024-09-23,730,C:\Users\hkhat\OneDrive\Desktop\Project\Dissertation\data_extended_2023_2026\raw\stock_minute_1\ticker=SPY\date=2024-09-23\data.parquet,ok,
stock_minute_1,SPY,2024-09-24,742,C:\Users\hkhat\OneDrive\Desktop\Project\Dissertation\data_extended_2023_2026\raw\stock_minute_1\ticker=SPY\date=2024-09-24\data.parquet,ok,
stock_minute_1,SPY,2024-09-25,747,C:\Users\hkhat\OneDrive\Desktop\Project\Dissertation\data_extended_2023_2026\raw\stock_minute_1\ticker=SPY\date=2024-09-25\data.parquet,ok,
stock_minute_1,SPY,2024-09-26,809,C:\Users\hkhat\OneDrive\Desktop\Project\Dissertation\data_extended_2023_2026\raw\stock_minute_1\ticker=SPY\date=2024-09-26\data.parquet,ok,
stock_minute_1,SPY,2024-09-27,742,C:\Users\hkhat\OneDrive\Desktop\Project\Dissertation\data_extended_2023_2026\raw\stock_minute_1\ticker=SPY\date=2024-09-27\data.parquet,ok,
stock_minute_1,SPY,2024-09-30,824,C:\Users\hkhat\OneDrive\Desktop\Project\Dissertation\data_extended_2023_2026\raw\stock_minute_1\ticker=SPY\date=2024-09-30\data.parquet,ok,
stock_minute_1,SPY,2024-10-01,825,C:\Users\hkhat\OneDrive\Desktop\Project\Dissertation\data_extended_2023_2026\raw\stock_minute_1\ticker=SPY\date=2024-10-01\data.parquet,ok,
stock_minute_1,SPY,2024-10-02,791,C:\Users\hkhat\OneDrive\Desktop\Project\Dissertation\data_extended_2023_2026\raw\stock_minute_1\ticker=SPY\date=2024-10-02\data.parquet,ok,
stock_minute_1,SPY,2024-10-03,799,C:\Users\hkhat\OneDrive\Desktop\Project\Dissertation\data_extended_2023_2026\raw\stock_minute_1\ticker=SPY\date=2024-10-03\data.parquet,ok,
stock_minute_1,SPY,2024-10-04,769,C:\Users\hkhat\OneDrive\Desktop\Project\Dissertation\data_extended_2023_2026\raw\stock_minute_1\ticker=SPY\date=2024-10-04\data.parquet,ok,
stock_minute_1,SPY,2024-10-07,819,C:\Users\hkhat\OneDrive\Desktop\Project\Dissertation\data_extended_2023_2026\raw\stock_minute_1\ticker=SPY\date=2024-10-07\data.parquet,ok,
stock_minute_1,SPY,2024-10-08,787,C:\Users\hkhat\OneDrive\Desktop\Project\Dissertation\data_extended_2023_2026\raw\stock_minute_1\ticker=SPY\date=2024-10-08\data.parquet,ok,
stock_minute_1,SPY,2024-10-09,768,C:\Users\hkhat\OneDrive\Desktop\Project\Dissertation\data_extended_2023_2026\raw\stock_minute_1\ticker=SPY\date=2024-10-09\data.parquet,ok,
stock_minute_1,SPY,2024-10-10,769,C:\Users\hkhat\OneDrive\Desktop\Project\Dissertation\data_extended_2023_2026\raw\stock_minute_1\ticker=SPY\date=2024-10-10\data.parquet,ok,
stock_minute_1,SPY,2024-10-11,755,C:\Users\hkhat\OneDrive\Desktop\Project\Dissertation\data_extended_2023_2026\raw\stock_minute_1\ticker=SPY\date=2024-10-11\data.parquet,ok,
stock_minute_1,SPY,2024-10-14,794,C:\Users\hkhat\OneDrive\Desktop\Project\Dissertation\data_extended_2023_2026\raw\stock_minute_1\ticker=SPY\date=2024-10-14\data.parquet,ok,
stock_minute_1,SPY,2024-10-15,781,C:\Users\hkhat\OneDrive\Desktop\Project\Dissertation\data_extended_2023_2026\raw\stock_minute_1\ticker=SPY\date=2024-10-15\data.parquet,ok,
stock_minute_1,SPY,2024-10-16,770,C:\Users\hkhat\OneDrive\Desktop\Project\Dissertation\data_extended_2023_2026\raw\stock_minute_1\ticker=SPY\date=2024-10-16\data.parquet,ok,
stock_minute_1,SPY,2024-10-17,790,C:\Users\hkhat\OneDrive\Desktop\Project\Dissertation\data_extended_2023_2026\raw\stock_minute_1\ticker=SPY\date=2024-10-17\data.parquet,ok,
stock_minute_1,SPY,2024-10-18,717,C:\Users\hkhat\OneDrive\Desktop\Project\Dissertation\data_extended_2023_2026\raw\stock_minute_1\ticker=SPY\date=2024-10-18\data.parquet,ok,
stock_minute_1,SPY,2024-10-21,742,C:\Users\hkhat\OneDrive\Desktop\Project\Dissertation\data_extended_2023_2026\raw\stock_minute_1\ticker=SPY\date=2024-10-21\data.parquet,ok,
stock_minute_1,SPY,2024-10-22,803,C:\Users\hkhat\OneDrive\Desktop\Project\Dissertation\data_extended_2023_2026\raw\stock_minute_1\ticker=SPY\date=2024-10-22\data.parquet,ok,
stock_minute_1,SPY,2024-10-23,783,C:\Users\hkhat\OneDrive\Desktop\Project\Dissertation\data_extended_2023_2026\raw\stock_minute_1\ticker=SPY\date=2024-10-23\data.parquet,ok,
stock_minute_1,SPY,2024-10-24,783,C:\Users\hkhat\OneDrive\Desktop\Project\Dissertation\data_extended_2023_2026\raw\stock_minute_1\ticker=SPY\date=2024-10-24\data.parquet,ok,
stock_minute_1,SPY,2024-10-25,780,C:\Users\hkhat\OneDrive\Desktop\Project\Dissertation\data_extended_2023_2026\raw\stock_minute_1\ticker=SPY\date=2024-10-25\data.parquet,ok,
stock_minute_1,SPY,2024-10-28,790,C:\Users\hkhat\OneDrive\Desktop\Project\Dissertation\data_extended_2023_2026\raw\stock_minute_1\ticker=SPY\date=2024-10-28\data.parquet,ok,
stock_minute_1,SPY,2024-10-29,785,C:\Users\hkhat\OneDrive\Desktop\Project\Dissertation\data_extended_2023_2026\raw\stock_minute_1\ticker=SPY\date=2024-10-29\data.parquet,ok,
stock_minute_1,SPY,2024-10-30,835,C:\Users\hkhat\OneDrive\Desktop\Project\Dissertation\data_extended_2023_2026\raw\stock_minute_1\ticker=SPY\date=2024-10-30\data.parquet,ok,
stock_minute_1,SPY,2024-10-31,854,C:\Users\hkhat\OneDrive\Desktop\Project\Dissertation\data_extended_2023_2026\raw\stock_minute_1\ticker=SPY\date=2024-10-31\data.parquet,ok,
stock_minute_1,SPY,2024-11-01,812,C:\Users\hkhat\OneDrive\Desktop\Project\Dissertation\data_extended_2023_2026\raw\stock_minute_1\ticker=SPY\date=2024-11-01\data.parquet,ok,
stock_minute_1,SPY,2024-11-04,763,C:\Users\hkhat\OneDrive\Desktop\Project\Dissertation\data_extended_2023_2026\raw\stock_minute_1\ticker=SPY\date=2024-11-04\data.parquet,ok,
stock_minute_1,SPY,2024-11-05,786,C:\Users\hkhat\OneDrive\Desktop\Project\Dissertation\data_extended_2023_2026\raw\stock_minute_1\ticker=SPY\date=2024-11-05\data.parquet,ok,
stock_minute_1,SPY,2024-11-06,917,C:\Users\hkhat\OneDrive\Desktop\Project\Dissertation\data_extended_2023_2026\raw\stock_minute_1\ticker=SPY\date=2024-11-06\data.parquet,ok,
stock_minute_1,SPY,2024-11-07,815,C:\Users\hkhat\OneDrive\Desktop\Project\Dissertation\data_extended_2023_2026\raw\stock_minute_1\ticker=SPY\date=2024-11-07\data.parquet,ok,
stock_minute_1,SPY,2024-11-08,800,C:\Users\hkhat\OneDrive\Desktop\Project\Dissertation\data_extended_2023_2026\raw\stock_minute_1\ticker=SPY\date=2024-11-08\data.parquet,ok,
stock_minute_1,SPY,2024-11-11,775,C:\Users\hkhat\OneDrive\Desktop\Project\Dissertation\data_extended_2023_2026\raw\stock_minute_1\ticker=SPY\date=2024-11-11\data.parquet,ok,
stock_minute_1,SPY,2024-11-12,845,C:\Users\hkhat\OneDrive\Desktop\Project\Dissertation\data_extended_2023_2026\raw\stock_minute_1\ticker=SPY\date=2024-11-12\data.parquet,ok,
stock_minute_1,SPY,2024-11-13,787,C:\Users\hkhat\OneDrive\Desktop\Project\Dissertation\data_extended_2023_2026\raw\stock_minute_1\ticker=SPY\date=2024-11-13\data.parquet,ok,
stock_minute_1,SPY,2024-11-14,813,C:\Users\hkhat\OneDrive\Desktop\Project\Dissertation\data_extended_2023_2026\raw\stock_minute_1\ticker=SPY\date=2024-11-14\data.parquet,ok,
stock_minute_1,SPY,2024-11-15,811,C:\Users\hkhat\OneDrive\Desktop\Project\Dissertation\data_extended_2023_2026\raw\stock_minute_1\ticker=SPY\date=2024-11-15\data.parquet,ok,
stock_minute_1,SPY,2024-11-18,798,C:\Users\hkhat\OneDrive\Desktop\Project\Dissertation\data_extended_2023_2026\raw\stock_minute_1\ticker=SPY\date=2024-11-18\data.parquet,ok,
stock_minute_1,SPY,2024-11-19,818,C:\Users\hkhat\OneDrive\Desktop\Project\Dissertation\data_extended_2023_2026\raw\stock_minute_1\ticker=SPY\date=2024-11-19\data.parquet,ok,
stock_minute_1,SPY,2024-11-20,829,C:\Users\hkhat\OneDrive\Desktop\Project\Dissertation\data_extended_2023_2026\raw\stock_minute_1\ticker=SPY\date=2024-11-20\data.parquet,ok,
stock_minute_1,SPY,2024-11-21,837,C:\Users\hkhat\OneDrive\Desktop\Project\Dissertation\data_extended_2023_2026\raw\stock_minute_1\ticker=SPY\date=2024-11-21\data.parquet,ok,
stock_minute_1,SPY,2024-11-22,810,C:\Users\hkhat\OneDrive\Desktop\Project\Dissertation\data_extended_2023_2026\raw\stock_minute_1\ticker=SPY\date=2024-11-22\data.parquet,ok,
stock_minute_1,SPY,2024-11-25,812,C:\Users\hkhat\OneDrive\Desktop\Project\Dissertation\data_extended_2023_2026\raw\stock_minute_1\ticker=SPY\date=2024-11-25\data.parquet,ok,
stock_minute_1,SPY,2024-11-26,790,C:\Users\hkhat\OneDrive\Desktop\Project\Dissertation\data_extended_2023_2026\raw\stock_minute_1\ticker=SPY\date=2024-11-26\data.parquet,ok,
stock_minute_1,SPY,2024-11-27,724,C:\Users\hkhat\OneDrive\Desktop\Project\Dissertation\data_extended_2023_2026\raw\stock_minute_1\ticker=SPY\date=2024-11-27\data.parquet,ok,
stock_minute_1,SPY,2024-11-28,0,,empty,No qualifying bars
stock_minute_1,SPY,2024-11-29,446,C:\Users\hkhat\OneDrive\Desktop\Project\Dissertation\data_extended_2023_2026\raw\stock_minute_1\ticker=SPY\date=2024-11-29\data.parquet,ok,
stock_minute_1,SPY,2024-12-02,756,C:\Users\hkhat\OneDrive\Desktop\Project\Dissertation\data_extended_2023_2026\raw\stock_minute_1\ticker=SPY\date=2024-12-02\data.parquet,ok,
stock_minute_1,SPY,2024-12-03,711,C:\Users\hkhat\OneDrive\Desktop\Project\Dissertation\data_extended_2023_2026\raw\stock_minute_1\ticker=SPY\date=2024-12-03\data.parquet,ok,
stock_minute_1,SPY,2024-12-04,742,C:\Users\hkhat\OneDrive\Desktop\Project\Dissertation\data_extended_2023_2026\raw\stock_minute_1\ticker=SPY\date=2024-12-04\data.parquet,ok,
stock_minute_1,SPY,2024-12-05,693,C:\Users\hkhat\OneDrive\Desktop\Project\Dissertation\data_extended_2023_2026\raw\stock_minute_1\ticker=SPY\date=2024-12-05\data.parquet,ok,
stock_minute_1,SPY,2024-12-06,718,C:\Users\hkhat\OneDrive\Desktop\Project\Dissertation\data_extended_2023_2026\raw\stock_minute_1\ticker=SPY\date=2024-12-06\data.parquet,ok,
stock_minute_1,SPY,2024-12-09,759,C:\Users\hkhat\OneDrive\Desktop\Project\Dissertation\data_extended_2023_2026\raw\stock_minute_1\ticker=SPY\date=2024-12-09\data.parquet,ok,
stock_minute_1,SPY,2024-12-10,707,C:\Users\hkhat\OneDrive\Desktop\Project\Dissertation\data_extended_2023_2026\raw\stock_minute_1\ticker=SPY\date=2024-12-10\data.parquet,ok,
stock_minute_1,SPY,2024-12-11,738,C:\Users\hkhat\OneDrive\Desktop\Project\Dissertation\data_extended_2023_2026\raw\stock_minute_1\ticker=SPY\date=2024-12-11\data.parquet,ok,
stock_minute_1,SPY,2024-12-12,769,C:\Users\hkhat\OneDrive\Desktop\Project\Dissertation\data_extended_2023_2026\raw\stock_minute_1\ticker=SPY\date=2024-12-12\data.parquet,ok,
stock_minute_1,SPY,2024-12-13,739,C:\Users\hkhat\OneDrive\Desktop\Project\Dissertation\data_extended_2023_2026\raw\stock_minute_1\ticker=SPY\date=2024-12-13\data.parquet,ok,
stock_minute_1,SPY,2024-12-16,736,C:\Users\hkhat\OneDrive\Desktop\Project\Dissertation\data_extended_2023_2026\raw\stock_minute_1\ticker=SPY\date=2024-12-16\data.parquet,ok,
stock_minute_1,SPY,2024-12-17,762,C:\Users\hkhat\OneDrive\Desktop\Project\Dissertation\data_extended_2023_2026\raw\stock_minute_1\ticker=SPY\date=2024-12-17\data.parquet,ok,
stock_minute_1,SPY,2024-12-18,815,C:\Users\hkhat\OneDrive\Desktop\Project\Dissertation\data_extended_2023_2026\raw\stock_minute_1\ticker=SPY\date=2024-12-18\data.parquet,ok,
stock_minute_1,SPY,2024-12-19,878,C:\Users\hkhat\OneDrive\Desktop\Project\Dissertation\data_extended_2023_2026\raw\stock_minute_1\ticker=SPY\date=2024-12-19\data.parquet,ok,
stock_minute_1,SPY,2024-12-20,909,C:\Users\hkhat\OneDrive\Desktop\Project\Dissertation\data_extended_2023_2026\raw\stock_minute_1\ticker=SPY\date=2024-12-20\data.parquet,ok,
stock_minute_1,SPY,2024-12-23,803,C:\Users\hkhat\OneDrive\Desktop\Project\Dissertation\data_extended_2023_2026\raw\stock_minute_1\ticker=SPY\date=2024-12-23\data.parquet,ok,
stock_minute_1,SPY,2024-12-24,416,C:\Users\hkhat\OneDrive\Desktop\Project\Dissertation\data_extended_2023_2026\raw\stock_minute_1\ticker=SPY\date=2024-12-24\data.parquet,ok,
stock_minute_1,SPY,2024-12-25,0,,empty,No qualifying bars
stock_minute_1,SPY,2024-12-26,758,C:\Users\hkhat\OneDrive\Desktop\Project\Dissertation\data_extended_2023_2026\raw\stock_minute_1\ticker=SPY\date=2024-12-26\data.parquet,ok,
stock_minute_1,SPY,2024-12-27,714,C:\Users\hkhat\OneDrive\Desktop\Project\Dissertation\data_extended_2023_2026\raw\stock_minute_1\ticker=SPY\date=2024-12-27\data.parquet,ok,
stock_minute_1,SPY,2024-12-30,757,C:\Users\hkhat\OneDrive\Desktop\Project\Dissertation\data_extended_2023_2026\raw\stock_minute_1\ticker=SPY\date=2024-12-30\data.parquet,ok,
stock_minute_1,SPY,2024-12-31,730,C:\Users\hkhat\OneDrive\Desktop\Project\Dissertation\data_extended_2023_2026\raw\stock_minute_1\ticker=SPY\date=2024-12-31\data.parquet,ok,
stock_minute_1,SPY,2025-01-01,0,,empty,No qualifying bars
stock_minute_1,SPY,2025-01-02,797,C:\Users\hkhat\OneDrive\Desktop\Project\Dissertation\data_extended_2023_2026\raw\stock_minute_1\ticker=SPY\date=2025-01-02\data.parquet,ok,
stock_minute_1,SPY,2025-01-03,737,C:\Users\hkhat\OneDrive\Desktop\Project\Dissertation\data_extended_2023_2026\raw\stock_minute_1\ticker=SPY\date=2025-01-03\data.parquet,ok,
stock_minute_1,SPY,2025-01-06,815,C:\Users\hkhat\OneDrive\Desktop\Project\Dissertation\data_extended_2023_2026\raw\stock_minute_1\ticker=SPY\date=2025-01-06\data.parquet,ok,
stock_minute_1,SPY,2025-01-07,795,C:\Users\hkhat\OneDrive\Desktop\Project\Dissertation\data_extended_2023_2026\raw\stock_minute_1\ticker=SPY\date=2025-01-07\data.parquet,ok,
stock_minute_1,SPY,2025-01-08,818,C:\Users\hkhat\OneDrive\Desktop\Project\Dissertation\data_extended_2023_2026\raw\stock_minute_1\ticker=SPY\date=2025-01-08\data.parquet,ok,
stock_minute_1,SPY,2025-01-09,0,,empty,No qualifying bars
stock_minute_1,SPY,2025-01-10,785,C:\Users\hkhat\OneDrive\Desktop\Project\Dissertation\data_extended_2023_2026\raw\stock_minute_1\ticker=SPY\date=2025-01-10\data.parquet,ok,
stock_minute_1,SPY,2025-01-13,862,C:\Users\hkhat\OneDrive\Desktop\Project\Dissertation\data_extended_2023_2026\raw\stock_minute_1\ticker=SPY\date=2025-01-13\data.parquet,ok,
stock_minute_1,SPY,2025-01-14,794,C:\Users\hkhat\OneDrive\Desktop\Project\Dissertation\data_extended_2023_2026\raw\stock_minute_1\ticker=SPY\date=2025-01-14\data.parquet,ok,
stock_minute_1,SPY,2025-01-15,799,C:\Users\hkhat\OneDrive\Desktop\Project\Dissertation\data_extended_2023_2026\raw\stock_minute_1\ticker=SPY\date=2025-01-15\data.parquet,ok,
stock_minute_1,SPY,2025-01-16,810,C:\Users\hkhat\OneDrive\Desktop\Project\Dissertation\data_extended_2023_2026\raw\stock_minute_1\ticker=SPY\date=2025-01-16\data.parquet,ok,
stock_minute_1,SPY,2025-01-17,797,C:\Users\hkhat\OneDrive\Desktop\Project\Dissertation\data_extended_2023_2026\raw\stock_minute_1\ticker=SPY\date=2025-01-17\data.parquet,ok,
stock_minute_1,SPY,2025-01-20,0,,empty,No qualifying bars
stock_minute_1,SPY,2025-01-21,828,C:\Users\hkhat\OneDrive\Desktop\Project\Dissertation\data_extended_2023_2026\raw\stock_minute_1\ticker=SPY\date=2025-01-21\data.parquet,ok,
stock_minute_1,SPY,2025-01-22,828,C:\Users\hkhat\OneDrive\Desktop\Project\Dissertation\data_extended_2023_2026\raw\stock_minute_1\ticker=SPY\date=2025-01-22\data.parquet,ok,
stock_minute_1,SPY,2025-01-23,788,C:\Users\hkhat\OneDrive\Desktop\Project\Dissertation\data_extended_2023_2026\raw\stock_minute_1\ticker=SPY\date=2025-01-23\data.parquet,ok,
stock_minute_1,SPY,2025-01-24,706,C:\Users\hkhat\OneDrive\Desktop\Project\Dissertation\data_extended_2023_2026\raw\stock_minute_1\ticker=SPY\date=2025-01-24\data.parquet,ok,
stock_minute_1,SPY,2025-01-27,930,C:\Users\hkhat\OneDrive\Desktop\Project\Dissertation\data_extended_2023_2026\raw\stock_minute_1\ticker=SPY\date=2025-01-27\data.parquet,ok,
stock_minute_1,SPY,2025-01-28,800,C:\Users\hkhat\OneDrive\Desktop\Project\Dissertation\data_extended_2023_2026\raw\stock_minute_1\ticker=SPY\date=2025-01-28\data.parquet,ok,
stock_minute_1,SPY,2025-01-29,789,C:\Users\hkhat\OneDrive\Desktop\Project\Dissertation\data_extended_2023_2026\raw\stock_minute_1\ticker=SPY\date=2025-01-29\data.parquet,ok,
stock_minute_1,SPY,2025-01-30,787,C:\Users\hkhat\OneDrive\Desktop\Project\Dissertation\data_extended_2023_2026\raw\stock_minute_1\ticker=SPY\date=2025-01-30\data.parquet,ok,
stock_minute_1,SPY,2025-01-31,761,C:\Users\hkhat\OneDrive\Desktop\Project\Dissertation\data_extended_2023_2026\raw\stock_minute_1\ticker=SPY\date=2025-01-31\data.parquet,ok,
stock_minute_1,SPY,2025-02-03,900,C:\Users\hkhat\OneDrive\Desktop\Project\Dissertation\data_extended_2023_2026\raw\stock_minute_1\ticker=SPY\date=2025-02-03\data.parquet,ok,
stock_minute_1,SPY,2025-02-04,838,C:\Users\hkhat\OneDrive\Desktop\Project\Dissertation\data_extended_2023_2026\raw\stock_minute_1\ticker=SPY\date=2025-02-04\data.parquet,ok,
stock_minute_1,SPY,2025-02-05,782,C:\Users\hkhat\OneDrive\Desktop\Project\Dissertation\data_extended_2023_2026\raw\stock_minute_1\ticker=SPY\date=2025-02-05\data.parquet,ok,
stock_minute_1,SPY,2025-02-06,774,C:\Users\hkhat\OneDrive\Desktop\Project\Dissertation\data_extended_2023_2026\raw\stock_minute_1\ticker=SPY\date=2025-02-06\data.parquet,ok,
stock_minute_1,SPY,2025-02-07,722,C:\Users\hkhat\OneDrive\Desktop\Project\Dissertation\data_extended_2023_2026\raw\stock_minute_1\ticker=SPY\date=2025-02-07\data.parquet,ok,
stock_minute_1,SPY,2025-02-10,762,C:\Users\hkhat\OneDrive\Desktop\Project\Dissertation\data_extended_2023_2026\raw\stock_minute_1\ticker=SPY\date=2025-02-10\data.parquet,ok,
stock_minute_1,SPY,2025-02-11,753,C:\Users\hkhat\OneDrive\Desktop\Project\Dissertation\data_extended_2023_2026\raw\stock_minute_1\ticker=SPY\date=2025-02-11\data.parquet,ok,
stock_minute_1,SPY,2025-02-12,766,C:\Users\hkhat\OneDrive\Desktop\Project\Dissertation\data_extended_2023_2026\raw\stock_minute_1\ticker=SPY\date=2025-02-12\data.parquet,ok,
stock_minute_1,SPY,2025-02-13,764,C:\Users\hkhat\OneDrive\Desktop\Project\Dissertation\data_extended_2023_2026\raw\stock_minute_1\ticker=SPY\date=2025-02-13\data.parquet,ok,
stock_minute_1,SPY,2025-02-14,723,C:\Users\hkhat\OneDrive\Desktop\Project\Dissertation\data_extended_2023_2026\raw\stock_minute_1\ticker=SPY\date=2025-02-14\data.parquet,ok,
stock_minute_1,SPY,2025-02-17,0,,empty,No qualifying bars
stock_minute_1,SPY,2025-02-18,720,C:\Users\hkhat\OneDrive\Desktop\Project\Dissertation\data_extended_2023_2026\raw\stock_minute_1\ticker=SPY\date=2025-02-18\data.parquet,ok,
stock_minute_1,SPY,2025-02-19,735,C:\Users\hkhat\OneDrive\Desktop\Project\Dissertation\data_extended_2023_2026\raw\stock_minute_1\ticker=SPY\date=2025-02-19\data.parquet,ok,
stock_minute_1,SPY,2025-02-20,731,C:\Users\hkhat\OneDrive\Desktop\Project\Dissertation\data_extended_2023_2026\raw\stock_minute_1\ticker=SPY\date=2025-02-20\data.parquet,ok,
stock_minute_1,SPY,2025-02-21,749,C:\Users\hkhat\OneDrive\Desktop\Project\Dissertation\data_extended_2023_2026\raw\stock_minute_1\ticker=SPY\date=2025-02-21\data.parquet,ok,
stock_minute_1,SPY,2025-02-24,843,C:\Users\hkhat\OneDrive\Desktop\Project\Dissertation\data_extended_2023_2026\raw\stock_minute_1\ticker=SPY\date=2025-02-24\data.parquet,ok,
stock_minute_1,SPY,2025-02-25,838,C:\Users\hkhat\OneDrive\Desktop\Project\Dissertation\data_extended_2023_2026\raw\stock_minute_1\ticker=SPY\date=2025-02-25\data.parquet,ok,
stock_minute_1,SPY,2025-02-26,843,C:\Users\hkhat\OneDrive\Desktop\Project\Dissertation\data_extended_2023_2026\raw\stock_minute_1\ticker=SPY\date=2025-02-26\data.parquet,ok,
stock_minute_1,SPY,2025-02-27,859,C:\Users\hkhat\OneDrive\Desktop\Project\Dissertation\data_extended_2023_2026\raw\stock_minute_1\ticker=SPY\date=2025-02-27\data.parquet,ok,
stock_minute_1,SPY,2025-02-28,857,C:\Users\hkhat\OneDrive\Desktop\Project\Dissertation\data_extended_2023_2026\raw\stock_minute_1\ticker=SPY\date=2025-02-28\data.parquet,ok,
stock_minute_1,SPY,2025-03-03,879,C:\Users\hkhat\OneDrive\Desktop\Project\Dissertation\data_extended_2023_2026\raw\stock_minute_1\ticker=SPY\date=2025-03-03\data.parquet,ok,
stock_minute_1,SPY,2025-03-04,881,C:\Users\hkhat\OneDrive\Desktop\Project\Dissertation\data_extended_2023_2026\raw\stock_minute_1\ticker=SPY\date=2025-03-04\data.parquet,ok,
stock_minute_1,SPY,2025-03-05,862,C:\Users\hkhat\OneDrive\Desktop\Project\Dissertation\data_extended_2023_2026\raw\stock_minute_1\ticker=SPY\date=2025-03-05\data.parquet,ok,
stock_minute_1,SPY,2025-03-06,889,C:\Users\hkhat\OneDrive\Desktop\Project\Dissertation\data_extended_2023_2026\raw\stock_minute_1\ticker=SPY\date=2025-03-06\data.parquet,ok,
stock_minute_1,SPY,2025-03-07,841,C:\Users\hkhat\OneDrive\Desktop\Project\Dissertation\data_extended_2023_2026\raw\stock_minute_1\ticker=SPY\date=2025-03-07\data.parquet,ok,
stock_minute_1,SPY,2025-03-10,925,C:\Users\hkhat\OneDrive\Desktop\Project\Dissertation\data_extended_2023_2026\raw\stock_minute_1\ticker=SPY\date=2025-03-10\data.parquet,ok,
stock_minute_1,SPY,2025-03-11,903,C:\Users\hkhat\OneDrive\Desktop\Project\Dissertation\data_extended_2023_2026\raw\stock_minute_1\ticker=SPY\date=2025-03-11\data.parquet,ok,
stock_minute_1,SPY,2025-03-12,859,C:\Users\hkhat\OneDrive\Desktop\Project\Dissertation\data_extended_2023_2026\raw\stock_minute_1\ticker=SPY\date=2025-03-12\data.parquet,ok,
stock_minute_1,SPY,2025-03-13,903,C:\Users\hkhat\OneDrive\Desktop\Project\Dissertation\data_extended_2023_2026\raw\stock_minute_1\ticker=SPY\date=2025-03-13\data.parquet,ok,
stock_minute_1,SPY,2025-03-14,863,C:\Users\hkhat\OneDrive\Desktop\Project\Dissertation\data_extended_2023_2026\raw\stock_minute_1\ticker=SPY\date=2025-03-14\data.parquet,ok,
stock_minute_1,SPY,2025-03-17,831,C:\Users\hkhat\OneDrive\Desktop\Project\Dissertation\data_extended_2023_2026\raw\stock_minute_1\ticker=SPY\date=2025-03-17\data.parquet,ok,
stock_minute_1,SPY,2025-03-18,821,C:\Users\hkhat\OneDrive\Desktop\Project\Dissertation\data_extended_2023_2026\raw\stock_minute_1\ticker=SPY\date=2025-03-18\data.parquet,ok,
stock_minute_1,SPY,2025-03-19,792,C:\Users\hkhat\OneDrive\Desktop\Project\Dissertation\data_extended_2023_2026\raw\stock_minute_1\ticker=SPY\date=2025-03-19\data.parquet,ok,
stock_minute_1,SPY,2025-03-20,857,C:\Users\hkhat\OneDrive\Desktop\Project\Dissertation\data_extended_2023_2026\raw\stock_minute_1\ticker=SPY\date=2025-03-20\data.parquet,ok,
stock_minute_1,SPY,2025-03-21,835,C:\Users\hkhat\OneDrive\Desktop\Project\Dissertation\data_extended_2023_2026\raw\stock_minute_1\ticker=SPY\date=2025-03-21\data.parquet,ok,
stock_minute_1,SPY,2025-03-24,852,C:\Users\hkhat\OneDrive\Desktop\Project\Dissertation\data_extended_2023_2026\raw\stock_minute_1\ticker=SPY\date=2025-03-24\data.parquet,ok,
stock_minute_1,SPY,2025-03-25,809,C:\Users\hkhat\OneDrive\Desktop\Project\Dissertation\data_extended_2023_2026\raw\stock_minute_1\ticker=SPY\date=2025-03-25\data.parquet,ok,
stock_minute_1,SPY,2025-03-26,843,C:\Users\hkhat\OneDrive\Desktop\Project\Dissertation\data_extended_2023_2026\raw\stock_minute_1\ticker=SPY\date=2025-03-26\data.parquet,ok,
stock_minute_1,SPY,2025-03-27,842,C:\Users\hkhat\OneDrive\Desktop\Project\Dissertation\data_extended_2023_2026\raw\stock_minute_1\ticker=SPY\date=2025-03-27\data.parquet,ok,
stock_minute_1,SPY,2025-03-28,816,C:\Users\hkhat\OneDrive\Desktop\Project\Dissertation\data_extended_2023_2026\raw\stock_minute_1\ticker=SPY\date=2025-03-28\data.parquet,ok,
stock_minute_1,SPY,2025-03-31,891,C:\Users\hkhat\OneDrive\Desktop\Project\Dissertation\data_extended_2023_2026\raw\stock_minute_1\ticker=SPY\date=2025-03-31\data.parquet,ok,
stock_minute_1,SPY,2025-04-01,872,C:\Users\hkhat\OneDrive\Desktop\Project\Dissertation\data_extended_2023_2026\raw\stock_minute_1\ticker=SPY\date=2025-04-01\data.parquet,ok,
stock_minute_1,SPY,2025-04-02,873,C:\Users\hkhat\OneDrive\Desktop\Project\Dissertation\data_extended_2023_2026\raw\stock_minute_1\ticker=SPY\date=2025-04-02\data.parquet,ok,
stock_minute_1,SPY,2025-04-03,944,C:\Users\hkhat\OneDrive\Desktop\Project\Dissertation\data_extended_2023_2026\raw\stock_minute_1\ticker=SPY\date=2025-04-03\data.parquet,ok,
stock_minute_1,SPY,2025-04-04,936,C:\Users\hkhat\OneDrive\Desktop\Project\Dissertation\data_extended_2023_2026\raw\stock_minute_1\ticker=SPY\date=2025-04-04\data.parquet,ok,
stock_minute_1,SPY,2025-04-07,956,C:\Users\hkhat\OneDrive\Desktop\Project\Dissertation\data_extended_2023_2026\raw\stock_minute_1\ticker=SPY\date=2025-04-07\data.parquet,ok,
stock_minute_1,SPY,2025-04-08,950,C:\Users\hkhat\OneDrive\Desktop\Project\Dissertation\data_extended_2023_2026\raw\stock_minute_1\ticker=SPY\date=2025-04-08\data.parquet,ok,
stock_minute_1,SPY,2025-04-09,957,C:\Users\hkhat\OneDrive\Desktop\Project\Dissertation\data_extended_2023_2026\raw\stock_minute_1\ticker=SPY\date=2025-04-09\data.parquet,ok,
stock_minute_1,SPY,2025-04-10,951,C:\Users\hkhat\OneDrive\Desktop\Project\Dissertation\data_extended_2023_2026\raw\stock_minute_1\ticker=SPY\date=2025-04-10\data.parquet,ok,
stock_minute_1,SPY,2025-04-11,921,C:\Users\hkhat\OneDrive\Desktop\Project\Dissertation\data_extended_2023_2026\raw\stock_minute_1\ticker=SPY\date=2025-04-11\data.parquet,ok,
stock_minute_1,SPY,2025-04-14,922,C:\Users\hkhat\OneDrive\Desktop\Project\Dissertation\data_extended_2023_2026\raw\stock_minute_1\ticker=SPY\date=2025-04-14\data.parquet,ok,
stock_minute_1,SPY,2025-04-15,896,C:\Users\hkhat\OneDrive\Desktop\Project\Dissertation\data_extended_2023_2026\raw\stock_minute_1\ticker=SPY\date=2025-04-15\data.parquet,ok,
stock_minute_1,SPY,2025-04-16,909,C:\Users\hkhat\OneDrive\Desktop\Project\Dissertation\data_extended_2023_2026\raw\stock_minute_1\ticker=SPY\date=2025-04-16\data.parquet,ok,
stock_minute_1,SPY,2025-04-17,872,C:\Users\hkhat\OneDrive\Desktop\Project\Dissertation\data_extended_2023_2026\raw\stock_minute_1\ticker=SPY\date=2025-04-17\data.parquet,ok,
stock_minute_1,SPY,2025-04-18,0,,empty,No qualifying bars
stock_minute_1,SPY,2025-04-21,822,C:\Users\hkhat\OneDrive\Desktop\Project\Dissertation\data_extended_2023_2026\raw\stock_minute_1\ticker=SPY\date=2025-04-21\data.parquet,ok,
stock_minute_1,SPY,2025-04-22,903,C:\Users\hkhat\OneDrive\Desktop\Project\Dissertation\data_extended_2023_2026\raw\stock_minute_1\ticker=SPY\date=2025-04-22\data.parquet,ok,
stock_minute_1,SPY,2025-04-23,929,C:\Users\hkhat\OneDrive\Desktop\Project\Dissertation\data_extended_2023_2026\raw\stock_minute_1\ticker=SPY\date=2025-04-23\data.parquet,ok,
stock_minute_1,SPY,2025-04-24,900,C:\Users\hkhat\OneDrive\Desktop\Project\Dissertation\data_extended_2023_2026\raw\stock_minute_1\ticker=SPY\date=2025-04-24\data.parquet,ok,
stock_minute_1,SPY,2025-04-25,874,C:\Users\hkhat\OneDrive\Desktop\Project\Dissertation\data_extended_2023_2026\raw\stock_minute_1\ticker=SPY\date=2025-04-25\data.parquet,ok,
stock_minute_1,SPY,2025-04-28,818,C:\Users\hkhat\OneDrive\Desktop\Project\Dissertation\data_extended_2023_2026\raw\stock_minute_1\ticker=SPY\date=2025-04-28\data.parquet,ok,
stock_minute_1,SPY,2025-04-29,839,C:\Users\hkhat\OneDrive\Desktop\Project\Dissertation\data_extended_2023_2026\raw\stock_minute_1\ticker=SPY\date=2025-04-29\data.parquet,ok,
stock_minute_1,SPY,2025-04-30,858,C:\Users\hkhat\OneDrive\Desktop\Project\Dissertation\data_extended_2023_2026\raw\stock_minute_1\ticker=SPY\date=2025-04-30\data.parquet,ok,
stock_minute_1,SPY,2025-05-01,885,C:\Users\hkhat\OneDrive\Desktop\Project\Dissertation\data_extended_2023_2026\raw\stock_minute_1\ticker=SPY\date=2025-05-01\data.parquet,ok,
stock_minute_1,SPY,2025-05-02,815,C:\Users\hkhat\OneDrive\Desktop\Project\Dissertation\data_extended_2023_2026\raw\stock_minute_1\ticker=SPY\date=2025-05-02\data.parquet,ok,
stock_minute_1,SPY,2025-05-05,833,C:\Users\hkhat\OneDrive\Desktop\Project\Dissertation\data_extended_2023_2026\raw\stock_minute_1\ticker=SPY\date=2025-05-05\data.parquet,ok,
stock_minute_1,SPY,2025-05-06,895,C:\Users\hkhat\OneDrive\Desktop\Project\Dissertation\data_extended_2023_2026\raw\stock_minute_1\ticker=SPY\date=2025-05-06\data.parquet,ok,
stock_minute_1,SPY,2025-05-07,837,C:\Users\hkhat\OneDrive\Desktop\Project\Dissertation\data_extended_2023_2026\raw\stock_minute_1\ticker=SPY\date=2025-05-07\data.parquet,ok,
stock_minute_1,SPY,2025-05-08,882,C:\Users\hkhat\OneDrive\Desktop\Project\Dissertation\data_extended_2023_2026\raw\stock_minute_1\ticker=SPY\date=2025-05-08\data.parquet,ok,
stock_minute_1,SPY,2025-05-09,815,C:\Users\hkhat\OneDrive\Desktop\Project\Dissertation\data_extended_2023_2026\raw\stock_minute_1\ticker=SPY\date=2025-05-09\data.parquet,ok,
stock_minute_1,SPY,2025-05-12,914,C:\Users\hkhat\OneDrive\Desktop\Project\Dissertation\data_extended_2023_2026\raw\stock_minute_1\ticker=SPY\date=2025-05-12\data.parquet,ok,
stock_minute_1,SPY,2025-05-13,819,C:\Users\hkhat\OneDrive\Desktop\Project\Dissertation\data_extended_2023_2026\raw\stock_minute_1\ticker=SPY\date=2025-05-13\data.parquet,ok,
stock_minute_1,SPY,2025-05-14,864,C:\Users\hkhat\OneDrive\Desktop\Project\Dissertation\data_extended_2023_2026\raw\stock_minute_1\ticker=SPY\date=2025-05-14\data.parquet,ok,
stock_minute_1,SPY,2025-05-15,858,C:\Users\hkhat\OneDrive\Desktop\Project\Dissertation\data_extended_2023_2026\raw\stock_minute_1\ticker=SPY\date=2025-05-15\data.parquet,ok,
stock_minute_1,SPY,2025-05-16,899,C:\Users\hkhat\OneDrive\Desktop\Project\Dissertation\data_extended_2023_2026\raw\stock_minute_1\ticker=SPY\date=2025-05-16\data.parquet,ok,
stock_minute_1,SPY,2025-05-19,911,C:\Users\hkhat\OneDrive\Desktop\Project\Dissertation\data_extended_2023_2026\raw\stock_minute_1\ticker=SPY\date=2025-05-19\data.parquet,ok,
stock_minute_1,SPY,2025-05-20,834,C:\Users\hkhat\OneDrive\Desktop\Project\Dissertation\data_extended_2023_2026\raw\stock_minute_1\ticker=SPY\date=2025-05-20\data.parquet,ok,
stock_minute_1,SPY,2025-05-21,897,C:\Users\hkhat\OneDrive\Desktop\Project\Dissertation\data_extended_2023_2026\raw\stock_minute_1\ticker=SPY\date=2025-05-21\data.parquet,ok,
stock_minute_1,SPY,2025-05-22,877,C:\Users\hkhat\OneDrive\Desktop\Project\Dissertation\data_extended_2023_2026\raw\stock_minute_1\ticker=SPY\date=2025-05-22\data.parquet,ok,
stock_minute_1,SPY,2025-05-23,793,C:\Users\hkhat\OneDrive\Desktop\Project\Dissertation\data_extended_2023_2026\raw\stock_minute_1\ticker=SPY\date=2025-05-23\data.parquet,ok,
stock_minute_1,SPY,2025-05-26,0,,empty,No qualifying bars
stock_minute_1,SPY,2025-05-27,879,C:\Users\hkhat\OneDrive\Desktop\Project\Dissertation\data_extended_2023_2026\raw\stock_minute_1\ticker=SPY\date=2025-05-27\data.parquet,ok,
stock_minute_1,SPY,2025-05-28,885,C:\Users\hkhat\OneDrive\Desktop\Project\Dissertation\data_extended_2023_2026\raw\stock_minute_1\ticker=SPY\date=2025-05-28\data.parquet,ok,
stock_minute_1,SPY,2025-05-29,900,C:\Users\hkhat\OneDrive\Desktop\Project\Dissertation\data_extended_2023_2026\raw\stock_minute_1\ticker=SPY\date=2025-05-29\data.parquet,ok,
stock_minute_1,SPY,2025-05-30,805,C:\Users\hkhat\OneDrive\Desktop\Project\Dissertation\data_extended_2023_2026\raw\stock_minute_1\ticker=SPY\date=2025-05-30\data.parquet,ok,
stock_minute_1,SPY,2025-06-02,868,C:\Users\hkhat\OneDrive\Desktop\Project\Dissertation\data_extended_2023_2026\raw\stock_minute_1\ticker=SPY\date=2025-06-02\data.parquet,ok,
stock_minute_1,SPY,2025-06-03,836,C:\Users\hkhat\OneDrive\Desktop\Project\Dissertation\data_extended_2023_2026\raw\stock_minute_1\ticker=SPY\date=2025-06-03\data.parquet,ok,
stock_minute_1,SPY,2025-06-04,808,C:\Users\hkhat\OneDrive\Desktop\Project\Dissertation\data_extended_2023_2026\raw\stock_minute_1\ticker=SPY\date=2025-06-04\data.parquet,ok,
stock_minute_1,SPY,2025-06-05,857,C:\Users\hkhat\OneDrive\Desktop\Project\Dissertation\data_extended_2023_2026\raw\stock_minute_1\ticker=SPY\date=2025-06-05\data.parquet,ok,
stock_minute_1,SPY,2025-06-06,826,C:\Users\hkhat\OneDrive\Desktop\Project\Dissertation\data_extended_2023_2026\raw\stock_minute_1\ticker=SPY\date=2025-06-06\data.parquet,ok,
stock_minute_1,SPY,2025-06-09,821,C:\Users\hkhat\OneDrive\Desktop\Project\Dissertation\data_extended_2023_2026\raw\stock_minute_1\ticker=SPY\date=2025-06-09\data.parquet,ok,
stock_minute_1,SPY,2025-06-10,830,C:\Users\hkhat\OneDrive\Desktop\Project\Dissertation\data_extended_2023_2026\raw\stock_minute_1\ticker=SPY\date=2025-06-10\data.parquet,ok,
stock_minute_1,SPY,2025-06-11,862,C:\Users\hkhat\OneDrive\Desktop\Project\Dissertation\data_extended_2023_2026\raw\stock_minute_1\ticker=SPY\date=2025-06-11\data.parquet,ok,
stock_minute_1,SPY,2025-06-12,899,C:\Users\hkhat\OneDrive\Desktop\Project\Dissertation\data_extended_2023_2026\raw\stock_minute_1\ticker=SPY\date=2025-06-12\data.parquet,ok,
stock_minute_1,SPY,2025-06-13,899,C:\Users\hkhat\OneDrive\Desktop\Project\Dissertation\data_extended_2023_2026\raw\stock_minute_1\ticker=SPY\date=2025-06-13\data.parquet,ok,
stock_minute_1,SPY,2025-06-16,898,C:\Users\hkhat\OneDrive\Desktop\Project\Dissertation\data_extended_2023_2026\raw\stock_minute_1\ticker=SPY\date=2025-06-16\data.parquet,ok,
stock_minute_1,SPY,2025-06-17,901,C:\Users\hkhat\OneDrive\Desktop\Project\Dissertation\data_extended_2023_2026\raw\stock_minute_1\ticker=SPY\date=2025-06-17\data.parquet,ok,
stock_minute_1,SPY,2025-06-18,854,C:\Users\hkhat\OneDrive\Desktop\Project\Dissertation\data_extended_2023_2026\raw\stock_minute_1\ticker=SPY\date=2025-06-18\data.parquet,ok,
stock_minute_1,SPY,2025-06-19,0,,empty,No qualifying bars
stock_minute_1,SPY,2025-06-20,845,C:\Users\hkhat\OneDrive\Desktop\Project\Dissertation\data_extended_2023_2026\raw\stock_minute_1\ticker=SPY\date=2025-06-20\data.parquet,ok,
stock_minute_1,SPY,2025-06-23,915,C:\Users\hkhat\OneDrive\Desktop\Project\Dissertation\data_extended_2023_2026\raw\stock_minute_1\ticker=SPY\date=2025-06-23\data.parquet,ok,
stock_minute_1,SPY,2025-06-24,860,C:\Users\hkhat\OneDrive\Desktop\Project\Dissertation\data_extended_2023_2026\raw\stock_minute_1\ticker=SPY\date=2025-06-24\data.parquet,ok,
stock_minute_1,SPY,2025-06-25,836,C:\Users\hkhat\OneDrive\Desktop\Project\Dissertation\data_extended_2023_2026\raw\stock_minute_1\ticker=SPY\date=2025-06-25\data.parquet,ok,
stock_minute_1,SPY,2025-06-26,850,C:\Users\hkhat\OneDrive\Desktop\Project\Dissertation\data_extended_2023_2026\raw\stock_minute_1\ticker=SPY\date=2025-06-26\data.parquet,ok,
stock_minute_1,SPY,2025-06-27,851,C:\Users\hkhat\OneDrive\Desktop\Project\Dissertation\data_extended_2023_2026\raw\stock_minute_1\ticker=SPY\date=2025-06-27\data.parquet,ok,
stock_minute_1,SPY,2025-06-30,834,C:\Users\hkhat\OneDrive\Desktop\Project\Dissertation\data_extended_2023_2026\raw\stock_minute_1\ticker=SPY\date=2025-06-30\data.parquet,ok,
stock_minute_1,SPY,2025-07-01,817,C:\Users\hkhat\OneDrive\Desktop\Project\Dissertation\data_extended_2023_2026\raw\stock_minute_1\ticker=SPY\date=2025-07-01\data.parquet,ok,
stock_minute_1,SPY,2025-07-02,838,C:\Users\hkhat\OneDrive\Desktop\Project\Dissertation\data_extended_2023_2026\raw\stock_minute_1\ticker=SPY\date=2025-07-02\data.parquet,ok,
stock_minute_1,SPY,2025-07-03,504,C:\Users\hkhat\OneDrive\Desktop\Project\Dissertation\data_extended_2023_2026\raw\stock_minute_1\ticker=SPY\date=2025-07-03\data.parquet,ok,
stock_minute_1,SPY,2025-07-04,0,,empty,No qualifying bars
stock_minute_1,SPY,2025-07-07,860,C:\Users\hkhat\OneDrive\Desktop\Project\Dissertation\data_extended_2023_2026\raw\stock_minute_1\ticker=SPY\date=2025-07-07\data.parquet,ok,
stock_minute_1,SPY,2025-07-08,770,C:\Users\hkhat\OneDrive\Desktop\Project\Dissertation\data_extended_2023_2026\raw\stock_minute_1\ticker=SPY\date=2025-07-08\data.parquet,ok,
stock_minute_1,SPY,2025-07-09,798,C:\Users\hkhat\OneDrive\Desktop\Project\Dissertation\data_extended_2023_2026\raw\stock_minute_1\ticker=SPY\date=2025-07-09\data.parquet,ok,
stock_minute_1,SPY,2025-07-10,823,C:\Users\hkhat\OneDrive\Desktop\Project\Dissertation\data_extended_2023_2026\raw\stock_minute_1\ticker=SPY\date=2025-07-10\data.parquet,ok,
stock_minute_1,SPY,2025-07-11,828,C:\Users\hkhat\OneDrive\Desktop\Project\Dissertation\data_extended_2023_2026\raw\stock_minute_1\ticker=SPY\date=2025-07-11\data.parquet,ok,
stock_minute_1,SPY,2025-07-14,838,C:\Users\hkhat\OneDrive\Desktop\Project\Dissertation\data_extended_2023_2026\raw\stock_minute_1\ticker=SPY\date=2025-07-14\data.parquet,ok,
stock_minute_1,SPY,2025-07-15,868,C:\Users\hkhat\OneDrive\Desktop\Project\Dissertation\data_extended_2023_2026\raw\stock_minute_1\ticker=SPY\date=2025-07-15\data.parquet,ok,
stock_minute_1,SPY,2025-07-16,835,C:\Users\hkhat\OneDrive\Desktop\Project\Dissertation\data_extended_2023_2026\raw\stock_minute_1\ticker=SPY\date=2025-07-16\data.parquet,ok,
stock_minute_1,SPY,2025-07-17,817,C:\Users\hkhat\OneDrive\Desktop\Project\Dissertation\data_extended_2023_2026\raw\stock_minute_1\ticker=SPY\date=2025-07-17\data.parquet,ok,
stock_minute_1,SPY,2025-07-18,794,C:\Users\hkhat\OneDrive\Desktop\Project\Dissertation\data_extended_2023_2026\raw\stock_minute_1\ticker=SPY\date=2025-07-18\data.parquet,ok,
stock_minute_1,SPY,2025-07-21,778,C:\Users\hkhat\OneDrive\Desktop\Project\Dissertation\data_extended_2023_2026\raw\stock_minute_1\ticker=SPY\date=2025-07-21\data.parquet,ok,
stock_minute_1,SPY,2025-07-22,827,C:\Users\hkhat\OneDrive\Desktop\Project\Dissertation\data_extended_2023_2026\raw\stock_minute_1\ticker=SPY\date=2025-07-22\data.parquet,ok,
stock_minute_1,SPY,2025-07-23,870,C:\Users\hkhat\OneDrive\Desktop\Project\Dissertation\data_extended_2023_2026\raw\stock_minute_1\ticker=SPY\date=2025-07-23\data.parquet,ok,
stock_minute_1,SPY,2025-07-24,794,C:\Users\hkhat\OneDrive\Desktop\Project\Dissertation\data_extended_2023_2026\raw\stock_minute_1\ticker=SPY\date=2025-07-24\data.parquet,ok,
stock_minute_1,SPY,2025-07-25,754,C:\Users\hkhat\OneDrive\Desktop\Project\Dissertation\data_extended_2023_2026\raw\stock_minute_1\ticker=SPY\date=2025-07-25\data.parquet,ok,
stock_minute_1,SPY,2025-07-28,813,C:\Users\hkhat\OneDrive\Desktop\Project\Dissertation\data_extended_2023_2026\raw\stock_minute_1\ticker=SPY\date=2025-07-28\data.parquet,ok,
stock_minute_1,SPY,2025-07-29,799,C:\Users\hkhat\OneDrive\Desktop\Project\Dissertation\data_extended_2023_2026\raw\stock_minute_1\ticker=SPY\date=2025-07-29\data.parquet,ok,
stock_minute_1,SPY,2025-07-30,868,C:\Users\hkhat\OneDrive\Desktop\Project\Dissertation\data_extended_2023_2026\raw\stock_minute_1\ticker=SPY\date=2025-07-30\data.parquet,ok,
stock_minute_1,SPY,2025-07-31,900,C:\Users\hkhat\OneDrive\Desktop\Project\Dissertation\data_extended_2023_2026\raw\stock_minute_1\ticker=SPY\date=2025-07-31\data.parquet,ok,
stock_minute_1,SPY,2025-08-01,882,C:\Users\hkhat\OneDrive\Desktop\Project\Dissertation\data_extended_2023_2026\raw\stock_minute_1\ticker=SPY\date=2025-08-01\data.parquet,ok,
stock_minute_1,SPY,2025-08-04,900,C:\Users\hkhat\OneDrive\Desktop\Project\Dissertation\data_extended_2023_2026\raw\stock_minute_1\ticker=SPY\date=2025-08-04\data.parquet,ok,
stock_minute_1,SPY,2025-08-05,893,C:\Users\hkhat\OneDrive\Desktop\Project\Dissertation\data_extended_2023_2026\raw\stock_minute_1\ticker=SPY\date=2025-08-05\data.parquet,ok,
stock_minute_1,SPY,2025-08-06,897,C:\Users\hkhat\OneDrive\Desktop\Project\Dissertation\data_extended_2023_2026\raw\stock_minute_1\ticker=SPY\date=2025-08-06\data.parquet,ok,
stock_minute_1,SPY,2025-08-07,891,C:\Users\hkhat\OneDrive\Desktop\Project\Dissertation\data_extended_2023_2026\raw\stock_minute_1\ticker=SPY\date=2025-08-07\data.parquet,ok,
stock_minute_1,SPY,2025-08-08,819,C:\Users\hkhat\OneDrive\Desktop\Project\Dissertation\data_extended_2023_2026\raw\stock_minute_1\ticker=SPY\date=2025-08-08\data.parquet,ok,
stock_minute_1,SPY,2025-08-11,831,C:\Users\hkhat\OneDrive\Desktop\Project\Dissertation\data_extended_2023_2026\raw\stock_minute_1\ticker=SPY\date=2025-08-11\data.parquet,ok,
stock_minute_1,SPY,2025-08-12,801,C:\Users\hkhat\OneDrive\Desktop\Project\Dissertation\data_extended_2023_2026\raw\stock_minute_1\ticker=SPY\date=2025-08-12\data.parquet,ok,
stock_minute_1,SPY,2025-08-13,805,C:\Users\hkhat\OneDrive\Desktop\Project\Dissertation\data_extended_2023_2026\raw\stock_minute_1\ticker=SPY\date=2025-08-13\data.parquet,ok,
stock_minute_1,SPY,2025-08-14,782,C:\Users\hkhat\OneDrive\Desktop\Project\Dissertation\data_extended_2023_2026\raw\stock_minute_1\ticker=SPY\date=2025-08-14\data.parquet,ok,
stock_minute_1,SPY,2025-08-15,815,C:\Users\hkhat\OneDrive\Desktop\Project\Dissertation\data_extended_2023_2026\raw\stock_minute_1\ticker=SPY\date=2025-08-15\data.parquet,ok,
stock_minute_1,SPY,2025-08-18,812,C:\Users\hkhat\OneDrive\Desktop\Project\Dissertation\data_extended_2023_2026\raw\stock_minute_1\ticker=SPY\date=2025-08-18\data.parquet,ok,
stock_minute_1,SPY,2025-08-19,812,C:\Users\hkhat\OneDrive\Desktop\Project\Dissertation\data_extended_2023_2026\raw\stock_minute_1\ticker=SPY\date=2025-08-19\data.parquet,ok,
stock_minute_1,SPY,2025-08-20,809,C:\Users\hkhat\OneDrive\Desktop\Project\Dissertation\data_extended_2023_2026\raw\stock_minute_1\ticker=SPY\date=2025-08-20\data.parquet,ok,
stock_minute_1,SPY,2025-08-21,811,C:\Users\hkhat\OneDrive\Desktop\Project\Dissertation\data_extended_2023_2026\raw\stock_minute_1\ticker=SPY\date=2025-08-21\data.parquet,ok,
stock_minute_1,SPY,2025-08-22,792,C:\Users\hkhat\OneDrive\Desktop\Project\Dissertation\data_extended_2023_2026\raw\stock_minute_1\ticker=SPY\date=2025-08-22\data.parquet,ok,
stock_minute_1,SPY,2025-08-25,823,C:\Users\hkhat\OneDrive\Desktop\Project\Dissertation\data_extended_2023_2026\raw\stock_minute_1\ticker=SPY\date=2025-08-25\data.parquet,ok,
stock_minute_1,SPY,2025-08-26,761,C:\Users\hkhat\OneDrive\Desktop\Project\Dissertation\data_extended_2023_2026\raw\stock_minute_1\ticker=SPY\date=2025-08-26\data.parquet,ok,
stock_minute_1,SPY,2025-08-27,788,C:\Users\hkhat\OneDrive\Desktop\Project\Dissertation\data_extended_2023_2026\raw\stock_minute_1\ticker=SPY\date=2025-08-27\data.parquet,ok,
stock_minute_1,SPY,2025-08-28,799,C:\Users\hkhat\OneDrive\Desktop\Project\Dissertation\data_extended_2023_2026\raw\stock_minute_1\ticker=SPY\date=2025-08-28\data.parquet,ok,
stock_minute_1,SPY,2025-08-29,830,C:\Users\hkhat\OneDrive\Desktop\Project\Dissertation\data_extended_2023_2026\raw\stock_minute_1\ticker=SPY\date=2025-08-29\data.parquet,ok,
stock_minute_1,SPY,2025-09-01,0,,empty,No qualifying bars
stock_minute_1,SPY,2025-09-02,873,C:\Users\hkhat\OneDrive\Desktop\Project\Dissertation\data_extended_2023_2026\raw\stock_minute_1\ticker=SPY\date=2025-09-02\data.parquet,ok,
stock_minute_1,SPY,2025-09-03,867,C:\Users\hkhat\OneDrive\Desktop\Project\Dissertation\data_extended_2023_2026\raw\stock_minute_1\ticker=SPY\date=2025-09-03\data.parquet,ok,
stock_minute_1,SPY,2025-09-04,804,C:\Users\hkhat\OneDrive\Desktop\Project\Dissertation\data_extended_2023_2026\raw\stock_minute_1\ticker=SPY\date=2025-09-04\data.parquet,ok,
stock_minute_1,SPY,2025-09-05,842,C:\Users\hkhat\OneDrive\Desktop\Project\Dissertation\data_extended_2023_2026\raw\stock_minute_1\ticker=SPY\date=2025-09-05\data.parquet,ok,
stock_minute_1,SPY,2025-09-08,795,C:\Users\hkhat\OneDrive\Desktop\Project\Dissertation\data_extended_2023_2026\raw\stock_minute_1\ticker=SPY\date=2025-09-08\data.parquet,ok,
stock_minute_1,SPY,2025-09-09,780,C:\Users\hkhat\OneDrive\Desktop\Project\Dissertation\data_extended_2023_2026\raw\stock_minute_1\ticker=SPY\date=2025-09-09\data.parquet,ok,
stock_minute_1,SPY,2025-09-10,838,C:\Users\hkhat\OneDrive\Desktop\Project\Dissertation\data_extended_2023_2026\raw\stock_minute_1\ticker=SPY\date=2025-09-10\data.parquet,ok,
stock_minute_1,SPY,2025-09-11,782,C:\Users\hkhat\OneDrive\Desktop\Project\Dissertation\data_extended_2023_2026\raw\stock_minute_1\ticker=SPY\date=2025-09-11\data.parquet,ok,
stock_minute_1,SPY,2025-09-12,761,C:\Users\hkhat\OneDrive\Desktop\Project\Dissertation\data_extended_2023_2026\raw\stock_minute_1\ticker=SPY\date=2025-09-12\data.parquet,ok,
stock_minute_1,SPY,2025-09-15,790,C:\Users\hkhat\OneDrive\Desktop\Project\Dissertation\data_extended_2023_2026\raw\stock_minute_1\ticker=SPY\date=2025-09-15\data.parquet,ok,
stock_minute_1,SPY,2025-09-16,766,C:\Users\hkhat\OneDrive\Desktop\Project\Dissertation\data_extended_2023_2026\raw\stock_minute_1\ticker=SPY\date=2025-09-16\data.parquet,ok,
stock_minute_1,SPY,2025-09-17,798,C:\Users\hkhat\OneDrive\Desktop\Project\Dissertation\data_extended_2023_2026\raw\stock_minute_1\ticker=SPY\date=2025-09-17\data.parquet,ok,
stock_minute_1,SPY,2025-09-18,882,C:\Users\hkhat\OneDrive\Desktop\Project\Dissertation\data_extended_2023_2026\raw\stock_minute_1\ticker=SPY\date=2025-09-18\data.parquet,ok,
stock_minute_1,SPY,2025-09-19,834,C:\Users\hkhat\OneDrive\Desktop\Project\Dissertation\data_extended_2023_2026\raw\stock_minute_1\ticker=SPY\date=2025-09-19\data.parquet,ok,
stock_minute_1,SPY,2025-09-22,800,C:\Users\hkhat\OneDrive\Desktop\Project\Dissertation\data_extended_2023_2026\raw\stock_minute_1\ticker=SPY\date=2025-09-22\data.parquet,ok,
stock_minute_1,SPY,2025-09-23,770,C:\Users\hkhat\OneDrive\Desktop\Project\Dissertation\data_extended_2023_2026\raw\stock_minute_1\ticker=SPY\date=2025-09-23\data.parquet,ok,
stock_minute_1,SPY,2025-09-24,762,C:\Users\hkhat\OneDrive\Desktop\Project\Dissertation\data_extended_2023_2026\raw\stock_minute_1\ticker=SPY\date=2025-09-24\data.parquet,ok,
stock_minute_1,SPY,2025-09-25,824,C:\Users\hkhat\OneDrive\Desktop\Project\Dissertation\data_extended_2023_2026\raw\stock_minute_1\ticker=SPY\date=2025-09-25\data.parquet,ok,
stock_minute_1,SPY,2025-09-26,763,C:\Users\hkhat\OneDrive\Desktop\Project\Dissertation\data_extended_2023_2026\raw\stock_minute_1\ticker=SPY\date=2025-09-26\data.parquet,ok,
stock_minute_1,SPY,2025-09-29,848,C:\Users\hkhat\OneDrive\Desktop\Project\Dissertation\data_extended_2023_2026\raw\stock_minute_1\ticker=SPY\date=2025-09-29\data.parquet,ok,
stock_minute_1,SPY,2025-09-30,818,C:\Users\hkhat\OneDrive\Desktop\Project\Dissertation\data_extended_2023_2026\raw\stock_minute_1\ticker=SPY\date=2025-09-30\data.parquet,ok,
stock_minute_1,SPY,2025-10-01,858,C:\Users\hkhat\OneDrive\Desktop\Project\Dissertation\data_extended_2023_2026\raw\stock_minute_1\ticker=SPY\date=2025-10-01\data.parquet,ok,
stock_minute_1,SPY,2025-10-02,802,C:\Users\hkhat\OneDrive\Desktop\Project\Dissertation\data_extended_2023_2026\raw\stock_minute_1\ticker=SPY\date=2025-10-02\data.parquet,ok,
stock_minute_1,SPY,2025-10-03,768,C:\Users\hkhat\OneDrive\Desktop\Project\Dissertation\data_extended_2023_2026\raw\stock_minute_1\ticker=SPY\date=2025-10-03\data.parquet,ok,
stock_minute_1,SPY,2025-10-06,820,C:\Users\hkhat\OneDrive\Desktop\Project\Dissertation\data_extended_2023_2026\raw\stock_minute_1\ticker=SPY\date=2025-10-06\data.parquet,ok,
stock_minute_1,SPY,2025-10-07,783,C:\Users\hkhat\OneDrive\Desktop\Project\Dissertation\data_extended_2023_2026\raw\stock_minute_1\ticker=SPY\date=2025-10-07\data.parquet,ok,
stock_minute_1,SPY,2025-10-08,795,C:\Users\hkhat\OneDrive\Desktop\Project\Dissertation\data_extended_2023_2026\raw\stock_minute_1\ticker=SPY\date=2025-10-08\data.parquet,ok,
stock_minute_1,SPY,2025-10-09,807,C:\Users\hkhat\OneDrive\Desktop\Project\Dissertation\data_extended_2023_2026\raw\stock_minute_1\ticker=SPY\date=2025-10-09\data.parquet,ok,
stock_minute_1,SPY,2025-10-10,894,C:\Users\hkhat\OneDrive\Desktop\Project\Dissertation\data_extended_2023_2026\raw\stock_minute_1\ticker=SPY\date=2025-10-10\data.parquet,ok,
stock_minute_1,SPY,2025-10-13,864,C:\Users\hkhat\OneDrive\Desktop\Project\Dissertation\data_extended_2023_2026\raw\stock_minute_1\ticker=SPY\date=2025-10-13\data.parquet,ok,
stock_minute_1,SPY,2025-10-14,893,C:\Users\hkhat\OneDrive\Desktop\Project\Dissertation\data_extended_2023_2026\raw\stock_minute_1\ticker=SPY\date=2025-10-14\data.parquet,ok,
stock_minute_1,SPY,2025-10-15,871,C:\Users\hkhat\OneDrive\Desktop\Project\Dissertation\data_extended_2023_2026\raw\stock_minute_1\ticker=SPY\date=2025-10-15\data.parquet,ok,
stock_minute_1,SPY,2025-10-16,899,C:\Users\hkhat\OneDrive\Desktop\Project\Dissertation\data_extended_2023_2026\raw\stock_minute_1\ticker=SPY\date=2025-10-16\data.parquet,ok,
stock_minute_1,SPY,2025-10-17,875,C:\Users\hkhat\OneDrive\Desktop\Project\Dissertation\data_extended_2023_2026\raw\stock_minute_1\ticker=SPY\date=2025-10-17\data.parquet,ok,
stock_minute_1,SPY,2025-10-20,838,C:\Users\hkhat\OneDrive\Desktop\Project\Dissertation\data_extended_2023_2026\raw\stock_minute_1\ticker=SPY\date=2025-10-20\data.parquet,ok,
stock_minute_1,SPY,2025-10-21,851,C:\Users\hkhat\OneDrive\Desktop\Project\Dissertation\data_extended_2023_2026\raw\stock_minute_1\ticker=SPY\date=2025-10-21\data.parquet,ok,
stock_minute_1,SPY,2025-10-22,799,C:\Users\hkhat\OneDrive\Desktop\Project\Dissertation\data_extended_2023_2026\raw\stock_minute_1\ticker=SPY\date=2025-10-22\data.parquet,ok,
stock_minute_1,SPY,2025-10-23,816,C:\Users\hkhat\OneDrive\Desktop\Project\Dissertation\data_extended_2023_2026\raw\stock_minute_1\ticker=SPY\date=2025-10-23\data.parquet,ok,
stock_minute_1,SPY,2025-10-24,811,C:\Users\hkhat\OneDrive\Desktop\Project\Dissertation\data_extended_2023_2026\raw\stock_minute_1\ticker=SPY\date=2025-10-24\data.parquet,ok,
stock_minute_1,SPY,2025-10-27,863,C:\Users\hkhat\OneDrive\Desktop\Project\Dissertation\data_extended_2023_2026\raw\stock_minute_1\ticker=SPY\date=2025-10-27\data.parquet,ok,
stock_minute_1,SPY,2025-10-28,853,C:\Users\hkhat\OneDrive\Desktop\Project\Dissertation\data_extended_2023_2026\raw\stock_minute_1\ticker=SPY\date=2025-10-28\data.parquet,ok,
stock_minute_1,SPY,2025-10-29,876,C:\Users\hkhat\OneDrive\Desktop\Project\Dissertation\data_extended_2023_2026\raw\stock_minute_1\ticker=SPY\date=2025-10-29\data.parquet,ok,
stock_minute_1,SPY,2025-10-30,877,C:\Users\hkhat\OneDrive\Desktop\Project\Dissertation\data_extended_2023_2026\raw\stock_minute_1\ticker=SPY\date=2025-10-30\data.parquet,ok,
stock_minute_1,SPY,2025-10-31,804,C:\Users\hkhat\OneDrive\Desktop\Project\Dissertation\data_extended_2023_2026\raw\stock_minute_1\ticker=SPY\date=2025-10-31\data.parquet,ok,
stock_minute_1,SPY,2025-11-03,917,C:\Users\hkhat\OneDrive\Desktop\Project\Dissertation\data_extended_2023_2026\raw\stock_minute_1\ticker=SPY\date=2025-11-03\data.parquet,ok,
stock_minute_1,SPY,2025-11-04,951,C:\Users\hkhat\OneDrive\Desktop\Project\Dissertation\data_extended_2023_2026\raw\stock_minute_1\ticker=SPY\date=2025-11-04\data.parquet,ok,
stock_minute_1,SPY,2025-11-05,925,C:\Users\hkhat\OneDrive\Desktop\Project\Dissertation\data_extended_2023_2026\raw\stock_minute_1\ticker=SPY\date=2025-11-05\data.parquet,ok,
stock_minute_1,SPY,2025-11-06,933,C:\Users\hkhat\OneDrive\Desktop\Project\Dissertation\data_extended_2023_2026\raw\stock_minute_1\ticker=SPY\date=2025-11-06\data.parquet,ok,
stock_minute_1,SPY,2025-11-07,935,C:\Users\hkhat\OneDrive\Desktop\Project\Dissertation\data_extended_2023_2026\raw\stock_minute_1\ticker=SPY\date=2025-11-07\data.parquet,ok,
stock_minute_1,SPY,2025-11-10,921,C:\Users\hkhat\OneDrive\Desktop\Project\Dissertation\data_extended_2023_2026\raw\stock_minute_1\ticker=SPY\date=2025-11-10\data.parquet,ok,
stock_minute_1,SPY,2025-11-11,890,C:\Users\hkhat\OneDrive\Desktop\Project\Dissertation\data_extended_2023_2026\raw\stock_minute_1\ticker=SPY\date=2025-11-11\data.parquet,ok,
stock_minute_1,SPY,2025-11-12,899,C:\Users\hkhat\OneDrive\Desktop\Project\Dissertation\data_extended_2023_2026\raw\stock_minute_1\ticker=SPY\date=2025-11-12\data.parquet,ok,
stock_minute_1,SPY,2025-11-13,928,C:\Users\hkhat\OneDrive\Desktop\Project\Dissertation\data_extended_2023_2026\raw\stock_minute_1\ticker=SPY\date=2025-11-13\data.parquet,ok,
stock_minute_1,SPY,2025-11-14,928,C:\Users\hkhat\OneDrive\Desktop\Project\Dissertation\data_extended_2023_2026\raw\stock_minute_1\ticker=SPY\date=2025-11-14\data.parquet,ok,
stock_minute_1,SPY,2025-11-17,937,C:\Users\hkhat\OneDrive\Desktop\Project\Dissertation\data_extended_2023_2026\raw\stock_minute_1\ticker=SPY\date=2025-11-17\data.parquet,ok,
stock_minute_1,SPY,2025-11-18,924,C:\Users\hkhat\OneDrive\Desktop\Project\Dissertation\data_extended_2023_2026\raw\stock_minute_1\ticker=SPY\date=2025-11-18\data.parquet,ok,
stock_minute_1,SPY,2025-11-19,948,C:\Users\hkhat\OneDrive\Desktop\Project\Dissertation\data_extended_2023_2026\raw\stock_minute_1\ticker=SPY\date=2025-11-19\data.parquet,ok,
stock_minute_1,SPY,2025-11-20,947,C:\Users\hkhat\OneDrive\Desktop\Project\Dissertation\data_extended_2023_2026\raw\stock_minute_1\ticker=SPY\date=2025-11-20\data.parquet,ok,
stock_minute_1,SPY,2025-11-21,932,C:\Users\hkhat\OneDrive\Desktop\Project\Dissertation\data_extended_2023_2026\raw\stock_minute_1\ticker=SPY\date=2025-11-21\data.parquet,ok,
stock_minute_1,SPY,2025-11-24,928,C:\Users\hkhat\OneDrive\Desktop\Project\Dissertation\data_extended_2023_2026\raw\stock_minute_1\ticker=SPY\date=2025-11-24\data.parquet,ok,
stock_minute_1,SPY,2025-11-25,907,C:\Users\hkhat\OneDrive\Desktop\Project\Dissertation\data_extended_2023_2026\raw\stock_minute_1\ticker=SPY\date=2025-11-25\data.parquet,ok,
stock_minute_1,SPY,2025-11-26,915,C:\Users\hkhat\OneDrive\Desktop\Project\Dissertation\data_extended_2023_2026\raw\stock_minute_1\ticker=SPY\date=2025-11-26\data.parquet,ok,
stock_minute_1,SPY,2025-11-27,0,,empty,No qualifying bars
stock_minute_1,SPY,2025-11-28,547,C:\Users\hkhat\OneDrive\Desktop\Project\Dissertation\data_extended_2023_2026\raw\stock_minute_1\ticker=SPY\date=2025-11-28\data.parquet,ok,
stock_minute_1,SPY,2025-12-01,917,C:\Users\hkhat\OneDrive\Desktop\Project\Dissertation\data_extended_2023_2026\raw\stock_minute_1\ticker=SPY\date=2025-12-01\data.parquet,ok,
stock_minute_1,SPY,2025-12-02,906,C:\Users\hkhat\OneDrive\Desktop\Project\Dissertation\data_extended_2023_2026\raw\stock_minute_1\ticker=SPY\date=2025-12-02\data.parquet,ok,
stock_minute_1,SPY,2025-12-03,892,C:\Users\hkhat\OneDrive\Desktop\Project\Dissertation\data_extended_2023_2026\raw\stock_minute_1\ticker=SPY\date=2025-12-03\data.parquet,ok,
stock_minute_1,SPY,2025-12-04,881,C:\Users\hkhat\OneDrive\Desktop\Project\Dissertation\data_extended_2023_2026\raw\stock_minute_1\ticker=SPY\date=2025-12-04\data.parquet,ok,
stock_minute_1,SPY,2025-12-05,866,C:\Users\hkhat\OneDrive\Desktop\Project\Dissertation\data_extended_2023_2026\raw\stock_minute_1\ticker=SPY\date=2025-12-05\data.parquet,ok,
stock_minute_1,SPY,2025-12-08,917,C:\Users\hkhat\OneDrive\Desktop\Project\Dissertation\data_extended_2023_2026\raw\stock_minute_1\ticker=SPY\date=2025-12-08\data.parquet,ok,
stock_minute_1,SPY,2025-12-09,889,C:\Users\hkhat\OneDrive\Desktop\Project\Dissertation\data_extended_2023_2026\raw\stock_minute_1\ticker=SPY\date=2025-12-09\data.parquet,ok,
stock_minute_1,SPY,2025-12-10,915,C:\Users\hkhat\OneDrive\Desktop\Project\Dissertation\data_extended_2023_2026\raw\stock_minute_1\ticker=SPY\date=2025-12-10\data.parquet,ok,
stock_minute_1,SPY,2025-12-11,937,C:\Users\hkhat\OneDrive\Desktop\Project\Dissertation\data_extended_2023_2026\raw\stock_minute_1\ticker=SPY\date=2025-12-11\data.parquet,ok,
stock_minute_1,SPY,2025-12-12,917,C:\Users\hkhat\OneDrive\Desktop\Project\Dissertation\data_extended_2023_2026\raw\stock_minute_1\ticker=SPY\date=2025-12-12\data.parquet,ok,
stock_minute_1,SPY,2025-12-15,926,C:\Users\hkhat\OneDrive\Desktop\Project\Dissertation\data_extended_2023_2026\raw\stock_minute_1\ticker=SPY\date=2025-12-15\data.parquet,ok,
stock_minute_1,SPY,2025-12-16,897,C:\Users\hkhat\OneDrive\Desktop\Project\Dissertation\data_extended_2023_2026\raw\stock_minute_1\ticker=SPY\date=2025-12-16\data.parquet,ok,
stock_minute_1,SPY,2025-12-17,938,C:\Users\hkhat\OneDrive\Desktop\Project\Dissertation\data_extended_2023_2026\raw\stock_minute_1\ticker=SPY\date=2025-12-17\data.parquet,ok,
stock_minute_1,SPY,2025-12-18,934,C:\Users\hkhat\OneDrive\Desktop\Project\Dissertation\data_extended_2023_2026\raw\stock_minute_1\ticker=SPY\date=2025-12-18\data.parquet,ok,
stock_minute_1,SPY,2025-12-19,919,C:\Users\hkhat\OneDrive\Desktop\Project\Dissertation\data_extended_2023_2026\raw\stock_minute_1\ticker=SPY\date=2025-12-19\data.parquet,ok,
stock_minute_1,SPY,2025-12-22,887,C:\Users\hkhat\OneDrive\Desktop\Project\Dissertation\data_extended_2023_2026\raw\stock_minute_1\ticker=SPY\date=2025-12-22\data.parquet,ok,
stock_minute_1,SPY,2025-12-23,856,C:\Users\hkhat\OneDrive\Desktop\Project\Dissertation\data_extended_2023_2026\raw\stock_minute_1\ticker=SPY\date=2025-12-23\data.parquet,ok,
stock_minute_1,SPY,2025-12-24,526,C:\Users\hkhat\OneDrive\Desktop\Project\Dissertation\data_extended_2023_2026\raw\stock_minute_1\ticker=SPY\date=2025-12-24\data.parquet,ok,
stock_minute_1,SPY,2025-12-25,0,,empty,No qualifying bars
stock_minute_1,SPY,2025-12-26,816,C:\Users\hkhat\OneDrive\Desktop\Project\Dissertation\data_extended_2023_2026\raw\stock_minute_1\ticker=SPY\date=2025-12-26\data.parquet,ok,
stock_minute_1,SPY,2025-12-29,875,C:\Users\hkhat\OneDrive\Desktop\Project\Dissertation\data_extended_2023_2026\raw\stock_minute_1\ticker=SPY\date=2025-12-29\data.parquet,ok,
stock_minute_1,SPY,2025-12-30,854,C:\Users\hkhat\OneDrive\Desktop\Project\Dissertation\data_extended_2023_2026\raw\stock_minute_1\ticker=SPY\date=2025-12-30\data.parquet,ok,
stock_minute_1,SPY,2025-12-31,867,C:\Users\hkhat\OneDrive\Desktop\Project\Dissertation\data_extended_2023_2026\raw\stock_minute_1\ticker=SPY\date=2025-12-31\data.parquet,ok,
stock_minute_1,SPY,2026-01-01,0,,empty,No qualifying bars
stock_minute_1,SPY,2026-01-02,912,C:\Users\hkhat\OneDrive\Desktop\Project\Dissertation\data_extended_2023_2026\raw\stock_minute_1\ticker=SPY\date=2026-01-02\data.parquet,ok,
stock_minute_1,SPY,2026-01-05,921,C:\Users\hkhat\OneDrive\Desktop\Project\Dissertation\data_extended_2023_2026\raw\stock_minute_1\ticker=SPY\date=2026-01-05\data.parquet,ok,
stock_minute_1,SPY,2026-01-06,908,C:\Users\hkhat\OneDrive\Desktop\Project\Dissertation\data_extended_2023_2026\raw\stock_minute_1\ticker=SPY\date=2026-01-06\data.parquet,ok,
stock_minute_1,SPY,2026-01-07,889,C:\Users\hkhat\OneDrive\Desktop\Project\Dissertation\data_extended_2023_2026\raw\stock_minute_1\ticker=SPY\date=2026-01-07\data.parquet,ok,
stock_minute_1,SPY,2026-01-08,910,C:\Users\hkhat\OneDrive\Desktop\Project\Dissertation\data_extended_2023_2026\raw\stock_minute_1\ticker=SPY\date=2026-01-08\data.parquet,ok,
stock_minute_1,SPY,2026-01-09,892,C:\Users\hkhat\OneDrive\Desktop\Project\Dissertation\data_extended_2023_2026\raw\stock_minute_1\ticker=SPY\date=2026-01-09\data.parquet,ok,
stock_minute_1,SPY,2026-01-12,930,C:\Users\hkhat\OneDrive\Desktop\Project\Dissertation\data_extended_2023_2026\raw\stock_minute_1\ticker=SPY\date=2026-01-12\data.parquet,ok,
stock_minute_1,SPY,2026-01-13,906,C:\Users\hkhat\OneDrive\Desktop\Project\Dissertation\data_extended_2023_2026\raw\stock_minute_1\ticker=SPY\date=2026-01-13\data.parquet,ok,
stock_minute_1,SPY,2026-01-14,930,C:\Users\hkhat\OneDrive\Desktop\Project\Dissertation\data_extended_2023_2026\raw\stock_minute_1\ticker=SPY\date=2026-01-14\data.parquet,ok,
stock_minute_1,SPY,2026-01-15,936,C:\Users\hkhat\OneDrive\Desktop\Project\Dissertation\data_extended_2023_2026\raw\stock_minute_1\ticker=SPY\date=2026-01-15\data.parquet,ok,
stock_minute_1,SPY,2026-01-16,907,C:\Users\hkhat\OneDrive\Desktop\Project\Dissertation\data_extended_2023_2026\raw\stock_minute_1\ticker=SPY\date=2026-01-16\data.parquet,ok,
stock_minute_1,SPY,2026-01-19,0,,empty,No qualifying bars
stock_minute_1,SPY,2026-01-20,947,C:\Users\hkhat\OneDrive\Desktop\Project\Dissertation\data_extended_2023_2026\raw\stock_minute_1\ticker=SPY\date=2026-01-20\data.parquet,ok,
stock_minute_1,SPY,2026-01-21,945,C:\Users\hkhat\OneDrive\Desktop\Project\Dissertation\data_extended_2023_2026\raw\stock_minute_1\ticker=SPY\date=2026-01-21\data.parquet,ok,
stock_minute_1,SPY,2026-01-22,933,C:\Users\hkhat\OneDrive\Desktop\Project\Dissertation\data_extended_2023_2026\raw\stock_minute_1\ticker=SPY\date=2026-01-22\data.parquet,ok,
stock_minute_1,SPY,2026-01-23,911,C:\Users\hkhat\OneDrive\Desktop\Project\Dissertation\data_extended_2023_2026\raw\stock_minute_1\ticker=SPY\date=2026-01-23\data.parquet,ok,
stock_minute_1,SPY,2026-01-26,904,C:\Users\hkhat\OneDrive\Desktop\Project\Dissertation\data_extended_2023_2026\raw\stock_minute_1\ticker=SPY\date=2026-01-26\data.parquet,ok,
stock_minute_1,SPY,2026-01-27,916,C:\Users\hkhat\OneDrive\Desktop\Project\Dissertation\data_extended_2023_2026\raw\stock_minute_1\ticker=SPY\date=2026-01-27\data.parquet,ok,
stock_minute_1,SPY,2026-01-28,932,C:\Users\hkhat\OneDrive\Desktop\Project\Dissertation\data_extended_2023_2026\raw\stock_minute_1\ticker=SPY\date=2026-01-28\data.parquet,ok,
stock_minute_1,SPY,2026-01-29,930,C:\Users\hkhat\OneDrive\Desktop\Project\Dissertation\data_extended_2023_2026\raw\stock_minute_1\ticker=SPY\date=2026-01-29\data.parquet,ok,
stock_minute_1,SPY,2026-01-30,929,C:\Users\hkhat\OneDrive\Desktop\Project\Dissertation\data_extended_2023_2026\raw\stock_minute_1\ticker=SPY\date=2026-01-30\data.parquet,ok,
stock_minute_1,SPY,2026-02-02,941,C:\Users\hkhat\OneDrive\Desktop\Project\Dissertation\data_extended_2023_2026\raw\stock_minute_1\ticker=SPY\date=2026-02-02\data.parquet,ok,
stock_minute_1,SPY,2026-02-03,915,C:\Users\hkhat\OneDrive\Desktop\Project\Dissertation\data_extended_2023_2026\raw\stock_minute_1\ticker=SPY\date=2026-02-03\data.parquet,ok,
stock_minute_1,SPY,2026-02-04,930,C:\Users\hkhat\OneDrive\Desktop\Project\Dissertation\data_extended_2023_2026\raw\stock_minute_1\ticker=SPY\date=2026-02-04\data.parquet,ok,
stock_minute_1,SPY,2026-02-05,950,C:\Users\hkhat\OneDrive\Desktop\Project\Dissertation\data_extended_2023_2026\raw\stock_minute_1\ticker=SPY\date=2026-02-05\data.parquet,ok,
stock_minute_1,SPY,2026-02-06,944,C:\Users\hkhat\OneDrive\Desktop\Project\Dissertation\data_extended_2023_2026\raw\stock_minute_1\ticker=SPY\date=2026-02-06\data.parquet,ok,
stock_minute_1,SPY,2026-02-09,929,C:\Users\hkhat\OneDrive\Desktop\Project\Dissertation\data_extended_2023_2026\raw\stock_minute_1\ticker=SPY\date=2026-02-09\data.parquet,ok,
stock_minute_1,SPY,2026-02-10,923,C:\Users\hkhat\OneDrive\Desktop\Project\Dissertation\data_extended_2023_2026\raw\stock_minute_1\ticker=SPY\date=2026-02-10\data.parquet,ok,
stock_minute_1,SPY,2026-02-11,921,C:\Users\hkhat\OneDrive\Desktop\Project\Dissertation\data_extended_2023_2026\raw\stock_minute_1\ticker=SPY\date=2026-02-11\data.parquet,ok,
stock_minute_1,SPY,2026-02-12,912,C:\Users\hkhat\OneDrive\Desktop\Project\Dissertation\data_extended_2023_2026\raw\stock_minute_1\ticker=SPY\date=2026-02-12\data.parquet,ok,
stock_minute_1,SPY,2026-02-13,926,C:\Users\hkhat\OneDrive\Desktop\Project\Dissertation\data_extended_2023_2026\raw\stock_minute_1\ticker=SPY\date=2026-02-13\data.parquet,ok,
stock_minute_1,SPY,2026-02-16,0,,empty,No qualifying bars
stock_minute_1,SPY,2026-02-17,920,C:\Users\hkhat\OneDrive\Desktop\Project\Dissertation\data_extended_2023_2026\raw\stock_minute_1\ticker=SPY\date=2026-02-17\data.parquet,ok,
stock_minute_1,SPY,2026-02-18,924,C:\Users\hkhat\OneDrive\Desktop\Project\Dissertation\data_extended_2023_2026\raw\stock_minute_1\ticker=SPY\date=2026-02-18\data.parquet,ok,
stock_minute_1,SPY,2026-02-19,929,C:\Users\hkhat\OneDrive\Desktop\Project\Dissertation\data_extended_2023_2026\raw\stock_minute_1\ticker=SPY\date=2026-02-19\data.parquet,ok,
stock_minute_1,SPY,2026-02-20,900,C:\Users\hkhat\OneDrive\Desktop\Project\Dissertation\data_extended_2023_2026\raw\stock_minute_1\ticker=SPY\date=2026-02-20\data.parquet,ok,
stock_minute_1,SPY,2026-02-23,931,C:\Users\hkhat\OneDrive\Desktop\Project\Dissertation\data_extended_2023_2026\raw\stock_minute_1\ticker=SPY\date=2026-02-23\data.parquet,ok,
stock_minute_1,SPY,2026-02-24,915,C:\Users\hkhat\OneDrive\Desktop\Project\Dissertation\data_extended_2023_2026\raw\stock_minute_1\ticker=SPY\date=2026-02-24\data.parquet,ok,
stock_minute_1,SPY,2026-02-25,916,C:\Users\hkhat\OneDrive\Desktop\Project\Dissertation\data_extended_2023_2026\raw\stock_minute_1\ticker=SPY\date=2026-02-25\data.parquet,ok,
stock_minute_1,SPY,2026-02-26,921,C:\Users\hkhat\OneDrive\Desktop\Project\Dissertation\data_extended_2023_2026\raw\stock_minute_1\ticker=SPY\date=2026-02-26\data.parquet,ok,
stock_minute_1,SPY,2026-02-27,922,C:\Users\hkhat\OneDrive\Desktop\Project\Dissertation\data_extended_2023_2026\raw\stock_minute_1\ticker=SPY\date=2026-02-27\data.parquet,ok,
stock_minute_1,SPY,2026-03-02,935,C:\Users\hkhat\OneDrive\Desktop\Project\Dissertation\data_extended_2023_2026\raw\stock_minute_1\ticker=SPY\date=2026-03-02\data.parquet,ok,
stock_minute_1,SPY,2026-03-03,954,C:\Users\hkhat\OneDrive\Desktop\Project\Dissertation\data_extended_2023_2026\raw\stock_minute_1\ticker=SPY\date=2026-03-03\data.parquet,ok,
stock_minute_1,SPY,2026-03-04,946,C:\Users\hkhat\OneDrive\Desktop\Project\Dissertation\data_extended_2023_2026\raw\stock_minute_1\ticker=SPY\date=2026-03-04\data.parquet,ok,
stock_minute_1,SPY,2026-03-05,934,C:\Users\hkhat\OneDrive\Desktop\Project\Dissertation\data_extended_2023_2026\raw\stock_minute_1\ticker=SPY\date=2026-03-05\data.parquet,ok,
stock_minute_1,SPY,2026-03-06,942,C:\Users\hkhat\OneDrive\Desktop\Project\Dissertation\data_extended_2023_2026\raw\stock_minute_1\ticker=SPY\date=2026-03-06\data.parquet,ok,
stock_minute_1,SPY,2026-03-09,958,C:\Users\hkhat\OneDrive\Desktop\Project\Dissertation\data_extended_2023_2026\raw\stock_minute_1\ticker=SPY\date=2026-03-09\data.parquet,ok,
stock_minute_1,SPY,2026-03-10,932,C:\Users\hkhat\OneDrive\Desktop\Project\Dissertation\data_extended_2023_2026\raw\stock_minute_1\ticker=SPY\date=2026-03-10\data.parquet,ok,
stock_minute_1,SPY,2026-03-11,932,C:\Users\hkhat\OneDrive\Desktop\Project\Dissertation\data_extended_2023_2026\raw\stock_minute_1\ticker=SPY\date=2026-03-11\data.parquet,ok,
stock_minute_1,SPY,2026-03-12,951,C:\Users\hkhat\OneDrive\Desktop\Project\Dissertation\data_extended_2023_2026\raw\stock_minute_1\ticker=SPY\date=2026-03-12\data.parquet,ok,
stock_minute_1,SPY,2026-03-13,939,C:\Users\hkhat\OneDrive\Desktop\Project\Dissertation\data_extended_2023_2026\raw\stock_minute_1\ticker=SPY\date=2026-03-13\data.parquet,ok,
stock_minute_1,SPY,2026-03-16,934,C:\Users\hkhat\OneDrive\Desktop\Project\Dissertation\data_extended_2023_2026\raw\stock_minute_1\ticker=SPY\date=2026-03-16\data.parquet,ok,
stock_minute_1,SPY,2026-03-17,911,C:\Users\hkhat\OneDrive\Desktop\Project\Dissertation\data_extended_2023_2026\raw\stock_minute_1\ticker=SPY\date=2026-03-17\data.parquet,ok,
stock_minute_1,SPY,2026-03-18,919,C:\Users\hkhat\OneDrive\Desktop\Project\Dissertation\data_extended_2023_2026\raw\stock_minute_1\ticker=SPY\date=2026-03-18\data.parquet,ok,
stock_minute_1,SPY,2026-03-19,941,C:\Users\hkhat\OneDrive\Desktop\Project\Dissertation\data_extended_2023_2026\raw\stock_minute_1\ticker=SPY\date=2026-03-19\data.parquet,ok,
stock_minute_1,SPY,2026-03-20,955,C:\Users\hkhat\OneDrive\Desktop\Project\Dissertation\data_extended_2023_2026\raw\stock_minute_1\ticker=SPY\date=2026-03-20\data.parquet,ok,
stock_minute_1,SPY,2026-03-23,949,C:\Users\hkhat\OneDrive\Desktop\Project\Dissertation\data_extended_2023_2026\raw\stock_minute_1\ticker=SPY\date=2026-03-23\data.parquet,ok,
stock_minute_1,SPY,2026-03-24,941,C:\Users\hkhat\OneDrive\Desktop\Project\Dissertation\data_extended_2023_2026\raw\stock_minute_1\ticker=SPY\date=2026-03-24\data.parquet,ok,
stock_minute_1,SPY,2026-03-25,939,C:\Users\hkhat\OneDrive\Desktop\Project\Dissertation\data_extended_2023_2026\raw\stock_minute_1\ticker=SPY\date=2026-03-25\data.parquet,ok,
stock_minute_1,SPY,2026-03-26,948,C:\Users\hkhat\OneDrive\Desktop\Project\Dissertation\data_extended_2023_2026\raw\stock_minute_1\ticker=SPY\date=2026-03-26\data.parquet,ok,
stock_minute_1,SPY,2026-03-27,957,C:\Users\hkhat\OneDrive\Desktop\Project\Dissertation\data_extended_2023_2026\raw\stock_minute_1\ticker=SPY\date=2026-03-27\data.parquet,ok,
stock_minute_1,SPY,2026-03-30,946,C:\Users\hkhat\OneDrive\Desktop\Project\Dissertation\data_extended_2023_2026\raw\stock_minute_1\ticker=SPY\date=2026-03-30\data.parquet,ok,
stock_minute_1,SPY,2026-03-31,947,C:\Users\hkhat\OneDrive\Desktop\Project\Dissertation\data_extended_2023_2026\raw\stock_minute_1\ticker=SPY\date=2026-03-31\data.parquet,ok,
stock_minute_1,SPY,2026-04-01,943,C:\Users\hkhat\OneDrive\Desktop\Project\Dissertation\data_extended_2023_2026\raw\stock_minute_1\ticker=SPY\date=2026-04-01\data.parquet,ok,
stock_minute_1,SPY,2026-04-02,944,C:\Users\hkhat\OneDrive\Desktop\Project\Dissertation\data_extended_2023_2026\raw\stock_minute_1\ticker=SPY\date=2026-04-02\data.parquet,ok,
stock_minute_1,SPY,2026-04-03,0,,empty,No qualifying bars
stock_minute_1,SPY,2026-04-06,912,C:\Users\hkhat\OneDrive\Desktop\Project\Dissertation\data_extended_2023_2026\raw\stock_minute_1\ticker=SPY\date=2026-04-06\data.parquet,ok,
stock_minute_1,SPY,2026-04-07,946,C:\Users\hkhat\OneDrive\Desktop\Project\Dissertation\data_extended_2023_2026\raw\stock_minute_1\ticker=SPY\date=2026-04-07\data.parquet,ok,
stock_minute_1,SPY,2026-04-08,948,C:\Users\hkhat\OneDrive\Desktop\Project\Dissertation\data_extended_2023_2026\raw\stock_minute_1\ticker=SPY\date=2026-04-08\data.parquet,ok,
stock_minute_1,SPY,2026-04-09,909,C:\Users\hkhat\OneDrive\Desktop\Project\Dissertation\data_extended_2023_2026\raw\stock_minute_1\ticker=SPY\date=2026-04-09\data.parquet,ok,
stock_minute_1,SPY,2026-04-10,920,C:\Users\hkhat\OneDrive\Desktop\Project\Dissertation\data_extended_2023_2026\raw\stock_minute_1\ticker=SPY\date=2026-04-10\data.parquet,ok,
stock_minute_1,SPY,2026-04-13,945,C:\Users\hkhat\OneDrive\Desktop\Project\Dissertation\data_extended_2023_2026\raw\stock_minute_1\ticker=SPY\date=2026-04-13\data.parquet,ok,
stock_minute_1,SPY,2026-04-14,931,C:\Users\hkhat\OneDrive\Desktop\Project\Dissertation\data_extended_2023_2026\raw\stock_minute_1\ticker=SPY\date=2026-04-14\data.parquet,ok,
stock_minute_1,SPY,2026-04-15,903,C:\Users\hkhat\OneDrive\Desktop\Project\Dissertation\data_extended_2023_2026\raw\stock_minute_1\ticker=SPY\date=2026-04-15\data.parquet,ok,
stock_minute_1,SPY,2026-04-16,909,C:\Users\hkhat\OneDrive\Desktop\Project\Dissertation\data_extended_2023_2026\raw\stock_minute_1\ticker=SPY\date=2026-04-16\data.parquet,ok,
stock_minute_1,SPY,2026-04-17,921,C:\Users\hkhat\OneDrive\Desktop\Project\Dissertation\data_extended_2023_2026\raw\stock_minute_1\ticker=SPY\date=2026-04-17\data.parquet,ok,
stock_minute_1,SPY,2026-04-20,931,C:\Users\hkhat\OneDrive\Desktop\Project\Dissertation\data_extended_2023_2026\raw\stock_minute_1\ticker=SPY\date=2026-04-20\data.parquet,ok,
stock_minute_1,SPY,2026-04-21,915,C:\Users\hkhat\OneDrive\Desktop\Project\Dissertation\data_extended_2023_2026\raw\stock_minute_1\ticker=SPY\date=2026-04-21\data.parquet,ok,
stock_minute_1,SPY,2026-04-22,898,C:\Users\hkhat\OneDrive\Desktop\Project\Dissertation\data_extended_2023_2026\raw\stock_minute_1\ticker=SPY\date=2026-04-22\data.parquet,ok,
stock_minute_1,SPY,2026-04-23,925,C:\Users\hkhat\OneDrive\Desktop\Project\Dissertation\data_extended_2023_2026\raw\stock_minute_1\ticker=SPY\date=2026-04-23\data.parquet,ok,
stock_minute_1,SPY,2026-04-24,891,C:\Users\hkhat\OneDrive\Desktop\Project\Dissertation\data_extended_2023_2026\raw\stock_minute_1\ticker=SPY\date=2026-04-24\data.parquet,ok,
stock_minute_1,SPY,2026-04-27,891,C:\Users\hkhat\OneDrive\Desktop\Project\Dissertation\data_extended_2023_2026\raw\stock_minute_1\ticker=SPY\date=2026-04-27\data.parquet,ok,
stock_minute_1,SPY,2026-04-28,897,C:\Users\hkhat\OneDrive\Desktop\Project\Dissertation\data_extended_2023_2026\raw\stock_minute_1\ticker=SPY\date=2026-04-28\data.parquet,ok,
stock_minute_1,SPY,2026-04-29,932,C:\Users\hkhat\OneDrive\Desktop\Project\Dissertation\data_extended_2023_2026\raw\stock_minute_1\ticker=SPY\date=2026-04-29\data.parquet,ok,
stock_minute_1,SPY,2026-04-30,921,C:\Users\hkhat\OneDrive\Desktop\Project\Dissertation\data_extended_2023_2026\raw\stock_minute_1\ticker=SPY\date=2026-04-30\data.parquet,ok,
stock_minute_1,SPY,2026-05-01,869,C:\Users\hkhat\OneDrive\Desktop\Project\Dissertation\data_extended_2023_2026\raw\stock_minute_1\ticker=SPY\date=2026-05-01\data.parquet,ok,
stock_minute_1,SPY,2026-05-04,874,C:\Users\hkhat\OneDrive\Desktop\Project\Dissertation\data_extended_2023_2026\raw\stock_minute_1\ticker=SPY\date=2026-05-04\data.parquet,ok,
stock_minute_1,SPY,2026-05-05,914,C:\Users\hkhat\OneDrive\Desktop\Project\Dissertation\data_extended_2023_2026\raw\stock_minute_1\ticker=SPY\date=2026-05-05\data.parquet,ok,
stock_minute_1,SPY,2026-05-06,939,C:\Users\hkhat\OneDrive\Desktop\Project\Dissertation\data_extended_2023_2026\raw\stock_minute_1\ticker=SPY\date=2026-05-06\data.parquet,ok,
stock_minute_1,SPY,2026-05-07,925,C:\Users\hkhat\OneDrive\Desktop\Project\Dissertation\data_extended_2023_2026\raw\stock_minute_1\ticker=SPY\date=2026-05-07\data.parquet,ok,
stock_minute_1,SPY,2026-05-08,899,C:\Users\hkhat\OneDrive\Desktop\Project\Dissertation\data_extended_2023_2026\raw\stock_minute_1\ticker=SPY\date=2026-05-08\data.parquet,ok,
stock_minute_1,SPY,2026-05-11,898,C:\Users\hkhat\OneDrive\Desktop\Project\Dissertation\data_extended_2023_2026\raw\stock_minute_1\ticker=SPY\date=2026-05-11\data.parquet,ok,
stock_minute_1,SPY,2026-05-12,918,C:\Users\hkhat\OneDrive\Desktop\Project\Dissertation\data_extended_2023_2026\raw\stock_minute_1\ticker=SPY\date=2026-05-12\data.parquet,ok,
stock_minute_1,SPY,2026-05-13,903,C:\Users\hkhat\OneDrive\Desktop\Project\Dissertation\data_extended_2023_2026\raw\stock_minute_1\ticker=SPY\date=2026-05-13\data.parquet,ok,
stock_minute_1,SPY,2026-05-14,876,C:\Users\hkhat\OneDrive\Desktop\Project\Dissertation\data_extended_2023_2026\raw\stock_minute_1\ticker=SPY\date=2026-05-14\data.parquet,ok,
stock_minute_1,SPY,2026-05-15,940,C:\Users\hkhat\OneDrive\Desktop\Project\Dissertation\data_extended_2023_2026\raw\stock_minute_1\ticker=SPY\date=2026-05-15\data.parquet,ok,
stock_minute_1,SPY,2026-05-18,906,C:\Users\hkhat\OneDrive\Desktop\Project\Dissertation\data_extended_2023_2026\raw\stock_minute_1\ticker=SPY\date=2026-05-18\data.parquet,ok,
stock_minute_1,SPY,2026-05-19,921,C:\Users\hkhat\OneDrive\Desktop\Project\Dissertation\data_extended_2023_2026\raw\stock_minute_1\ticker=SPY\date=2026-05-19\data.parquet,ok,
stock_minute_1,SPY,2026-05-20,923,C:\Users\hkhat\OneDrive\Desktop\Project\Dissertation\data_extended_2023_2026\raw\stock_minute_1\ticker=SPY\date=2026-05-20\data.parquet,ok,
stock_minute_1,SPY,2026-05-21,902,C:\Users\hkhat\OneDrive\Desktop\Project\Dissertation\data_extended_2023_2026\raw\stock_minute_1\ticker=SPY\date=2026-05-21\data.parquet,ok,
stock_minute_1,SPY,2026-05-22,915,C:\Users\hkhat\OneDrive\Desktop\Project\Dissertation\data_extended_2023_2026\raw\stock_minute_1\ticker=SPY\date=2026-05-22\data.parquet,ok,
stock_minute_1,SPY,2026-05-25,0,,empty,No qualifying bars
stock_minute_1,SPY,2026-05-26,920,C:\Users\hkhat\OneDrive\Desktop\Project\Dissertation\data_extended_2023_2026\raw\stock_minute_1\ticker=SPY\date=2026-05-26\data.parquet,ok,
stock_minute_1,SPY,2026-05-27,926,C:\Users\hkhat\OneDrive\Desktop\Project\Dissertation\data_extended_2023_2026\raw\stock_minute_1\ticker=SPY\date=2026-05-27\data.parquet,ok,
stock_minute_1,SPY,2026-05-28,908,C:\Users\hkhat\OneDrive\Desktop\Project\Dissertation\data_extended_2023_2026\raw\stock_minute_1\ticker=SPY\date=2026-05-28\data.parquet,ok,
stock_minute_1,SPY,2026-05-29,898,C:\Users\hkhat\OneDrive\Desktop\Project\Dissertation\data_extended_2023_2026\raw\stock_minute_1\ticker=SPY\date=2026-05-29\data.parquet,ok,
stock_minute_1,SPY,2026-06-01,906,C:\Users\hkhat\OneDrive\Desktop\Project\Dissertation\data_extended_2023_2026\raw\stock_minute_1\ticker=SPY\date=2026-06-01\data.parquet,ok,
stock_minute_1,SPY,2026-06-02,894,C:\Users\hkhat\OneDrive\Desktop\Project\Dissertation\data_extended_2023_2026\raw\stock_minute_1\ticker=SPY\date=2026-06-02\data.parquet,ok,
stock_minute_1,SPY,2026-06-03,912,C:\Users\hkhat\OneDrive\Desktop\Project\Dissertation\data_extended_2023_2026\raw\stock_minute_1\ticker=SPY\date=2026-06-03\data.parquet,ok,
stock_minute_1,SPY,2026-06-04,931,C:\Users\hkhat\OneDrive\Desktop\Project\Dissertation\data_extended_2023_2026\raw\stock_minute_1\ticker=SPY\date=2026-06-04\data.parquet,ok,
stock_minute_1,SPY,2026-06-05,907,C:\Users\hkhat\OneDrive\Desktop\Project\Dissertation\data_extended_2023_2026\raw\stock_minute_1\ticker=SPY\date=2026-06-05\data.parquet,ok,
stock_minute_1,SPY,2026-06-08,914,C:\Users\hkhat\OneDrive\Desktop\Project\Dissertation\data_extended_2023_2026\raw\stock_minute_1\ticker=SPY\date=2026-06-08\data.parquet,ok,
stock_minute_1,SPY,2026-06-09,909,C:\Users\hkhat\OneDrive\Desktop\Project\Dissertation\data_extended_2023_2026\raw\stock_minute_1\ticker=SPY\date=2026-06-09\data.parquet,ok,
stock_minute_1,SPY,2026-06-10,947,C:\Users\hkhat\OneDrive\Desktop\Project\Dissertation\data_extended_2023_2026\raw\stock_minute_1\ticker=SPY\date=2026-06-10\data.parquet,ok,
stock_minute_1,SPY,2026-06-11,934,C:\Users\hkhat\OneDrive\Desktop\Project\Dissertation\data_extended_2023_2026\raw\stock_minute_1\ticker=SPY\date=2026-06-11\data.parquet,ok,
stock_minute_1,SPY,2026-06-12,908,C:\Users\hkhat\OneDrive\Desktop\Project\Dissertation\data_extended_2023_2026\raw\stock_minute_1\ticker=SPY\date=2026-06-12\data.parquet,ok,
stock_minute_1,SPY,2026-06-15,913,C:\Users\hkhat\OneDrive\Desktop\Project\Dissertation\data_extended_2023_2026\raw\stock_minute_1\ticker=SPY\date=2026-06-15\data.parquet,ok,
stock_minute_1,SPY,2026-06-16,901,C:\Users\hkhat\OneDrive\Desktop\Project\Dissertation\data_extended_2023_2026\raw\stock_minute_1\ticker=SPY\date=2026-06-16\data.parquet,ok,
stock_minute_1,SPY,2026-06-17,916,C:\Users\hkhat\OneDrive\Desktop\Project\Dissertation\data_extended_2023_2026\raw\stock_minute_1\ticker=SPY\date=2026-06-17\data.parquet,ok,
stock_minute_1,SPY,2026-06-18,914,C:\Users\hkhat\OneDrive\Desktop\Project\Dissertation\data_extended_2023_2026\raw\stock_minute_1\ticker=SPY\date=2026-06-18\data.parquet,ok,
stock_minute_1,SPY,2026-06-19,0,,empty,No qualifying bars
stock_minute_1,SPY,2026-06-22,883,C:\Users\hkhat\OneDrive\Desktop\Project\Dissertation\data_extended_2023_2026\raw\stock_minute_1\ticker=SPY\date=2026-06-22\data.parquet,ok,
stock_minute_1,SPY,2026-06-23,936,C:\Users\hkhat\OneDrive\Desktop\Project\Dissertation\data_extended_2023_2026\raw\stock_minute_1\ticker=SPY\date=2026-06-23\data.parquet,ok,
stock_minute_1,SPY,2026-06-24,909,C:\Users\hkhat\OneDrive\Desktop\Project\Dissertation\data_extended_2023_2026\raw\stock_minute_1\ticker=SPY\date=2026-06-24\data.parquet,ok,
stock_minute_1,SPY,2026-06-25,900,C:\Users\hkhat\OneDrive\Desktop\Project\Dissertation\data_extended_2023_2026\raw\stock_minute_1\ticker=SPY\date=2026-06-25\data.parquet,ok,
stock_minute_1,SPY,2026-06-26,916,C:\Users\hkhat\OneDrive\Desktop\Project\Dissertation\data_extended_2023_2026\raw\stock_minute_1\ticker=SPY\date=2026-06-26\data.parquet,ok,
stock_minute_1,SPY,2026-06-29,897,C:\Users\hkhat\OneDrive\Desktop\Project\Dissertation\data_extended_2023_2026\raw\stock_minute_1\ticker=SPY\date=2026-06-29\data.parquet,ok,
stock_minute_1,SPY,2026-06-30,860,C:\Users\hkhat\OneDrive\Desktop\Project\Dissertation\data_extended_2023_2026\raw\stock_minute_1\ticker=SPY\date=2026-06-30\data.parquet,ok,
stock_minute_1,SPY,2026-07-01,893,C:\Users\hkhat\OneDrive\Desktop\Project\Dissertation\data_extended_2023_2026\raw\stock_minute_1\ticker=SPY\date=2026-07-01\data.parquet,ok,
stock_minute_1,SPY,2026-07-02,886,C:\Users\hkhat\OneDrive\Desktop\Project\Dissertation\data_extended_2023_2026\raw\stock_minute_1\ticker=SPY\date=2026-07-02\data.parquet,ok,
stock_minute_1,SPY,2026-07-03,0,,empty,No qualifying bars
stock_minute_1,SPY,2026-07-06,917,C:\Users\hkhat\OneDrive\Desktop\Project\Dissertation\data_extended_2023_2026\raw\stock_minute_1\ticker=SPY\date=2026-07-06\data.parquet,ok,
stock_minute_1,SPY,2026-07-07,902,C:\Users\hkhat\OneDrive\Desktop\Project\Dissertation\data_extended_2023_2026\raw\stock_minute_1\ticker=SPY\date=2026-07-07\data.parquet,ok,
stock_minute_1,SPY,2026-07-08,919,C:\Users\hkhat\OneDrive\Desktop\Project\Dissertation\data_extended_2023_2026\raw\stock_minute_1\ticker=SPY\date=2026-07-08\data.parquet,ok,
stock_minute_1,SPY,2026-07-09,885,C:\Users\hkhat\OneDrive\Desktop\Project\Dissertation\data_extended_2023_2026\raw\stock_minute_1\ticker=SPY\date=2026-07-09\data.parquet,ok,
stock_minute_1,SPY,2026-07-10,869,C:\Users\hkhat\OneDrive\Desktop\Project\Dissertation\data_extended_2023_2026\raw\stock_minute_1\ticker=SPY\date=2026-07-10\data.parquet,ok,
stock_minute_1,SPY,2026-07-13,924,C:\Users\hkhat\OneDrive\Desktop\Project\Dissertation\data_extended_2023_2026\raw\stock_minute_1\ticker=SPY\date=2026-07-13\data.parquet,ok,
stock_minute_1,SPY,2026-07-14,877,C:\Users\hkhat\OneDrive\Desktop\Project\Dissertation\data_extended_2023_2026\raw\stock_minute_1\ticker=SPY\date=2026-07-14\data.parquet,ok,
stock_minute_1,SPY,2026-07-15,883,C:\Users\hkhat\OneDrive\Desktop\Project\Dissertation\data_extended_2023_2026\raw\stock_minute_1\ticker=SPY\date=2026-07-15\data.parquet,ok,
stock_minute_1,SPY,2026-07-16,896,C:\Users\hkhat\OneDrive\Desktop\Project\Dissertation\data_extended_2023_2026\raw\stock_minute_1\ticker=SPY\date=2026-07-16\data.parquet,ok,
stock_minute_1,SPY,2026-07-17,920,C:\Users\hkhat\OneDrive\Desktop\Project\Dissertation\data_extended_2023_2026\raw\stock_minute_1\ticker=SPY\date=2026-07-17\data.parquet,ok,
index_minute_1,I:SPX,2023-01-02,0,,empty,No qualifying bars
index_minute_1,I:SPX,2023-01-03,0,,empty,No qualifying bars
index_minute_1,I:SPX,2023-01-04,0,,empty,No qualifying bars
index_minute_1,I:SPX,2023-01-05,0,,empty,No qualifying bars
index_minute_1,I:SPX,2023-01-06,0,,empty,No qualifying bars
index_minute_1,I:SPX,2023-01-09,0,,empty,No qualifying bars
index_minute_1,I:SPX,2023-01-10,0,,empty,No qualifying bars
index_minute_1,I:SPX,2023-01-11,0,,empty,No qualifying bars
index_minute_1,I:SPX,2023-01-12,0,,empty,No qualifying bars
index_minute_1,I:SPX,2023-01-13,0,,empty,No qualifying bars
index_minute_1,I:SPX,2023-01-16,0,,empty,No qualifying bars
index_minute_1,I:SPX,2023-01-17,0,,empty,No qualifying bars
index_minute_1,I:SPX,2023-01-18,0,,empty,No qualifying bars
index_minute_1,I:SPX,2023-01-19,0,,empty,No qualifying bars
index_minute_1,I:SPX,2023-01-20,0,,empty,No qualifying bars
index_minute_1,I:SPX,2023-01-23,0,,empty,No qualifying bars
index_minute_1,I:SPX,2023-01-24,0,,empty,No qualifying bars
index_minute_1,I:SPX,2023-01-25,0,,empty,No qualifying bars
index_minute_1,I:SPX,2023-01-26,0,,empty,No qualifying bars
index_minute_1,I:SPX,2023-01-27,0,,empty,No qualifying bars
index_minute_1,I:SPX,2023-01-30,0,,empty,No qualifying bars
index_minute_1,I:SPX,2023-01-31,0,,empty,No qualifying bars
index_minute_1,I:SPX,2023-02-01,0,,empty,No qualifying bars
index_minute_1,I:SPX,2023-02-02,0,,empty,No qualifying bars
index_minute_1,I:SPX,2023-02-03,0,,empty,No qualifying bars
index_minute_1,I:SPX,2023-02-06,0,,empty,No qualifying bars
index_minute_1,I:SPX,2023-02-07,0,,empty,No qualifying bars
index_minute_1,I:SPX,2023-02-08,0,,empty,No qualifying bars
index_minute_1,I:SPX,2023-02-09,0,,empty,No qualifying bars
index_minute_1,I:SPX,2023-02-10,0,,empty,No qualifying bars
index_minute_1,I:SPX,2023-02-13,0,,empty,No qualifying bars
index_minute_1,I:SPX,2023-02-14,162,C:\Users\hkhat\OneDrive\Desktop\Project\Dissertation\data_extended_2023_2026\raw\index_minute_1\ticker=I_SPX\date=2023-02-14\data.parquet,ok,
index_minute_1,I:SPX,2023-02-15,393,C:\Users\hkhat\OneDrive\Desktop\Project\Dissertation\data_extended_2023_2026\raw\index_minute_1\ticker=I_SPX\date=2023-02-15\data.parquet,ok,
index_minute_1,I:SPX,2023-02-16,393,C:\Users\hkhat\OneDrive\Desktop\Project\Dissertation\data_extended_2023_2026\raw\index_minute_1\ticker=I_SPX\date=2023-02-16\data.parquet,ok,
index_minute_1,I:SPX,2023-02-17,393,C:\Users\hkhat\OneDrive\Desktop\Project\Dissertation\data_extended_2023_2026\raw\index_minute_1\ticker=I_SPX\date=2023-02-17\data.parquet,ok,
index_minute_1,I:SPX,2023-02-20,0,,empty,No qualifying bars
index_minute_1,I:SPX,2023-02-21,393,C:\Users\hkhat\OneDrive\Desktop\Project\Dissertation\data_extended_2023_2026\raw\index_minute_1\ticker=I_SPX\date=2023-02-21\data.parquet,ok,
index_minute_1,I:SPX,2023-02-22,393,C:\Users\hkhat\OneDrive\Desktop\Project\Dissertation\data_extended_2023_2026\raw\index_minute_1\ticker=I_SPX\date=2023-02-22\data.parquet,ok,
index_minute_1,I:SPX,2023-02-23,393,C:\Users\hkhat\OneDrive\Desktop\Project\Dissertation\data_extended_2023_2026\raw\index_minute_1\ticker=I_SPX\date=2023-02-23\data.parquet,ok,
index_minute_1,I:SPX,2023-02-24,393,C:\Users\hkhat\OneDrive\Desktop\Project\Dissertation\data_extended_2023_2026\raw\index_minute_1\ticker=I_SPX\date=2023-02-24\data.parquet,ok,
index_minute_1,I:SPX,2023-02-27,393,C:\Users\hkhat\OneDrive\Desktop\Project\Dissertation\data_extended_2023_2026\raw\index_minute_1\ticker=I_SPX\date=2023-02-27\data.parquet,ok,
index_minute_1,I:SPX,2023-02-28,393,C:\Users\hkhat\OneDrive\Desktop\Project\Dissertation\data_extended_2023_2026\raw\index_minute_1\ticker=I_SPX\date=2023-02-28\data.parquet,ok,
index_minute_1,I:SPX,2023-03-01,393,C:\Users\hkhat\OneDrive\Desktop\Project\Dissertation\data_extended_2023_2026\raw\index_minute_1\ticker=I_SPX\date=2023-03-01\data.parquet,ok,
index_minute_1,I:SPX,2023-03-02,394,C:\Users\hkhat\OneDrive\Desktop\Project\Dissertation\data_extended_2023_2026\raw\index_minute_1\ticker=I_SPX\date=2023-03-02\data.parquet,ok,
index_minute_1,I:SPX,2023-03-03,393,C:\Users\hkhat\OneDrive\Desktop\Project\Dissertation\data_extended_2023_2026\raw\index_minute_1\ticker=I_SPX\date=2023-03-03\data.parquet,ok,
index_minute_1,I:SPX,2023-03-06,392,C:\Users\hkhat\OneDrive\Desktop\Project\Dissertation\data_extended_2023_2026\raw\index_minute_1\ticker=I_SPX\date=2023-03-06\data.parquet,ok,
index_minute_1,I:SPX,2023-03-07,393,C:\Users\hkhat\OneDrive\Desktop\Project\Dissertation\data_extended_2023_2026\raw\index_minute_1\ticker=I_SPX\date=2023-03-07\data.parquet,ok,
index_minute_1,I:SPX,2023-03-08,393,C:\Users\hkhat\OneDrive\Desktop\Project\Dissertation\data_extended_2023_2026\raw\index_minute_1\ticker=I_SPX\date=2023-03-08\data.parquet,ok,
index_minute_1,I:SPX,2023-03-09,393,C:\Users\hkhat\OneDrive\Desktop\Project\Dissertation\data_extended_2023_2026\raw\index_minute_1\ticker=I_SPX\date=2023-03-09\data.parquet,ok,
index_minute_1,I:SPX,2023-03-10,393,C:\Users\hkhat\OneDrive\Desktop\Project\Dissertation\data_extended_2023_2026\raw\index_minute_1\ticker=I_SPX\date=2023-03-10\data.parquet,ok,
index_minute_1,I:SPX,2023-03-13,393,C:\Users\hkhat\OneDrive\Desktop\Project\Dissertation\data_extended_2023_2026\raw\index_minute_1\ticker=I_SPX\date=2023-03-13\data.parquet,ok,
index_minute_1,I:SPX,2023-03-14,394,C:\Users\hkhat\OneDrive\Desktop\Project\Dissertation\data_extended_2023_2026\raw\index_minute_1\ticker=I_SPX\date=2023-03-14\data.parquet,ok,
index_minute_1,I:SPX,2023-03-15,394,C:\Users\hkhat\OneDrive\Desktop\Project\Dissertation\data_extended_2023_2026\raw\index_minute_1\ticker=I_SPX\date=2023-03-15\data.parquet,ok,
index_minute_1,I:SPX,2023-03-16,394,C:\Users\hkhat\OneDrive\Desktop\Project\Dissertation\data_extended_2023_2026\raw\index_minute_1\ticker=I_SPX\date=2023-03-16\data.parquet,ok,
index_minute_1,I:SPX,2023-03-17,395,C:\Users\hkhat\OneDrive\Desktop\Project\Dissertation\data_extended_2023_2026\raw\index_minute_1\ticker=I_SPX\date=2023-03-17\data.parquet,ok,
index_minute_1,I:SPX,2023-03-20,393,C:\Users\hkhat\OneDrive\Desktop\Project\Dissertation\data_extended_2023_2026\raw\index_minute_1\ticker=I_SPX\date=2023-03-20\data.parquet,ok,
index_minute_1,I:SPX,2023-03-21,394,C:\Users\hkhat\OneDrive\Desktop\Project\Dissertation\data_extended_2023_2026\raw\index_minute_1\ticker=I_SPX\date=2023-03-21\data.parquet,ok,
index_minute_1,I:SPX,2023-03-22,394,C:\Users\hkhat\OneDrive\Desktop\Project\Dissertation\data_extended_2023_2026\raw\index_minute_1\ticker=I_SPX\date=2023-03-22\data.parquet,ok,
index_minute_1,I:SPX,2023-03-23,393,C:\Users\hkhat\OneDrive\Desktop\Project\Dissertation\data_extended_2023_2026\raw\index_minute_1\ticker=I_SPX\date=2023-03-23\data.parquet,ok,
index_minute_1,I:SPX,2023-03-24,393,C:\Users\hkhat\OneDrive\Desktop\Project\Dissertation\data_extended_2023_2026\raw\index_minute_1\ticker=I_SPX\date=2023-03-24\data.parquet,ok,
index_minute_1,I:SPX,2023-03-27,393,C:\Users\hkhat\OneDrive\Desktop\Project\Dissertation\data_extended_2023_2026\raw\index_minute_1\ticker=I_SPX\date=2023-03-27\data.parquet,ok,
index_minute_1,I:SPX,2023-03-28,392,C:\Users\hkhat\OneDrive\Desktop\Project\Dissertation\data_extended_2023_2026\raw\index_minute_1\ticker=I_SPX\date=2023-03-28\data.parquet,ok,
index_minute_1,I:SPX,2023-03-29,394,C:\Users\hkhat\OneDrive\Desktop\Project\Dissertation\data_extended_2023_2026\raw\index_minute_1\ticker=I_SPX\date=2023-03-29\data.parquet,ok,
index_minute_1,I:SPX,2023-03-30,393,C:\Users\hkhat\OneDrive\Desktop\Project\Dissertation\data_extended_2023_2026\raw\index_minute_1\ticker=I_SPX\date=2023-03-30\data.parquet,ok,
index_minute_1,I:SPX,2023-03-31,394,C:\Users\hkhat\OneDrive\Desktop\Project\Dissertation\data_extended_2023_2026\raw\index_minute_1\ticker=I_SPX\date=2023-03-31\data.parquet,ok,
index_minute_1,I:SPX,2023-04-03,394,C:\Users\hkhat\OneDrive\Desktop\Project\Dissertation\data_extended_2023_2026\raw\index_minute_1\ticker=I_SPX\date=2023-04-03\data.parquet,ok,
index_minute_1,I:SPX,2023-04-04,393,C:\Users\hkhat\OneDrive\Desktop\Project\Dissertation\data_extended_2023_2026\raw\index_minute_1\ticker=I_SPX\date=2023-04-04\data.parquet,ok,
index_minute_1,I:SPX,2023-04-05,392,C:\Users\hkhat\OneDrive\Desktop\Project\Dissertation\data_extended_2023_2026\raw\index_minute_1\ticker=I_SPX\date=2023-04-05\data.parquet,ok,
index_minute_1,I:SPX,2023-04-06,394,C:\Users\hkhat\OneDrive\Desktop\Project\Dissertation\data_extended_2023_2026\raw\index_minute_1\ticker=I_SPX\date=2023-04-06\data.parquet,ok,
index_minute_1,I:SPX,2023-04-07,0,,empty,No qualifying bars
index_minute_1,I:SPX,2023-04-10,393,C:\Users\hkhat\OneDrive\Desktop\Project\Dissertation\data_extended_2023_2026\raw\index_minute_1\ticker=I_SPX\date=2023-04-10\data.parquet,ok,
index_minute_1,I:SPX,2023-04-11,393,C:\Users\hkhat\OneDrive\Desktop\Project\Dissertation\data_extended_2023_2026\raw\index_minute_1\ticker=I_SPX\date=2023-04-11\data.parquet,ok,
index_minute_1,I:SPX,2023-04-12,393,C:\Users\hkhat\OneDrive\Desktop\Project\Dissertation\data_extended_2023_2026\raw\index_minute_1\ticker=I_SPX\date=2023-04-12\data.parquet,ok,
index_minute_1,I:SPX,2023-04-13,394,C:\Users\hkhat\OneDrive\Desktop\Project\Dissertation\data_extended_2023_2026\raw\index_minute_1\ticker=I_SPX\date=2023-04-13\data.parquet,ok,
index_minute_1,I:SPX,2023-04-14,394,C:\Users\hkhat\OneDrive\Desktop\Project\Dissertation\data_extended_2023_2026\raw\index_minute_1\ticker=I_SPX\date=2023-04-14\data.parquet,ok,
index_minute_1,I:SPX,2023-04-17,393,C:\Users\hkhat\OneDrive\Desktop\Project\Dissertation\data_extended_2023_2026\raw\index_minute_1\ticker=I_SPX\date=2023-04-17\data.parquet,ok,
index_minute_1,I:SPX,2023-04-18,395,C:\Users\hkhat\OneDrive\Desktop\Project\Dissertation\data_extended_2023_2026\raw\index_minute_1\ticker=I_SPX\date=2023-04-18\data.parquet,ok,
index_minute_1,I:SPX,2023-04-19,394,C:\Users\hkhat\OneDrive\Desktop\Project\Dissertation\data_extended_2023_2026\raw\index_minute_1\ticker=I_SPX\date=2023-04-19\data.parquet,ok,
index_minute_1,I:SPX,2023-04-20,395,C:\Users\hkhat\OneDrive\Desktop\Project\Dissertation\data_extended_2023_2026\raw\index_minute_1\ticker=I_SPX\date=2023-04-20\data.parquet,ok,
index_minute_1,I:SPX,2023-04-21,392,C:\Users\hkhat\OneDrive\Desktop\Project\Dissertation\data_extended_2023_2026\raw\index_minute_1\ticker=I_SPX\date=2023-04-21\data.parquet,ok,
index_minute_1,I:SPX,2023-04-24,393,C:\Users\hkhat\OneDrive\Desktop\Project\Dissertation\data_extended_2023_2026\raw\index_minute_1\ticker=I_SPX\date=2023-04-24\data.parquet,ok,
index_minute_1,I:SPX,2023-04-25,393,C:\Users\hkhat\OneDrive\Desktop\Project\Dissertation\data_extended_2023_2026\raw\index_minute_1\ticker=I_SPX\date=2023-04-25\data.parquet,ok,
index_minute_1,I:SPX,2023-04-26,394,C:\Users\hkhat\OneDrive\Desktop\Project\Dissertation\data_extended_2023_2026\raw\index_minute_1\ticker=I_SPX\date=2023-04-26\data.parquet,ok,
index_minute_1,I:SPX,2023-04-27,393,C:\Users\hkhat\OneDrive\Desktop\Project\Dissertation\data_extended_2023_2026\raw\index_minute_1\ticker=I_SPX\date=2023-04-27\data.parquet,ok,
index_minute_1,I:SPX,2023-04-28,395,C:\Users\hkhat\OneDrive\Desktop\Project\Dissertation\data_extended_2023_2026\raw\index_minute_1\ticker=I_SPX\date=2023-04-28\data.parquet,ok,
index_minute_1,I:SPX,2023-05-01,393,C:\Users\hkhat\OneDrive\Desktop\Project\Dissertation\data_extended_2023_2026\raw\index_minute_1\ticker=I_SPX\date=2023-05-01\data.parquet,ok,
index_minute_1,I:SPX,2023-05-02,392,C:\Users\hkhat\OneDrive\Desktop\Project\Dissertation\data_extended_2023_2026\raw\index_minute_1\ticker=I_SPX\date=2023-05-02\data.parquet,ok,
index_minute_1,I:SPX,2023-05-03,395,C:\Users\hkhat\OneDrive\Desktop\Project\Dissertation\data_extended_2023_2026\raw\index_minute_1\ticker=I_SPX\date=2023-05-03\data.parquet,ok,
index_minute_1,I:SPX,2023-05-04,394,C:\Users\hkhat\OneDrive\Desktop\Project\Dissertation\data_extended_2023_2026\raw\index_minute_1\ticker=I_SPX\date=2023-05-04\data.parquet,ok,
index_minute_1,I:SPX,2023-05-05,394,C:\Users\hkhat\OneDrive\Desktop\Project\Dissertation\data_extended_2023_2026\raw\index_minute_1\ticker=I_SPX\date=2023-05-05\data.parquet,ok,
index_minute_1,I:SPX,2023-05-08,393,C:\Users\hkhat\OneDrive\Desktop\Project\Dissertation\data_extended_2023_2026\raw\index_minute_1\ticker=I_SPX\date=2023-05-08\data.parquet,ok,
index_minute_1,I:SPX,2023-05-09,393,C:\Users\hkhat\OneDrive\Desktop\Project\Dissertation\data_extended_2023_2026\raw\index_minute_1\ticker=I_SPX\date=2023-05-09\data.parquet,ok,
index_minute_1,I:SPX,2023-05-10,392,C:\Users\hkhat\OneDrive\Desktop\Project\Dissertation\data_extended_2023_2026\raw\index_minute_1\ticker=I_SPX\date=2023-05-10\data.parquet,ok,
index_minute_1,I:SPX,2023-05-11,394,C:\Users\hkhat\OneDrive\Desktop\Project\Dissertation\data_extended_2023_2026\raw\index_minute_1\ticker=I_SPX\date=2023-05-11\data.parquet,ok,
index_minute_1,I:SPX,2023-05-12,393,C:\Users\hkhat\OneDrive\Desktop\Project\Dissertation\data_extended_2023_2026\raw\index_minute_1\ticker=I_SPX\date=2023-05-12\data.parquet,ok,
index_minute_1,I:SPX,2023-05-15,393,C:\Users\hkhat\OneDrive\Desktop\Project\Dissertation\data_extended_2023_2026\raw\index_minute_1\ticker=I_SPX\date=2023-05-15\data.parquet,ok,
index_minute_1,I:SPX,2023-05-16,393,C:\Users\hkhat\OneDrive\Desktop\Project\Dissertation\data_extended_2023_2026\raw\index_minute_1\ticker=I_SPX\date=2023-05-16\data.parquet,ok,
index_minute_1,I:SPX,2023-05-17,392,C:\Users\hkhat\OneDrive\Desktop\Project\Dissertation\data_extended_2023_2026\raw\index_minute_1\ticker=I_SPX\date=2023-05-17\data.parquet,ok,
index_minute_1,I:SPX,2023-05-18,393,C:\Users\hkhat\OneDrive\Desktop\Project\Dissertation\data_extended_2023_2026\raw\index_minute_1\ticker=I_SPX\date=2023-05-18\data.parquet,ok,
index_minute_1,I:SPX,2023-05-19,394,C:\Users\hkhat\OneDrive\Desktop\Project\Dissertation\data_extended_2023_2026\raw\index_minute_1\ticker=I_SPX\date=2023-05-19\data.parquet,ok,
index_minute_1,I:SPX,2023-05-22,393,C:\Users\hkhat\OneDrive\Desktop\Project\Dissertation\data_extended_2023_2026\raw\index_minute_1\ticker=I_SPX\date=2023-05-22\data.parquet,ok,
index_minute_1,I:SPX,2023-05-23,392,C:\Users\hkhat\OneDrive\Desktop\Project\Dissertation\data_extended_2023_2026\raw\index_minute_1\ticker=I_SPX\date=2023-05-23\data.parquet,ok,
index_minute_1,I:SPX,2023-05-24,392,C:\Users\hkhat\OneDrive\Desktop\Project\Dissertation\data_extended_2023_2026\raw\index_minute_1\ticker=I_SPX\date=2023-05-24\data.parquet,ok,
index_minute_1,I:SPX,2023-05-25,392,C:\Users\hkhat\OneDrive\Desktop\Project\Dissertation\data_extended_2023_2026\raw\index_minute_1\ticker=I_SPX\date=2023-05-25\data.parquet,ok,
index_minute_1,I:SPX,2023-05-26,394,C:\Users\hkhat\OneDrive\Desktop\Project\Dissertation\data_extended_2023_2026\raw\index_minute_1\ticker=I_SPX\date=2023-05-26\data.parquet,ok,
index_minute_1,I:SPX,2023-05-29,0,,empty,No qualifying bars
index_minute_1,I:SPX,2023-05-30,394,C:\Users\hkhat\OneDrive\Desktop\Project\Dissertation\data_extended_2023_2026\raw\index_minute_1\ticker=I_SPX\date=2023-05-30\data.parquet,ok,
index_minute_1,I:SPX,2023-05-31,393,C:\Users\hkhat\OneDrive\Desktop\Project\Dissertation\data_extended_2023_2026\raw\index_minute_1\ticker=I_SPX\date=2023-05-31\data.parquet,ok,
index_minute_1,I:SPX,2023-06-01,393,C:\Users\hkhat\OneDrive\Desktop\Project\Dissertation\data_extended_2023_2026\raw\index_minute_1\ticker=I_SPX\date=2023-06-01\data.parquet,ok,
index_minute_1,I:SPX,2023-06-02,394,C:\Users\hkhat\OneDrive\Desktop\Project\Dissertation\data_extended_2023_2026\raw\index_minute_1\ticker=I_SPX\date=2023-06-02\data.parquet,ok,
index_minute_1,I:SPX,2023-06-05,394,C:\Users\hkhat\OneDrive\Desktop\Project\Dissertation\data_extended_2023_2026\raw\index_minute_1\ticker=I_SPX\date=2023-06-05\data.parquet,ok,
index_minute_1,I:SPX,2023-06-06,393,C:\Users\hkhat\OneDrive\Desktop\Project\Dissertation\data_extended_2023_2026\raw\index_minute_1\ticker=I_SPX\date=2023-06-06\data.parquet,ok,
index_minute_1,I:SPX,2023-06-07,392,C:\Users\hkhat\OneDrive\Desktop\Project\Dissertation\data_extended_2023_2026\raw\index_minute_1\ticker=I_SPX\date=2023-06-07\data.parquet,ok,
index_minute_1,I:SPX,2023-06-08,393,C:\Users\hkhat\OneDrive\Desktop\Project\Dissertation\data_extended_2023_2026\raw\index_minute_1\ticker=I_SPX\date=2023-06-08\data.parquet,ok,
index_minute_1,I:SPX,2023-06-09,392,C:\Users\hkhat\OneDrive\Desktop\Project\Dissertation\data_extended_2023_2026\raw\index_minute_1\ticker=I_SPX\date=2023-06-09\data.parquet,ok,
index_minute_1,I:SPX,2023-06-12,394,C:\Users\hkhat\OneDrive\Desktop\Project\Dissertation\data_extended_2023_2026\raw\index_minute_1\ticker=I_SPX\date=2023-06-12\data.parquet,ok,
index_minute_1,I:SPX,2023-06-13,392,C:\Users\hkhat\OneDrive\Desktop\Project\Dissertation\data_extended_2023_2026\raw\index_minute_1\ticker=I_SPX\date=2023-06-13\data.parquet,ok,
index_minute_1,I:SPX,2023-06-14,395,C:\Users\hkhat\OneDrive\Desktop\Project\Dissertation\data_extended_2023_2026\raw\index_minute_1\ticker=I_SPX\date=2023-06-14\data.parquet,ok,
index_minute_1,I:SPX,2023-06-15,394,C:\Users\hkhat\OneDrive\Desktop\Project\Dissertation\data_extended_2023_2026\raw\index_minute_1\ticker=I_SPX\date=2023-06-15\data.parquet,ok,
index_minute_1,I:SPX,2023-06-16,395,C:\Users\hkhat\OneDrive\Desktop\Project\Dissertation\data_extended_2023_2026\raw\index_minute_1\ticker=I_SPX\date=2023-06-16\data.parquet,ok,
index_minute_1,I:SPX,2023-06-19,0,,empty,No qualifying bars
index_minute_1,I:SPX,2023-06-20,393,C:\Users\hkhat\OneDrive\Desktop\Project\Dissertation\data_extended_2023_2026\raw\index_minute_1\ticker=I_SPX\date=2023-06-20\data.parquet,ok,
index_minute_1,I:SPX,2023-06-21,392,C:\Users\hkhat\OneDrive\Desktop\Project\Dissertation\data_extended_2023_2026\raw\index_minute_1\ticker=I_SPX\date=2023-06-21\data.parquet,ok,
index_minute_1,I:SPX,2023-06-22,394,C:\Users\hkhat\OneDrive\Desktop\Project\Dissertation\data_extended_2023_2026\raw\index_minute_1\ticker=I_SPX\date=2023-06-22\data.parquet,ok,
index_minute_1,I:SPX,2023-06-23,394,C:\Users\hkhat\OneDrive\Desktop\Project\Dissertation\data_extended_2023_2026\raw\index_minute_1\ticker=I_SPX\date=2023-06-23\data.parquet,ok,
index_minute_1,I:SPX,2023-06-26,393,C:\Users\hkhat\OneDrive\Desktop\Project\Dissertation\data_extended_2023_2026\raw\index_minute_1\ticker=I_SPX\date=2023-06-26\data.parquet,ok,
index_minute_1,I:SPX,2023-06-27,394,C:\Users\hkhat\OneDrive\Desktop\Project\Dissertation\data_extended_2023_2026\raw\index_minute_1\ticker=I_SPX\date=2023-06-27\data.parquet,ok,
index_minute_1,I:SPX,2023-06-28,394,C:\Users\hkhat\OneDrive\Desktop\Project\Dissertation\data_extended_2023_2026\raw\index_minute_1\ticker=I_SPX\date=2023-06-28\data.parquet,ok,
index_minute_1,I:SPX,2023-06-29,393,C:\Users\hkhat\OneDrive\Desktop\Project\Dissertation\data_extended_2023_2026\raw\index_minute_1\ticker=I_SPX\date=2023-06-29\data.parquet,ok,
index_minute_1,I:SPX,2023-06-30,394,C:\Users\hkhat\OneDrive\Desktop\Project\Dissertation\data_extended_2023_2026\raw\index_minute_1\ticker=I_SPX\date=2023-06-30\data.parquet,ok,
index_minute_1,I:SPX,2023-07-03,213,C:\Users\hkhat\OneDrive\Desktop\Project\Dissertation\data_extended_2023_2026\raw\index_minute_1\ticker=I_SPX\date=2023-07-03\data.parquet,ok,
index_minute_1,I:SPX,2023-07-04,0,,empty,No qualifying bars
index_minute_1,I:SPX,2023-07-05,394,C:\Users\hkhat\OneDrive\Desktop\Project\Dissertation\data_extended_2023_2026\raw\index_minute_1\ticker=I_SPX\date=2023-07-05\data.parquet,ok,
index_minute_1,I:SPX,2023-07-06,394,C:\Users\hkhat\OneDrive\Desktop\Project\Dissertation\data_extended_2023_2026\raw\index_minute_1\ticker=I_SPX\date=2023-07-06\data.parquet,ok,
index_minute_1,I:SPX,2023-07-07,394,C:\Users\hkhat\OneDrive\Desktop\Project\Dissertation\data_extended_2023_2026\raw\index_minute_1\ticker=I_SPX\date=2023-07-07\data.parquet,ok,
index_minute_1,I:SPX,2023-07-10,393,C:\Users\hkhat\OneDrive\Desktop\Project\Dissertation\data_extended_2023_2026\raw\index_minute_1\ticker=I_SPX\date=2023-07-10\data.parquet,ok,
index_minute_1,I:SPX,2023-07-11,393,C:\Users\hkhat\OneDrive\Desktop\Project\Dissertation\data_extended_2023_2026\raw\index_minute_1\ticker=I_SPX\date=2023-07-11\data.parquet,ok,
index_minute_1,I:SPX,2023-07-12,395,C:\Users\hkhat\OneDrive\Desktop\Project\Dissertation\data_extended_2023_2026\raw\index_minute_1\ticker=I_SPX\date=2023-07-12\data.parquet,ok,
index_minute_1,I:SPX,2023-07-13,393,C:\Users\hkhat\OneDrive\Desktop\Project\Dissertation\data_extended_2023_2026\raw\index_minute_1\ticker=I_SPX\date=2023-07-13\data.parquet,ok,
index_minute_1,I:SPX,2023-07-14,395,C:\Users\hkhat\OneDrive\Desktop\Project\Dissertation\data_extended_2023_2026\raw\index_minute_1\ticker=I_SPX\date=2023-07-14\data.parquet,ok,
index_minute_1,I:SPX,2023-07-17,393,C:\Users\hkhat\OneDrive\Desktop\Project\Dissertation\data_extended_2023_2026\raw\index_minute_1\ticker=I_SPX\date=2023-07-17\data.parquet,ok,
index_minute_1,I:SPX,2023-07-18,392,C:\Users\hkhat\OneDrive\Desktop\Project\Dissertation\data_extended_2023_2026\raw\index_minute_1\ticker=I_SPX\date=2023-07-18\data.parquet,ok,
index_minute_1,I:SPX,2023-07-19,395,C:\Users\hkhat\OneDrive\Desktop\Project\Dissertation\data_extended_2023_2026\raw\index_minute_1\ticker=I_SPX\date=2023-07-19\data.parquet,ok,
index_minute_1,I:SPX,2023-07-20,394,C:\Users\hkhat\OneDrive\Desktop\Project\Dissertation\data_extended_2023_2026\raw\index_minute_1\ticker=I_SPX\date=2023-07-20\data.parquet,ok,
index_minute_1,I:SPX,2023-07-21,393,C:\Users\hkhat\OneDrive\Desktop\Project\Dissertation\data_extended_2023_2026\raw\index_minute_1\ticker=I_SPX\date=2023-07-21\data.parquet,ok,
index_minute_1,I:SPX,2023-07-24,392,C:\Users\hkhat\OneDrive\Desktop\Project\Dissertation\data_extended_2023_2026\raw\index_minute_1\ticker=I_SPX\date=2023-07-24\data.parquet,ok,
index_minute_1,I:SPX,2023-07-25,395,C:\Users\hkhat\OneDrive\Desktop\Project\Dissertation\data_extended_2023_2026\raw\index_minute_1\ticker=I_SPX\date=2023-07-25\data.parquet,ok,
index_minute_1,I:SPX,2023-07-26,394,C:\Users\hkhat\OneDrive\Desktop\Project\Dissertation\data_extended_2023_2026\raw\index_minute_1\ticker=I_SPX\date=2023-07-26\data.parquet,ok,
index_minute_1,I:SPX,2023-07-27,393,C:\Users\hkhat\OneDrive\Desktop\Project\Dissertation\data_extended_2023_2026\raw\index_minute_1\ticker=I_SPX\date=2023-07-27\data.parquet,ok,
index_minute_1,I:SPX,2023-07-28,394,C:\Users\hkhat\OneDrive\Desktop\Project\Dissertation\data_extended_2023_2026\raw\index_minute_1\ticker=I_SPX\date=2023-07-28\data.parquet,ok,
index_minute_1,I:SPX,2023-07-31,394,C:\Users\hkhat\OneDrive\Desktop\Project\Dissertation\data_extended_2023_2026\raw\index_minute_1\ticker=I_SPX\date=2023-07-31\data.parquet,ok,
index_minute_1,I:SPX,2023-08-01,393,C:\Users\hkhat\OneDrive\Desktop\Project\Dissertation\data_extended_2023_2026\raw\index_minute_1\ticker=I_SPX\date=2023-08-01\data.parquet,ok,
index_minute_1,I:SPX,2023-08-02,394,C:\Users\hkhat\OneDrive\Desktop\Project\Dissertation\data_extended_2023_2026\raw\index_minute_1\ticker=I_SPX\date=2023-08-02\data.parquet,ok,
index_minute_1,I:SPX,2023-08-03,396,C:\Users\hkhat\OneDrive\Desktop\Project\Dissertation\data_extended_2023_2026\raw\index_minute_1\ticker=I_SPX\date=2023-08-03\data.parquet,ok,
index_minute_1,I:SPX,2023-08-04,394,C:\Users\hkhat\OneDrive\Desktop\Project\Dissertation\data_extended_2023_2026\raw\index_minute_1\ticker=I_SPX\date=2023-08-04\data.parquet,ok,
index_minute_1,I:SPX,2023-08-07,395,C:\Users\hkhat\OneDrive\Desktop\Project\Dissertation\data_extended_2023_2026\raw\index_minute_1\ticker=I_SPX\date=2023-08-07\data.parquet,ok,
index_minute_1,I:SPX,2023-08-08,394,C:\Users\hkhat\OneDrive\Desktop\Project\Dissertation\data_extended_2023_2026\raw\index_minute_1\ticker=I_SPX\date=2023-08-08\data.parquet,ok,
index_minute_1,I:SPX,2023-08-09,395,C:\Users\hkhat\OneDrive\Desktop\Project\Dissertation\data_extended_2023_2026\raw\index_minute_1\ticker=I_SPX\date=2023-08-09\data.parquet,ok,
index_minute_1,I:SPX,2023-08-10,394,C:\Users\hkhat\OneDrive\Desktop\Project\Dissertation\data_extended_2023_2026\raw\index_minute_1\ticker=I_SPX\date=2023-08-10\data.parquet,ok,
index_minute_1,I:SPX,2023-08-11,393,C:\Users\hkhat\OneDrive\Desktop\Project\Dissertation\data_extended_2023_2026\raw\index_minute_1\ticker=I_SPX\date=2023-08-11\data.parquet,ok,
index_minute_1,I:SPX,2023-08-14,394,C:\Users\hkhat\OneDrive\Desktop\Project\Dissertation\data_extended_2023_2026\raw\index_minute_1\ticker=I_SPX\date=2023-08-14\data.parquet,ok,
index_minute_1,I:SPX,2023-08-15,394,C:\Users\hkhat\OneDrive\Desktop\Project\Dissertation\data_extended_2023_2026\raw\index_minute_1\ticker=I_SPX\date=2023-08-15\data.parquet,ok,
index_minute_1,I:SPX,2023-08-16,393,C:\Users\hkhat\OneDrive\Desktop\Project\Dissertation\data_extended_2023_2026\raw\index_minute_1\ticker=I_SPX\date=2023-08-16\data.parquet,ok,
index_minute_1,I:SPX,2023-08-17,395,C:\Users\hkhat\OneDrive\Desktop\Project\Dissertation\data_extended_2023_2026\raw\index_minute_1\ticker=I_SPX\date=2023-08-17\data.parquet,ok,
index_minute_1,I:SPX,2023-08-18,396,C:\Users\hkhat\OneDrive\Desktop\Project\Dissertation\data_extended_2023_2026\raw\index_minute_1\ticker=I_SPX\date=2023-08-18\data.parquet,ok,
index_minute_1,I:SPX,2023-08-21,395,C:\Users\hkhat\OneDrive\Desktop\Project\Dissertation\data_extended_2023_2026\raw\index_minute_1\ticker=I_SPX\date=2023-08-21\data.parquet,ok,
index_minute_1,I:SPX,2023-08-22,394,C:\Users\hkhat\OneDrive\Desktop\Project\Dissertation\data_extended_2023_2026\raw\index_minute_1\ticker=I_SPX\date=2023-08-22\data.parquet,ok,
index_minute_1,I:SPX,2023-08-23,394,C:\Users\hkhat\OneDrive\Desktop\Project\Dissertation\data_extended_2023_2026\raw\index_minute_1\ticker=I_SPX\date=2023-08-23\data.parquet,ok,
index_minute_1,I:SPX,2023-08-24,395,C:\Users\hkhat\OneDrive\Desktop\Project\Dissertation\data_extended_2023_2026\raw\index_minute_1\ticker=I_SPX\date=2023-08-24\data.parquet,ok,
index_minute_1,I:SPX,2023-08-25,394,C:\Users\hkhat\OneDrive\Desktop\Project\Dissertation\data_extended_2023_2026\raw\index_minute_1\ticker=I_SPX\date=2023-08-25\data.parquet,ok,
index_minute_1,I:SPX,2023-08-28,394,C:\Users\hkhat\OneDrive\Desktop\Project\Dissertation\data_extended_2023_2026\raw\index_minute_1\ticker=I_SPX\date=2023-08-28\data.parquet,ok,
index_minute_1,I:SPX,2023-08-29,393,C:\Users\hkhat\OneDrive\Desktop\Project\Dissertation\data_extended_2023_2026\raw\index_minute_1\ticker=I_SPX\date=2023-08-29\data.parquet,ok,
index_minute_1,I:SPX,2023-08-30,395,C:\Users\hkhat\OneDrive\Desktop\Project\Dissertation\data_extended_2023_2026\raw\index_minute_1\ticker=I_SPX\date=2023-08-30\data.parquet,ok,
index_minute_1,I:SPX,2023-08-31,396,C:\Users\hkhat\OneDrive\Desktop\Project\Dissertation\data_extended_2023_2026\raw\index_minute_1\ticker=I_SPX\date=2023-08-31\data.parquet,ok,
index_minute_1,I:SPX,2023-09-01,393,C:\Users\hkhat\OneDrive\Desktop\Project\Dissertation\data_extended_2023_2026\raw\index_minute_1\ticker=I_SPX\date=2023-09-01\data.parquet,ok,
index_minute_1,I:SPX,2023-09-04,0,,empty,No qualifying bars
index_minute_1,I:SPX,2023-09-05,393,C:\Users\hkhat\OneDrive\Desktop\Project\Dissertation\data_extended_2023_2026\raw\index_minute_1\ticker=I_SPX\date=2023-09-05\data.parquet,ok,
index_minute_1,I:SPX,2023-09-06,394,C:\Users\hkhat\OneDrive\Desktop\Project\Dissertation\data_extended_2023_2026\raw\index_minute_1\ticker=I_SPX\date=2023-09-06\data.parquet,ok,
index_minute_1,I:SPX,2023-09-07,393,C:\Users\hkhat\OneDrive\Desktop\Project\Dissertation\data_extended_2023_2026\raw\index_minute_1\ticker=I_SPX\date=2023-09-07\data.parquet,ok,
index_minute_1,I:SPX,2023-09-08,394,C:\Users\hkhat\OneDrive\Desktop\Project\Dissertation\data_extended_2023_2026\raw\index_minute_1\ticker=I_SPX\date=2023-09-08\data.parquet,ok,
index_minute_1,I:SPX,2023-09-11,395,C:\Users\hkhat\OneDrive\Desktop\Project\Dissertation\data_extended_2023_2026\raw\index_minute_1\ticker=I_SPX\date=2023-09-11\data.parquet,ok,
index_minute_1,I:SPX,2023-09-12,394,C:\Users\hkhat\OneDrive\Desktop\Project\Dissertation\data_extended_2023_2026\raw\index_minute_1\ticker=I_SPX\date=2023-09-12\data.parquet,ok,
index_minute_1,I:SPX,2023-09-13,394,C:\Users\hkhat\OneDrive\Desktop\Project\Dissertation\data_extended_2023_2026\raw\index_minute_1\ticker=I_SPX\date=2023-09-13\data.parquet,ok,
index_minute_1,I:SPX,2023-09-14,393,C:\Users\hkhat\OneDrive\Desktop\Project\Dissertation\data_extended_2023_2026\raw\index_minute_1\ticker=I_SPX\date=2023-09-14\data.parquet,ok,
index_minute_1,I:SPX,2023-09-15,395,C:\Users\hkhat\OneDrive\Desktop\Project\Dissertation\data_extended_2023_2026\raw\index_minute_1\ticker=I_SPX\date=2023-09-15\data.parquet,ok,
index_minute_1,I:SPX,2023-09-18,394,C:\Users\hkhat\OneDrive\Desktop\Project\Dissertation\data_extended_2023_2026\raw\index_minute_1\ticker=I_SPX\date=2023-09-18\data.parquet,ok,
index_minute_1,I:SPX,2023-09-19,394,C:\Users\hkhat\OneDrive\Desktop\Project\Dissertation\data_extended_2023_2026\raw\index_minute_1\ticker=I_SPX\date=2023-09-19\data.parquet,ok,
index_minute_1,I:SPX,2023-09-20,394,C:\Users\hkhat\OneDrive\Desktop\Project\Dissertation\data_extended_2023_2026\raw\index_minute_1\ticker=I_SPX\date=2023-09-20\data.parquet,ok,
index_minute_1,I:SPX,2023-09-21,393,C:\Users\hkhat\OneDrive\Desktop\Project\Dissertation\data_extended_2023_2026\raw\index_minute_1\ticker=I_SPX\date=2023-09-21\data.parquet,ok,
index_minute_1,I:SPX,2023-09-22,394,C:\Users\hkhat\OneDrive\Desktop\Project\Dissertation\data_extended_2023_2026\raw\index_minute_1\ticker=I_SPX\date=2023-09-22\data.parquet,ok,
index_minute_1,I:SPX,2023-09-25,394,C:\Users\hkhat\OneDrive\Desktop\Project\Dissertation\data_extended_2023_2026\raw\index_minute_1\ticker=I_SPX\date=2023-09-25\data.parquet,ok,
index_minute_1,I:SPX,2023-09-26,394,C:\Users\hkhat\OneDrive\Desktop\Project\Dissertation\data_extended_2023_2026\raw\index_minute_1\ticker=I_SPX\date=2023-09-26\data.parquet,ok,
index_minute_1,I:SPX,2023-09-27,394,C:\Users\hkhat\OneDrive\Desktop\Project\Dissertation\data_extended_2023_2026\raw\index_minute_1\ticker=I_SPX\date=2023-09-27\data.parquet,ok,
index_minute_1,I:SPX,2023-09-28,395,C:\Users\hkhat\OneDrive\Desktop\Project\Dissertation\data_extended_2023_2026\raw\index_minute_1\ticker=I_SPX\date=2023-09-28\data.parquet,ok,
index_minute_1,I:SPX,2023-09-29,395,C:\Users\hkhat\OneDrive\Desktop\Project\Dissertation\data_extended_2023_2026\raw\index_minute_1\ticker=I_SPX\date=2023-09-29\data.parquet,ok,
index_minute_1,I:SPX,2023-10-02,394,C:\Users\hkhat\OneDrive\Desktop\Project\Dissertation\data_extended_2023_2026\raw\index_minute_1\ticker=I_SPX\date=2023-10-02\data.parquet,ok,
index_minute_1,I:SPX,2023-10-03,394,C:\Users\hkhat\OneDrive\Desktop\Project\Dissertation\data_extended_2023_2026\raw\index_minute_1\ticker=I_SPX\date=2023-10-03\data.parquet,ok,
index_minute_1,I:SPX,2023-10-04,394,C:\Users\hkhat\OneDrive\Desktop\Project\Dissertation\data_extended_2023_2026\raw\index_minute_1\ticker=I_SPX\date=2023-10-04\data.parquet,ok,
index_minute_1,I:SPX,2023-10-05,395,C:\Users\hkhat\OneDrive\Desktop\Project\Dissertation\data_extended_2023_2026\raw\index_minute_1\ticker=I_SPX\date=2023-10-05\data.parquet,ok,
index_minute_1,I:SPX,2023-10-06,394,C:\Users\hkhat\OneDrive\Desktop\Project\Dissertation\data_extended_2023_2026\raw\index_minute_1\ticker=I_SPX\date=2023-10-06\data.parquet,ok,
index_minute_1,I:SPX,2023-10-09,392,C:\Users\hkhat\OneDrive\Desktop\Project\Dissertation\data_extended_2023_2026\raw\index_minute_1\ticker=I_SPX\date=2023-10-09\data.parquet,ok,
index_minute_1,I:SPX,2023-10-10,392,C:\Users\hkhat\OneDrive\Desktop\Project\Dissertation\data_extended_2023_2026\raw\index_minute_1\ticker=I_SPX\date=2023-10-10\data.parquet,ok,
index_minute_1,I:SPX,2023-10-11,393,C:\Users\hkhat\OneDrive\Desktop\Project\Dissertation\data_extended_2023_2026\raw\index_minute_1\ticker=I_SPX\date=2023-10-11\data.parquet,ok,
index_minute_1,I:SPX,2023-10-12,394,C:\Users\hkhat\OneDrive\Desktop\Project\Dissertation\data_extended_2023_2026\raw\index_minute_1\ticker=I_SPX\date=2023-10-12\data.parquet,ok,
index_minute_1,I:SPX,2023-10-13,393,C:\Users\hkhat\OneDrive\Desktop\Project\Dissertation\data_extended_2023_2026\raw\index_minute_1\ticker=I_SPX\date=2023-10-13\data.parquet,ok,
index_minute_1,I:SPX,2023-10-16,394,C:\Users\hkhat\OneDrive\Desktop\Project\Dissertation\data_extended_2023_2026\raw\index_minute_1\ticker=I_SPX\date=2023-10-16\data.parquet,ok,
index_minute_1,I:SPX,2023-10-17,393,C:\Users\hkhat\OneDrive\Desktop\Project\Dissertation\data_extended_2023_2026\raw\index_minute_1\ticker=I_SPX\date=2023-10-17\data.parquet,ok,
index_minute_1,I:SPX,2023-10-18,393,C:\Users\hkhat\OneDrive\Desktop\Project\Dissertation\data_extended_2023_2026\raw\index_minute_1\ticker=I_SPX\date=2023-10-18\data.parquet,ok,
index_minute_1,I:SPX,2023-10-19,394,C:\Users\hkhat\OneDrive\Desktop\Project\Dissertation\data_extended_2023_2026\raw\index_minute_1\ticker=I_SPX\date=2023-10-19\data.parquet,ok,
index_minute_1,I:SPX,2023-10-20,393,C:\Users\hkhat\OneDrive\Desktop\Project\Dissertation\data_extended_2023_2026\raw\index_minute_1\ticker=I_SPX\date=2023-10-20\data.parquet,ok,
index_minute_1,I:SPX,2023-10-23,392,C:\Users\hkhat\OneDrive\Desktop\Project\Dissertation\data_extended_2023_2026\raw\index_minute_1\ticker=I_SPX\date=2023-10-23\data.parquet,ok,
index_minute_1,I:SPX,2023-10-24,394,C:\Users\hkhat\OneDrive\Desktop\Project\Dissertation\data_extended_2023_2026\raw\index_minute_1\ticker=I_SPX\date=2023-10-24\data.parquet,ok,
index_minute_1,I:SPX,2023-10-25,393,C:\Users\hkhat\OneDrive\Desktop\Project\Dissertation\data_extended_2023_2026\raw\index_minute_1\ticker=I_SPX\date=2023-10-25\data.parquet,ok,
index_minute_1,I:SPX,2023-10-26,393,C:\Users\hkhat\OneDrive\Desktop\Project\Dissertation\data_extended_2023_2026\raw\index_minute_1\ticker=I_SPX\date=2023-10-26\data.parquet,ok,
index_minute_1,I:SPX,2023-10-27,393,C:\Users\hkhat\OneDrive\Desktop\Project\Dissertation\data_extended_2023_2026\raw\index_minute_1\ticker=I_SPX\date=2023-10-27\data.parquet,ok,
index_minute_1,I:SPX,2023-10-30,394,C:\Users\hkhat\OneDrive\Desktop\Project\Dissertation\data_extended_2023_2026\raw\index_minute_1\ticker=I_SPX\date=2023-10-30\data.parquet,ok,
index_minute_1,I:SPX,2023-10-31,394,C:\Users\hkhat\OneDrive\Desktop\Project\Dissertation\data_extended_2023_2026\raw\index_minute_1\ticker=I_SPX\date=2023-10-31\data.parquet,ok,
index_minute_1,I:SPX,2023-11-01,393,C:\Users\hkhat\OneDrive\Desktop\Project\Dissertation\data_extended_2023_2026\raw\index_minute_1\ticker=I_SPX\date=2023-11-01\data.parquet,ok,
index_minute_1,I:SPX,2023-11-02,391,C:\Users\hkhat\OneDrive\Desktop\Project\Dissertation\data_extended_2023_2026\raw\index_minute_1\ticker=I_SPX\date=2023-11-02\data.parquet,ok,
index_minute_1,I:SPX,2023-11-03,392,C:\Users\hkhat\OneDrive\Desktop\Project\Dissertation\data_extended_2023_2026\raw\index_minute_1\ticker=I_SPX\date=2023-11-03\data.parquet,ok,
index_minute_1,I:SPX,2023-11-06,392,C:\Users\hkhat\OneDrive\Desktop\Project\Dissertation\data_extended_2023_2026\raw\index_minute_1\ticker=I_SPX\date=2023-11-06\data.parquet,ok,
index_minute_1,I:SPX,2023-11-07,392,C:\Users\hkhat\OneDrive\Desktop\Project\Dissertation\data_extended_2023_2026\raw\index_minute_1\ticker=I_SPX\date=2023-11-07\data.parquet,ok,
index_minute_1,I:SPX,2023-11-08,393,C:\Users\hkhat\OneDrive\Desktop\Project\Dissertation\data_extended_2023_2026\raw\index_minute_1\ticker=I_SPX\date=2023-11-08\data.parquet,ok,
index_minute_1,I:SPX,2023-11-09,393,C:\Users\hkhat\OneDrive\Desktop\Project\Dissertation\data_extended_2023_2026\raw\index_minute_1\ticker=I_SPX\date=2023-11-09\data.parquet,ok,
index_minute_1,I:SPX,2023-11-10,392,C:\Users\hkhat\OneDrive\Desktop\Project\Dissertation\data_extended_2023_2026\raw\index_minute_1\ticker=I_SPX\date=2023-11-10\data.parquet,ok,
index_minute_1,I:SPX,2023-11-13,393,C:\Users\hkhat\OneDrive\Desktop\Project\Dissertation\data_extended_2023_2026\raw\index_minute_1\ticker=I_SPX\date=2023-11-13\data.parquet,ok,
index_minute_1,I:SPX,2023-11-14,392,C:\Users\hkhat\OneDrive\Desktop\Project\Dissertation\data_extended_2023_2026\raw\index_minute_1\ticker=I_SPX\date=2023-11-14\data.parquet,ok,
index_minute_1,I:SPX,2023-11-15,392,C:\Users\hkhat\OneDrive\Desktop\Project\Dissertation\data_extended_2023_2026\raw\index_minute_1\ticker=I_SPX\date=2023-11-15\data.parquet,ok,
index_minute_1,I:SPX,2023-11-16,394,C:\Users\hkhat\OneDrive\Desktop\Project\Dissertation\data_extended_2023_2026\raw\index_minute_1\ticker=I_SPX\date=2023-11-16\data.parquet,ok,
index_minute_1,I:SPX,2023-11-17,393,C:\Users\hkhat\OneDrive\Desktop\Project\Dissertation\data_extended_2023_2026\raw\index_minute_1\ticker=I_SPX\date=2023-11-17\data.parquet,ok,
index_minute_1,I:SPX,2023-11-20,393,C:\Users\hkhat\OneDrive\Desktop\Project\Dissertation\data_extended_2023_2026\raw\index_minute_1\ticker=I_SPX\date=2023-11-20\data.parquet,ok,
index_minute_1,I:SPX,2023-11-21,391,C:\Users\hkhat\OneDrive\Desktop\Project\Dissertation\data_extended_2023_2026\raw\index_minute_1\ticker=I_SPX\date=2023-11-21\data.parquet,ok,
index_minute_1,I:SPX,2023-11-22,392,C:\Users\hkhat\OneDrive\Desktop\Project\Dissertation\data_extended_2023_2026\raw\index_minute_1\ticker=I_SPX\date=2023-11-22\data.parquet,ok,
index_minute_1,I:SPX,2023-11-23,0,,empty,No qualifying bars
index_minute_1,I:SPX,2023-11-24,212,C:\Users\hkhat\OneDrive\Desktop\Project\Dissertation\data_extended_2023_2026\raw\index_minute_1\ticker=I_SPX\date=2023-11-24\data.parquet,ok,
index_minute_1,I:SPX,2023-11-27,392,C:\Users\hkhat\OneDrive\Desktop\Project\Dissertation\data_extended_2023_2026\raw\index_minute_1\ticker=I_SPX\date=2023-11-27\data.parquet,ok,
index_minute_1,I:SPX,2023-11-28,392,C:\Users\hkhat\OneDrive\Desktop\Project\Dissertation\data_extended_2023_2026\raw\index_minute_1\ticker=I_SPX\date=2023-11-28\data.parquet,ok,
index_minute_1,I:SPX,2023-11-29,394,C:\Users\hkhat\OneDrive\Desktop\Project\Dissertation\data_extended_2023_2026\raw\index_minute_1\ticker=I_SPX\date=2023-11-29\data.parquet,ok,
index_minute_1,I:SPX,2023-11-30,396,C:\Users\hkhat\OneDrive\Desktop\Project\Dissertation\data_extended_2023_2026\raw\index_minute_1\ticker=I_SPX\date=2023-11-30\data.parquet,ok,
index_minute_1,I:SPX,2023-12-01,392,C:\Users\hkhat\OneDrive\Desktop\Project\Dissertation\data_extended_2023_2026\raw\index_minute_1\ticker=I_SPX\date=2023-12-01\data.parquet,ok,
index_minute_1,I:SPX,2023-12-04,391,C:\Users\hkhat\OneDrive\Desktop\Project\Dissertation\data_extended_2023_2026\raw\index_minute_1\ticker=I_SPX\date=2023-12-04\data.parquet,ok,
index_minute_1,I:SPX,2023-12-05,392,C:\Users\hkhat\OneDrive\Desktop\Project\Dissertation\data_extended_2023_2026\raw\index_minute_1\ticker=I_SPX\date=2023-12-05\data.parquet,ok,
index_minute_1,I:SPX,2023-12-06,392,C:\Users\hkhat\OneDrive\Desktop\Project\Dissertation\data_extended_2023_2026\raw\index_minute_1\ticker=I_SPX\date=2023-12-06\data.parquet,ok,
index_minute_1,I:SPX,2023-12-07,392,C:\Users\hkhat\OneDrive\Desktop\Project\Dissertation\data_extended_2023_2026\raw\index_minute_1\ticker=I_SPX\date=2023-12-07\data.parquet,ok,
index_minute_1,I:SPX,2023-12-08,393,C:\Users\hkhat\OneDrive\Desktop\Project\Dissertation\data_extended_2023_2026\raw\index_minute_1\ticker=I_SPX\date=2023-12-08\data.parquet,ok,
index_minute_1,I:SPX,2023-12-11,393,C:\Users\hkhat\OneDrive\Desktop\Project\Dissertation\data_extended_2023_2026\raw\index_minute_1\ticker=I_SPX\date=2023-12-11\data.parquet,ok,
index_minute_1,I:SPX,2023-12-12,392,C:\Users\hkhat\OneDrive\Desktop\Project\Dissertation\data_extended_2023_2026\raw\index_minute_1\ticker=I_SPX\date=2023-12-12\data.parquet,ok,
index_minute_1,I:SPX,2023-12-13,393,C:\Users\hkhat\OneDrive\Desktop\Project\Dissertation\data_extended_2023_2026\raw\index_minute_1\ticker=I_SPX\date=2023-12-13\data.parquet,ok,
index_minute_1,I:SPX,2023-12-14,393,C:\Users\hkhat\OneDrive\Desktop\Project\Dissertation\data_extended_2023_2026\raw\index_minute_1\ticker=I_SPX\date=2023-12-14\data.parquet,ok,
index_minute_1,I:SPX,2023-12-15,394,C:\Users\hkhat\OneDrive\Desktop\Project\Dissertation\data_extended_2023_2026\raw\index_minute_1\ticker=I_SPX\date=2023-12-15\data.parquet,ok,
index_minute_1,I:SPX,2023-12-18,392,C:\Users\hkhat\OneDrive\Desktop\Project\Dissertation\data_extended_2023_2026\raw\index_minute_1\ticker=I_SPX\date=2023-12-18\data.parquet,ok,
index_minute_1,I:SPX,2023-12-19,393,C:\Users\hkhat\OneDrive\Desktop\Project\Dissertation\data_extended_2023_2026\raw\index_minute_1\ticker=I_SPX\date=2023-12-19\data.parquet,ok,
index_minute_1,I:SPX,2023-12-20,393,C:\Users\hkhat\OneDrive\Desktop\Project\Dissertation\data_extended_2023_2026\raw\index_minute_1\ticker=I_SPX\date=2023-12-20\data.parquet,ok,
index_minute_1,I:SPX,2023-12-21,393,C:\Users\hkhat\OneDrive\Desktop\Project\Dissertation\data_extended_2023_2026\raw\index_minute_1\ticker=I_SPX\date=2023-12-21\data.parquet,ok,
index_minute_1,I:SPX,2023-12-22,392,C:\Users\hkhat\OneDrive\Desktop\Project\Dissertation\data_extended_2023_2026\raw\index_minute_1\ticker=I_SPX\date=2023-12-22\data.parquet,ok,
index_minute_1,I:SPX,2023-12-25,0,,empty,No qualifying bars
index_minute_1,I:SPX,2023-12-26,392,C:\Users\hkhat\OneDrive\Desktop\Project\Dissertation\data_extended_2023_2026\raw\index_minute_1\ticker=I_SPX\date=2023-12-26\data.parquet,ok,
index_minute_1,I:SPX,2023-12-27,392,C:\Users\hkhat\OneDrive\Desktop\Project\Dissertation\data_extended_2023_2026\raw\index_minute_1\ticker=I_SPX\date=2023-12-27\data.parquet,ok,
index_minute_1,I:SPX,2023-12-28,392,C:\Users\hkhat\OneDrive\Desktop\Project\Dissertation\data_extended_2023_2026\raw\index_minute_1\ticker=I_SPX\date=2023-12-28\data.parquet,ok,
index_minute_1,I:SPX,2023-12-29,392,C:\Users\hkhat\OneDrive\Desktop\Project\Dissertation\data_extended_2023_2026\raw\index_minute_1\ticker=I_SPX\date=2023-12-29\data.parquet,ok,
index_minute_1,I:SPX,2024-01-01,0,,empty,No qualifying bars
index_minute_1,I:SPX,2024-01-02,392,C:\Users\hkhat\OneDrive\Desktop\Project\Dissertation\data_extended_2023_2026\raw\index_minute_1\ticker=I_SPX\date=2024-01-02\data.parquet,ok,
index_minute_1,I:SPX,2024-01-03,393,C:\Users\hkhat\OneDrive\Desktop\Project\Dissertation\data_extended_2023_2026\raw\index_minute_1\ticker=I_SPX\date=2024-01-03\data.parquet,ok,
index_minute_1,I:SPX,2024-01-04,392,C:\Users\hkhat\OneDrive\Desktop\Project\Dissertation\data_extended_2023_2026\raw\index_minute_1\ticker=I_SPX\date=2024-01-04\data.parquet,ok,
index_minute_1,I:SPX,2024-01-05,392,C:\Users\hkhat\OneDrive\Desktop\Project\Dissertation\data_extended_2023_2026\raw\index_minute_1\ticker=I_SPX\date=2024-01-05\data.parquet,ok,
index_minute_1,I:SPX,2024-01-08,392,C:\Users\hkhat\OneDrive\Desktop\Project\Dissertation\data_extended_2023_2026\raw\index_minute_1\ticker=I_SPX\date=2024-01-08\data.parquet,ok,
index_minute_1,I:SPX,2024-01-09,392,C:\Users\hkhat\OneDrive\Desktop\Project\Dissertation\data_extended_2023_2026\raw\index_minute_1\ticker=I_SPX\date=2024-01-09\data.parquet,ok,
index_minute_1,I:SPX,2024-01-10,393,C:\Users\hkhat\OneDrive\Desktop\Project\Dissertation\data_extended_2023_2026\raw\index_minute_1\ticker=I_SPX\date=2024-01-10\data.parquet,ok,
index_minute_1,I:SPX,2024-01-11,392,C:\Users\hkhat\OneDrive\Desktop\Project\Dissertation\data_extended_2023_2026\raw\index_minute_1\ticker=I_SPX\date=2024-01-11\data.parquet,ok,
index_minute_1,I:SPX,2024-01-12,392,C:\Users\hkhat\OneDrive\Desktop\Project\Dissertation\data_extended_2023_2026\raw\index_minute_1\ticker=I_SPX\date=2024-01-12\data.parquet,ok,
index_minute_1,I:SPX,2024-01-15,0,,empty,No qualifying bars
index_minute_1,I:SPX,2024-01-16,393,C:\Users\hkhat\OneDrive\Desktop\Project\Dissertation\data_extended_2023_2026\raw\index_minute_1\ticker=I_SPX\date=2024-01-16\data.parquet,ok,
index_minute_1,I:SPX,2024-01-17,392,C:\Users\hkhat\OneDrive\Desktop\Project\Dissertation\data_extended_2023_2026\raw\index_minute_1\ticker=I_SPX\date=2024-01-17\data.parquet,ok,
index_minute_1,I:SPX,2024-01-18,391,C:\Users\hkhat\OneDrive\Desktop\Project\Dissertation\data_extended_2023_2026\raw\index_minute_1\ticker=I_SPX\date=2024-01-18\data.parquet,ok,
index_minute_1,I:SPX,2024-01-19,392,C:\Users\hkhat\OneDrive\Desktop\Project\Dissertation\data_extended_2023_2026\raw\index_minute_1\ticker=I_SPX\date=2024-01-19\data.parquet,ok,
index_minute_1,I:SPX,2024-01-22,391,C:\Users\hkhat\OneDrive\Desktop\Project\Dissertation\data_extended_2023_2026\raw\index_minute_1\ticker=I_SPX\date=2024-01-22\data.parquet,ok,
index_minute_1,I:SPX,2024-01-23,394,C:\Users\hkhat\OneDrive\Desktop\Project\Dissertation\data_extended_2023_2026\raw\index_minute_1\ticker=I_SPX\date=2024-01-23\data.parquet,ok,
index_minute_1,I:SPX,2024-01-24,393,C:\Users\hkhat\OneDrive\Desktop\Project\Dissertation\data_extended_2023_2026\raw\index_minute_1\ticker=I_SPX\date=2024-01-24\data.parquet,ok,
index_minute_1,I:SPX,2024-01-25,392,C:\Users\hkhat\OneDrive\Desktop\Project\Dissertation\data_extended_2023_2026\raw\index_minute_1\ticker=I_SPX\date=2024-01-25\data.parquet,ok,
index_minute_1,I:SPX,2024-01-26,391,C:\Users\hkhat\OneDrive\Desktop\Project\Dissertation\data_extended_2023_2026\raw\index_minute_1\ticker=I_SPX\date=2024-01-26\data.parquet,ok,
index_minute_1,I:SPX,2024-01-29,393,C:\Users\hkhat\OneDrive\Desktop\Project\Dissertation\data_extended_2023_2026\raw\index_minute_1\ticker=I_SPX\date=2024-01-29\data.parquet,ok,
index_minute_1,I:SPX,2024-01-30,393,C:\Users\hkhat\OneDrive\Desktop\Project\Dissertation\data_extended_2023_2026\raw\index_minute_1\ticker=I_SPX\date=2024-01-30\data.parquet,ok,
index_minute_1,I:SPX,2024-01-31,393,C:\Users\hkhat\OneDrive\Desktop\Project\Dissertation\data_extended_2023_2026\raw\index_minute_1\ticker=I_SPX\date=2024-01-31\data.parquet,ok,
index_minute_1,I:SPX,2024-02-01,393,C:\Users\hkhat\OneDrive\Desktop\Project\Dissertation\data_extended_2023_2026\raw\index_minute_1\ticker=I_SPX\date=2024-02-01\data.parquet,ok,
index_minute_1,I:SPX,2024-02-02,392,C:\Users\hkhat\OneDrive\Desktop\Project\Dissertation\data_extended_2023_2026\raw\index_minute_1\ticker=I_SPX\date=2024-02-02\data.parquet,ok,
index_minute_1,I:SPX,2024-02-05,394,C:\Users\hkhat\OneDrive\Desktop\Project\Dissertation\data_extended_2023_2026\raw\index_minute_1\ticker=I_SPX\date=2024-02-05\data.parquet,ok,
index_minute_1,I:SPX,2024-02-06,392,C:\Users\hkhat\OneDrive\Desktop\Project\Dissertation\data_extended_2023_2026\raw\index_minute_1\ticker=I_SPX\date=2024-02-06\data.parquet,ok,
index_minute_1,I:SPX,2024-02-07,393,C:\Users\hkhat\OneDrive\Desktop\Project\Dissertation\data_extended_2023_2026\raw\index_minute_1\ticker=I_SPX\date=2024-02-07\data.parquet,ok,
index_minute_1,I:SPX,2024-02-08,395,C:\Users\hkhat\OneDrive\Desktop\Project\Dissertation\data_extended_2023_2026\raw\index_minute_1\ticker=I_SPX\date=2024-02-08\data.parquet,ok,
index_minute_1,I:SPX,2024-02-09,393,C:\Users\hkhat\OneDrive\Desktop\Project\Dissertation\data_extended_2023_2026\raw\index_minute_1\ticker=I_SPX\date=2024-02-09\data.parquet,ok,
index_minute_1,I:SPX,2024-02-12,393,C:\Users\hkhat\OneDrive\Desktop\Project\Dissertation\data_extended_2023_2026\raw\index_minute_1\ticker=I_SPX\date=2024-02-12\data.parquet,ok,
index_minute_1,I:SPX,2024-02-13,393,C:\Users\hkhat\OneDrive\Desktop\Project\Dissertation\data_extended_2023_2026\raw\index_minute_1\ticker=I_SPX\date=2024-02-13\data.parquet,ok,
index_minute_1,I:SPX,2024-02-14,393,C:\Users\hkhat\OneDrive\Desktop\Project\Dissertation\data_extended_2023_2026\raw\index_minute_1\ticker=I_SPX\date=2024-02-14\data.parquet,ok,
index_minute_1,I:SPX,2024-02-15,392,C:\Users\hkhat\OneDrive\Desktop\Project\Dissertation\data_extended_2023_2026\raw\index_minute_1\ticker=I_SPX\date=2024-02-15\data.parquet,ok,
index_minute_1,I:SPX,2024-02-16,392,C:\Users\hkhat\OneDrive\Desktop\Project\Dissertation\data_extended_2023_2026\raw\index_minute_1\ticker=I_SPX\date=2024-02-16\data.parquet,ok,
index_minute_1,I:SPX,2024-02-19,0,,empty,No qualifying bars
index_minute_1,I:SPX,2024-02-20,393,C:\Users\hkhat\OneDrive\Desktop\Project\Dissertation\data_extended_2023_2026\raw\index_minute_1\ticker=I_SPX\date=2024-02-20\data.parquet,ok,
index_minute_1,I:SPX,2024-02-21,394,C:\Users\hkhat\OneDrive\Desktop\Project\Dissertation\data_extended_2023_2026\raw\index_minute_1\ticker=I_SPX\date=2024-02-21\data.parquet,ok,
index_minute_1,I:SPX,2024-02-22,392,C:\Users\hkhat\OneDrive\Desktop\Project\Dissertation\data_extended_2023_2026\raw\index_minute_1\ticker=I_SPX\date=2024-02-22\data.parquet,ok,
index_minute_1,I:SPX,2024-02-23,393,C:\Users\hkhat\OneDrive\Desktop\Project\Dissertation\data_extended_2023_2026\raw\index_minute_1\ticker=I_SPX\date=2024-02-23\data.parquet,ok,
index_minute_1,I:SPX,2024-02-26,391,C:\Users\hkhat\OneDrive\Desktop\Project\Dissertation\data_extended_2023_2026\raw\index_minute_1\ticker=I_SPX\date=2024-02-26\data.parquet,ok,
index_minute_1,I:SPX,2024-02-27,392,C:\Users\hkhat\OneDrive\Desktop\Project\Dissertation\data_extended_2023_2026\raw\index_minute_1\ticker=I_SPX\date=2024-02-27\data.parquet,ok,
index_minute_1,I:SPX,2024-02-28,393,C:\Users\hkhat\OneDrive\Desktop\Project\Dissertation\data_extended_2023_2026\raw\index_minute_1\ticker=I_SPX\date=2024-02-28\data.parquet,ok,
index_minute_1,I:SPX,2024-02-29,394,C:\Users\hkhat\OneDrive\Desktop\Project\Dissertation\data_extended_2023_2026\raw\index_minute_1\ticker=I_SPX\date=2024-02-29\data.parquet,ok,
index_minute_1,I:SPX,2024-03-01,392,C:\Users\hkhat\OneDrive\Desktop\Project\Dissertation\data_extended_2023_2026\raw\index_minute_1\ticker=I_SPX\date=2024-03-01\data.parquet,ok,
index_minute_1,I:SPX,2024-03-04,392,C:\Users\hkhat\OneDrive\Desktop\Project\Dissertation\data_extended_2023_2026\raw\index_minute_1\ticker=I_SPX\date=2024-03-04\data.parquet,ok,
index_minute_1,I:SPX,2024-03-05,392,C:\Users\hkhat\OneDrive\Desktop\Project\Dissertation\data_extended_2023_2026\raw\index_minute_1\ticker=I_SPX\date=2024-03-05\data.parquet,ok,
index_minute_1,I:SPX,2024-03-06,393,C:\Users\hkhat\OneDrive\Desktop\Project\Dissertation\data_extended_2023_2026\raw\index_minute_1\ticker=I_SPX\date=2024-03-06\data.parquet,ok,
index_minute_1,I:SPX,2024-03-07,394,C:\Users\hkhat\OneDrive\Desktop\Project\Dissertation\data_extended_2023_2026\raw\index_minute_1\ticker=I_SPX\date=2024-03-07\data.parquet,ok,
index_minute_1,I:SPX,2024-03-08,393,C:\Users\hkhat\OneDrive\Desktop\Project\Dissertation\data_extended_2023_2026\raw\index_minute_1\ticker=I_SPX\date=2024-03-08\data.parquet,ok,
index_minute_1,I:SPX,2024-03-11,393,C:\Users\hkhat\OneDrive\Desktop\Project\Dissertation\data_extended_2023_2026\raw\index_minute_1\ticker=I_SPX\date=2024-03-11\data.parquet,ok,
index_minute_1,I:SPX,2024-03-12,393,C:\Users\hkhat\OneDrive\Desktop\Project\Dissertation\data_extended_2023_2026\raw\index_minute_1\ticker=I_SPX\date=2024-03-12\data.parquet,ok,
index_minute_1,I:SPX,2024-03-13,393,C:\Users\hkhat\OneDrive\Desktop\Project\Dissertation\data_extended_2023_2026\raw\index_minute_1\ticker=I_SPX\date=2024-03-13\data.parquet,ok,
index_minute_1,I:SPX,2024-03-14,393,C:\Users\hkhat\OneDrive\Desktop\Project\Dissertation\data_extended_2023_2026\raw\index_minute_1\ticker=I_SPX\date=2024-03-14\data.parquet,ok,
index_minute_1,I:SPX,2024-03-15,395,C:\Users\hkhat\OneDrive\Desktop\Project\Dissertation\data_extended_2023_2026\raw\index_minute_1\ticker=I_SPX\date=2024-03-15\data.parquet,ok,
index_minute_1,I:SPX,2024-03-18,392,C:\Users\hkhat\OneDrive\Desktop\Project\Dissertation\data_extended_2023_2026\raw\index_minute_1\ticker=I_SPX\date=2024-03-18\data.parquet,ok,
index_minute_1,I:SPX,2024-03-19,393,C:\Users\hkhat\OneDrive\Desktop\Project\Dissertation\data_extended_2023_2026\raw\index_minute_1\ticker=I_SPX\date=2024-03-19\data.parquet,ok,
index_minute_1,I:SPX,2024-03-20,393,C:\Users\hkhat\OneDrive\Desktop\Project\Dissertation\data_extended_2023_2026\raw\index_minute_1\ticker=I_SPX\date=2024-03-20\data.parquet,ok,
index_minute_1,I:SPX,2024-03-21,393,C:\Users\hkhat\OneDrive\Desktop\Project\Dissertation\data_extended_2023_2026\raw\index_minute_1\ticker=I_SPX\date=2024-03-21\data.parquet,ok,
index_minute_1,I:SPX,2024-03-22,393,C:\Users\hkhat\OneDrive\Desktop\Project\Dissertation\data_extended_2023_2026\raw\index_minute_1\ticker=I_SPX\date=2024-03-22\data.parquet,ok,
index_minute_1,I:SPX,2024-03-25,393,C:\Users\hkhat\OneDrive\Desktop\Project\Dissertation\data_extended_2023_2026\raw\index_minute_1\ticker=I_SPX\date=2024-03-25\data.parquet,ok,
index_minute_1,I:SPX,2024-03-26,394,C:\Users\hkhat\OneDrive\Desktop\Project\Dissertation\data_extended_2023_2026\raw\index_minute_1\ticker=I_SPX\date=2024-03-26\data.parquet,ok,
index_minute_1,I:SPX,2024-03-27,394,C:\Users\hkhat\OneDrive\Desktop\Project\Dissertation\data_extended_2023_2026\raw\index_minute_1\ticker=I_SPX\date=2024-03-27\data.parquet,ok,
index_minute_1,I:SPX,2024-03-28,392,C:\Users\hkhat\OneDrive\Desktop\Project\Dissertation\data_extended_2023_2026\raw\index_minute_1\ticker=I_SPX\date=2024-03-28\data.parquet,ok,
index_minute_1,I:SPX,2024-03-29,0,,empty,No qualifying bars
index_minute_1,I:SPX,2024-04-01,392,C:\Users\hkhat\OneDrive\Desktop\Project\Dissertation\data_extended_2023_2026\raw\index_minute_1\ticker=I_SPX\date=2024-04-01\data.parquet,ok,
index_minute_1,I:SPX,2024-04-02,393,C:\Users\hkhat\OneDrive\Desktop\Project\Dissertation\data_extended_2023_2026\raw\index_minute_1\ticker=I_SPX\date=2024-04-02\data.parquet,ok,
index_minute_1,I:SPX,2024-04-03,393,C:\Users\hkhat\OneDrive\Desktop\Project\Dissertation\data_extended_2023_2026\raw\index_minute_1\ticker=I_SPX\date=2024-04-03\data.parquet,ok,
index_minute_1,I:SPX,2024-04-04,393,C:\Users\hkhat\OneDrive\Desktop\Project\Dissertation\data_extended_2023_2026\raw\index_minute_1\ticker=I_SPX\date=2024-04-04\data.parquet,ok,
index_minute_1,I:SPX,2024-04-05,393,C:\Users\hkhat\OneDrive\Desktop\Project\Dissertation\data_extended_2023_2026\raw\index_minute_1\ticker=I_SPX\date=2024-04-05\data.parquet,ok,
index_minute_1,I:SPX,2024-04-08,392,C:\Users\hkhat\OneDrive\Desktop\Project\Dissertation\data_extended_2023_2026\raw\index_minute_1\ticker=I_SPX\date=2024-04-08\data.parquet,ok,
index_minute_1,I:SPX,2024-04-09,393,C:\Users\hkhat\OneDrive\Desktop\Project\Dissertation\data_extended_2023_2026\raw\index_minute_1\ticker=I_SPX\date=2024-04-09\data.parquet,ok,
index_minute_1,I:SPX,2024-04-10,393,C:\Users\hkhat\OneDrive\Desktop\Project\Dissertation\data_extended_2023_2026\raw\index_minute_1\ticker=I_SPX\date=2024-04-10\data.parquet,ok,
index_minute_1,I:SPX,2024-04-11,392,C:\Users\hkhat\OneDrive\Desktop\Project\Dissertation\data_extended_2023_2026\raw\index_minute_1\ticker=I_SPX\date=2024-04-11\data.parquet,ok,
index_minute_1,I:SPX,2024-04-12,392,C:\Users\hkhat\OneDrive\Desktop\Project\Dissertation\data_extended_2023_2026\raw\index_minute_1\ticker=I_SPX\date=2024-04-12\data.parquet,ok,
index_minute_1,I:SPX,2024-04-15,393,C:\Users\hkhat\OneDrive\Desktop\Project\Dissertation\data_extended_2023_2026\raw\index_minute_1\ticker=I_SPX\date=2024-04-15\data.parquet,ok,
index_minute_1,I:SPX,2024-04-16,393,C:\Users\hkhat\OneDrive\Desktop\Project\Dissertation\data_extended_2023_2026\raw\index_minute_1\ticker=I_SPX\date=2024-04-16\data.parquet,ok,
index_minute_1,I:SPX,2024-04-17,393,C:\Users\hkhat\OneDrive\Desktop\Project\Dissertation\data_extended_2023_2026\raw\index_minute_1\ticker=I_SPX\date=2024-04-17\data.parquet,ok,
index_minute_1,I:SPX,2024-04-18,394,C:\Users\hkhat\OneDrive\Desktop\Project\Dissertation\data_extended_2023_2026\raw\index_minute_1\ticker=I_SPX\date=2024-04-18\data.parquet,ok,
index_minute_1,I:SPX,2024-04-19,393,C:\Users\hkhat\OneDrive\Desktop\Project\Dissertation\data_extended_2023_2026\raw\index_minute_1\ticker=I_SPX\date=2024-04-19\data.parquet,ok,
index_minute_1,I:SPX,2024-04-22,393,C:\Users\hkhat\OneDrive\Desktop\Project\Dissertation\data_extended_2023_2026\raw\index_minute_1\ticker=I_SPX\date=2024-04-22\data.parquet,ok,
index_minute_1,I:SPX,2024-04-23,392,C:\Users\hkhat\OneDrive\Desktop\Project\Dissertation\data_extended_2023_2026\raw\index_minute_1\ticker=I_SPX\date=2024-04-23\data.parquet,ok,
index_minute_1,I:SPX,2024-04-24,394,C:\Users\hkhat\OneDrive\Desktop\Project\Dissertation\data_extended_2023_2026\raw\index_minute_1\ticker=I_SPX\date=2024-04-24\data.parquet,ok,
index_minute_1,I:SPX,2024-04-25,395,C:\Users\hkhat\OneDrive\Desktop\Project\Dissertation\data_extended_2023_2026\raw\index_minute_1\ticker=I_SPX\date=2024-04-25\data.parquet,ok,
index_minute_1,I:SPX,2024-04-26,393,C:\Users\hkhat\OneDrive\Desktop\Project\Dissertation\data_extended_2023_2026\raw\index_minute_1\ticker=I_SPX\date=2024-04-26\data.parquet,ok,
index_minute_1,I:SPX,2024-04-29,394,C:\Users\hkhat\OneDrive\Desktop\Project\Dissertation\data_extended_2023_2026\raw\index_minute_1\ticker=I_SPX\date=2024-04-29\data.parquet,ok,
index_minute_1,I:SPX,2024-04-30,394,C:\Users\hkhat\OneDrive\Desktop\Project\Dissertation\data_extended_2023_2026\raw\index_minute_1\ticker=I_SPX\date=2024-04-30\data.parquet,ok,
index_minute_1,I:SPX,2024-05-01,393,C:\Users\hkhat\OneDrive\Desktop\Project\Dissertation\data_extended_2023_2026\raw\index_minute_1\ticker=I_SPX\date=2024-05-01\data.parquet,ok,
index_minute_1,I:SPX,2024-05-02,392,C:\Users\hkhat\OneDrive\Desktop\Project\Dissertation\data_extended_2023_2026\raw\index_minute_1\ticker=I_SPX\date=2024-05-02\data.parquet,ok,
index_minute_1,I:SPX,2024-05-03,392,C:\Users\hkhat\OneDrive\Desktop\Project\Dissertation\data_extended_2023_2026\raw\index_minute_1\ticker=I_SPX\date=2024-05-03\data.parquet,ok,
index_minute_1,I:SPX,2024-05-06,394,C:\Users\hkhat\OneDrive\Desktop\Project\Dissertation\data_extended_2023_2026\raw\index_minute_1\ticker=I_SPX\date=2024-05-06\data.parquet,ok,
index_minute_1,I:SPX,2024-05-07,392,C:\Users\hkhat\OneDrive\Desktop\Project\Dissertation\data_extended_2023_2026\raw\index_minute_1\ticker=I_SPX\date=2024-05-07\data.parquet,ok,
index_minute_1,I:SPX,2024-05-08,393,C:\Users\hkhat\OneDrive\Desktop\Project\Dissertation\data_extended_2023_2026\raw\index_minute_1\ticker=I_SPX\date=2024-05-08\data.parquet,ok,
index_minute_1,I:SPX,2024-05-09,391,C:\Users\hkhat\OneDrive\Desktop\Project\Dissertation\data_extended_2023_2026\raw\index_minute_1\ticker=I_SPX\date=2024-05-09\data.parquet,ok,
index_minute_1,I:SPX,2024-05-10,393,C:\Users\hkhat\OneDrive\Desktop\Project\Dissertation\data_extended_2023_2026\raw\index_minute_1\ticker=I_SPX\date=2024-05-10\data.parquet,ok,
index_minute_1,I:SPX,2024-05-13,393,C:\Users\hkhat\OneDrive\Desktop\Project\Dissertation\data_extended_2023_2026\raw\index_minute_1\ticker=I_SPX\date=2024-05-13\data.parquet,ok,
index_minute_1,I:SPX,2024-05-14,393,C:\Users\hkhat\OneDrive\Desktop\Project\Dissertation\data_extended_2023_2026\raw\index_minute_1\ticker=I_SPX\date=2024-05-14\data.parquet,ok,
index_minute_1,I:SPX,2024-05-15,392,C:\Users\hkhat\OneDrive\Desktop\Project\Dissertation\data_extended_2023_2026\raw\index_minute_1\ticker=I_SPX\date=2024-05-15\data.parquet,ok,
index_minute_1,I:SPX,2024-05-16,392,C:\Users\hkhat\OneDrive\Desktop\Project\Dissertation\data_extended_2023_2026\raw\index_minute_1\ticker=I_SPX\date=2024-05-16\data.parquet,ok,
index_minute_1,I:SPX,2024-05-17,392,C:\Users\hkhat\OneDrive\Desktop\Project\Dissertation\data_extended_2023_2026\raw\index_minute_1\ticker=I_SPX\date=2024-05-17\data.parquet,ok,
index_minute_1,I:SPX,2024-05-20,392,C:\Users\hkhat\OneDrive\Desktop\Project\Dissertation\data_extended_2023_2026\raw\index_minute_1\ticker=I_SPX\date=2024-05-20\data.parquet,ok,
index_minute_1,I:SPX,2024-05-21,392,C:\Users\hkhat\OneDrive\Desktop\Project\Dissertation\data_extended_2023_2026\raw\index_minute_1\ticker=I_SPX\date=2024-05-21\data.parquet,ok,
index_minute_1,I:SPX,2024-05-22,395,C:\Users\hkhat\OneDrive\Desktop\Project\Dissertation\data_extended_2023_2026\raw\index_minute_1\ticker=I_SPX\date=2024-05-22\data.parquet,ok,
index_minute_1,I:SPX,2024-05-23,392,C:\Users\hkhat\OneDrive\Desktop\Project\Dissertation\data_extended_2023_2026\raw\index_minute_1\ticker=I_SPX\date=2024-05-23\data.parquet,ok,
index_minute_1,I:SPX,2024-05-24,392,C:\Users\hkhat\OneDrive\Desktop\Project\Dissertation\data_extended_2023_2026\raw\index_minute_1\ticker=I_SPX\date=2024-05-24\data.parquet,ok,
index_minute_1,I:SPX,2024-05-27,0,,empty,No qualifying bars
index_minute_1,I:SPX,2024-05-28,392,C:\Users\hkhat\OneDrive\Desktop\Project\Dissertation\data_extended_2023_2026\raw\index_minute_1\ticker=I_SPX\date=2024-05-28\data.parquet,ok,
index_minute_1,I:SPX,2024-05-29,392,C:\Users\hkhat\OneDrive\Desktop\Project\Dissertation\data_extended_2023_2026\raw\index_minute_1\ticker=I_SPX\date=2024-05-29\data.parquet,ok,
index_minute_1,I:SPX,2024-05-30,314,C:\Users\hkhat\OneDrive\Desktop\Project\Dissertation\data_extended_2023_2026\raw\index_minute_1\ticker=I_SPX\date=2024-05-30\data.parquet,ok,
index_minute_1,I:SPX,2024-05-31,395,C:\Users\hkhat\OneDrive\Desktop\Project\Dissertation\data_extended_2023_2026\raw\index_minute_1\ticker=I_SPX\date=2024-05-31\data.parquet,ok,
index_minute_1,I:SPX,2024-06-03,392,C:\Users\hkhat\OneDrive\Desktop\Project\Dissertation\data_extended_2023_2026\raw\index_minute_1\ticker=I_SPX\date=2024-06-03\data.parquet,ok,
index_minute_1,I:SPX,2024-06-04,392,C:\Users\hkhat\OneDrive\Desktop\Project\Dissertation\data_extended_2023_2026\raw\index_minute_1\ticker=I_SPX\date=2024-06-04\data.parquet,ok,
index_minute_1,I:SPX,2024-06-05,392,C:\Users\hkhat\OneDrive\Desktop\Project\Dissertation\data_extended_2023_2026\raw\index_minute_1\ticker=I_SPX\date=2024-06-05\data.parquet,ok,
index_minute_1,I:SPX,2024-06-06,392,C:\Users\hkhat\OneDrive\Desktop\Project\Dissertation\data_extended_2023_2026\raw\index_minute_1\ticker=I_SPX\date=2024-06-06\data.parquet,ok,
index_minute_1,I:SPX,2024-06-07,393,C:\Users\hkhat\OneDrive\Desktop\Project\Dissertation\data_extended_2023_2026\raw\index_minute_1\ticker=I_SPX\date=2024-06-07\data.parquet,ok,
index_minute_1,I:SPX,2024-06-10,393,C:\Users\hkhat\OneDrive\Desktop\Project\Dissertation\data_extended_2023_2026\raw\index_minute_1\ticker=I_SPX\date=2024-06-10\data.parquet,ok,
index_minute_1,I:SPX,2024-06-11,393,C:\Users\hkhat\OneDrive\Desktop\Project\Dissertation\data_extended_2023_2026\raw\index_minute_1\ticker=I_SPX\date=2024-06-11\data.parquet,ok,
index_minute_1,I:SPX,2024-06-12,393,C:\Users\hkhat\OneDrive\Desktop\Project\Dissertation\data_extended_2023_2026\raw\index_minute_1\ticker=I_SPX\date=2024-06-12\data.parquet,ok,
index_minute_1,I:SPX,2024-06-13,394,C:\Users\hkhat\OneDrive\Desktop\Project\Dissertation\data_extended_2023_2026\raw\index_minute_1\ticker=I_SPX\date=2024-06-13\data.parquet,ok,
index_minute_1,I:SPX,2024-06-14,392,C:\Users\hkhat\OneDrive\Desktop\Project\Dissertation\data_extended_2023_2026\raw\index_minute_1\ticker=I_SPX\date=2024-06-14\data.parquet,ok,
index_minute_1,I:SPX,2024-06-17,393,C:\Users\hkhat\OneDrive\Desktop\Project\Dissertation\data_extended_2023_2026\raw\index_minute_1\ticker=I_SPX\date=2024-06-17\data.parquet,ok,
index_minute_1,I:SPX,2024-06-18,392,C:\Users\hkhat\OneDrive\Desktop\Project\Dissertation\data_extended_2023_2026\raw\index_minute_1\ticker=I_SPX\date=2024-06-18\data.parquet,ok,
index_minute_1,I:SPX,2024-06-19,0,,empty,No qualifying bars
index_minute_1,I:SPX,2024-06-20,393,C:\Users\hkhat\OneDrive\Desktop\Project\Dissertation\data_extended_2023_2026\raw\index_minute_1\ticker=I_SPX\date=2024-06-20\data.parquet,ok,
index_minute_1,I:SPX,2024-06-21,394,C:\Users\hkhat\OneDrive\Desktop\Project\Dissertation\data_extended_2023_2026\raw\index_minute_1\ticker=I_SPX\date=2024-06-21\data.parquet,ok,
index_minute_1,I:SPX,2024-06-24,393,C:\Users\hkhat\OneDrive\Desktop\Project\Dissertation\data_extended_2023_2026\raw\index_minute_1\ticker=I_SPX\date=2024-06-24\data.parquet,ok,
index_minute_1,I:SPX,2024-06-25,392,C:\Users\hkhat\OneDrive\Desktop\Project\Dissertation\data_extended_2023_2026\raw\index_minute_1\ticker=I_SPX\date=2024-06-25\data.parquet,ok,
index_minute_1,I:SPX,2024-06-26,393,C:\Users\hkhat\OneDrive\Desktop\Project\Dissertation\data_extended_2023_2026\raw\index_minute_1\ticker=I_SPX\date=2024-06-26\data.parquet,ok,
index_minute_1,I:SPX,2024-06-27,392,C:\Users\hkhat\OneDrive\Desktop\Project\Dissertation\data_extended_2023_2026\raw\index_minute_1\ticker=I_SPX\date=2024-06-27\data.parquet,ok,
index_minute_1,I:SPX,2024-06-28,394,C:\Users\hkhat\OneDrive\Desktop\Project\Dissertation\data_extended_2023_2026\raw\index_minute_1\ticker=I_SPX\date=2024-06-28\data.parquet,ok,
index_minute_1,I:SPX,2024-07-01,392,C:\Users\hkhat\OneDrive\Desktop\Project\Dissertation\data_extended_2023_2026\raw\index_minute_1\ticker=I_SPX\date=2024-07-01\data.parquet,ok,
index_minute_1,I:SPX,2024-07-02,392,C:\Users\hkhat\OneDrive\Desktop\Project\Dissertation\data_extended_2023_2026\raw\index_minute_1\ticker=I_SPX\date=2024-07-02\data.parquet,ok,
index_minute_1,I:SPX,2024-07-03,214,C:\Users\hkhat\OneDrive\Desktop\Project\Dissertation\data_extended_2023_2026\raw\index_minute_1\ticker=I_SPX\date=2024-07-03\data.parquet,ok,
index_minute_1,I:SPX,2024-07-04,0,,empty,No qualifying bars
index_minute_1,I:SPX,2024-07-05,391,C:\Users\hkhat\OneDrive\Desktop\Project\Dissertation\data_extended_2023_2026\raw\index_minute_1\ticker=I_SPX\date=2024-07-05\data.parquet,ok,
index_minute_1,I:SPX,2024-07-08,391,C:\Users\hkhat\OneDrive\Desktop\Project\Dissertation\data_extended_2023_2026\raw\index_minute_1\ticker=I_SPX\date=2024-07-08\data.parquet,ok,
index_minute_1,I:SPX,2024-07-09,393,C:\Users\hkhat\OneDrive\Desktop\Project\Dissertation\data_extended_2023_2026\raw\index_minute_1\ticker=I_SPX\date=2024-07-09\data.parquet,ok,
index_minute_1,I:SPX,2024-07-10,393,C:\Users\hkhat\OneDrive\Desktop\Project\Dissertation\data_extended_2023_2026\raw\index_minute_1\ticker=I_SPX\date=2024-07-10\data.parquet,ok,
index_minute_1,I:SPX,2024-07-11,393,C:\Users\hkhat\OneDrive\Desktop\Project\Dissertation\data_extended_2023_2026\raw\index_minute_1\ticker=I_SPX\date=2024-07-11\data.parquet,ok,
index_minute_1,I:SPX,2024-07-12,394,C:\Users\hkhat\OneDrive\Desktop\Project\Dissertation\data_extended_2023_2026\raw\index_minute_1\ticker=I_SPX\date=2024-07-12\data.parquet,ok,
index_minute_1,I:SPX,2024-07-15,392,C:\Users\hkhat\OneDrive\Desktop\Project\Dissertation\data_extended_2023_2026\raw\index_minute_1\ticker=I_SPX\date=2024-07-15\data.parquet,ok,
index_minute_1,I:SPX,2024-07-16,392,C:\Users\hkhat\OneDrive\Desktop\Project\Dissertation\data_extended_2023_2026\raw\index_minute_1\ticker=I_SPX\date=2024-07-16\data.parquet,ok,
index_minute_1,I:SPX,2024-07-17,393,C:\Users\hkhat\OneDrive\Desktop\Project\Dissertation\data_extended_2023_2026\raw\index_minute_1\ticker=I_SPX\date=2024-07-17\data.parquet,ok,
index_minute_1,I:SPX,2024-07-18,394,C:\Users\hkhat\OneDrive\Desktop\Project\Dissertation\data_extended_2023_2026\raw\index_minute_1\ticker=I_SPX\date=2024-07-18\data.parquet,ok,
index_minute_1,I:SPX,2024-07-19,393,C:\Users\hkhat\OneDrive\Desktop\Project\Dissertation\data_extended_2023_2026\raw\index_minute_1\ticker=I_SPX\date=2024-07-19\data.parquet,ok,
index_minute_1,I:SPX,2024-07-22,392,C:\Users\hkhat\OneDrive\Desktop\Project\Dissertation\data_extended_2023_2026\raw\index_minute_1\ticker=I_SPX\date=2024-07-22\data.parquet,ok,
index_minute_1,I:SPX,2024-07-23,394,C:\Users\hkhat\OneDrive\Desktop\Project\Dissertation\data_extended_2023_2026\raw\index_minute_1\ticker=I_SPX\date=2024-07-23\data.parquet,ok,
index_minute_1,I:SPX,2024-07-24,392,C:\Users\hkhat\OneDrive\Desktop\Project\Dissertation\data_extended_2023_2026\raw\index_minute_1\ticker=I_SPX\date=2024-07-24\data.parquet,ok,
index_minute_1,I:SPX,2024-07-25,393,C:\Users\hkhat\OneDrive\Desktop\Project\Dissertation\data_extended_2023_2026\raw\index_minute_1\ticker=I_SPX\date=2024-07-25\data.parquet,ok,
index_minute_1,I:SPX,2024-07-26,391,C:\Users\hkhat\OneDrive\Desktop\Project\Dissertation\data_extended_2023_2026\raw\index_minute_1\ticker=I_SPX\date=2024-07-26\data.parquet,ok,
index_minute_1,I:SPX,2024-07-29,393,C:\Users\hkhat\OneDrive\Desktop\Project\Dissertation\data_extended_2023_2026\raw\index_minute_1\ticker=I_SPX\date=2024-07-29\data.parquet,ok,
index_minute_1,I:SPX,2024-07-30,393,C:\Users\hkhat\OneDrive\Desktop\Project\Dissertation\data_extended_2023_2026\raw\index_minute_1\ticker=I_SPX\date=2024-07-30\data.parquet,ok,
index_minute_1,I:SPX,2024-07-31,392,C:\Users\hkhat\OneDrive\Desktop\Project\Dissertation\data_extended_2023_2026\raw\index_minute_1\ticker=I_SPX\date=2024-07-31\data.parquet,ok,
index_minute_1,I:SPX,2024-08-01,394,C:\Users\hkhat\OneDrive\Desktop\Project\Dissertation\data_extended_2023_2026\raw\index_minute_1\ticker=I_SPX\date=2024-08-01\data.parquet,ok,
index_minute_1,I:SPX,2024-08-02,393,C:\Users\hkhat\OneDrive\Desktop\Project\Dissertation\data_extended_2023_2026\raw\index_minute_1\ticker=I_SPX\date=2024-08-02\data.parquet,ok,
index_minute_1,I:SPX,2024-08-05,393,C:\Users\hkhat\OneDrive\Desktop\Project\Dissertation\data_extended_2023_2026\raw\index_minute_1\ticker=I_SPX\date=2024-08-05\data.parquet,ok,
index_minute_1,I:SPX,2024-08-06,394,C:\Users\hkhat\OneDrive\Desktop\Project\Dissertation\data_extended_2023_2026\raw\index_minute_1\ticker=I_SPX\date=2024-08-06\data.parquet,ok,
index_minute_1,I:SPX,2024-08-07,395,C:\Users\hkhat\OneDrive\Desktop\Project\Dissertation\data_extended_2023_2026\raw\index_minute_1\ticker=I_SPX\date=2024-08-07\data.parquet,ok,
index_minute_1,I:SPX,2024-08-08,393,C:\Users\hkhat\OneDrive\Desktop\Project\Dissertation\data_extended_2023_2026\raw\index_minute_1\ticker=I_SPX\date=2024-08-08\data.parquet,ok,
index_minute_1,I:SPX,2024-08-09,392,C:\Users\hkhat\OneDrive\Desktop\Project\Dissertation\data_extended_2023_2026\raw\index_minute_1\ticker=I_SPX\date=2024-08-09\data.parquet,ok,
index_minute_1,I:SPX,2024-08-12,392,C:\Users\hkhat\OneDrive\Desktop\Project\Dissertation\data_extended_2023_2026\raw\index_minute_1\ticker=I_SPX\date=2024-08-12\data.parquet,ok,
index_minute_1,I:SPX,2024-08-13,392,C:\Users\hkhat\OneDrive\Desktop\Project\Dissertation\data_extended_2023_2026\raw\index_minute_1\ticker=I_SPX\date=2024-08-13\data.parquet,ok,
index_minute_1,I:SPX,2024-08-14,393,C:\Users\hkhat\OneDrive\Desktop\Project\Dissertation\data_extended_2023_2026\raw\index_minute_1\ticker=I_SPX\date=2024-08-14\data.parquet,ok,
index_minute_1,I:SPX,2024-08-15,393,C:\Users\hkhat\OneDrive\Desktop\Project\Dissertation\data_extended_2023_2026\raw\index_minute_1\ticker=I_SPX\date=2024-08-15\data.parquet,ok,
index_minute_1,I:SPX,2024-08-16,393,C:\Users\hkhat\OneDrive\Desktop\Project\Dissertation\data_extended_2023_2026\raw\index_minute_1\ticker=I_SPX\date=2024-08-16\data.parquet,ok,
index_minute_1,I:SPX,2024-08-19,392,C:\Users\hkhat\OneDrive\Desktop\Project\Dissertation\data_extended_2023_2026\raw\index_minute_1\ticker=I_SPX\date=2024-08-19\data.parquet,ok,
index_minute_1,I:SPX,2024-08-20,392,C:\Users\hkhat\OneDrive\Desktop\Project\Dissertation\data_extended_2023_2026\raw\index_minute_1\ticker=I_SPX\date=2024-08-20\data.parquet,ok,
index_minute_1,I:SPX,2024-08-21,394,C:\Users\hkhat\OneDrive\Desktop\Project\Dissertation\data_extended_2023_2026\raw\index_minute_1\ticker=I_SPX\date=2024-08-21\data.parquet,ok,
index_minute_1,I:SPX,2024-08-22,121,C:\Users\hkhat\OneDrive\Desktop\Project\Dissertation\data_extended_2023_2026\raw\index_minute_1\ticker=I_SPX\date=2024-08-22\data.parquet,ok,
index_minute_1,I:SPX,2024-08-23,391,C:\Users\hkhat\OneDrive\Desktop\Project\Dissertation\data_extended_2023_2026\raw\index_minute_1\ticker=I_SPX\date=2024-08-23\data.parquet,ok,
index_minute_1,I:SPX,2024-08-26,392,C:\Users\hkhat\OneDrive\Desktop\Project\Dissertation\data_extended_2023_2026\raw\index_minute_1\ticker=I_SPX\date=2024-08-26\data.parquet,ok,
index_minute_1,I:SPX,2024-08-27,392,C:\Users\hkhat\OneDrive\Desktop\Project\Dissertation\data_extended_2023_2026\raw\index_minute_1\ticker=I_SPX\date=2024-08-27\data.parquet,ok,
index_minute_1,I:SPX,2024-08-28,393,C:\Users\hkhat\OneDrive\Desktop\Project\Dissertation\data_extended_2023_2026\raw\index_minute_1\ticker=I_SPX\date=2024-08-28\data.parquet,ok,
index_minute_1,I:SPX,2024-08-29,393,C:\Users\hkhat\OneDrive\Desktop\Project\Dissertation\data_extended_2023_2026\raw\index_minute_1\ticker=I_SPX\date=2024-08-29\data.parquet,ok,
index_minute_1,I:SPX,2024-08-30,394,C:\Users\hkhat\OneDrive\Desktop\Project\Dissertation\data_extended_2023_2026\raw\index_minute_1\ticker=I_SPX\date=2024-08-30\data.parquet,ok,
index_minute_1,I:SPX,2024-09-02,0,,empty,No qualifying bars
index_minute_1,I:SPX,2024-09-03,393,C:\Users\hkhat\OneDrive\Desktop\Project\Dissertation\data_extended_2023_2026\raw\index_minute_1\ticker=I_SPX\date=2024-09-03\data.parquet,ok,
index_minute_1,I:SPX,2024-09-04,393,C:\Users\hkhat\OneDrive\Desktop\Project\Dissertation\data_extended_2023_2026\raw\index_minute_1\ticker=I_SPX\date=2024-09-04\data.parquet,ok,
index_minute_1,I:SPX,2024-09-05,392,C:\Users\hkhat\OneDrive\Desktop\Project\Dissertation\data_extended_2023_2026\raw\index_minute_1\ticker=I_SPX\date=2024-09-05\data.parquet,ok,
index_minute_1,I:SPX,2024-09-06,392,C:\Users\hkhat\OneDrive\Desktop\Project\Dissertation\data_extended_2023_2026\raw\index_minute_1\ticker=I_SPX\date=2024-09-06\data.parquet,ok,
index_minute_1,I:SPX,2024-09-09,394,C:\Users\hkhat\OneDrive\Desktop\Project\Dissertation\data_extended_2023_2026\raw\index_minute_1\ticker=I_SPX\date=2024-09-09\data.parquet,ok,
index_minute_1,I:SPX,2024-09-10,392,C:\Users\hkhat\OneDrive\Desktop\Project\Dissertation\data_extended_2023_2026\raw\index_minute_1\ticker=I_SPX\date=2024-09-10\data.parquet,ok,
index_minute_1,I:SPX,2024-09-11,392,C:\Users\hkhat\OneDrive\Desktop\Project\Dissertation\data_extended_2023_2026\raw\index_minute_1\ticker=I_SPX\date=2024-09-11\data.parquet,ok,
index_minute_1,I:SPX,2024-09-12,392,C:\Users\hkhat\OneDrive\Desktop\Project\Dissertation\data_extended_2023_2026\raw\index_minute_1\ticker=I_SPX\date=2024-09-12\data.parquet,ok,
index_minute_1,I:SPX,2024-09-13,393,C:\Users\hkhat\OneDrive\Desktop\Project\Dissertation\data_extended_2023_2026\raw\index_minute_1\ticker=I_SPX\date=2024-09-13\data.parquet,ok,
index_minute_1,I:SPX,2024-09-16,392,C:\Users\hkhat\OneDrive\Desktop\Project\Dissertation\data_extended_2023_2026\raw\index_minute_1\ticker=I_SPX\date=2024-09-16\data.parquet,ok,
index_minute_1,I:SPX,2024-09-17,392,C:\Users\hkhat\OneDrive\Desktop\Project\Dissertation\data_extended_2023_2026\raw\index_minute_1\ticker=I_SPX\date=2024-09-17\data.parquet,ok,
index_minute_1,I:SPX,2024-09-18,392,C:\Users\hkhat\OneDrive\Desktop\Project\Dissertation\data_extended_2023_2026\raw\index_minute_1\ticker=I_SPX\date=2024-09-18\data.parquet,ok,
index_minute_1,I:SPX,2024-09-19,391,C:\Users\hkhat\OneDrive\Desktop\Project\Dissertation\data_extended_2023_2026\raw\index_minute_1\ticker=I_SPX\date=2024-09-19\data.parquet,ok,
index_minute_1,I:SPX,2024-09-20,394,C:\Users\hkhat\OneDrive\Desktop\Project\Dissertation\data_extended_2023_2026\raw\index_minute_1\ticker=I_SPX\date=2024-09-20\data.parquet,ok,
index_minute_1,I:SPX,2024-09-23,392,C:\Users\hkhat\OneDrive\Desktop\Project\Dissertation\data_extended_2023_2026\raw\index_minute_1\ticker=I_SPX\date=2024-09-23\data.parquet,ok,
index_minute_1,I:SPX,2024-09-24,392,C:\Users\hkhat\OneDrive\Desktop\Project\Dissertation\data_extended_2023_2026\raw\index_minute_1\ticker=I_SPX\date=2024-09-24\data.parquet,ok,
index_minute_1,I:SPX,2024-09-25,393,C:\Users\hkhat\OneDrive\Desktop\Project\Dissertation\data_extended_2023_2026\raw\index_minute_1\ticker=I_SPX\date=2024-09-25\data.parquet,ok,
index_minute_1,I:SPX,2024-09-26,392,C:\Users\hkhat\OneDrive\Desktop\Project\Dissertation\data_extended_2023_2026\raw\index_minute_1\ticker=I_SPX\date=2024-09-26\data.parquet,ok,
index_minute_1,I:SPX,2024-09-27,393,C:\Users\hkhat\OneDrive\Desktop\Project\Dissertation\data_extended_2023_2026\raw\index_minute_1\ticker=I_SPX\date=2024-09-27\data.parquet,ok,
index_minute_1,I:SPX,2024-09-30,394,C:\Users\hkhat\OneDrive\Desktop\Project\Dissertation\data_extended_2023_2026\raw\index_minute_1\ticker=I_SPX\date=2024-09-30\data.parquet,ok,
index_minute_1,I:SPX,2024-10-01,392,C:\Users\hkhat\OneDrive\Desktop\Project\Dissertation\data_extended_2023_2026\raw\index_minute_1\ticker=I_SPX\date=2024-10-01\data.parquet,ok,
index_minute_1,I:SPX,2024-10-02,392,C:\Users\hkhat\OneDrive\Desktop\Project\Dissertation\data_extended_2023_2026\raw\index_minute_1\ticker=I_SPX\date=2024-10-02\data.parquet,ok,
index_minute_1,I:SPX,2024-10-03,394,C:\Users\hkhat\OneDrive\Desktop\Project\Dissertation\data_extended_2023_2026\raw\index_minute_1\ticker=I_SPX\date=2024-10-03\data.parquet,ok,
index_minute_1,I:SPX,2024-10-04,391,C:\Users\hkhat\OneDrive\Desktop\Project\Dissertation\data_extended_2023_2026\raw\index_minute_1\ticker=I_SPX\date=2024-10-04\data.parquet,ok,
index_minute_1,I:SPX,2024-10-07,392,C:\Users\hkhat\OneDrive\Desktop\Project\Dissertation\data_extended_2023_2026\raw\index_minute_1\ticker=I_SPX\date=2024-10-07\data.parquet,ok,
index_minute_1,I:SPX,2024-10-08,392,C:\Users\hkhat\OneDrive\Desktop\Project\Dissertation\data_extended_2023_2026\raw\index_minute_1\ticker=I_SPX\date=2024-10-08\data.parquet,ok,
index_minute_1,I:SPX,2024-10-09,391,C:\Users\hkhat\OneDrive\Desktop\Project\Dissertation\data_extended_2023_2026\raw\index_minute_1\ticker=I_SPX\date=2024-10-09\data.parquet,ok,
index_minute_1,I:SPX,2024-10-10,392,C:\Users\hkhat\OneDrive\Desktop\Project\Dissertation\data_extended_2023_2026\raw\index_minute_1\ticker=I_SPX\date=2024-10-10\data.parquet,ok,
index_minute_1,I:SPX,2024-10-11,392,C:\Users\hkhat\OneDrive\Desktop\Project\Dissertation\data_extended_2023_2026\raw\index_minute_1\ticker=I_SPX\date=2024-10-11\data.parquet,ok,
index_minute_1,I:SPX,2024-10-14,393,C:\Users\hkhat\OneDrive\Desktop\Project\Dissertation\data_extended_2023_2026\raw\index_minute_1\ticker=I_SPX\date=2024-10-14\data.parquet,ok,
index_minute_1,I:SPX,2024-10-15,393,C:\Users\hkhat\OneDrive\Desktop\Project\Dissertation\data_extended_2023_2026\raw\index_minute_1\ticker=I_SPX\date=2024-10-15\data.parquet,ok,
index_minute_1,I:SPX,2024-10-16,392,C:\Users\hkhat\OneDrive\Desktop\Project\Dissertation\data_extended_2023_2026\raw\index_minute_1\ticker=I_SPX\date=2024-10-16\data.parquet,ok,
index_minute_1,I:SPX,2024-10-17,393,C:\Users\hkhat\OneDrive\Desktop\Project\Dissertation\data_extended_2023_2026\raw\index_minute_1\ticker=I_SPX\date=2024-10-17\data.parquet,ok,
index_minute_1,I:SPX,2024-10-18,392,C:\Users\hkhat\OneDrive\Desktop\Project\Dissertation\data_extended_2023_2026\raw\index_minute_1\ticker=I_SPX\date=2024-10-18\data.parquet,ok,
index_minute_1,I:SPX,2024-10-21,392,C:\Users\hkhat\OneDrive\Desktop\Project\Dissertation\data_extended_2023_2026\raw\index_minute_1\ticker=I_SPX\date=2024-10-21\data.parquet,ok,
index_minute_1,I:SPX,2024-10-22,393,C:\Users\hkhat\OneDrive\Desktop\Project\Dissertation\data_extended_2023_2026\raw\index_minute_1\ticker=I_SPX\date=2024-10-22\data.parquet,ok,
index_minute_1,I:SPX,2024-10-23,393,C:\Users\hkhat\OneDrive\Desktop\Project\Dissertation\data_extended_2023_2026\raw\index_minute_1\ticker=I_SPX\date=2024-10-23\data.parquet,ok,
index_minute_1,I:SPX,2024-10-24,393,C:\Users\hkhat\OneDrive\Desktop\Project\Dissertation\data_extended_2023_2026\raw\index_minute_1\ticker=I_SPX\date=2024-10-24\data.parquet,ok,
index_minute_1,I:SPX,2024-10-25,392,C:\Users\hkhat\OneDrive\Desktop\Project\Dissertation\data_extended_2023_2026\raw\index_minute_1\ticker=I_SPX\date=2024-10-25\data.parquet,ok,
index_minute_1,I:SPX,2024-10-28,394,C:\Users\hkhat\OneDrive\Desktop\Project\Dissertation\data_extended_2023_2026\raw\index_minute_1\ticker=I_SPX\date=2024-10-28\data.parquet,ok,
index_minute_1,I:SPX,2024-10-29,396,C:\Users\hkhat\OneDrive\Desktop\Project\Dissertation\data_extended_2023_2026\raw\index_minute_1\ticker=I_SPX\date=2024-10-29\data.parquet,ok,
index_minute_1,I:SPX,2024-10-30,394,C:\Users\hkhat\OneDrive\Desktop\Project\Dissertation\data_extended_2023_2026\raw\index_minute_1\ticker=I_SPX\date=2024-10-30\data.parquet,ok,
index_minute_1,I:SPX,2024-10-31,394,C:\Users\hkhat\OneDrive\Desktop\Project\Dissertation\data_extended_2023_2026\raw\index_minute_1\ticker=I_SPX\date=2024-10-31\data.parquet,ok,
index_minute_1,I:SPX,2024-11-01,392,C:\Users\hkhat\OneDrive\Desktop\Project\Dissertation\data_extended_2023_2026\raw\index_minute_1\ticker=I_SPX\date=2024-11-01\data.parquet,ok,
index_minute_1,I:SPX,2024-11-04,394,C:\Users\hkhat\OneDrive\Desktop\Project\Dissertation\data_extended_2023_2026\raw\index_minute_1\ticker=I_SPX\date=2024-11-04\data.parquet,ok,
index_minute_1,I:SPX,2024-11-05,393,C:\Users\hkhat\OneDrive\Desktop\Project\Dissertation\data_extended_2023_2026\raw\index_minute_1\ticker=I_SPX\date=2024-11-05\data.parquet,ok,
index_minute_1,I:SPX,2024-11-06,392,C:\Users\hkhat\OneDrive\Desktop\Project\Dissertation\data_extended_2023_2026\raw\index_minute_1\ticker=I_SPX\date=2024-11-06\data.parquet,ok,
index_minute_1,I:SPX,2024-11-07,393,C:\Users\hkhat\OneDrive\Desktop\Project\Dissertation\data_extended_2023_2026\raw\index_minute_1\ticker=I_SPX\date=2024-11-07\data.parquet,ok,
index_minute_1,I:SPX,2024-11-08,392,C:\Users\hkhat\OneDrive\Desktop\Project\Dissertation\data_extended_2023_2026\raw\index_minute_1\ticker=I_SPX\date=2024-11-08\data.parquet,ok,
index_minute_1,I:SPX,2024-11-11,392,C:\Users\hkhat\OneDrive\Desktop\Project\Dissertation\data_extended_2023_2026\raw\index_minute_1\ticker=I_SPX\date=2024-11-11\data.parquet,ok,
index_minute_1,I:SPX,2024-11-12,392,C:\Users\hkhat\OneDrive\Desktop\Project\Dissertation\data_extended_2023_2026\raw\index_minute_1\ticker=I_SPX\date=2024-11-12\data.parquet,ok,
index_minute_1,I:SPX,2024-11-13,393,C:\Users\hkhat\OneDrive\Desktop\Project\Dissertation\data_extended_2023_2026\raw\index_minute_1\ticker=I_SPX\date=2024-11-13\data.parquet,ok,
index_minute_1,I:SPX,2024-11-14,392,C:\Users\hkhat\OneDrive\Desktop\Project\Dissertation\data_extended_2023_2026\raw\index_minute_1\ticker=I_SPX\date=2024-11-14\data.parquet,ok,
index_minute_1,I:SPX,2024-11-15,393,C:\Users\hkhat\OneDrive\Desktop\Project\Dissertation\data_extended_2023_2026\raw\index_minute_1\ticker=I_SPX\date=2024-11-15\data.parquet,ok,
index_minute_1,I:SPX,2024-11-18,392,C:\Users\hkhat\OneDrive\Desktop\Project\Dissertation\data_extended_2023_2026\raw\index_minute_1\ticker=I_SPX\date=2024-11-18\data.parquet,ok,
index_minute_1,I:SPX,2024-11-19,392,C:\Users\hkhat\OneDrive\Desktop\Project\Dissertation\data_extended_2023_2026\raw\index_minute_1\ticker=I_SPX\date=2024-11-19\data.parquet,ok,
index_minute_1,I:SPX,2024-11-20,392,C:\Users\hkhat\OneDrive\Desktop\Project\Dissertation\data_extended_2023_2026\raw\index_minute_1\ticker=I_SPX\date=2024-11-20\data.parquet,ok,
index_minute_1,I:SPX,2024-11-21,392,C:\Users\hkhat\OneDrive\Desktop\Project\Dissertation\data_extended_2023_2026\raw\index_minute_1\ticker=I_SPX\date=2024-11-21\data.parquet,ok,
index_minute_1,I:SPX,2024-11-22,392,C:\Users\hkhat\OneDrive\Desktop\Project\Dissertation\data_extended_2023_2026\raw\index_minute_1\ticker=I_SPX\date=2024-11-22\data.parquet,ok,
index_minute_1,I:SPX,2024-11-25,393,C:\Users\hkhat\OneDrive\Desktop\Project\Dissertation\data_extended_2023_2026\raw\index_minute_1\ticker=I_SPX\date=2024-11-25\data.parquet,ok,
index_minute_1,I:SPX,2024-11-26,393,C:\Users\hkhat\OneDrive\Desktop\Project\Dissertation\data_extended_2023_2026\raw\index_minute_1\ticker=I_SPX\date=2024-11-26\data.parquet,ok,
index_minute_1,I:SPX,2024-11-27,392,C:\Users\hkhat\OneDrive\Desktop\Project\Dissertation\data_extended_2023_2026\raw\index_minute_1\ticker=I_SPX\date=2024-11-27\data.parquet,ok,
index_minute_1,I:SPX,2024-11-28,0,,empty,No qualifying bars
index_minute_1,I:SPX,2024-11-29,213,C:\Users\hkhat\OneDrive\Desktop\Project\Dissertation\data_extended_2023_2026\raw\index_minute_1\ticker=I_SPX\date=2024-11-29\data.parquet,ok,
index_minute_1,I:SPX,2024-12-02,392,C:\Users\hkhat\OneDrive\Desktop\Project\Dissertation\data_extended_2023_2026\raw\index_minute_1\ticker=I_SPX\date=2024-12-02\data.parquet,ok,
index_minute_1,I:SPX,2024-12-03,391,C:\Users\hkhat\OneDrive\Desktop\Project\Dissertation\data_extended_2023_2026\raw\index_minute_1\ticker=I_SPX\date=2024-12-03\data.parquet,ok,
index_minute_1,I:SPX,2024-12-04,391,C:\Users\hkhat\OneDrive\Desktop\Project\Dissertation\data_extended_2023_2026\raw\index_minute_1\ticker=I_SPX\date=2024-12-04\data.parquet,ok,
index_minute_1,I:SPX,2024-12-05,392,C:\Users\hkhat\OneDrive\Desktop\Project\Dissertation\data_extended_2023_2026\raw\index_minute_1\ticker=I_SPX\date=2024-12-05\data.parquet,ok,
index_minute_1,I:SPX,2024-12-06,391,C:\Users\hkhat\OneDrive\Desktop\Project\Dissertation\data_extended_2023_2026\raw\index_minute_1\ticker=I_SPX\date=2024-12-06\data.parquet,ok,
index_minute_1,I:SPX,2024-12-09,394,C:\Users\hkhat\OneDrive\Desktop\Project\Dissertation\data_extended_2023_2026\raw\index_minute_1\ticker=I_SPX\date=2024-12-09\data.parquet,ok,
index_minute_1,I:SPX,2024-12-10,392,C:\Users\hkhat\OneDrive\Desktop\Project\Dissertation\data_extended_2023_2026\raw\index_minute_1\ticker=I_SPX\date=2024-12-10\data.parquet,ok,
index_minute_1,I:SPX,2024-12-11,392,C:\Users\hkhat\OneDrive\Desktop\Project\Dissertation\data_extended_2023_2026\raw\index_minute_1\ticker=I_SPX\date=2024-12-11\data.parquet,ok,
index_minute_1,I:SPX,2024-12-12,392,C:\Users\hkhat\OneDrive\Desktop\Project\Dissertation\data_extended_2023_2026\raw\index_minute_1\ticker=I_SPX\date=2024-12-12\data.parquet,ok,
index_minute_1,I:SPX,2024-12-13,391,C:\Users\hkhat\OneDrive\Desktop\Project\Dissertation\data_extended_2023_2026\raw\index_minute_1\ticker=I_SPX\date=2024-12-13\data.parquet,ok,
index_minute_1,I:SPX,2024-12-16,393,C:\Users\hkhat\OneDrive\Desktop\Project\Dissertation\data_extended_2023_2026\raw\index_minute_1\ticker=I_SPX\date=2024-12-16\data.parquet,ok,
index_minute_1,I:SPX,2024-12-17,392,C:\Users\hkhat\OneDrive\Desktop\Project\Dissertation\data_extended_2023_2026\raw\index_minute_1\ticker=I_SPX\date=2024-12-17\data.parquet,ok,
index_minute_1,I:SPX,2024-12-18,392,C:\Users\hkhat\OneDrive\Desktop\Project\Dissertation\data_extended_2023_2026\raw\index_minute_1\ticker=I_SPX\date=2024-12-18\data.parquet,ok,
index_minute_1,I:SPX,2024-12-19,394,C:\Users\hkhat\OneDrive\Desktop\Project\Dissertation\data_extended_2023_2026\raw\index_minute_1\ticker=I_SPX\date=2024-12-19\data.parquet,ok,
index_minute_1,I:SPX,2024-12-20,394,C:\Users\hkhat\OneDrive\Desktop\Project\Dissertation\data_extended_2023_2026\raw\index_minute_1\ticker=I_SPX\date=2024-12-20\data.parquet,ok,
index_minute_1,I:SPX,2024-12-23,392,C:\Users\hkhat\OneDrive\Desktop\Project\Dissertation\data_extended_2023_2026\raw\index_minute_1\ticker=I_SPX\date=2024-12-23\data.parquet,ok,
index_minute_1,I:SPX,2024-12-24,214,C:\Users\hkhat\OneDrive\Desktop\Project\Dissertation\data_extended_2023_2026\raw\index_minute_1\ticker=I_SPX\date=2024-12-24\data.parquet,ok,
index_minute_1,I:SPX,2024-12-25,0,,empty,No qualifying bars
index_minute_1,I:SPX,2024-12-26,393,C:\Users\hkhat\OneDrive\Desktop\Project\Dissertation\data_extended_2023_2026\raw\index_minute_1\ticker=I_SPX\date=2024-12-26\data.parquet,ok,
index_minute_1,I:SPX,2024-12-27,392,C:\Users\hkhat\OneDrive\Desktop\Project\Dissertation\data_extended_2023_2026\raw\index_minute_1\ticker=I_SPX\date=2024-12-27\data.parquet,ok,
index_minute_1,I:SPX,2024-12-30,392,C:\Users\hkhat\OneDrive\Desktop\Project\Dissertation\data_extended_2023_2026\raw\index_minute_1\ticker=I_SPX\date=2024-12-30\data.parquet,ok,
index_minute_1,I:SPX,2024-12-31,393,C:\Users\hkhat\OneDrive\Desktop\Project\Dissertation\data_extended_2023_2026\raw\index_minute_1\ticker=I_SPX\date=2024-12-31\data.parquet,ok,
index_minute_1,I:SPX,2025-01-01,0,,empty,No qualifying bars
index_minute_1,I:SPX,2025-01-02,392,C:\Users\hkhat\OneDrive\Desktop\Project\Dissertation\data_extended_2023_2026\raw\index_minute_1\ticker=I_SPX\date=2025-01-02\data.parquet,ok,
index_minute_1,I:SPX,2025-01-03,392,C:\Users\hkhat\OneDrive\Desktop\Project\Dissertation\data_extended_2023_2026\raw\index_minute_1\ticker=I_SPX\date=2025-01-03\data.parquet,ok,
index_minute_1,I:SPX,2025-01-06,391,C:\Users\hkhat\OneDrive\Desktop\Project\Dissertation\data_extended_2023_2026\raw\index_minute_1\ticker=I_SPX\date=2025-01-06\data.parquet,ok,
index_minute_1,I:SPX,2025-01-07,392,C:\Users\hkhat\OneDrive\Desktop\Project\Dissertation\data_extended_2023_2026\raw\index_minute_1\ticker=I_SPX\date=2025-01-07\data.parquet,ok,
index_minute_1,I:SPX,2025-01-08,394,C:\Users\hkhat\OneDrive\Desktop\Project\Dissertation\data_extended_2023_2026\raw\index_minute_1\ticker=I_SPX\date=2025-01-08\data.parquet,ok,
index_minute_1,I:SPX,2025-01-09,0,,empty,No qualifying bars
index_minute_1,I:SPX,2025-01-10,392,C:\Users\hkhat\OneDrive\Desktop\Project\Dissertation\data_extended_2023_2026\raw\index_minute_1\ticker=I_SPX\date=2025-01-10\data.parquet,ok,
index_minute_1,I:SPX,2025-01-13,392,C:\Users\hkhat\OneDrive\Desktop\Project\Dissertation\data_extended_2023_2026\raw\index_minute_1\ticker=I_SPX\date=2025-01-13\data.parquet,ok,
index_minute_1,I:SPX,2025-01-14,392,C:\Users\hkhat\OneDrive\Desktop\Project\Dissertation\data_extended_2023_2026\raw\index_minute_1\ticker=I_SPX\date=2025-01-14\data.parquet,ok,
index_minute_1,I:SPX,2025-01-15,392,C:\Users\hkhat\OneDrive\Desktop\Project\Dissertation\data_extended_2023_2026\raw\index_minute_1\ticker=I_SPX\date=2025-01-15\data.parquet,ok,
index_minute_1,I:SPX,2025-01-16,392,C:\Users\hkhat\OneDrive\Desktop\Project\Dissertation\data_extended_2023_2026\raw\index_minute_1\ticker=I_SPX\date=2025-01-16\data.parquet,ok,
index_minute_1,I:SPX,2025-01-17,392,C:\Users\hkhat\OneDrive\Desktop\Project\Dissertation\data_extended_2023_2026\raw\index_minute_1\ticker=I_SPX\date=2025-01-17\data.parquet,ok,
index_minute_1,I:SPX,2025-01-20,0,,empty,No qualifying bars
index_minute_1,I:SPX,2025-01-21,394,C:\Users\hkhat\OneDrive\Desktop\Project\Dissertation\data_extended_2023_2026\raw\index_minute_1\ticker=I_SPX\date=2025-01-21\data.parquet,ok,
index_minute_1,I:SPX,2025-01-22,394,C:\Users\hkhat\OneDrive\Desktop\Project\Dissertation\data_extended_2023_2026\raw\index_minute_1\ticker=I_SPX\date=2025-01-22\data.parquet,ok,
index_minute_1,I:SPX,2025-01-23,393,C:\Users\hkhat\OneDrive\Desktop\Project\Dissertation\data_extended_2023_2026\raw\index_minute_1\ticker=I_SPX\date=2025-01-23\data.parquet,ok,
index_minute_1,I:SPX,2025-01-24,391,C:\Users\hkhat\OneDrive\Desktop\Project\Dissertation\data_extended_2023_2026\raw\index_minute_1\ticker=I_SPX\date=2025-01-24\data.parquet,ok,
index_minute_1,I:SPX,2025-01-27,392,C:\Users\hkhat\OneDrive\Desktop\Project\Dissertation\data_extended_2023_2026\raw\index_minute_1\ticker=I_SPX\date=2025-01-27\data.parquet,ok,
index_minute_1,I:SPX,2025-01-28,392,C:\Users\hkhat\OneDrive\Desktop\Project\Dissertation\data_extended_2023_2026\raw\index_minute_1\ticker=I_SPX\date=2025-01-28\data.parquet,ok,
index_minute_1,I:SPX,2025-01-29,394,C:\Users\hkhat\OneDrive\Desktop\Project\Dissertation\data_extended_2023_2026\raw\index_minute_1\ticker=I_SPX\date=2025-01-29\data.parquet,ok,
index_minute_1,I:SPX,2025-01-30,392,C:\Users\hkhat\OneDrive\Desktop\Project\Dissertation\data_extended_2023_2026\raw\index_minute_1\ticker=I_SPX\date=2025-01-30\data.parquet,ok,
index_minute_1,I:SPX,2025-01-31,392,C:\Users\hkhat\OneDrive\Desktop\Project\Dissertation\data_extended_2023_2026\raw\index_minute_1\ticker=I_SPX\date=2025-01-31\data.parquet,ok,
index_minute_1,I:SPX,2025-02-03,392,C:\Users\hkhat\OneDrive\Desktop\Project\Dissertation\data_extended_2023_2026\raw\index_minute_1\ticker=I_SPX\date=2025-02-03\data.parquet,ok,
index_minute_1,I:SPX,2025-02-04,394,C:\Users\hkhat\OneDrive\Desktop\Project\Dissertation\data_extended_2023_2026\raw\index_minute_1\ticker=I_SPX\date=2025-02-04\data.parquet,ok,
index_minute_1,I:SPX,2025-02-05,393,C:\Users\hkhat\OneDrive\Desktop\Project\Dissertation\data_extended_2023_2026\raw\index_minute_1\ticker=I_SPX\date=2025-02-05\data.parquet,ok,
index_minute_1,I:SPX,2025-02-06,393,C:\Users\hkhat\OneDrive\Desktop\Project\Dissertation\data_extended_2023_2026\raw\index_minute_1\ticker=I_SPX\date=2025-02-06\data.parquet,ok,
index_minute_1,I:SPX,2025-02-07,391,C:\Users\hkhat\OneDrive\Desktop\Project\Dissertation\data_extended_2023_2026\raw\index_minute_1\ticker=I_SPX\date=2025-02-07\data.parquet,ok,
index_minute_1,I:SPX,2025-02-10,393,C:\Users\hkhat\OneDrive\Desktop\Project\Dissertation\data_extended_2023_2026\raw\index_minute_1\ticker=I_SPX\date=2025-02-10\data.parquet,ok,
index_minute_1,I:SPX,2025-02-11,392,C:\Users\hkhat\OneDrive\Desktop\Project\Dissertation\data_extended_2023_2026\raw\index_minute_1\ticker=I_SPX\date=2025-02-11\data.parquet,ok,
index_minute_1,I:SPX,2025-02-12,392,C:\Users\hkhat\OneDrive\Desktop\Project\Dissertation\data_extended_2023_2026\raw\index_minute_1\ticker=I_SPX\date=2025-02-12\data.parquet,ok,
index_minute_1,I:SPX,2025-02-13,392,C:\Users\hkhat\OneDrive\Desktop\Project\Dissertation\data_extended_2023_2026\raw\index_minute_1\ticker=I_SPX\date=2025-02-13\data.parquet,ok,
index_minute_1,I:SPX,2025-02-14,393,C:\Users\hkhat\OneDrive\Desktop\Project\Dissertation\data_extended_2023_2026\raw\index_minute_1\ticker=I_SPX\date=2025-02-14\data.parquet,ok,
index_minute_1,I:SPX,2025-02-17,0,,empty,No qualifying bars
index_minute_1,I:SPX,2025-02-18,392,C:\Users\hkhat\OneDrive\Desktop\Project\Dissertation\data_extended_2023_2026\raw\index_minute_1\ticker=I_SPX\date=2025-02-18\data.parquet,ok,
index_minute_1,I:SPX,2025-02-19,392,C:\Users\hkhat\OneDrive\Desktop\Project\Dissertation\data_extended_2023_2026\raw\index_minute_1\ticker=I_SPX\date=2025-02-19\data.parquet,ok,
index_minute_1,I:SPX,2025-02-20,393,C:\Users\hkhat\OneDrive\Desktop\Project\Dissertation\data_extended_2023_2026\raw\index_minute_1\ticker=I_SPX\date=2025-02-20\data.parquet,ok,
index_minute_1,I:SPX,2025-02-21,392,C:\Users\hkhat\OneDrive\Desktop\Project\Dissertation\data_extended_2023_2026\raw\index_minute_1\ticker=I_SPX\date=2025-02-21\data.parquet,ok,
index_minute_1,I:SPX,2025-02-24,395,C:\Users\hkhat\OneDrive\Desktop\Project\Dissertation\data_extended_2023_2026\raw\index_minute_1\ticker=I_SPX\date=2025-02-24\data.parquet,ok,
index_minute_1,I:SPX,2025-02-25,393,C:\Users\hkhat\OneDrive\Desktop\Project\Dissertation\data_extended_2023_2026\raw\index_minute_1\ticker=I_SPX\date=2025-02-25\data.parquet,ok,
index_minute_1,I:SPX,2025-02-26,393,C:\Users\hkhat\OneDrive\Desktop\Project\Dissertation\data_extended_2023_2026\raw\index_minute_1\ticker=I_SPX\date=2025-02-26\data.parquet,ok,
index_minute_1,I:SPX,2025-02-27,393,C:\Users\hkhat\OneDrive\Desktop\Project\Dissertation\data_extended_2023_2026\raw\index_minute_1\ticker=I_SPX\date=2025-02-27\data.parquet,ok,
index_minute_1,I:SPX,2025-02-28,394,C:\Users\hkhat\OneDrive\Desktop\Project\Dissertation\data_extended_2023_2026\raw\index_minute_1\ticker=I_SPX\date=2025-02-28\data.parquet,ok,
index_minute_1,I:SPX,2025-03-03,391,C:\Users\hkhat\OneDrive\Desktop\Project\Dissertation\data_extended_2023_2026\raw\index_minute_1\ticker=I_SPX\date=2025-03-03\data.parquet,ok,
index_minute_1,I:SPX,2025-03-04,392,C:\Users\hkhat\OneDrive\Desktop\Project\Dissertation\data_extended_2023_2026\raw\index_minute_1\ticker=I_SPX\date=2025-03-04\data.parquet,ok,
index_minute_1,I:SPX,2025-03-05,394,C:\Users\hkhat\OneDrive\Desktop\Project\Dissertation\data_extended_2023_2026\raw\index_minute_1\ticker=I_SPX\date=2025-03-05\data.parquet,ok,
index_minute_1,I:SPX,2025-03-06,393,C:\Users\hkhat\OneDrive\Desktop\Project\Dissertation\data_extended_2023_2026\raw\index_minute_1\ticker=I_SPX\date=2025-03-06\data.parquet,ok,
index_minute_1,I:SPX,2025-03-07,392,C:\Users\hkhat\OneDrive\Desktop\Project\Dissertation\data_extended_2023_2026\raw\index_minute_1\ticker=I_SPX\date=2025-03-07\data.parquet,ok,
index_minute_1,I:SPX,2025-03-10,394,C:\Users\hkhat\OneDrive\Desktop\Project\Dissertation\data_extended_2023_2026\raw\index_minute_1\ticker=I_SPX\date=2025-03-10\data.parquet,ok,
index_minute_1,I:SPX,2025-03-11,392,C:\Users\hkhat\OneDrive\Desktop\Project\Dissertation\data_extended_2023_2026\raw\index_minute_1\ticker=I_SPX\date=2025-03-11\data.parquet,ok,
index_minute_1,I:SPX,2025-03-12,391,C:\Users\hkhat\OneDrive\Desktop\Project\Dissertation\data_extended_2023_2026\raw\index_minute_1\ticker=I_SPX\date=2025-03-12\data.parquet,ok,
index_minute_1,I:SPX,2025-03-13,393,C:\Users\hkhat\OneDrive\Desktop\Project\Dissertation\data_extended_2023_2026\raw\index_minute_1\ticker=I_SPX\date=2025-03-13\data.parquet,ok,
index_minute_1,I:SPX,2025-03-14,391,C:\Users\hkhat\OneDrive\Desktop\Project\Dissertation\data_extended_2023_2026\raw\index_minute_1\ticker=I_SPX\date=2025-03-14\data.parquet,ok,
index_minute_1,I:SPX,2025-03-17,392,C:\Users\hkhat\OneDrive\Desktop\Project\Dissertation\data_extended_2023_2026\raw\index_minute_1\ticker=I_SPX\date=2025-03-17\data.parquet,ok,
index_minute_1,I:SPX,2025-03-18,392,C:\Users\hkhat\OneDrive\Desktop\Project\Dissertation\data_extended_2023_2026\raw\index_minute_1\ticker=I_SPX\date=2025-03-18\data.parquet,ok,
index_minute_1,I:SPX,2025-03-19,393,C:\Users\hkhat\OneDrive\Desktop\Project\Dissertation\data_extended_2023_2026\raw\index_minute_1\ticker=I_SPX\date=2025-03-19\data.parquet,ok,
index_minute_1,I:SPX,2025-03-20,394,C:\Users\hkhat\OneDrive\Desktop\Project\Dissertation\data_extended_2023_2026\raw\index_minute_1\ticker=I_SPX\date=2025-03-20\data.parquet,ok,
index_minute_1,I:SPX,2025-03-21,395,C:\Users\hkhat\OneDrive\Desktop\Project\Dissertation\data_extended_2023_2026\raw\index_minute_1\ticker=I_SPX\date=2025-03-21\data.parquet,ok,
index_minute_1,I:SPX,2025-03-24,392,C:\Users\hkhat\OneDrive\Desktop\Project\Dissertation\data_extended_2023_2026\raw\index_minute_1\ticker=I_SPX\date=2025-03-24\data.parquet,ok,
index_minute_1,I:SPX,2025-03-25,392,C:\Users\hkhat\OneDrive\Desktop\Project\Dissertation\data_extended_2023_2026\raw\index_minute_1\ticker=I_SPX\date=2025-03-25\data.parquet,ok,
index_minute_1,I:SPX,2025-03-26,392,C:\Users\hkhat\OneDrive\Desktop\Project\Dissertation\data_extended_2023_2026\raw\index_minute_1\ticker=I_SPX\date=2025-03-26\data.parquet,ok,
index_minute_1,I:SPX,2025-03-27,392,C:\Users\hkhat\OneDrive\Desktop\Project\Dissertation\data_extended_2023_2026\raw\index_minute_1\ticker=I_SPX\date=2025-03-27\data.parquet,ok,
index_minute_1,I:SPX,2025-03-28,392,C:\Users\hkhat\OneDrive\Desktop\Project\Dissertation\data_extended_2023_2026\raw\index_minute_1\ticker=I_SPX\date=2025-03-28\data.parquet,ok,
index_minute_1,I:SPX,2025-03-31,394,C:\Users\hkhat\OneDrive\Desktop\Project\Dissertation\data_extended_2023_2026\raw\index_minute_1\ticker=I_SPX\date=2025-03-31\data.parquet,ok,
index_minute_1,I:SPX,2025-04-01,393,C:\Users\hkhat\OneDrive\Desktop\Project\Dissertation\data_extended_2023_2026\raw\index_minute_1\ticker=I_SPX\date=2025-04-01\data.parquet,ok,
index_minute_1,I:SPX,2025-04-02,392,C:\Users\hkhat\OneDrive\Desktop\Project\Dissertation\data_extended_2023_2026\raw\index_minute_1\ticker=I_SPX\date=2025-04-02\data.parquet,ok,
index_minute_1,I:SPX,2025-04-03,393,C:\Users\hkhat\OneDrive\Desktop\Project\Dissertation\data_extended_2023_2026\raw\index_minute_1\ticker=I_SPX\date=2025-04-03\data.parquet,ok,
index_minute_1,I:SPX,2025-04-04,392,C:\Users\hkhat\OneDrive\Desktop\Project\Dissertation\data_extended_2023_2026\raw\index_minute_1\ticker=I_SPX\date=2025-04-04\data.parquet,ok,
index_minute_1,I:SPX,2025-04-07,392,C:\Users\hkhat\OneDrive\Desktop\Project\Dissertation\data_extended_2023_2026\raw\index_minute_1\ticker=I_SPX\date=2025-04-07\data.parquet,ok,
index_minute_1,I:SPX,2025-04-08,392,C:\Users\hkhat\OneDrive\Desktop\Project\Dissertation\data_extended_2023_2026\raw\index_minute_1\ticker=I_SPX\date=2025-04-08\data.parquet,ok,
index_minute_1,I:SPX,2025-04-09,392,C:\Users\hkhat\OneDrive\Desktop\Project\Dissertation\data_extended_2023_2026\raw\index_minute_1\ticker=I_SPX\date=2025-04-09\data.parquet,ok,
index_minute_1,I:SPX,2025-04-10,392,C:\Users\hkhat\OneDrive\Desktop\Project\Dissertation\data_extended_2023_2026\raw\index_minute_1\ticker=I_SPX\date=2025-04-10\data.parquet,ok,
index_minute_1,I:SPX,2025-04-11,391,C:\Users\hkhat\OneDrive\Desktop\Project\Dissertation\data_extended_2023_2026\raw\index_minute_1\ticker=I_SPX\date=2025-04-11\data.parquet,ok,
index_minute_1,I:SPX,2025-04-14,392,C:\Users\hkhat\OneDrive\Desktop\Project\Dissertation\data_extended_2023_2026\raw\index_minute_1\ticker=I_SPX\date=2025-04-14\data.parquet,ok,
index_minute_1,I:SPX,2025-04-15,392,C:\Users\hkhat\OneDrive\Desktop\Project\Dissertation\data_extended_2023_2026\raw\index_minute_1\ticker=I_SPX\date=2025-04-15\data.parquet,ok,
index_minute_1,I:SPX,2025-04-16,394,C:\Users\hkhat\OneDrive\Desktop\Project\Dissertation\data_extended_2023_2026\raw\index_minute_1\ticker=I_SPX\date=2025-04-16\data.parquet,ok,
index_minute_1,I:SPX,2025-04-17,392,C:\Users\hkhat\OneDrive\Desktop\Project\Dissertation\data_extended_2023_2026\raw\index_minute_1\ticker=I_SPX\date=2025-04-17\data.parquet,ok,
index_minute_1,I:SPX,2025-04-18,0,,empty,No qualifying bars
index_minute_1,I:SPX,2025-04-21,392,C:\Users\hkhat\OneDrive\Desktop\Project\Dissertation\data_extended_2023_2026\raw\index_minute_1\ticker=I_SPX\date=2025-04-21\data.parquet,ok,
index_minute_1,I:SPX,2025-04-22,392,C:\Users\hkhat\OneDrive\Desktop\Project\Dissertation\data_extended_2023_2026\raw\index_minute_1\ticker=I_SPX\date=2025-04-22\data.parquet,ok,
index_minute_1,I:SPX,2025-04-23,394,C:\Users\hkhat\OneDrive\Desktop\Project\Dissertation\data_extended_2023_2026\raw\index_minute_1\ticker=I_SPX\date=2025-04-23\data.parquet,ok,
index_minute_1,I:SPX,2025-04-24,394,C:\Users\hkhat\OneDrive\Desktop\Project\Dissertation\data_extended_2023_2026\raw\index_minute_1\ticker=I_SPX\date=2025-04-24\data.parquet,ok,
index_minute_1,I:SPX,2025-04-25,391,C:\Users\hkhat\OneDrive\Desktop\Project\Dissertation\data_extended_2023_2026\raw\index_minute_1\ticker=I_SPX\date=2025-04-25\data.parquet,ok,
index_minute_1,I:SPX,2025-04-28,393,C:\Users\hkhat\OneDrive\Desktop\Project\Dissertation\data_extended_2023_2026\raw\index_minute_1\ticker=I_SPX\date=2025-04-28\data.parquet,ok,
index_minute_1,I:SPX,2025-04-29,394,C:\Users\hkhat\OneDrive\Desktop\Project\Dissertation\data_extended_2023_2026\raw\index_minute_1\ticker=I_SPX\date=2025-04-29\data.parquet,ok,
index_minute_1,I:SPX,2025-04-30,393,C:\Users\hkhat\OneDrive\Desktop\Project\Dissertation\data_extended_2023_2026\raw\index_minute_1\ticker=I_SPX\date=2025-04-30\data.parquet,ok,
index_minute_1,I:SPX,2025-05-01,394,C:\Users\hkhat\OneDrive\Desktop\Project\Dissertation\data_extended_2023_2026\raw\index_minute_1\ticker=I_SPX\date=2025-05-01\data.parquet,ok,
index_minute_1,I:SPX,2025-05-02,393,C:\Users\hkhat\OneDrive\Desktop\Project\Dissertation\data_extended_2023_2026\raw\index_minute_1\ticker=I_SPX\date=2025-05-02\data.parquet,ok,
index_minute_1,I:SPX,2025-05-05,393,C:\Users\hkhat\OneDrive\Desktop\Project\Dissertation\data_extended_2023_2026\raw\index_minute_1\ticker=I_SPX\date=2025-05-05\data.parquet,ok,
index_minute_1,I:SPX,2025-05-06,394,C:\Users\hkhat\OneDrive\Desktop\Project\Dissertation\data_extended_2023_2026\raw\index_minute_1\ticker=I_SPX\date=2025-05-06\data.parquet,ok,
index_minute_1,I:SPX,2025-05-07,394,C:\Users\hkhat\OneDrive\Desktop\Project\Dissertation\data_extended_2023_2026\raw\index_minute_1\ticker=I_SPX\date=2025-05-07\data.parquet,ok,
index_minute_1,I:SPX,2025-05-08,393,C:\Users\hkhat\OneDrive\Desktop\Project\Dissertation\data_extended_2023_2026\raw\index_minute_1\ticker=I_SPX\date=2025-05-08\data.parquet,ok,
index_minute_1,I:SPX,2025-05-09,391,C:\Users\hkhat\OneDrive\Desktop\Project\Dissertation\data_extended_2023_2026\raw\index_minute_1\ticker=I_SPX\date=2025-05-09\data.parquet,ok,
index_minute_1,I:SPX,2025-05-12,392,C:\Users\hkhat\OneDrive\Desktop\Project\Dissertation\data_extended_2023_2026\raw\index_minute_1\ticker=I_SPX\date=2025-05-12\data.parquet,ok,
index_minute_1,I:SPX,2025-05-13,392,C:\Users\hkhat\OneDrive\Desktop\Project\Dissertation\data_extended_2023_2026\raw\index_minute_1\ticker=I_SPX\date=2025-05-13\data.parquet,ok,
index_minute_1,I:SPX,2025-05-14,391,C:\Users\hkhat\OneDrive\Desktop\Project\Dissertation\data_extended_2023_2026\raw\index_minute_1\ticker=I_SPX\date=2025-05-14\data.parquet,ok,
index_minute_1,I:SPX,2025-05-15,391,C:\Users\hkhat\OneDrive\Desktop\Project\Dissertation\data_extended_2023_2026\raw\index_minute_1\ticker=I_SPX\date=2025-05-15\data.parquet,ok,
index_minute_1,I:SPX,2025-05-16,391,C:\Users\hkhat\OneDrive\Desktop\Project\Dissertation\data_extended_2023_2026\raw\index_minute_1\ticker=I_SPX\date=2025-05-16\data.parquet,ok,
index_minute_1,I:SPX,2025-05-19,393,C:\Users\hkhat\OneDrive\Desktop\Project\Dissertation\data_extended_2023_2026\raw\index_minute_1\ticker=I_SPX\date=2025-05-19\data.parquet,ok,
index_minute_1,I:SPX,2025-05-20,391,C:\Users\hkhat\OneDrive\Desktop\Project\Dissertation\data_extended_2023_2026\raw\index_minute_1\ticker=I_SPX\date=2025-05-20\data.parquet,ok,
index_minute_1,I:SPX,2025-05-21,394,C:\Users\hkhat\OneDrive\Desktop\Project\Dissertation\data_extended_2023_2026\raw\index_minute_1\ticker=I_SPX\date=2025-05-21\data.parquet,ok,
index_minute_1,I:SPX,2025-05-22,392,C:\Users\hkhat\OneDrive\Desktop\Project\Dissertation\data_extended_2023_2026\raw\index_minute_1\ticker=I_SPX\date=2025-05-22\data.parquet,ok,
index_minute_1,I:SPX,2025-05-23,392,C:\Users\hkhat\OneDrive\Desktop\Project\Dissertation\data_extended_2023_2026\raw\index_minute_1\ticker=I_SPX\date=2025-05-23\data.parquet,ok,
index_minute_1,I:SPX,2025-05-26,0,,empty,No qualifying bars
index_minute_1,I:SPX,2025-05-27,391,C:\Users\hkhat\OneDrive\Desktop\Project\Dissertation\data_extended_2023_2026\raw\index_minute_1\ticker=I_SPX\date=2025-05-27\data.parquet,ok,
index_minute_1,I:SPX,2025-05-28,392,C:\Users\hkhat\OneDrive\Desktop\Project\Dissertation\data_extended_2023_2026\raw\index_minute_1\ticker=I_SPX\date=2025-05-28\data.parquet,ok,
index_minute_1,I:SPX,2025-05-29,392,C:\Users\hkhat\OneDrive\Desktop\Project\Dissertation\data_extended_2023_2026\raw\index_minute_1\ticker=I_SPX\date=2025-05-29\data.parquet,ok,
index_minute_1,I:SPX,2025-05-30,393,C:\Users\hkhat\OneDrive\Desktop\Project\Dissertation\data_extended_2023_2026\raw\index_minute_1\ticker=I_SPX\date=2025-05-30\data.parquet,ok,
index_minute_1,I:SPX,2025-06-02,392,C:\Users\hkhat\OneDrive\Desktop\Project\Dissertation\data_extended_2023_2026\raw\index_minute_1\ticker=I_SPX\date=2025-06-02\data.parquet,ok,
index_minute_1,I:SPX,2025-06-03,392,C:\Users\hkhat\OneDrive\Desktop\Project\Dissertation\data_extended_2023_2026\raw\index_minute_1\ticker=I_SPX\date=2025-06-03\data.parquet,ok,
index_minute_1,I:SPX,2025-06-04,391,C:\Users\hkhat\OneDrive\Desktop\Project\Dissertation\data_extended_2023_2026\raw\index_minute_1\ticker=I_SPX\date=2025-06-04\data.parquet,ok,
index_minute_1,I:SPX,2025-06-05,392,C:\Users\hkhat\OneDrive\Desktop\Project\Dissertation\data_extended_2023_2026\raw\index_minute_1\ticker=I_SPX\date=2025-06-05\data.parquet,ok,
index_minute_1,I:SPX,2025-06-06,392,C:\Users\hkhat\OneDrive\Desktop\Project\Dissertation\data_extended_2023_2026\raw\index_minute_1\ticker=I_SPX\date=2025-06-06\data.parquet,ok,
index_minute_1,I:SPX,2025-06-09,391,C:\Users\hkhat\OneDrive\Desktop\Project\Dissertation\data_extended_2023_2026\raw\index_minute_1\ticker=I_SPX\date=2025-06-09\data.parquet,ok,
index_minute_1,I:SPX,2025-06-10,391,C:\Users\hkhat\OneDrive\Desktop\Project\Dissertation\data_extended_2023_2026\raw\index_minute_1\ticker=I_SPX\date=2025-06-10\data.parquet,ok,
index_minute_1,I:SPX,2025-06-11,395,C:\Users\hkhat\OneDrive\Desktop\Project\Dissertation\data_extended_2023_2026\raw\index_minute_1\ticker=I_SPX\date=2025-06-11\data.parquet,ok,
index_minute_1,I:SPX,2025-06-12,393,C:\Users\hkhat\OneDrive\Desktop\Project\Dissertation\data_extended_2023_2026\raw\index_minute_1\ticker=I_SPX\date=2025-06-12\data.parquet,ok,
index_minute_1,I:SPX,2025-06-13,392,C:\Users\hkhat\OneDrive\Desktop\Project\Dissertation\data_extended_2023_2026\raw\index_minute_1\ticker=I_SPX\date=2025-06-13\data.parquet,ok,
index_minute_1,I:SPX,2025-06-16,391,C:\Users\hkhat\OneDrive\Desktop\Project\Dissertation\data_extended_2023_2026\raw\index_minute_1\ticker=I_SPX\date=2025-06-16\data.parquet,ok,
index_minute_1,I:SPX,2025-06-17,391,C:\Users\hkhat\OneDrive\Desktop\Project\Dissertation\data_extended_2023_2026\raw\index_minute_1\ticker=I_SPX\date=2025-06-17\data.parquet,ok,
index_minute_1,I:SPX,2025-06-18,393,C:\Users\hkhat\OneDrive\Desktop\Project\Dissertation\data_extended_2023_2026\raw\index_minute_1\ticker=I_SPX\date=2025-06-18\data.parquet,ok,
index_minute_1,I:SPX,2025-06-19,0,,empty,No qualifying bars
index_minute_1,I:SPX,2025-06-20,392,C:\Users\hkhat\OneDrive\Desktop\Project\Dissertation\data_extended_2023_2026\raw\index_minute_1\ticker=I_SPX\date=2025-06-20\data.parquet,ok,
index_minute_1,I:SPX,2025-06-23,392,C:\Users\hkhat\OneDrive\Desktop\Project\Dissertation\data_extended_2023_2026\raw\index_minute_1\ticker=I_SPX\date=2025-06-23\data.parquet,ok,
index_minute_1,I:SPX,2025-06-24,393,C:\Users\hkhat\OneDrive\Desktop\Project\Dissertation\data_extended_2023_2026\raw\index_minute_1\ticker=I_SPX\date=2025-06-24\data.parquet,ok,
index_minute_1,I:SPX,2025-06-25,392,C:\Users\hkhat\OneDrive\Desktop\Project\Dissertation\data_extended_2023_2026\raw\index_minute_1\ticker=I_SPX\date=2025-06-25\data.parquet,ok,
index_minute_1,I:SPX,2025-06-26,391,C:\Users\hkhat\OneDrive\Desktop\Project\Dissertation\data_extended_2023_2026\raw\index_minute_1\ticker=I_SPX\date=2025-06-26\data.parquet,ok,
index_minute_1,I:SPX,2025-06-27,394,C:\Users\hkhat\OneDrive\Desktop\Project\Dissertation\data_extended_2023_2026\raw\index_minute_1\ticker=I_SPX\date=2025-06-27\data.parquet,ok,
index_minute_1,I:SPX,2025-06-30,392,C:\Users\hkhat\OneDrive\Desktop\Project\Dissertation\data_extended_2023_2026\raw\index_minute_1\ticker=I_SPX\date=2025-06-30\data.parquet,ok,
index_minute_1,I:SPX,2025-07-01,392,C:\Users\hkhat\OneDrive\Desktop\Project\Dissertation\data_extended_2023_2026\raw\index_minute_1\ticker=I_SPX\date=2025-07-01\data.parquet,ok,
index_minute_1,I:SPX,2025-07-02,392,C:\Users\hkhat\OneDrive\Desktop\Project\Dissertation\data_extended_2023_2026\raw\index_minute_1\ticker=I_SPX\date=2025-07-02\data.parquet,ok,
index_minute_1,I:SPX,2025-07-03,212,C:\Users\hkhat\OneDrive\Desktop\Project\Dissertation\data_extended_2023_2026\raw\index_minute_1\ticker=I_SPX\date=2025-07-03\data.parquet,ok,
index_minute_1,I:SPX,2025-07-04,0,,empty,No qualifying bars
index_minute_1,I:SPX,2025-07-07,391,C:\Users\hkhat\OneDrive\Desktop\Project\Dissertation\data_extended_2023_2026\raw\index_minute_1\ticker=I_SPX\date=2025-07-07\data.parquet,ok,
index_minute_1,I:SPX,2025-07-08,392,C:\Users\hkhat\OneDrive\Desktop\Project\Dissertation\data_extended_2023_2026\raw\index_minute_1\ticker=I_SPX\date=2025-07-08\data.parquet,ok,
index_minute_1,I:SPX,2025-07-09,393,C:\Users\hkhat\OneDrive\Desktop\Project\Dissertation\data_extended_2023_2026\raw\index_minute_1\ticker=I_SPX\date=2025-07-09\data.parquet,ok,
index_minute_1,I:SPX,2025-07-10,393,C:\Users\hkhat\OneDrive\Desktop\Project\Dissertation\data_extended_2023_2026\raw\index_minute_1\ticker=I_SPX\date=2025-07-10\data.parquet,ok,
index_minute_1,I:SPX,2025-07-11,391,C:\Users\hkhat\OneDrive\Desktop\Project\Dissertation\data_extended_2023_2026\raw\index_minute_1\ticker=I_SPX\date=2025-07-11\data.parquet,ok,
index_minute_1,I:SPX,2025-07-14,391,C:\Users\hkhat\OneDrive\Desktop\Project\Dissertation\data_extended_2023_2026\raw\index_minute_1\ticker=I_SPX\date=2025-07-14\data.parquet,ok,
index_minute_1,I:SPX,2025-07-15,394,C:\Users\hkhat\OneDrive\Desktop\Project\Dissertation\data_extended_2023_2026\raw\index_minute_1\ticker=I_SPX\date=2025-07-15\data.parquet,ok,
index_minute_1,I:SPX,2025-07-16,392,C:\Users\hkhat\OneDrive\Desktop\Project\Dissertation\data_extended_2023_2026\raw\index_minute_1\ticker=I_SPX\date=2025-07-16\data.parquet,ok,
index_minute_1,I:SPX,2025-07-17,394,C:\Users\hkhat\OneDrive\Desktop\Project\Dissertation\data_extended_2023_2026\raw\index_minute_1\ticker=I_SPX\date=2025-07-17\data.parquet,ok,
index_minute_1,I:SPX,2025-07-18,391,C:\Users\hkhat\OneDrive\Desktop\Project\Dissertation\data_extended_2023_2026\raw\index_minute_1\ticker=I_SPX\date=2025-07-18\data.parquet,ok,
index_minute_1,I:SPX,2025-07-21,391,C:\Users\hkhat\OneDrive\Desktop\Project\Dissertation\data_extended_2023_2026\raw\index_minute_1\ticker=I_SPX\date=2025-07-21\data.parquet,ok,
index_minute_1,I:SPX,2025-07-22,392,C:\Users\hkhat\OneDrive\Desktop\Project\Dissertation\data_extended_2023_2026\raw\index_minute_1\ticker=I_SPX\date=2025-07-22\data.parquet,ok,
index_minute_1,I:SPX,2025-07-23,395,C:\Users\hkhat\OneDrive\Desktop\Project\Dissertation\data_extended_2023_2026\raw\index_minute_1\ticker=I_SPX\date=2025-07-23\data.parquet,ok,
index_minute_1,I:SPX,2025-07-24,392,C:\Users\hkhat\OneDrive\Desktop\Project\Dissertation\data_extended_2023_2026\raw\index_minute_1\ticker=I_SPX\date=2025-07-24\data.parquet,ok,
index_minute_1,I:SPX,2025-07-25,392,C:\Users\hkhat\OneDrive\Desktop\Project\Dissertation\data_extended_2023_2026\raw\index_minute_1\ticker=I_SPX\date=2025-07-25\data.parquet,ok,
index_minute_1,I:SPX,2025-07-28,393,C:\Users\hkhat\OneDrive\Desktop\Project\Dissertation\data_extended_2023_2026\raw\index_minute_1\ticker=I_SPX\date=2025-07-28\data.parquet,ok,
index_minute_1,I:SPX,2025-07-29,392,C:\Users\hkhat\OneDrive\Desktop\Project\Dissertation\data_extended_2023_2026\raw\index_minute_1\ticker=I_SPX\date=2025-07-29\data.parquet,ok,
index_minute_1,I:SPX,2025-07-30,393,C:\Users\hkhat\OneDrive\Desktop\Project\Dissertation\data_extended_2023_2026\raw\index_minute_1\ticker=I_SPX\date=2025-07-30\data.parquet,ok,
index_minute_1,I:SPX,2025-07-31,392,C:\Users\hkhat\OneDrive\Desktop\Project\Dissertation\data_extended_2023_2026\raw\index_minute_1\ticker=I_SPX\date=2025-07-31\data.parquet,ok,
index_minute_1,I:SPX,2025-08-01,391,C:\Users\hkhat\OneDrive\Desktop\Project\Dissertation\data_extended_2023_2026\raw\index_minute_1\ticker=I_SPX\date=2025-08-01\data.parquet,ok,
index_minute_1,I:SPX,2025-08-04,392,C:\Users\hkhat\OneDrive\Desktop\Project\Dissertation\data_extended_2023_2026\raw\index_minute_1\ticker=I_SPX\date=2025-08-04\data.parquet,ok,
index_minute_1,I:SPX,2025-08-05,393,C:\Users\hkhat\OneDrive\Desktop\Project\Dissertation\data_extended_2023_2026\raw\index_minute_1\ticker=I_SPX\date=2025-08-05\data.parquet,ok,
index_minute_1,I:SPX,2025-08-06,393,C:\Users\hkhat\OneDrive\Desktop\Project\Dissertation\data_extended_2023_2026\raw\index_minute_1\ticker=I_SPX\date=2025-08-06\data.parquet,ok,
index_minute_1,I:SPX,2025-08-07,391,C:\Users\hkhat\OneDrive\Desktop\Project\Dissertation\data_extended_2023_2026\raw\index_minute_1\ticker=I_SPX\date=2025-08-07\data.parquet,ok,
index_minute_1,I:SPX,2025-08-08,392,C:\Users\hkhat\OneDrive\Desktop\Project\Dissertation\data_extended_2023_2026\raw\index_minute_1\ticker=I_SPX\date=2025-08-08\data.parquet,ok,
index_minute_1,I:SPX,2025-08-11,393,C:\Users\hkhat\OneDrive\Desktop\Project\Dissertation\data_extended_2023_2026\raw\index_minute_1\ticker=I_SPX\date=2025-08-11\data.parquet,ok,
index_minute_1,I:SPX,2025-08-12,392,C:\Users\hkhat\OneDrive\Desktop\Project\Dissertation\data_extended_2023_2026\raw\index_minute_1\ticker=I_SPX\date=2025-08-12\data.parquet,ok,
index_minute_1,I:SPX,2025-08-13,391,C:\Users\hkhat\OneDrive\Desktop\Project\Dissertation\data_extended_2023_2026\raw\index_minute_1\ticker=I_SPX\date=2025-08-13\data.parquet,ok,
index_minute_1,I:SPX,2025-08-14,391,C:\Users\hkhat\OneDrive\Desktop\Project\Dissertation\data_extended_2023_2026\raw\index_minute_1\ticker=I_SPX\date=2025-08-14\data.parquet,ok,
index_minute_1,I:SPX,2025-08-15,392,C:\Users\hkhat\OneDrive\Desktop\Project\Dissertation\data_extended_2023_2026\raw\index_minute_1\ticker=I_SPX\date=2025-08-15\data.parquet,ok,
index_minute_1,I:SPX,2025-08-18,392,C:\Users\hkhat\OneDrive\Desktop\Project\Dissertation\data_extended_2023_2026\raw\index_minute_1\ticker=I_SPX\date=2025-08-18\data.parquet,ok,
index_minute_1,I:SPX,2025-08-19,393,C:\Users\hkhat\OneDrive\Desktop\Project\Dissertation\data_extended_2023_2026\raw\index_minute_1\ticker=I_SPX\date=2025-08-19\data.parquet,ok,
index_minute_1,I:SPX,2025-08-20,393,C:\Users\hkhat\OneDrive\Desktop\Project\Dissertation\data_extended_2023_2026\raw\index_minute_1\ticker=I_SPX\date=2025-08-20\data.parquet,ok,
index_minute_1,I:SPX,2025-08-21,393,C:\Users\hkhat\OneDrive\Desktop\Project\Dissertation\data_extended_2023_2026\raw\index_minute_1\ticker=I_SPX\date=2025-08-21\data.parquet,ok,
index_minute_1,I:SPX,2025-08-22,393,C:\Users\hkhat\OneDrive\Desktop\Project\Dissertation\data_extended_2023_2026\raw\index_minute_1\ticker=I_SPX\date=2025-08-22\data.parquet,ok,
index_minute_1,I:SPX,2025-08-25,391,C:\Users\hkhat\OneDrive\Desktop\Project\Dissertation\data_extended_2023_2026\raw\index_minute_1\ticker=I_SPX\date=2025-08-25\data.parquet,ok,
index_minute_1,I:SPX,2025-08-26,393,C:\Users\hkhat\OneDrive\Desktop\Project\Dissertation\data_extended_2023_2026\raw\index_minute_1\ticker=I_SPX\date=2025-08-26\data.parquet,ok,
index_minute_1,I:SPX,2025-08-27,394,C:\Users\hkhat\OneDrive\Desktop\Project\Dissertation\data_extended_2023_2026\raw\index_minute_1\ticker=I_SPX\date=2025-08-27\data.parquet,ok,
index_minute_1,I:SPX,2025-08-28,391,C:\Users\hkhat\OneDrive\Desktop\Project\Dissertation\data_extended_2023_2026\raw\index_minute_1\ticker=I_SPX\date=2025-08-28\data.parquet,ok,
index_minute_1,I:SPX,2025-08-29,392,C:\Users\hkhat\OneDrive\Desktop\Project\Dissertation\data_extended_2023_2026\raw\index_minute_1\ticker=I_SPX\date=2025-08-29\data.parquet,ok,
index_minute_1,I:SPX,2025-09-01,0,,empty,No qualifying bars
index_minute_1,I:SPX,2025-09-02,392,C:\Users\hkhat\OneDrive\Desktop\Project\Dissertation\data_extended_2023_2026\raw\index_minute_1\ticker=I_SPX\date=2025-09-02\data.parquet,ok,
index_minute_1,I:SPX,2025-09-03,393,C:\Users\hkhat\OneDrive\Desktop\Project\Dissertation\data_extended_2023_2026\raw\index_minute_1\ticker=I_SPX\date=2025-09-03\data.parquet,ok,
index_minute_1,I:SPX,2025-09-04,391,C:\Users\hkhat\OneDrive\Desktop\Project\Dissertation\data_extended_2023_2026\raw\index_minute_1\ticker=I_SPX\date=2025-09-04\data.parquet,ok,
index_minute_1,I:SPX,2025-09-05,392,C:\Users\hkhat\OneDrive\Desktop\Project\Dissertation\data_extended_2023_2026\raw\index_minute_1\ticker=I_SPX\date=2025-09-05\data.parquet,ok,
index_minute_1,I:SPX,2025-09-08,392,C:\Users\hkhat\OneDrive\Desktop\Project\Dissertation\data_extended_2023_2026\raw\index_minute_1\ticker=I_SPX\date=2025-09-08\data.parquet,ok,
index_minute_1,I:SPX,2025-09-09,395,C:\Users\hkhat\OneDrive\Desktop\Project\Dissertation\data_extended_2023_2026\raw\index_minute_1\ticker=I_SPX\date=2025-09-09\data.parquet,ok,
index_minute_1,I:SPX,2025-09-10,392,C:\Users\hkhat\OneDrive\Desktop\Project\Dissertation\data_extended_2023_2026\raw\index_minute_1\ticker=I_SPX\date=2025-09-10\data.parquet,ok,
index_minute_1,I:SPX,2025-09-11,393,C:\Users\hkhat\OneDrive\Desktop\Project\Dissertation\data_extended_2023_2026\raw\index_minute_1\ticker=I_SPX\date=2025-09-11\data.parquet,ok,
index_minute_1,I:SPX,2025-09-12,391,C:\Users\hkhat\OneDrive\Desktop\Project\Dissertation\data_extended_2023_2026\raw\index_minute_1\ticker=I_SPX\date=2025-09-12\data.parquet,ok,
index_minute_1,I:SPX,2025-09-15,392,C:\Users\hkhat\OneDrive\Desktop\Project\Dissertation\data_extended_2023_2026\raw\index_minute_1\ticker=I_SPX\date=2025-09-15\data.parquet,ok,
index_minute_1,I:SPX,2025-09-16,392,C:\Users\hkhat\OneDrive\Desktop\Project\Dissertation\data_extended_2023_2026\raw\index_minute_1\ticker=I_SPX\date=2025-09-16\data.parquet,ok,
index_minute_1,I:SPX,2025-09-17,392,C:\Users\hkhat\OneDrive\Desktop\Project\Dissertation\data_extended_2023_2026\raw\index_minute_1\ticker=I_SPX\date=2025-09-17\data.parquet,ok,
index_minute_1,I:SPX,2025-09-18,394,C:\Users\hkhat\OneDrive\Desktop\Project\Dissertation\data_extended_2023_2026\raw\index_minute_1\ticker=I_SPX\date=2025-09-18\data.parquet,ok,
index_minute_1,I:SPX,2025-09-19,393,C:\Users\hkhat\OneDrive\Desktop\Project\Dissertation\data_extended_2023_2026\raw\index_minute_1\ticker=I_SPX\date=2025-09-19\data.parquet,ok,
index_minute_1,I:SPX,2025-09-22,393,C:\Users\hkhat\OneDrive\Desktop\Project\Dissertation\data_extended_2023_2026\raw\index_minute_1\ticker=I_SPX\date=2025-09-22\data.parquet,ok,
index_minute_1,I:SPX,2025-09-23,392,C:\Users\hkhat\OneDrive\Desktop\Project\Dissertation\data_extended_2023_2026\raw\index_minute_1\ticker=I_SPX\date=2025-09-23\data.parquet,ok,
index_minute_1,I:SPX,2025-09-24,393,C:\Users\hkhat\OneDrive\Desktop\Project\Dissertation\data_extended_2023_2026\raw\index_minute_1\ticker=I_SPX\date=2025-09-24\data.parquet,ok,
index_minute_1,I:SPX,2025-09-25,393,C:\Users\hkhat\OneDrive\Desktop\Project\Dissertation\data_extended_2023_2026\raw\index_minute_1\ticker=I_SPX\date=2025-09-25\data.parquet,ok,
index_minute_1,I:SPX,2025-09-26,391,C:\Users\hkhat\OneDrive\Desktop\Project\Dissertation\data_extended_2023_2026\raw\index_minute_1\ticker=I_SPX\date=2025-09-26\data.parquet,ok,
index_minute_1,I:SPX,2025-09-29,391,C:\Users\hkhat\OneDrive\Desktop\Project\Dissertation\data_extended_2023_2026\raw\index_minute_1\ticker=I_SPX\date=2025-09-29\data.parquet,ok,
index_minute_1,I:SPX,2025-09-30,393,C:\Users\hkhat\OneDrive\Desktop\Project\Dissertation\data_extended_2023_2026\raw\index_minute_1\ticker=I_SPX\date=2025-09-30\data.parquet,ok,
index_minute_1,I:SPX,2025-10-01,391,C:\Users\hkhat\OneDrive\Desktop\Project\Dissertation\data_extended_2023_2026\raw\index_minute_1\ticker=I_SPX\date=2025-10-01\data.parquet,ok,
index_minute_1,I:SPX,2025-10-02,392,C:\Users\hkhat\OneDrive\Desktop\Project\Dissertation\data_extended_2023_2026\raw\index_minute_1\ticker=I_SPX\date=2025-10-02\data.parquet,ok,
index_minute_1,I:SPX,2025-10-03,391,C:\Users\hkhat\OneDrive\Desktop\Project\Dissertation\data_extended_2023_2026\raw\index_minute_1\ticker=I_SPX\date=2025-10-03\data.parquet,ok,
index_minute_1,I:SPX,2025-10-06,391,C:\Users\hkhat\OneDrive\Desktop\Project\Dissertation\data_extended_2023_2026\raw\index_minute_1\ticker=I_SPX\date=2025-10-06\data.parquet,ok,
index_minute_1,I:SPX,2025-10-07,391,C:\Users\hkhat\OneDrive\Desktop\Project\Dissertation\data_extended_2023_2026\raw\index_minute_1\ticker=I_SPX\date=2025-10-07\data.parquet,ok,
index_minute_1,I:SPX,2025-10-08,391,C:\Users\hkhat\OneDrive\Desktop\Project\Dissertation\data_extended_2023_2026\raw\index_minute_1\ticker=I_SPX\date=2025-10-08\data.parquet,ok,
index_minute_1,I:SPX,2025-10-09,391,C:\Users\hkhat\OneDrive\Desktop\Project\Dissertation\data_extended_2023_2026\raw\index_minute_1\ticker=I_SPX\date=2025-10-09\data.parquet,ok,
index_minute_1,I:SPX,2025-10-10,393,C:\Users\hkhat\OneDrive\Desktop\Project\Dissertation\data_extended_2023_2026\raw\index_minute_1\ticker=I_SPX\date=2025-10-10\data.parquet,ok,
index_minute_1,I:SPX,2025-10-13,392,C:\Users\hkhat\OneDrive\Desktop\Project\Dissertation\data_extended_2023_2026\raw\index_minute_1\ticker=I_SPX\date=2025-10-13\data.parquet,ok,
index_minute_1,I:SPX,2025-10-14,391,C:\Users\hkhat\OneDrive\Desktop\Project\Dissertation\data_extended_2023_2026\raw\index_minute_1\ticker=I_SPX\date=2025-10-14\data.parquet,ok,
index_minute_1,I:SPX,2025-10-15,392,C:\Users\hkhat\OneDrive\Desktop\Project\Dissertation\data_extended_2023_2026\raw\index_minute_1\ticker=I_SPX\date=2025-10-15\data.parquet,ok,
index_minute_1,I:SPX,2025-10-16,392,C:\Users\hkhat\OneDrive\Desktop\Project\Dissertation\data_extended_2023_2026\raw\index_minute_1\ticker=I_SPX\date=2025-10-16\data.parquet,ok,
index_minute_1,I:SPX,2025-10-17,391,C:\Users\hkhat\OneDrive\Desktop\Project\Dissertation\data_extended_2023_2026\raw\index_minute_1\ticker=I_SPX\date=2025-10-17\data.parquet,ok,
index_minute_1,I:SPX,2025-10-20,391,C:\Users\hkhat\OneDrive\Desktop\Project\Dissertation\data_extended_2023_2026\raw\index_minute_1\ticker=I_SPX\date=2025-10-20\data.parquet,ok,
index_minute_1,I:SPX,2025-10-21,392,C:\Users\hkhat\OneDrive\Desktop\Project\Dissertation\data_extended_2023_2026\raw\index_minute_1\ticker=I_SPX\date=2025-10-21\data.parquet,ok,
index_minute_1,I:SPX,2025-10-22,395,C:\Users\hkhat\OneDrive\Desktop\Project\Dissertation\data_extended_2023_2026\raw\index_minute_1\ticker=I_SPX\date=2025-10-22\data.parquet,ok,
index_minute_1,I:SPX,2025-10-23,394,C:\Users\hkhat\OneDrive\Desktop\Project\Dissertation\data_extended_2023_2026\raw\index_minute_1\ticker=I_SPX\date=2025-10-23\data.parquet,ok,
index_minute_1,I:SPX,2025-10-24,394,C:\Users\hkhat\OneDrive\Desktop\Project\Dissertation\data_extended_2023_2026\raw\index_minute_1\ticker=I_SPX\date=2025-10-24\data.parquet,ok,
index_minute_1,I:SPX,2025-10-27,395,C:\Users\hkhat\OneDrive\Desktop\Project\Dissertation\data_extended_2023_2026\raw\index_minute_1\ticker=I_SPX\date=2025-10-27\data.parquet,ok,
index_minute_1,I:SPX,2025-10-28,395,C:\Users\hkhat\OneDrive\Desktop\Project\Dissertation\data_extended_2023_2026\raw\index_minute_1\ticker=I_SPX\date=2025-10-28\data.parquet,ok,
index_minute_1,I:SPX,2025-10-29,395,C:\Users\hkhat\OneDrive\Desktop\Project\Dissertation\data_extended_2023_2026\raw\index_minute_1\ticker=I_SPX\date=2025-10-29\data.parquet,ok,
index_minute_1,I:SPX,2025-10-30,395,C:\Users\hkhat\OneDrive\Desktop\Project\Dissertation\data_extended_2023_2026\raw\index_minute_1\ticker=I_SPX\date=2025-10-30\data.parquet,ok,
index_minute_1,I:SPX,2025-10-31,393,C:\Users\hkhat\OneDrive\Desktop\Project\Dissertation\data_extended_2023_2026\raw\index_minute_1\ticker=I_SPX\date=2025-10-31\data.parquet,ok,
index_minute_1,I:SPX,2025-11-03,393,C:\Users\hkhat\OneDrive\Desktop\Project\Dissertation\data_extended_2023_2026\raw\index_minute_1\ticker=I_SPX\date=2025-11-03\data.parquet,ok,
index_minute_1,I:SPX,2025-11-04,396,C:\Users\hkhat\OneDrive\Desktop\Project\Dissertation\data_extended_2023_2026\raw\index_minute_1\ticker=I_SPX\date=2025-11-04\data.parquet,ok,
index_minute_1,I:SPX,2025-11-05,395,C:\Users\hkhat\OneDrive\Desktop\Project\Dissertation\data_extended_2023_2026\raw\index_minute_1\ticker=I_SPX\date=2025-11-05\data.parquet,ok,
index_minute_1,I:SPX,2025-11-06,396,C:\Users\hkhat\OneDrive\Desktop\Project\Dissertation\data_extended_2023_2026\raw\index_minute_1\ticker=I_SPX\date=2025-11-06\data.parquet,ok,
index_minute_1,I:SPX,2025-11-07,392,C:\Users\hkhat\OneDrive\Desktop\Project\Dissertation\data_extended_2023_2026\raw\index_minute_1\ticker=I_SPX\date=2025-11-07\data.parquet,ok,
index_minute_1,I:SPX,2025-11-10,393,C:\Users\hkhat\OneDrive\Desktop\Project\Dissertation\data_extended_2023_2026\raw\index_minute_1\ticker=I_SPX\date=2025-11-10\data.parquet,ok,
index_minute_1,I:SPX,2025-11-11,393,C:\Users\hkhat\OneDrive\Desktop\Project\Dissertation\data_extended_2023_2026\raw\index_minute_1\ticker=I_SPX\date=2025-11-11\data.parquet,ok,
index_minute_1,I:SPX,2025-11-12,393,C:\Users\hkhat\OneDrive\Desktop\Project\Dissertation\data_extended_2023_2026\raw\index_minute_1\ticker=I_SPX\date=2025-11-12\data.parquet,ok,
index_minute_1,I:SPX,2025-11-13,394,C:\Users\hkhat\OneDrive\Desktop\Project\Dissertation\data_extended_2023_2026\raw\index_minute_1\ticker=I_SPX\date=2025-11-13\data.parquet,ok,
index_minute_1,I:SPX,2025-11-14,391,C:\Users\hkhat\OneDrive\Desktop\Project\Dissertation\data_extended_2023_2026\raw\index_minute_1\ticker=I_SPX\date=2025-11-14\data.parquet,ok,
index_minute_1,I:SPX,2025-11-17,394,C:\Users\hkhat\OneDrive\Desktop\Project\Dissertation\data_extended_2023_2026\raw\index_minute_1\ticker=I_SPX\date=2025-11-17\data.parquet,ok,
index_minute_1,I:SPX,2025-11-18,393,C:\Users\hkhat\OneDrive\Desktop\Project\Dissertation\data_extended_2023_2026\raw\index_minute_1\ticker=I_SPX\date=2025-11-18\data.parquet,ok,
index_minute_1,I:SPX,2025-11-19,394,C:\Users\hkhat\OneDrive\Desktop\Project\Dissertation\data_extended_2023_2026\raw\index_minute_1\ticker=I_SPX\date=2025-11-19\data.parquet,ok,
index_minute_1,I:SPX,2025-11-20,393,C:\Users\hkhat\OneDrive\Desktop\Project\Dissertation\data_extended_2023_2026\raw\index_minute_1\ticker=I_SPX\date=2025-11-20\data.parquet,ok,
index_minute_1,I:SPX,2025-11-21,393,C:\Users\hkhat\OneDrive\Desktop\Project\Dissertation\data_extended_2023_2026\raw\index_minute_1\ticker=I_SPX\date=2025-11-21\data.parquet,ok,
index_minute_1,I:SPX,2025-11-24,392,C:\Users\hkhat\OneDrive\Desktop\Project\Dissertation\data_extended_2023_2026\raw\index_minute_1\ticker=I_SPX\date=2025-11-24\data.parquet,ok,
index_minute_1,I:SPX,2025-11-25,394,C:\Users\hkhat\OneDrive\Desktop\Project\Dissertation\data_extended_2023_2026\raw\index_minute_1\ticker=I_SPX\date=2025-11-25\data.parquet,ok,
index_minute_1,I:SPX,2025-11-26,391,C:\Users\hkhat\OneDrive\Desktop\Project\Dissertation\data_extended_2023_2026\raw\index_minute_1\ticker=I_SPX\date=2025-11-26\data.parquet,ok,
index_minute_1,I:SPX,2025-11-27,0,,empty,No qualifying bars
index_minute_1,I:SPX,2025-11-28,211,C:\Users\hkhat\OneDrive\Desktop\Project\Dissertation\data_extended_2023_2026\raw\index_minute_1\ticker=I_SPX\date=2025-11-28\data.parquet,ok,
index_minute_1,I:SPX,2025-12-01,393,C:\Users\hkhat\OneDrive\Desktop\Project\Dissertation\data_extended_2023_2026\raw\index_minute_1\ticker=I_SPX\date=2025-12-01\data.parquet,ok,
index_minute_1,I:SPX,2025-12-02,392,C:\Users\hkhat\OneDrive\Desktop\Project\Dissertation\data_extended_2023_2026\raw\index_minute_1\ticker=I_SPX\date=2025-12-02\data.parquet,ok,
index_minute_1,I:SPX,2025-12-03,395,C:\Users\hkhat\OneDrive\Desktop\Project\Dissertation\data_extended_2023_2026\raw\index_minute_1\ticker=I_SPX\date=2025-12-03\data.parquet,ok,
index_minute_1,I:SPX,2025-12-04,393,C:\Users\hkhat\OneDrive\Desktop\Project\Dissertation\data_extended_2023_2026\raw\index_minute_1\ticker=I_SPX\date=2025-12-04\data.parquet,ok,
index_minute_1,I:SPX,2025-12-05,391,C:\Users\hkhat\OneDrive\Desktop\Project\Dissertation\data_extended_2023_2026\raw\index_minute_1\ticker=I_SPX\date=2025-12-05\data.parquet,ok,
index_minute_1,I:SPX,2025-12-08,391,C:\Users\hkhat\OneDrive\Desktop\Project\Dissertation\data_extended_2023_2026\raw\index_minute_1\ticker=I_SPX\date=2025-12-08\data.parquet,ok,
index_minute_1,I:SPX,2025-12-09,393,C:\Users\hkhat\OneDrive\Desktop\Project\Dissertation\data_extended_2023_2026\raw\index_minute_1\ticker=I_SPX\date=2025-12-09\data.parquet,ok,
index_minute_1,I:SPX,2025-12-10,394,C:\Users\hkhat\OneDrive\Desktop\Project\Dissertation\data_extended_2023_2026\raw\index_minute_1\ticker=I_SPX\date=2025-12-10\data.parquet,ok,
index_minute_1,I:SPX,2025-12-11,392,C:\Users\hkhat\OneDrive\Desktop\Project\Dissertation\data_extended_2023_2026\raw\index_minute_1\ticker=I_SPX\date=2025-12-11\data.parquet,ok,
index_minute_1,I:SPX,2025-12-12,392,C:\Users\hkhat\OneDrive\Desktop\Project\Dissertation\data_extended_2023_2026\raw\index_minute_1\ticker=I_SPX\date=2025-12-12\data.parquet,ok,
index_minute_1,I:SPX,2025-12-15,394,C:\Users\hkhat\OneDrive\Desktop\Project\Dissertation\data_extended_2023_2026\raw\index_minute_1\ticker=I_SPX\date=2025-12-15\data.parquet,ok,
index_minute_1,I:SPX,2025-12-16,393,C:\Users\hkhat\OneDrive\Desktop\Project\Dissertation\data_extended_2023_2026\raw\index_minute_1\ticker=I_SPX\date=2025-12-16\data.parquet,ok,
index_minute_1,I:SPX,2025-12-17,394,C:\Users\hkhat\OneDrive\Desktop\Project\Dissertation\data_extended_2023_2026\raw\index_minute_1\ticker=I_SPX\date=2025-12-17\data.parquet,ok,
index_minute_1,I:SPX,2025-12-18,392,C:\Users\hkhat\OneDrive\Desktop\Project\Dissertation\data_extended_2023_2026\raw\index_minute_1\ticker=I_SPX\date=2025-12-18\data.parquet,ok,
index_minute_1,I:SPX,2025-12-19,393,C:\Users\hkhat\OneDrive\Desktop\Project\Dissertation\data_extended_2023_2026\raw\index_minute_1\ticker=I_SPX\date=2025-12-19\data.parquet,ok,
index_minute_1,I:SPX,2025-12-22,391,C:\Users\hkhat\OneDrive\Desktop\Project\Dissertation\data_extended_2023_2026\raw\index_minute_1\ticker=I_SPX\date=2025-12-22\data.parquet,ok,
index_minute_1,I:SPX,2025-12-23,392,C:\Users\hkhat\OneDrive\Desktop\Project\Dissertation\data_extended_2023_2026\raw\index_minute_1\ticker=I_SPX\date=2025-12-23\data.parquet,ok,
index_minute_1,I:SPX,2025-12-24,212,C:\Users\hkhat\OneDrive\Desktop\Project\Dissertation\data_extended_2023_2026\raw\index_minute_1\ticker=I_SPX\date=2025-12-24\data.parquet,ok,
index_minute_1,I:SPX,2025-12-25,0,,empty,No qualifying bars
index_minute_1,I:SPX,2025-12-26,392,C:\Users\hkhat\OneDrive\Desktop\Project\Dissertation\data_extended_2023_2026\raw\index_minute_1\ticker=I_SPX\date=2025-12-26\data.parquet,ok,
index_minute_1,I:SPX,2025-12-29,392,C:\Users\hkhat\OneDrive\Desktop\Project\Dissertation\data_extended_2023_2026\raw\index_minute_1\ticker=I_SPX\date=2025-12-29\data.parquet,ok,
index_minute_1,I:SPX,2025-12-30,392,C:\Users\hkhat\OneDrive\Desktop\Project\Dissertation\data_extended_2023_2026\raw\index_minute_1\ticker=I_SPX\date=2025-12-30\data.parquet,ok,
index_minute_1,I:SPX,2025-12-31,391,C:\Users\hkhat\OneDrive\Desktop\Project\Dissertation\data_extended_2023_2026\raw\index_minute_1\ticker=I_SPX\date=2025-12-31\data.parquet,ok,
index_minute_1,I:SPX,2026-01-01,0,,empty,No qualifying bars
index_minute_1,I:SPX,2026-01-02,392,C:\Users\hkhat\OneDrive\Desktop\Project\Dissertation\data_extended_2023_2026\raw\index_minute_1\ticker=I_SPX\date=2026-01-02\data.parquet,ok,
index_minute_1,I:SPX,2026-01-05,394,C:\Users\hkhat\OneDrive\Desktop\Project\Dissertation\data_extended_2023_2026\raw\index_minute_1\ticker=I_SPX\date=2026-01-05\data.parquet,ok,
index_minute_1,I:SPX,2026-01-06,395,C:\Users\hkhat\OneDrive\Desktop\Project\Dissertation\data_extended_2023_2026\raw\index_minute_1\ticker=I_SPX\date=2026-01-06\data.parquet,ok,
index_minute_1,I:SPX,2026-01-07,394,C:\Users\hkhat\OneDrive\Desktop\Project\Dissertation\data_extended_2023_2026\raw\index_minute_1\ticker=I_SPX\date=2026-01-07\data.parquet,ok,
index_minute_1,I:SPX,2026-01-08,394,C:\Users\hkhat\OneDrive\Desktop\Project\Dissertation\data_extended_2023_2026\raw\index_minute_1\ticker=I_SPX\date=2026-01-08\data.parquet,ok,
index_minute_1,I:SPX,2026-01-09,392,C:\Users\hkhat\OneDrive\Desktop\Project\Dissertation\data_extended_2023_2026\raw\index_minute_1\ticker=I_SPX\date=2026-01-09\data.parquet,ok,
index_minute_1,I:SPX,2026-01-12,395,C:\Users\hkhat\OneDrive\Desktop\Project\Dissertation\data_extended_2023_2026\raw\index_minute_1\ticker=I_SPX\date=2026-01-12\data.parquet,ok,
index_minute_1,I:SPX,2026-01-13,394,C:\Users\hkhat\OneDrive\Desktop\Project\Dissertation\data_extended_2023_2026\raw\index_minute_1\ticker=I_SPX\date=2026-01-13\data.parquet,ok,
index_minute_1,I:SPX,2026-01-14,393,C:\Users\hkhat\OneDrive\Desktop\Project\Dissertation\data_extended_2023_2026\raw\index_minute_1\ticker=I_SPX\date=2026-01-14\data.parquet,ok,
index_minute_1,I:SPX,2026-01-15,393,C:\Users\hkhat\OneDrive\Desktop\Project\Dissertation\data_extended_2023_2026\raw\index_minute_1\ticker=I_SPX\date=2026-01-15\data.parquet,ok,
index_minute_1,I:SPX,2026-01-16,392,C:\Users\hkhat\OneDrive\Desktop\Project\Dissertation\data_extended_2023_2026\raw\index_minute_1\ticker=I_SPX\date=2026-01-16\data.parquet,ok,
index_minute_1,I:SPX,2026-01-19,0,,empty,No qualifying bars
index_minute_1,I:SPX,2026-01-20,395,C:\Users\hkhat\OneDrive\Desktop\Project\Dissertation\data_extended_2023_2026\raw\index_minute_1\ticker=I_SPX\date=2026-01-20\data.parquet,ok,
index_minute_1,I:SPX,2026-01-21,393,C:\Users\hkhat\OneDrive\Desktop\Project\Dissertation\data_extended_2023_2026\raw\index_minute_1\ticker=I_SPX\date=2026-01-21\data.parquet,ok,
index_minute_1,I:SPX,2026-01-22,394,C:\Users\hkhat\OneDrive\Desktop\Project\Dissertation\data_extended_2023_2026\raw\index_minute_1\ticker=I_SPX\date=2026-01-22\data.parquet,ok,
index_minute_1,I:SPX,2026-01-23,392,C:\Users\hkhat\OneDrive\Desktop\Project\Dissertation\data_extended_2023_2026\raw\index_minute_1\ticker=I_SPX\date=2026-01-23\data.parquet,ok,
index_minute_1,I:SPX,2026-01-26,394,C:\Users\hkhat\OneDrive\Desktop\Project\Dissertation\data_extended_2023_2026\raw\index_minute_1\ticker=I_SPX\date=2026-01-26\data.parquet,ok,
index_minute_1,I:SPX,2026-01-27,394,C:\Users\hkhat\OneDrive\Desktop\Project\Dissertation\data_extended_2023_2026\raw\index_minute_1\ticker=I_SPX\date=2026-01-27\data.parquet,ok,
index_minute_1,I:SPX,2026-01-28,393,C:\Users\hkhat\OneDrive\Desktop\Project\Dissertation\data_extended_2023_2026\raw\index_minute_1\ticker=I_SPX\date=2026-01-28\data.parquet,ok,
index_minute_1,I:SPX,2026-01-29,392,C:\Users\hkhat\OneDrive\Desktop\Project\Dissertation\data_extended_2023_2026\raw\index_minute_1\ticker=I_SPX\date=2026-01-29\data.parquet,ok,
index_minute_1,I:SPX,2026-01-30,392,C:\Users\hkhat\OneDrive\Desktop\Project\Dissertation\data_extended_2023_2026\raw\index_minute_1\ticker=I_SPX\date=2026-01-30\data.parquet,ok,
index_minute_1,I:SPX,2026-02-02,393,C:\Users\hkhat\OneDrive\Desktop\Project\Dissertation\data_extended_2023_2026\raw\index_minute_1\ticker=I_SPX\date=2026-02-02\data.parquet,ok,
index_minute_1,I:SPX,2026-02-03,393,C:\Users\hkhat\OneDrive\Desktop\Project\Dissertation\data_extended_2023_2026\raw\index_minute_1\ticker=I_SPX\date=2026-02-03\data.parquet,ok,
index_minute_1,I:SPX,2026-02-04,393,C:\Users\hkhat\OneDrive\Desktop\Project\Dissertation\data_extended_2023_2026\raw\index_minute_1\ticker=I_SPX\date=2026-02-04\data.parquet,ok,
index_minute_1,I:SPX,2026-02-05,395,C:\Users\hkhat\OneDrive\Desktop\Project\Dissertation\data_extended_2023_2026\raw\index_minute_1\ticker=I_SPX\date=2026-02-05\data.parquet,ok,
index_minute_1,I:SPX,2026-02-06,393,C:\Users\hkhat\OneDrive\Desktop\Project\Dissertation\data_extended_2023_2026\raw\index_minute_1\ticker=I_SPX\date=2026-02-06\data.parquet,ok,
index_minute_1,I:SPX,2026-02-09,393,C:\Users\hkhat\OneDrive\Desktop\Project\Dissertation\data_extended_2023_2026\raw\index_minute_1\ticker=I_SPX\date=2026-02-09\data.parquet,ok,
index_minute_1,I:SPX,2026-02-10,394,C:\Users\hkhat\OneDrive\Desktop\Project\Dissertation\data_extended_2023_2026\raw\index_minute_1\ticker=I_SPX\date=2026-02-10\data.parquet,ok,
index_minute_1,I:SPX,2026-02-11,393,C:\Users\hkhat\OneDrive\Desktop\Project\Dissertation\data_extended_2023_2026\raw\index_minute_1\ticker=I_SPX\date=2026-02-11\data.parquet,ok,
index_minute_1,I:SPX,2026-02-12,393,C:\Users\hkhat\OneDrive\Desktop\Project\Dissertation\data_extended_2023_2026\raw\index_minute_1\ticker=I_SPX\date=2026-02-12\data.parquet,ok,
index_minute_1,I:SPX,2026-02-13,392,C:\Users\hkhat\OneDrive\Desktop\Project\Dissertation\data_extended_2023_2026\raw\index_minute_1\ticker=I_SPX\date=2026-02-13\data.parquet,ok,
index_minute_1,I:SPX,2026-02-16,0,,empty,No qualifying bars
index_minute_1,I:SPX,2026-02-17,392,C:\Users\hkhat\OneDrive\Desktop\Project\Dissertation\data_extended_2023_2026\raw\index_minute_1\ticker=I_SPX\date=2026-02-17\data.parquet,ok,
index_minute_1,I:SPX,2026-02-18,394,C:\Users\hkhat\OneDrive\Desktop\Project\Dissertation\data_extended_2023_2026\raw\index_minute_1\ticker=I_SPX\date=2026-02-18\data.parquet,ok,
index_minute_1,I:SPX,2026-02-19,392,C:\Users\hkhat\OneDrive\Desktop\Project\Dissertation\data_extended_2023_2026\raw\index_minute_1\ticker=I_SPX\date=2026-02-19\data.parquet,ok,
index_minute_1,I:SPX,2026-02-20,392,C:\Users\hkhat\OneDrive\Desktop\Project\Dissertation\data_extended_2023_2026\raw\index_minute_1\ticker=I_SPX\date=2026-02-20\data.parquet,ok,
index_minute_1,I:SPX,2026-02-23,392,C:\Users\hkhat\OneDrive\Desktop\Project\Dissertation\data_extended_2023_2026\raw\index_minute_1\ticker=I_SPX\date=2026-02-23\data.parquet,ok,
index_minute_1,I:SPX,2026-02-24,393,C:\Users\hkhat\OneDrive\Desktop\Project\Dissertation\data_extended_2023_2026\raw\index_minute_1\ticker=I_SPX\date=2026-02-24\data.parquet,ok,
index_minute_1,I:SPX,2026-02-25,394,C:\Users\hkhat\OneDrive\Desktop\Project\Dissertation\data_extended_2023_2026\raw\index_minute_1\ticker=I_SPX\date=2026-02-25\data.parquet,ok,
index_minute_1,I:SPX,2026-02-26,395,C:\Users\hkhat\OneDrive\Desktop\Project\Dissertation\data_extended_2023_2026\raw\index_minute_1\ticker=I_SPX\date=2026-02-26\data.parquet,ok,
index_minute_1,I:SPX,2026-02-27,394,C:\Users\hkhat\OneDrive\Desktop\Project\Dissertation\data_extended_2023_2026\raw\index_minute_1\ticker=I_SPX\date=2026-02-27\data.parquet,ok,
index_minute_1,I:SPX,2026-03-02,393,C:\Users\hkhat\OneDrive\Desktop\Project\Dissertation\data_extended_2023_2026\raw\index_minute_1\ticker=I_SPX\date=2026-03-02\data.parquet,ok,
index_minute_1,I:SPX,2026-03-03,392,C:\Users\hkhat\OneDrive\Desktop\Project\Dissertation\data_extended_2023_2026\raw\index_minute_1\ticker=I_SPX\date=2026-03-03\data.parquet,ok,
index_minute_1,I:SPX,2026-03-04,392,C:\Users\hkhat\OneDrive\Desktop\Project\Dissertation\data_extended_2023_2026\raw\index_minute_1\ticker=I_SPX\date=2026-03-04\data.parquet,ok,
index_minute_1,I:SPX,2026-03-05,394,C:\Users\hkhat\OneDrive\Desktop\Project\Dissertation\data_extended_2023_2026\raw\index_minute_1\ticker=I_SPX\date=2026-03-05\data.parquet,ok,
index_minute_1,I:SPX,2026-03-06,393,C:\Users\hkhat\OneDrive\Desktop\Project\Dissertation\data_extended_2023_2026\raw\index_minute_1\ticker=I_SPX\date=2026-03-06\data.parquet,ok,
index_minute_1,I:SPX,2026-03-09,396,C:\Users\hkhat\OneDrive\Desktop\Project\Dissertation\data_extended_2023_2026\raw\index_minute_1\ticker=I_SPX\date=2026-03-09\data.parquet,ok,
index_minute_1,I:SPX,2026-03-10,394,C:\Users\hkhat\OneDrive\Desktop\Project\Dissertation\data_extended_2023_2026\raw\index_minute_1\ticker=I_SPX\date=2026-03-10\data.parquet,ok,
index_minute_1,I:SPX,2026-03-11,392,C:\Users\hkhat\OneDrive\Desktop\Project\Dissertation\data_extended_2023_2026\raw\index_minute_1\ticker=I_SPX\date=2026-03-11\data.parquet,ok,
index_minute_1,I:SPX,2026-03-12,394,C:\Users\hkhat\OneDrive\Desktop\Project\Dissertation\data_extended_2023_2026\raw\index_minute_1\ticker=I_SPX\date=2026-03-12\data.parquet,ok,
index_minute_1,I:SPX,2026-03-13,394,C:\Users\hkhat\OneDrive\Desktop\Project\Dissertation\data_extended_2023_2026\raw\index_minute_1\ticker=I_SPX\date=2026-03-13\data.parquet,ok,
index_minute_1,I:SPX,2026-03-16,395,C:\Users\hkhat\OneDrive\Desktop\Project\Dissertation\data_extended_2023_2026\raw\index_minute_1\ticker=I_SPX\date=2026-03-16\data.parquet,ok,
index_minute_1,I:SPX,2026-03-17,394,C:\Users\hkhat\OneDrive\Desktop\Project\Dissertation\data_extended_2023_2026\raw\index_minute_1\ticker=I_SPX\date=2026-03-17\data.parquet,ok,
index_minute_1,I:SPX,2026-03-18,395,C:\Users\hkhat\OneDrive\Desktop\Project\Dissertation\data_extended_2023_2026\raw\index_minute_1\ticker=I_SPX\date=2026-03-18\data.parquet,ok,
index_minute_1,I:SPX,2026-03-19,395,C:\Users\hkhat\OneDrive\Desktop\Project\Dissertation\data_extended_2023_2026\raw\index_minute_1\ticker=I_SPX\date=2026-03-19\data.parquet,ok,
index_minute_1,I:SPX,2026-03-20,395,C:\Users\hkhat\OneDrive\Desktop\Project\Dissertation\data_extended_2023_2026\raw\index_minute_1\ticker=I_SPX\date=2026-03-20\data.parquet,ok,
index_minute_1,I:SPX,2026-03-23,393,C:\Users\hkhat\OneDrive\Desktop\Project\Dissertation\data_extended_2023_2026\raw\index_minute_1\ticker=I_SPX\date=2026-03-23\data.parquet,ok,
index_minute_1,I:SPX,2026-03-24,394,C:\Users\hkhat\OneDrive\Desktop\Project\Dissertation\data_extended_2023_2026\raw\index_minute_1\ticker=I_SPX\date=2026-03-24\data.parquet,ok,
index_minute_1,I:SPX,2026-03-25,394,C:\Users\hkhat\OneDrive\Desktop\Project\Dissertation\data_extended_2023_2026\raw\index_minute_1\ticker=I_SPX\date=2026-03-25\data.parquet,ok,
index_minute_1,I:SPX,2026-03-26,394,C:\Users\hkhat\OneDrive\Desktop\Project\Dissertation\data_extended_2023_2026\raw\index_minute_1\ticker=I_SPX\date=2026-03-26\data.parquet,ok,
index_minute_1,I:SPX,2026-03-27,394,C:\Users\hkhat\OneDrive\Desktop\Project\Dissertation\data_extended_2023_2026\raw\index_minute_1\ticker=I_SPX\date=2026-03-27\data.parquet,ok,
index_minute_1,I:SPX,2026-03-30,395,C:\Users\hkhat\OneDrive\Desktop\Project\Dissertation\data_extended_2023_2026\raw\index_minute_1\ticker=I_SPX\date=2026-03-30\data.parquet,ok,
index_minute_1,I:SPX,2026-03-31,396,C:\Users\hkhat\OneDrive\Desktop\Project\Dissertation\data_extended_2023_2026\raw\index_minute_1\ticker=I_SPX\date=2026-03-31\data.parquet,ok,
index_minute_1,I:SPX,2026-04-01,395,C:\Users\hkhat\OneDrive\Desktop\Project\Dissertation\data_extended_2023_2026\raw\index_minute_1\ticker=I_SPX\date=2026-04-01\data.parquet,ok,
index_minute_1,I:SPX,2026-04-02,393,C:\Users\hkhat\OneDrive\Desktop\Project\Dissertation\data_extended_2023_2026\raw\index_minute_1\ticker=I_SPX\date=2026-04-02\data.parquet,ok,
index_minute_1,I:SPX,2026-04-03,0,,empty,No qualifying bars
index_minute_1,I:SPX,2026-04-06,394,C:\Users\hkhat\OneDrive\Desktop\Project\Dissertation\data_extended_2023_2026\raw\index_minute_1\ticker=I_SPX\date=2026-04-06\data.parquet,ok,
index_minute_1,I:SPX,2026-04-07,393,C:\Users\hkhat\OneDrive\Desktop\Project\Dissertation\data_extended_2023_2026\raw\index_minute_1\ticker=I_SPX\date=2026-04-07\data.parquet,ok,
index_minute_1,I:SPX,2026-04-08,394,C:\Users\hkhat\OneDrive\Desktop\Project\Dissertation\data_extended_2023_2026\raw\index_minute_1\ticker=I_SPX\date=2026-04-08\data.parquet,ok,
index_minute_1,I:SPX,2026-04-09,393,C:\Users\hkhat\OneDrive\Desktop\Project\Dissertation\data_extended_2023_2026\raw\index_minute_1\ticker=I_SPX\date=2026-04-09\data.parquet,ok,
index_minute_1,I:SPX,2026-04-10,393,C:\Users\hkhat\OneDrive\Desktop\Project\Dissertation\data_extended_2023_2026\raw\index_minute_1\ticker=I_SPX\date=2026-04-10\data.parquet,ok,
index_minute_1,I:SPX,2026-04-13,393,C:\Users\hkhat\OneDrive\Desktop\Project\Dissertation\data_extended_2023_2026\raw\index_minute_1\ticker=I_SPX\date=2026-04-13\data.parquet,ok,
index_minute_1,I:SPX,2026-04-14,394,C:\Users\hkhat\OneDrive\Desktop\Project\Dissertation\data_extended_2023_2026\raw\index_minute_1\ticker=I_SPX\date=2026-04-14\data.parquet,ok,
index_minute_1,I:SPX,2026-04-15,395,C:\Users\hkhat\OneDrive\Desktop\Project\Dissertation\data_extended_2023_2026\raw\index_minute_1\ticker=I_SPX\date=2026-04-15\data.parquet,ok,
index_minute_1,I:SPX,2026-04-16,394,C:\Users\hkhat\OneDrive\Desktop\Project\Dissertation\data_extended_2023_2026\raw\index_minute_1\ticker=I_SPX\date=2026-04-16\data.parquet,ok,
index_minute_1,I:SPX,2026-04-17,394,C:\Users\hkhat\OneDrive\Desktop\Project\Dissertation\data_extended_2023_2026\raw\index_minute_1\ticker=I_SPX\date=2026-04-17\data.parquet,ok,
index_minute_1,I:SPX,2026-04-20,393,C:\Users\hkhat\OneDrive\Desktop\Project\Dissertation\data_extended_2023_2026\raw\index_minute_1\ticker=I_SPX\date=2026-04-20\data.parquet,ok,
index_minute_1,I:SPX,2026-04-21,394,C:\Users\hkhat\OneDrive\Desktop\Project\Dissertation\data_extended_2023_2026\raw\index_minute_1\ticker=I_SPX\date=2026-04-21\data.parquet,ok,
index_minute_1,I:SPX,2026-04-22,396,C:\Users\hkhat\OneDrive\Desktop\Project\Dissertation\data_extended_2023_2026\raw\index_minute_1\ticker=I_SPX\date=2026-04-22\data.parquet,ok,
index_minute_1,I:SPX,2026-04-23,394,C:\Users\hkhat\OneDrive\Desktop\Project\Dissertation\data_extended_2023_2026\raw\index_minute_1\ticker=I_SPX\date=2026-04-23\data.parquet,ok,
index_minute_1,I:SPX,2026-04-24,393,C:\Users\hkhat\OneDrive\Desktop\Project\Dissertation\data_extended_2023_2026\raw\index_minute_1\ticker=I_SPX\date=2026-04-24\data.parquet,ok,
index_minute_1,I:SPX,2026-04-27,394,C:\Users\hkhat\OneDrive\Desktop\Project\Dissertation\data_extended_2023_2026\raw\index_minute_1\ticker=I_SPX\date=2026-04-27\data.parquet,ok,
index_minute_1,I:SPX,2026-04-28,395,C:\Users\hkhat\OneDrive\Desktop\Project\Dissertation\data_extended_2023_2026\raw\index_minute_1\ticker=I_SPX\date=2026-04-28\data.parquet,ok,
index_minute_1,I:SPX,2026-04-29,396,C:\Users\hkhat\OneDrive\Desktop\Project\Dissertation\data_extended_2023_2026\raw\index_minute_1\ticker=I_SPX\date=2026-04-29\data.parquet,ok,
index_minute_1,I:SPX,2026-04-30,394,C:\Users\hkhat\OneDrive\Desktop\Project\Dissertation\data_extended_2023_2026\raw\index_minute_1\ticker=I_SPX\date=2026-04-30\data.parquet,ok,
index_minute_1,I:SPX,2026-05-01,392,C:\Users\hkhat\OneDrive\Desktop\Project\Dissertation\data_extended_2023_2026\raw\index_minute_1\ticker=I_SPX\date=2026-05-01\data.parquet,ok,
index_minute_1,I:SPX,2026-05-04,394,C:\Users\hkhat\OneDrive\Desktop\Project\Dissertation\data_extended_2023_2026\raw\index_minute_1\ticker=I_SPX\date=2026-05-04\data.parquet,ok,
index_minute_1,I:SPX,2026-05-05,395,C:\Users\hkhat\OneDrive\Desktop\Project\Dissertation\data_extended_2023_2026\raw\index_minute_1\ticker=I_SPX\date=2026-05-05\data.parquet,ok,
index_minute_1,I:SPX,2026-05-06,396,C:\Users\hkhat\OneDrive\Desktop\Project\Dissertation\data_extended_2023_2026\raw\index_minute_1\ticker=I_SPX\date=2026-05-06\data.parquet,ok,
index_minute_1,I:SPX,2026-05-07,394,C:\Users\hkhat\OneDrive\Desktop\Project\Dissertation\data_extended_2023_2026\raw\index_minute_1\ticker=I_SPX\date=2026-05-07\data.parquet,ok,
index_minute_1,I:SPX,2026-05-08,394,C:\Users\hkhat\OneDrive\Desktop\Project\Dissertation\data_extended_2023_2026\raw\index_minute_1\ticker=I_SPX\date=2026-05-08\data.parquet,ok,
index_minute_1,I:SPX,2026-05-11,395,C:\Users\hkhat\OneDrive\Desktop\Project\Dissertation\data_extended_2023_2026\raw\index_minute_1\ticker=I_SPX\date=2026-05-11\data.parquet,ok,
index_minute_1,I:SPX,2026-05-12,394,C:\Users\hkhat\OneDrive\Desktop\Project\Dissertation\data_extended_2023_2026\raw\index_minute_1\ticker=I_SPX\date=2026-05-12\data.parquet,ok,
index_minute_1,I:SPX,2026-05-13,392,C:\Users\hkhat\OneDrive\Desktop\Project\Dissertation\data_extended_2023_2026\raw\index_minute_1\ticker=I_SPX\date=2026-05-13\data.parquet,ok,
index_minute_1,I:SPX,2026-05-14,394,C:\Users\hkhat\OneDrive\Desktop\Project\Dissertation\data_extended_2023_2026\raw\index_minute_1\ticker=I_SPX\date=2026-05-14\data.parquet,ok,
index_minute_1,I:SPX,2026-05-15,392,C:\Users\hkhat\OneDrive\Desktop\Project\Dissertation\data_extended_2023_2026\raw\index_minute_1\ticker=I_SPX\date=2026-05-15\data.parquet,ok,
index_minute_1,I:SPX,2026-05-18,394,C:\Users\hkhat\OneDrive\Desktop\Project\Dissertation\data_extended_2023_2026\raw\index_minute_1\ticker=I_SPX\date=2026-05-18\data.parquet,ok,
index_minute_1,I:SPX,2026-05-19,394,C:\Users\hkhat\OneDrive\Desktop\Project\Dissertation\data_extended_2023_2026\raw\index_minute_1\ticker=I_SPX\date=2026-05-19\data.parquet,ok,
index_minute_1,I:SPX,2026-05-20,394,C:\Users\hkhat\OneDrive\Desktop\Project\Dissertation\data_extended_2023_2026\raw\index_minute_1\ticker=I_SPX\date=2026-05-20\data.parquet,ok,
index_minute_1,I:SPX,2026-05-21,393,C:\Users\hkhat\OneDrive\Desktop\Project\Dissertation\data_extended_2023_2026\raw\index_minute_1\ticker=I_SPX\date=2026-05-21\data.parquet,ok,
index_minute_1,I:SPX,2026-05-22,392,C:\Users\hkhat\OneDrive\Desktop\Project\Dissertation\data_extended_2023_2026\raw\index_minute_1\ticker=I_SPX\date=2026-05-22\data.parquet,ok,
index_minute_1,I:SPX,2026-05-25,0,,empty,No qualifying bars
index_minute_1,I:SPX,2026-05-26,394,C:\Users\hkhat\OneDrive\Desktop\Project\Dissertation\data_extended_2023_2026\raw\index_minute_1\ticker=I_SPX\date=2026-05-26\data.parquet,ok,
index_minute_1,I:SPX,2026-05-27,393,C:\Users\hkhat\OneDrive\Desktop\Project\Dissertation\data_extended_2023_2026\raw\index_minute_1\ticker=I_SPX\date=2026-05-27\data.parquet,ok,
index_minute_1,I:SPX,2026-05-28,394,C:\Users\hkhat\OneDrive\Desktop\Project\Dissertation\data_extended_2023_2026\raw\index_minute_1\ticker=I_SPX\date=2026-05-28\data.parquet,ok,
index_minute_1,I:SPX,2026-05-29,395,C:\Users\hkhat\OneDrive\Desktop\Project\Dissertation\data_extended_2023_2026\raw\index_minute_1\ticker=I_SPX\date=2026-05-29\data.parquet,ok,
index_minute_1,I:SPX,2026-06-01,395,C:\Users\hkhat\OneDrive\Desktop\Project\Dissertation\data_extended_2023_2026\raw\index_minute_1\ticker=I_SPX\date=2026-06-01\data.parquet,ok,
index_minute_1,I:SPX,2026-06-02,395,C:\Users\hkhat\OneDrive\Desktop\Project\Dissertation\data_extended_2023_2026\raw\index_minute_1\ticker=I_SPX\date=2026-06-02\data.parquet,ok,
index_minute_1,I:SPX,2026-06-03,396,C:\Users\hkhat\OneDrive\Desktop\Project\Dissertation\data_extended_2023_2026\raw\index_minute_1\ticker=I_SPX\date=2026-06-03\data.parquet,ok,
index_minute_1,I:SPX,2026-06-04,394,C:\Users\hkhat\OneDrive\Desktop\Project\Dissertation\data_extended_2023_2026\raw\index_minute_1\ticker=I_SPX\date=2026-06-04\data.parquet,ok,
index_minute_1,I:SPX,2026-06-05,394,C:\Users\hkhat\OneDrive\Desktop\Project\Dissertation\data_extended_2023_2026\raw\index_minute_1\ticker=I_SPX\date=2026-06-05\data.parquet,ok,
index_minute_1,I:SPX,2026-06-08,394,C:\Users\hkhat\OneDrive\Desktop\Project\Dissertation\data_extended_2023_2026\raw\index_minute_1\ticker=I_SPX\date=2026-06-08\data.parquet,ok,
index_minute_1,I:SPX,2026-06-09,394,C:\Users\hkhat\OneDrive\Desktop\Project\Dissertation\data_extended_2023_2026\raw\index_minute_1\ticker=I_SPX\date=2026-06-09\data.parquet,ok,
index_minute_1,I:SPX,2026-06-10,395,C:\Users\hkhat\OneDrive\Desktop\Project\Dissertation\data_extended_2023_2026\raw\index_minute_1\ticker=I_SPX\date=2026-06-10\data.parquet,ok,
index_minute_1,I:SPX,2026-06-11,395,C:\Users\hkhat\OneDrive\Desktop\Project\Dissertation\data_extended_2023_2026\raw\index_minute_1\ticker=I_SPX\date=2026-06-11\data.parquet,ok,
index_minute_1,I:SPX,2026-06-12,393,C:\Users\hkhat\OneDrive\Desktop\Project\Dissertation\data_extended_2023_2026\raw\index_minute_1\ticker=I_SPX\date=2026-06-12\data.parquet,ok,
index_minute_1,I:SPX,2026-06-15,394,C:\Users\hkhat\OneDrive\Desktop\Project\Dissertation\data_extended_2023_2026\raw\index_minute_1\ticker=I_SPX\date=2026-06-15\data.parquet,ok,
index_minute_1,I:SPX,2026-06-16,395,C:\Users\hkhat\OneDrive\Desktop\Project\Dissertation\data_extended_2023_2026\raw\index_minute_1\ticker=I_SPX\date=2026-06-16\data.parquet,ok,
index_minute_1,I:SPX,2026-06-17,396,C:\Users\hkhat\OneDrive\Desktop\Project\Dissertation\data_extended_2023_2026\raw\index_minute_1\ticker=I_SPX\date=2026-06-17\data.parquet,ok,
index_minute_1,I:SPX,2026-06-18,396,C:\Users\hkhat\OneDrive\Desktop\Project\Dissertation\data_extended_2023_2026\raw\index_minute_1\ticker=I_SPX\date=2026-06-18\data.parquet,ok,
index_minute_1,I:SPX,2026-06-19,0,,empty,No qualifying bars
index_minute_1,I:SPX,2026-06-22,395,C:\Users\hkhat\OneDrive\Desktop\Project\Dissertation\data_extended_2023_2026\raw\index_minute_1\ticker=I_SPX\date=2026-06-22\data.parquet,ok,
index_minute_1,I:SPX,2026-06-23,395,C:\Users\hkhat\OneDrive\Desktop\Project\Dissertation\data_extended_2023_2026\raw\index_minute_1\ticker=I_SPX\date=2026-06-23\data.parquet,ok,
index_minute_1,I:SPX,2026-06-24,395,C:\Users\hkhat\OneDrive\Desktop\Project\Dissertation\data_extended_2023_2026\raw\index_minute_1\ticker=I_SPX\date=2026-06-24\data.parquet,ok,
index_minute_1,I:SPX,2026-06-25,394,C:\Users\hkhat\OneDrive\Desktop\Project\Dissertation\data_extended_2023_2026\raw\index_minute_1\ticker=I_SPX\date=2026-06-25\data.parquet,ok,
index_minute_1,I:SPX,2026-06-26,398,C:\Users\hkhat\OneDrive\Desktop\Project\Dissertation\data_extended_2023_2026\raw\index_minute_1\ticker=I_SPX\date=2026-06-26\data.parquet,ok,
index_minute_1,I:SPX,2026-06-29,395,C:\Users\hkhat\OneDrive\Desktop\Project\Dissertation\data_extended_2023_2026\raw\index_minute_1\ticker=I_SPX\date=2026-06-29\data.parquet,ok,
index_minute_1,I:SPX,2026-06-30,398,C:\Users\hkhat\OneDrive\Desktop\Project\Dissertation\data_extended_2023_2026\raw\index_minute_1\ticker=I_SPX\date=2026-06-30\data.parquet,ok,
index_minute_1,I:SPX,2026-07-01,394,C:\Users\hkhat\OneDrive\Desktop\Project\Dissertation\data_extended_2023_2026\raw\index_minute_1\ticker=I_SPX\date=2026-07-01\data.parquet,ok,
index_minute_1,I:SPX,2026-07-02,395,C:\Users\hkhat\OneDrive\Desktop\Project\Dissertation\data_extended_2023_2026\raw\index_minute_1\ticker=I_SPX\date=2026-07-02\data.parquet,ok,
index_minute_1,I:SPX,2026-07-03,0,,empty,No qualifying bars
index_minute_1,I:SPX,2026-07-06,394,C:\Users\hkhat\OneDrive\Desktop\Project\Dissertation\data_extended_2023_2026\raw\index_minute_1\ticker=I_SPX\date=2026-07-06\data.parquet,ok,
index_minute_1,I:SPX,2026-07-07,395,C:\Users\hkhat\OneDrive\Desktop\Project\Dissertation\data_extended_2023_2026\raw\index_minute_1\ticker=I_SPX\date=2026-07-07\data.parquet,ok,
index_minute_1,I:SPX,2026-07-08,396,C:\Users\hkhat\OneDrive\Desktop\Project\Dissertation\data_extended_2023_2026\raw\index_minute_1\ticker=I_SPX\date=2026-07-08\data.parquet,ok,
index_minute_1,I:SPX,2026-07-09,394,C:\Users\hkhat\OneDrive\Desktop\Project\Dissertation\data_extended_2023_2026\raw\index_minute_1\ticker=I_SPX\date=2026-07-09\data.parquet,ok,
index_minute_1,I:SPX,2026-07-10,395,C:\Users\hkhat\OneDrive\Desktop\Project\Dissertation\data_extended_2023_2026\raw\index_minute_1\ticker=I_SPX\date=2026-07-10\data.parquet,ok,
index_minute_1,I:SPX,2026-07-13,395,C:\Users\hkhat\OneDrive\Desktop\Project\Dissertation\data_extended_2023_2026\raw\index_minute_1\ticker=I_SPX\date=2026-07-13\data.parquet,ok,
index_minute_1,I:SPX,2026-07-14,395,C:\Users\hkhat\OneDrive\Desktop\Project\Dissertation\data_extended_2023_2026\raw\index_minute_1\ticker=I_SPX\date=2026-07-14\data.parquet,ok,
index_minute_1,I:SPX,2026-07-15,395,C:\Users\hkhat\OneDrive\Desktop\Project\Dissertation\data_extended_2023_2026\raw\index_minute_1\ticker=I_SPX\date=2026-07-15\data.parquet,ok,
index_minute_1,I:SPX,2026-07-16,396,C:\Users\hkhat\OneDrive\Desktop\Project\Dissertation\data_extended_2023_2026\raw\index_minute_1\ticker=I_SPX\date=2026-07-16\data.parquet,ok,
index_minute_1,I:SPX,2026-07-17,396,C:\Users\hkhat\OneDrive\Desktop\Project\Dissertation\data_extended_2023_2026\raw\index_minute_1\ticker=I_SPX\date=2026-07-17\data.parquet,ok,
index_minute_1,I:VIX,2023-01-02,0,,empty,No qualifying bars
index_minute_1,I:VIX,2023-01-03,0,,empty,No qualifying bars
index_minute_1,I:VIX,2023-01-04,0,,empty,No qualifying bars
index_minute_1,I:VIX,2023-01-05,0,,empty,No qualifying bars
index_minute_1,I:VIX,2023-01-06,0,,empty,No qualifying bars
index_minute_1,I:VIX,2023-01-09,0,,empty,No qualifying bars
index_minute_1,I:VIX,2023-01-10,0,,empty,No qualifying bars
index_minute_1,I:VIX,2023-01-11,0,,empty,No qualifying bars
index_minute_1,I:VIX,2023-01-12,0,,empty,No qualifying bars
index_minute_1,I:VIX,2023-01-13,0,,empty,No qualifying bars
index_minute_1,I:VIX,2023-01-16,0,,empty,No qualifying bars
index_minute_1,I:VIX,2023-01-17,0,,empty,No qualifying bars
index_minute_1,I:VIX,2023-01-18,0,,empty,No qualifying bars
index_minute_1,I:VIX,2023-01-19,0,,empty,No qualifying bars
index_minute_1,I:VIX,2023-01-20,0,,empty,No qualifying bars
index_minute_1,I:VIX,2023-01-23,0,,empty,No qualifying bars
index_minute_1,I:VIX,2023-01-24,0,,empty,No qualifying bars
index_minute_1,I:VIX,2023-01-25,0,,empty,No qualifying bars
index_minute_1,I:VIX,2023-01-26,0,,empty,No qualifying bars
index_minute_1,I:VIX,2023-01-27,0,,empty,No qualifying bars
index_minute_1,I:VIX,2023-01-30,0,,empty,No qualifying bars
index_minute_1,I:VIX,2023-01-31,0,,empty,No qualifying bars
index_minute_1,I:VIX,2023-02-01,0,,empty,No qualifying bars
index_minute_1,I:VIX,2023-02-02,0,,empty,No qualifying bars
index_minute_1,I:VIX,2023-02-03,0,,empty,No qualifying bars
index_minute_1,I:VIX,2023-02-06,0,,empty,No qualifying bars
index_minute_1,I:VIX,2023-02-07,0,,empty,No qualifying bars
index_minute_1,I:VIX,2023-02-08,0,,empty,No qualifying bars
index_minute_1,I:VIX,2023-02-09,0,,empty,No qualifying bars
index_minute_1,I:VIX,2023-02-10,0,,empty,No qualifying bars
index_minute_1,I:VIX,2023-02-13,0,,empty,No qualifying bars
index_minute_1,I:VIX,2023-02-14,171,C:\Users\hkhat\OneDrive\Desktop\Project\Dissertation\data_extended_2023_2026\raw\index_minute_1\ticker=I_VIX\date=2023-02-14\data.parquet,ok,
index_minute_1,I:VIX,2023-02-15,670,C:\Users\hkhat\OneDrive\Desktop\Project\Dissertation\data_extended_2023_2026\raw\index_minute_1\ticker=I_VIX\date=2023-02-15\data.parquet,ok,
index_minute_1,I:VIX,2023-02-16,692,C:\Users\hkhat\OneDrive\Desktop\Project\Dissertation\data_extended_2023_2026\raw\index_minute_1\ticker=I_VIX\date=2023-02-16\data.parquet,ok,
index_minute_1,I:VIX,2023-02-17,733,C:\Users\hkhat\OneDrive\Desktop\Project\Dissertation\data_extended_2023_2026\raw\index_minute_1\ticker=I_VIX\date=2023-02-17\data.parquet,ok,
index_minute_1,I:VIX,2023-02-20,309,C:\Users\hkhat\OneDrive\Desktop\Project\Dissertation\data_extended_2023_2026\raw\index_minute_1\ticker=I_VIX\date=2023-02-20\data.parquet,ok,
index_minute_1,I:VIX,2023-02-21,710,C:\Users\hkhat\OneDrive\Desktop\Project\Dissertation\data_extended_2023_2026\raw\index_minute_1\ticker=I_VIX\date=2023-02-21\data.parquet,ok,
index_minute_1,I:VIX,2023-02-22,719,C:\Users\hkhat\OneDrive\Desktop\Project\Dissertation\data_extended_2023_2026\raw\index_minute_1\ticker=I_VIX\date=2023-02-22\data.parquet,ok,
index_minute_1,I:VIX,2023-02-23,689,C:\Users\hkhat\OneDrive\Desktop\Project\Dissertation\data_extended_2023_2026\raw\index_minute_1\ticker=I_VIX\date=2023-02-23\data.parquet,ok,
index_minute_1,I:VIX,2023-02-24,695,C:\Users\hkhat\OneDrive\Desktop\Project\Dissertation\data_extended_2023_2026\raw\index_minute_1\ticker=I_VIX\date=2023-02-24\data.parquet,ok,
index_minute_1,I:VIX,2023-02-27,677,C:\Users\hkhat\OneDrive\Desktop\Project\Dissertation\data_extended_2023_2026\raw\index_minute_1\ticker=I_VIX\date=2023-02-27\data.parquet,ok,
index_minute_1,I:VIX,2023-02-28,691,C:\Users\hkhat\OneDrive\Desktop\Project\Dissertation\data_extended_2023_2026\raw\index_minute_1\ticker=I_VIX\date=2023-02-28\data.parquet,ok,
index_minute_1,I:VIX,2023-03-01,686,C:\Users\hkhat\OneDrive\Desktop\Project\Dissertation\data_extended_2023_2026\raw\index_minute_1\ticker=I_VIX\date=2023-03-01\data.parquet,ok,
index_minute_1,I:VIX,2023-03-02,696,C:\Users\hkhat\OneDrive\Desktop\Project\Dissertation\data_extended_2023_2026\raw\index_minute_1\ticker=I_VIX\date=2023-03-02\data.parquet,ok,
index_minute_1,I:VIX,2023-03-03,636,C:\Users\hkhat\OneDrive\Desktop\Project\Dissertation\data_extended_2023_2026\raw\index_minute_1\ticker=I_VIX\date=2023-03-03\data.parquet,ok,
index_minute_1,I:VIX,2023-03-06,597,C:\Users\hkhat\OneDrive\Desktop\Project\Dissertation\data_extended_2023_2026\raw\index_minute_1\ticker=I_VIX\date=2023-03-06\data.parquet,ok,
index_minute_1,I:VIX,2023-03-07,578,C:\Users\hkhat\OneDrive\Desktop\Project\Dissertation\data_extended_2023_2026\raw\index_minute_1\ticker=I_VIX\date=2023-03-07\data.parquet,ok,
index_minute_1,I:VIX,2023-03-08,624,C:\Users\hkhat\OneDrive\Desktop\Project\Dissertation\data_extended_2023_2026\raw\index_minute_1\ticker=I_VIX\date=2023-03-08\data.parquet,ok,
index_minute_1,I:VIX,2023-03-09,656,C:\Users\hkhat\OneDrive\Desktop\Project\Dissertation\data_extended_2023_2026\raw\index_minute_1\ticker=I_VIX\date=2023-03-09\data.parquet,ok,
index_minute_1,I:VIX,2023-03-10,725,C:\Users\hkhat\OneDrive\Desktop\Project\Dissertation\data_extended_2023_2026\raw\index_minute_1\ticker=I_VIX\date=2023-03-10\data.parquet,ok,
index_minute_1,I:VIX,2023-03-13,741,C:\Users\hkhat\OneDrive\Desktop\Project\Dissertation\data_extended_2023_2026\raw\index_minute_1\ticker=I_VIX\date=2023-03-13\data.parquet,ok,
index_minute_1,I:VIX,2023-03-14,744,C:\Users\hkhat\OneDrive\Desktop\Project\Dissertation\data_extended_2023_2026\raw\index_minute_1\ticker=I_VIX\date=2023-03-14\data.parquet,ok,
index_minute_1,I:VIX,2023-03-15,748,C:\Users\hkhat\OneDrive\Desktop\Project\Dissertation\data_extended_2023_2026\raw\index_minute_1\ticker=I_VIX\date=2023-03-15\data.parquet,ok,
index_minute_1,I:VIX,2023-03-16,751,C:\Users\hkhat\OneDrive\Desktop\Project\Dissertation\data_extended_2023_2026\raw\index_minute_1\ticker=I_VIX\date=2023-03-16\data.parquet,ok,
index_minute_1,I:VIX,2023-03-17,742,C:\Users\hkhat\OneDrive\Desktop\Project\Dissertation\data_extended_2023_2026\raw\index_minute_1\ticker=I_VIX\date=2023-03-17\data.parquet,ok,
index_minute_1,I:VIX,2023-03-20,749,C:\Users\hkhat\OneDrive\Desktop\Project\Dissertation\data_extended_2023_2026\raw\index_minute_1\ticker=I_VIX\date=2023-03-20\data.parquet,ok,
index_minute_1,I:VIX,2023-03-21,745,C:\Users\hkhat\OneDrive\Desktop\Project\Dissertation\data_extended_2023_2026\raw\index_minute_1\ticker=I_VIX\date=2023-03-21\data.parquet,ok,
index_minute_1,I:VIX,2023-03-22,726,C:\Users\hkhat\OneDrive\Desktop\Project\Dissertation\data_extended_2023_2026\raw\index_minute_1\ticker=I_VIX\date=2023-03-22\data.parquet,ok,
index_minute_1,I:VIX,2023-03-23,737,C:\Users\hkhat\OneDrive\Desktop\Project\Dissertation\data_extended_2023_2026\raw\index_minute_1\ticker=I_VIX\date=2023-03-23\data.parquet,ok,
index_minute_1,I:VIX,2023-03-24,746,C:\Users\hkhat\OneDrive\Desktop\Project\Dissertation\data_extended_2023_2026\raw\index_minute_1\ticker=I_VIX\date=2023-03-24\data.parquet,ok,
index_minute_1,I:VIX,2023-03-27,736,C:\Users\hkhat\OneDrive\Desktop\Project\Dissertation\data_extended_2023_2026\raw\index_minute_1\ticker=I_VIX\date=2023-03-27\data.parquet,ok,
index_minute_1,I:VIX,2023-03-28,710,C:\Users\hkhat\OneDrive\Desktop\Project\Dissertation\data_extended_2023_2026\raw\index_minute_1\ticker=I_VIX\date=2023-03-28\data.parquet,ok,
index_minute_1,I:VIX,2023-03-29,656,C:\Users\hkhat\OneDrive\Desktop\Project\Dissertation\data_extended_2023_2026\raw\index_minute_1\ticker=I_VIX\date=2023-03-29\data.parquet,ok,
index_minute_1,I:VIX,2023-03-30,652,C:\Users\hkhat\OneDrive\Desktop\Project\Dissertation\data_extended_2023_2026\raw\index_minute_1\ticker=I_VIX\date=2023-03-30\data.parquet,ok,
index_minute_1,I:VIX,2023-03-31,671,C:\Users\hkhat\OneDrive\Desktop\Project\Dissertation\data_extended_2023_2026\raw\index_minute_1\ticker=I_VIX\date=2023-03-31\data.parquet,ok,
index_minute_1,I:VIX,2023-04-03,631,C:\Users\hkhat\OneDrive\Desktop\Project\Dissertation\data_extended_2023_2026\raw\index_minute_1\ticker=I_VIX\date=2023-04-03\data.parquet,ok,
index_minute_1,I:VIX,2023-04-04,648,C:\Users\hkhat\OneDrive\Desktop\Project\Dissertation\data_extended_2023_2026\raw\index_minute_1\ticker=I_VIX\date=2023-04-04\data.parquet,ok,
index_minute_1,I:VIX,2023-04-05,691,C:\Users\hkhat\OneDrive\Desktop\Project\Dissertation\data_extended_2023_2026\raw\index_minute_1\ticker=I_VIX\date=2023-04-05\data.parquet,ok,
index_minute_1,I:VIX,2023-04-06,652,C:\Users\hkhat\OneDrive\Desktop\Project\Dissertation\data_extended_2023_2026\raw\index_minute_1\ticker=I_VIX\date=2023-04-06\data.parquet,ok,
index_minute_1,I:VIX,2023-04-07,0,,empty,No qualifying bars
index_minute_1,I:VIX,2023-04-10,563,C:\Users\hkhat\OneDrive\Desktop\Project\Dissertation\data_extended_2023_2026\raw\index_minute_1\ticker=I_VIX\date=2023-04-10\data.parquet,ok,
index_minute_1,I:VIX,2023-04-11,622,C:\Users\hkhat\OneDrive\Desktop\Project\Dissertation\data_extended_2023_2026\raw\index_minute_1\ticker=I_VIX\date=2023-04-11\data.parquet,ok,
index_minute_1,I:VIX,2023-04-12,617,C:\Users\hkhat\OneDrive\Desktop\Project\Dissertation\data_extended_2023_2026\raw\index_minute_1\ticker=I_VIX\date=2023-04-12\data.parquet,ok,
index_minute_1,I:VIX,2023-04-13,654,C:\Users\hkhat\OneDrive\Desktop\Project\Dissertation\data_extended_2023_2026\raw\index_minute_1\ticker=I_VIX\date=2023-04-13\data.parquet,ok,
index_minute_1,I:VIX,2023-04-14,664,C:\Users\hkhat\OneDrive\Desktop\Project\Dissertation\data_extended_2023_2026\raw\index_minute_1\ticker=I_VIX\date=2023-04-14\data.parquet,ok,
index_minute_1,I:VIX,2023-04-17,670,C:\Users\hkhat\OneDrive\Desktop\Project\Dissertation\data_extended_2023_2026\raw\index_minute_1\ticker=I_VIX\date=2023-04-17\data.parquet,ok,
index_minute_1,I:VIX,2023-04-18,663,C:\Users\hkhat\OneDrive\Desktop\Project\Dissertation\data_extended_2023_2026\raw\index_minute_1\ticker=I_VIX\date=2023-04-18\data.parquet,ok,
index_minute_1,I:VIX,2023-04-19,727,C:\Users\hkhat\OneDrive\Desktop\Project\Dissertation\data_extended_2023_2026\raw\index_minute_1\ticker=I_VIX\date=2023-04-19\data.parquet,ok,
index_minute_1,I:VIX,2023-04-20,710,C:\Users\hkhat\OneDrive\Desktop\Project\Dissertation\data_extended_2023_2026\raw\index_minute_1\ticker=I_VIX\date=2023-04-20\data.parquet,ok,
index_minute_1,I:VIX,2023-04-21,713,C:\Users\hkhat\OneDrive\Desktop\Project\Dissertation\data_extended_2023_2026\raw\index_minute_1\ticker=I_VIX\date=2023-04-21\data.parquet,ok,
index_minute_1,I:VIX,2023-04-24,668,C:\Users\hkhat\OneDrive\Desktop\Project\Dissertation\data_extended_2023_2026\raw\index_minute_1\ticker=I_VIX\date=2023-04-24\data.parquet,ok,
index_minute_1,I:VIX,2023-04-25,706,C:\Users\hkhat\OneDrive\Desktop\Project\Dissertation\data_extended_2023_2026\raw\index_minute_1\ticker=I_VIX\date=2023-04-25\data.parquet,ok,
index_minute_1,I:VIX,2023-04-26,737,C:\Users\hkhat\OneDrive\Desktop\Project\Dissertation\data_extended_2023_2026\raw\index_minute_1\ticker=I_VIX\date=2023-04-26\data.parquet,ok,
index_minute_1,I:VIX,2023-04-27,709,C:\Users\hkhat\OneDrive\Desktop\Project\Dissertation\data_extended_2023_2026\raw\index_minute_1\ticker=I_VIX\date=2023-04-27\data.parquet,ok,
index_minute_1,I:VIX,2023-04-28,714,C:\Users\hkhat\OneDrive\Desktop\Project\Dissertation\data_extended_2023_2026\raw\index_minute_1\ticker=I_VIX\date=2023-04-28\data.parquet,ok,
index_minute_1,I:VIX,2023-05-01,592,C:\Users\hkhat\OneDrive\Desktop\Project\Dissertation\data_extended_2023_2026\raw\index_minute_1\ticker=I_VIX\date=2023-05-01\data.parquet,ok,
index_minute_1,I:VIX,2023-05-02,661,C:\Users\hkhat\OneDrive\Desktop\Project\Dissertation\data_extended_2023_2026\raw\index_minute_1\ticker=I_VIX\date=2023-05-02\data.parquet,ok,
index_minute_1,I:VIX,2023-05-03,719,C:\Users\hkhat\OneDrive\Desktop\Project\Dissertation\data_extended_2023_2026\raw\index_minute_1\ticker=I_VIX\date=2023-05-03\data.parquet,ok,
index_minute_1,I:VIX,2023-05-04,742,C:\Users\hkhat\OneDrive\Desktop\Project\Dissertation\data_extended_2023_2026\raw\index_minute_1\ticker=I_VIX\date=2023-05-04\data.parquet,ok,
index_minute_1,I:VIX,2023-05-05,714,C:\Users\hkhat\OneDrive\Desktop\Project\Dissertation\data_extended_2023_2026\raw\index_minute_1\ticker=I_VIX\date=2023-05-05\data.parquet,ok,
index_minute_1,I:VIX,2023-05-08,622,C:\Users\hkhat\OneDrive\Desktop\Project\Dissertation\data_extended_2023_2026\raw\index_minute_1\ticker=I_VIX\date=2023-05-08\data.parquet,ok,
index_minute_1,I:VIX,2023-05-09,683,C:\Users\hkhat\OneDrive\Desktop\Project\Dissertation\data_extended_2023_2026\raw\index_minute_1\ticker=I_VIX\date=2023-05-09\data.parquet,ok,
index_minute_1,I:VIX,2023-05-10,722,C:\Users\hkhat\OneDrive\Desktop\Project\Dissertation\data_extended_2023_2026\raw\index_minute_1\ticker=I_VIX\date=2023-05-10\data.parquet,ok,
index_minute_1,I:VIX,2023-05-11,719,C:\Users\hkhat\OneDrive\Desktop\Project\Dissertation\data_extended_2023_2026\raw\index_minute_1\ticker=I_VIX\date=2023-05-11\data.parquet,ok,
index_minute_1,I:VIX,2023-05-12,694,C:\Users\hkhat\OneDrive\Desktop\Project\Dissertation\data_extended_2023_2026\raw\index_minute_1\ticker=I_VIX\date=2023-05-12\data.parquet,ok,
index_minute_1,I:VIX,2023-05-15,691,C:\Users\hkhat\OneDrive\Desktop\Project\Dissertation\data_extended_2023_2026\raw\index_minute_1\ticker=I_VIX\date=2023-05-15\data.parquet,ok,
index_minute_1,I:VIX,2023-05-16,724,C:\Users\hkhat\OneDrive\Desktop\Project\Dissertation\data_extended_2023_2026\raw\index_minute_1\ticker=I_VIX\date=2023-05-16\data.parquet,ok,
index_minute_1,I:VIX,2023-05-17,718,C:\Users\hkhat\OneDrive\Desktop\Project\Dissertation\data_extended_2023_2026\raw\index_minute_1\ticker=I_VIX\date=2023-05-17\data.parquet,ok,
index_minute_1,I:VIX,2023-05-18,684,C:\Users\hkhat\OneDrive\Desktop\Project\Dissertation\data_extended_2023_2026\raw\index_minute_1\ticker=I_VIX\date=2023-05-18\data.parquet,ok,
index_minute_1,I:VIX,2023-05-19,684,C:\Users\hkhat\OneDrive\Desktop\Project\Dissertation\data_extended_2023_2026\raw\index_minute_1\ticker=I_VIX\date=2023-05-19\data.parquet,ok,
index_minute_1,I:VIX,2023-05-22,672,C:\Users\hkhat\OneDrive\Desktop\Project\Dissertation\data_extended_2023_2026\raw\index_minute_1\ticker=I_VIX\date=2023-05-22\data.parquet,ok,
index_minute_1,I:VIX,2023-05-23,687,C:\Users\hkhat\OneDrive\Desktop\Project\Dissertation\data_extended_2023_2026\raw\index_minute_1\ticker=I_VIX\date=2023-05-23\data.parquet,ok,
index_minute_1,I:VIX,2023-05-24,735,C:\Users\hkhat\OneDrive\Desktop\Project\Dissertation\data_extended_2023_2026\raw\index_minute_1\ticker=I_VIX\date=2023-05-24\data.parquet,ok,
index_minute_1,I:VIX,2023-05-25,734,C:\Users\hkhat\OneDrive\Desktop\Project\Dissertation\data_extended_2023_2026\raw\index_minute_1\ticker=I_VIX\date=2023-05-25\data.parquet,ok,
index_minute_1,I:VIX,2023-05-26,724,C:\Users\hkhat\OneDrive\Desktop\Project\Dissertation\data_extended_2023_2026\raw\index_minute_1\ticker=I_VIX\date=2023-05-26\data.parquet,ok,
index_minute_1,I:VIX,2023-05-29,308,C:\Users\hkhat\OneDrive\Desktop\Project\Dissertation\data_extended_2023_2026\raw\index_minute_1\ticker=I_VIX\date=2023-05-29\data.parquet,ok,
index_minute_1,I:VIX,2023-05-30,703,C:\Users\hkhat\OneDrive\Desktop\Project\Dissertation\data_extended_2023_2026\raw\index_minute_1\ticker=I_VIX\date=2023-05-30\data.parquet,ok,
index_minute_1,I:VIX,2023-05-31,723,C:\Users\hkhat\OneDrive\Desktop\Project\Dissertation\data_extended_2023_2026\raw\index_minute_1\ticker=I_VIX\date=2023-05-31\data.parquet,ok,
index_minute_1,I:VIX,2023-06-01,703,C:\Users\hkhat\OneDrive\Desktop\Project\Dissertation\data_extended_2023_2026\raw\index_minute_1\ticker=I_VIX\date=2023-06-01\data.parquet,ok,
index_minute_1,I:VIX,2023-06-02,675,C:\Users\hkhat\OneDrive\Desktop\Project\Dissertation\data_extended_2023_2026\raw\index_minute_1\ticker=I_VIX\date=2023-06-02\data.parquet,ok,
index_minute_1,I:VIX,2023-06-05,573,C:\Users\hkhat\OneDrive\Desktop\Project\Dissertation\data_extended_2023_2026\raw\index_minute_1\ticker=I_VIX\date=2023-06-05\data.parquet,ok,
index_minute_1,I:VIX,2023-06-06,607,C:\Users\hkhat\OneDrive\Desktop\Project\Dissertation\data_extended_2023_2026\raw\index_minute_1\ticker=I_VIX\date=2023-06-06\data.parquet,ok,
index_minute_1,I:VIX,2023-06-07,592,C:\Users\hkhat\OneDrive\Desktop\Project\Dissertation\data_extended_2023_2026\raw\index_minute_1\ticker=I_VIX\date=2023-06-07\data.parquet,ok,
index_minute_1,I:VIX,2023-06-08,613,C:\Users\hkhat\OneDrive\Desktop\Project\Dissertation\data_extended_2023_2026\raw\index_minute_1\ticker=I_VIX\date=2023-06-08\data.parquet,ok,
index_minute_1,I:VIX,2023-06-09,592,C:\Users\hkhat\OneDrive\Desktop\Project\Dissertation\data_extended_2023_2026\raw\index_minute_1\ticker=I_VIX\date=2023-06-09\data.parquet,ok,
index_minute_1,I:VIX,2023-06-12,555,C:\Users\hkhat\OneDrive\Desktop\Project\Dissertation\data_extended_2023_2026\raw\index_minute_1\ticker=I_VIX\date=2023-06-12\data.parquet,ok,
index_minute_1,I:VIX,2023-06-13,561,C:\Users\hkhat\OneDrive\Desktop\Project\Dissertation\data_extended_2023_2026\raw\index_minute_1\ticker=I_VIX\date=2023-06-13\data.parquet,ok,
index_minute_1,I:VIX,2023-06-14,540,C:\Users\hkhat\OneDrive\Desktop\Project\Dissertation\data_extended_2023_2026\raw\index_minute_1\ticker=I_VIX\date=2023-06-14\data.parquet,ok,
index_minute_1,I:VIX,2023-06-15,544,C:\Users\hkhat\OneDrive\Desktop\Project\Dissertation\data_extended_2023_2026\raw\index_minute_1\ticker=I_VIX\date=2023-06-15\data.parquet,ok,
index_minute_1,I:VIX,2023-06-16,508,C:\Users\hkhat\OneDrive\Desktop\Project\Dissertation\data_extended_2023_2026\raw\index_minute_1\ticker=I_VIX\date=2023-06-16\data.parquet,ok,
index_minute_1,I:VIX,2023-06-19,183,C:\Users\hkhat\OneDrive\Desktop\Project\Dissertation\data_extended_2023_2026\raw\index_minute_1\ticker=I_VIX\date=2023-06-19\data.parquet,ok,
index_minute_1,I:VIX,2023-06-20,556,C:\Users\hkhat\OneDrive\Desktop\Project\Dissertation\data_extended_2023_2026\raw\index_minute_1\ticker=I_VIX\date=2023-06-20\data.parquet,ok,
index_minute_1,I:VIX,2023-06-21,594,C:\Users\hkhat\OneDrive\Desktop\Project\Dissertation\data_extended_2023_2026\raw\index_minute_1\ticker=I_VIX\date=2023-06-21\data.parquet,ok,
index_minute_1,I:VIX,2023-06-22,649,C:\Users\hkhat\OneDrive\Desktop\Project\Dissertation\data_extended_2023_2026\raw\index_minute_1\ticker=I_VIX\date=2023-06-22\data.parquet,ok,
index_minute_1,I:VIX,2023-06-23,645,C:\Users\hkhat\OneDrive\Desktop\Project\Dissertation\data_extended_2023_2026\raw\index_minute_1\ticker=I_VIX\date=2023-06-23\data.parquet,ok,
index_minute_1,I:VIX,2023-06-26,633,C:\Users\hkhat\OneDrive\Desktop\Project\Dissertation\data_extended_2023_2026\raw\index_minute_1\ticker=I_VIX\date=2023-06-26\data.parquet,ok,
index_minute_1,I:VIX,2023-06-27,554,C:\Users\hkhat\OneDrive\Desktop\Project\Dissertation\data_extended_2023_2026\raw\index_minute_1\ticker=I_VIX\date=2023-06-27\data.parquet,ok,
index_minute_1,I:VIX,2023-06-28,495,C:\Users\hkhat\OneDrive\Desktop\Project\Dissertation\data_extended_2023_2026\raw\index_minute_1\ticker=I_VIX\date=2023-06-28\data.parquet,ok,
index_minute_1,I:VIX,2023-06-29,494,C:\Users\hkhat\OneDrive\Desktop\Project\Dissertation\data_extended_2023_2026\raw\index_minute_1\ticker=I_VIX\date=2023-06-29\data.parquet,ok,
index_minute_1,I:VIX,2023-06-30,481,C:\Users\hkhat\OneDrive\Desktop\Project\Dissertation\data_extended_2023_2026\raw\index_minute_1\ticker=I_VIX\date=2023-06-30\data.parquet,ok,
index_minute_1,I:VIX,2023-07-03,275,C:\Users\hkhat\OneDrive\Desktop\Project\Dissertation\data_extended_2023_2026\raw\index_minute_1\ticker=I_VIX\date=2023-07-03\data.parquet,ok,
index_minute_1,I:VIX,2023-07-04,87,C:\Users\hkhat\OneDrive\Desktop\Project\Dissertation\data_extended_2023_2026\raw\index_minute_1\ticker=I_VIX\date=2023-07-04\data.parquet,ok,
index_minute_1,I:VIX,2023-07-05,498,C:\Users\hkhat\OneDrive\Desktop\Project\Dissertation\data_extended_2023_2026\raw\index_minute_1\ticker=I_VIX\date=2023-07-05\data.parquet,ok,
index_minute_1,I:VIX,2023-07-06,609,C:\Users\hkhat\OneDrive\Desktop\Project\Dissertation\data_extended_2023_2026\raw\index_minute_1\ticker=I_VIX\date=2023-07-06\data.parquet,ok,
index_minute_1,I:VIX,2023-07-07,591,C:\Users\hkhat\OneDrive\Desktop\Project\Dissertation\data_extended_2023_2026\raw\index_minute_1\ticker=I_VIX\date=2023-07-07\data.parquet,ok,
index_minute_1,I:VIX,2023-07-10,614,C:\Users\hkhat\OneDrive\Desktop\Project\Dissertation\data_extended_2023_2026\raw\index_minute_1\ticker=I_VIX\date=2023-07-10\data.parquet,ok,
index_minute_1,I:VIX,2023-07-11,569,C:\Users\hkhat\OneDrive\Desktop\Project\Dissertation\data_extended_2023_2026\raw\index_minute_1\ticker=I_VIX\date=2023-07-11\data.parquet,ok,
index_minute_1,I:VIX,2023-07-12,527,C:\Users\hkhat\OneDrive\Desktop\Project\Dissertation\data_extended_2023_2026\raw\index_minute_1\ticker=I_VIX\date=2023-07-12\data.parquet,ok,
index_minute_1,I:VIX,2023-07-13,474,C:\Users\hkhat\OneDrive\Desktop\Project\Dissertation\data_extended_2023_2026\raw\index_minute_1\ticker=I_VIX\date=2023-07-13\data.parquet,ok,
index_minute_1,I:VIX,2023-07-14,491,C:\Users\hkhat\OneDrive\Desktop\Project\Dissertation\data_extended_2023_2026\raw\index_minute_1\ticker=I_VIX\date=2023-07-14\data.parquet,ok,
index_minute_1,I:VIX,2023-07-17,485,C:\Users\hkhat\OneDrive\Desktop\Project\Dissertation\data_extended_2023_2026\raw\index_minute_1\ticker=I_VIX\date=2023-07-17\data.parquet,ok,
index_minute_1,I:VIX,2023-07-18,444,C:\Users\hkhat\OneDrive\Desktop\Project\Dissertation\data_extended_2023_2026\raw\index_minute_1\ticker=I_VIX\date=2023-07-18\data.parquet,ok,
index_minute_1,I:VIX,2023-07-19,495,C:\Users\hkhat\OneDrive\Desktop\Project\Dissertation\data_extended_2023_2026\raw\index_minute_1\ticker=I_VIX\date=2023-07-19\data.parquet,ok,
index_minute_1,I:VIX,2023-07-20,524,C:\Users\hkhat\OneDrive\Desktop\Project\Dissertation\data_extended_2023_2026\raw\index_minute_1\ticker=I_VIX\date=2023-07-20\data.parquet,ok,
index_minute_1,I:VIX,2023-07-21,538,C:\Users\hkhat\OneDrive\Desktop\Project\Dissertation\data_extended_2023_2026\raw\index_minute_1\ticker=I_VIX\date=2023-07-21\data.parquet,ok,
index_minute_1,I:VIX,2023-07-24,418,C:\Users\hkhat\OneDrive\Desktop\Project\Dissertation\data_extended_2023_2026\raw\index_minute_1\ticker=I_VIX\date=2023-07-24\data.parquet,ok,
index_minute_1,I:VIX,2023-07-25,396,C:\Users\hkhat\OneDrive\Desktop\Project\Dissertation\data_extended_2023_2026\raw\index_minute_1\ticker=I_VIX\date=2023-07-25\data.parquet,ok,
index_minute_1,I:VIX,2023-07-26,457,C:\Users\hkhat\OneDrive\Desktop\Project\Dissertation\data_extended_2023_2026\raw\index_minute_1\ticker=I_VIX\date=2023-07-26\data.parquet,ok,
index_minute_1,I:VIX,2023-07-27,504,C:\Users\hkhat\OneDrive\Desktop\Project\Dissertation\data_extended_2023_2026\raw\index_minute_1\ticker=I_VIX\date=2023-07-27\data.parquet,ok,
index_minute_1,I:VIX,2023-07-28,582,C:\Users\hkhat\OneDrive\Desktop\Project\Dissertation\data_extended_2023_2026\raw\index_minute_1\ticker=I_VIX\date=2023-07-28\data.parquet,ok,
index_minute_1,I:VIX,2023-07-31,460,C:\Users\hkhat\OneDrive\Desktop\Project\Dissertation\data_extended_2023_2026\raw\index_minute_1\ticker=I_VIX\date=2023-07-31\data.parquet,ok,
index_minute_1,I:VIX,2023-08-01,532,C:\Users\hkhat\OneDrive\Desktop\Project\Dissertation\data_extended_2023_2026\raw\index_minute_1\ticker=I_VIX\date=2023-08-01\data.parquet,ok,
index_minute_1,I:VIX,2023-08-02,703,C:\Users\hkhat\OneDrive\Desktop\Project\Dissertation\data_extended_2023_2026\raw\index_minute_1\ticker=I_VIX\date=2023-08-02\data.parquet,ok,
index_minute_1,I:VIX,2023-08-03,729,C:\Users\hkhat\OneDrive\Desktop\Project\Dissertation\data_extended_2023_2026\raw\index_minute_1\ticker=I_VIX\date=2023-08-03\data.parquet,ok,
index_minute_1,I:VIX,2023-08-04,684,C:\Users\hkhat\OneDrive\Desktop\Project\Dissertation\data_extended_2023_2026\raw\index_minute_1\ticker=I_VIX\date=2023-08-04\data.parquet,ok,
index_minute_1,I:VIX,2023-08-07,718,C:\Users\hkhat\OneDrive\Desktop\Project\Dissertation\data_extended_2023_2026\raw\index_minute_1\ticker=I_VIX\date=2023-08-07\data.parquet,ok,
index_minute_1,I:VIX,2023-08-08,722,C:\Users\hkhat\OneDrive\Desktop\Project\Dissertation\data_extended_2023_2026\raw\index_minute_1\ticker=I_VIX\date=2023-08-08\data.parquet,ok,
index_minute_1,I:VIX,2023-08-09,698,C:\Users\hkhat\OneDrive\Desktop\Project\Dissertation\data_extended_2023_2026\raw\index_minute_1\ticker=I_VIX\date=2023-08-09\data.parquet,ok,
index_minute_1,I:VIX,2023-08-10,684,C:\Users\hkhat\OneDrive\Desktop\Project\Dissertation\data_extended_2023_2026\raw\index_minute_1\ticker=I_VIX\date=2023-08-10\data.parquet,ok,
index_minute_1,I:VIX,2023-08-11,723,C:\Users\hkhat\OneDrive\Desktop\Project\Dissertation\data_extended_2023_2026\raw\index_minute_1\ticker=I_VIX\date=2023-08-11\data.parquet,ok,
index_minute_1,I:VIX,2023-08-14,711,C:\Users\hkhat\OneDrive\Desktop\Project\Dissertation\data_extended_2023_2026\raw\index_minute_1\ticker=I_VIX\date=2023-08-14\data.parquet,ok,
index_minute_1,I:VIX,2023-08-15,735,C:\Users\hkhat\OneDrive\Desktop\Project\Dissertation\data_extended_2023_2026\raw\index_minute_1\ticker=I_VIX\date=2023-08-15\data.parquet,ok,
index_minute_1,I:VIX,2023-08-16,732,C:\Users\hkhat\OneDrive\Desktop\Project\Dissertation\data_extended_2023_2026\raw\index_minute_1\ticker=I_VIX\date=2023-08-16\data.parquet,ok,
index_minute_1,I:VIX,2023-08-17,719,C:\Users\hkhat\OneDrive\Desktop\Project\Dissertation\data_extended_2023_2026\raw\index_minute_1\ticker=I_VIX\date=2023-08-17\data.parquet,ok,
index_minute_1,I:VIX,2023-08-18,729,C:\Users\hkhat\OneDrive\Desktop\Project\Dissertation\data_extended_2023_2026\raw\index_minute_1\ticker=I_VIX\date=2023-08-18\data.parquet,ok,
index_minute_1,I:VIX,2023-08-21,703,C:\Users\hkhat\OneDrive\Desktop\Project\Dissertation\data_extended_2023_2026\raw\index_minute_1\ticker=I_VIX\date=2023-08-21\data.parquet,ok,
index_minute_1,I:VIX,2023-08-22,681,C:\Users\hkhat\OneDrive\Desktop\Project\Dissertation\data_extended_2023_2026\raw\index_minute_1\ticker=I_VIX\date=2023-08-22\data.parquet,ok,
index_minute_1,I:VIX,2023-08-23,659,C:\Users\hkhat\OneDrive\Desktop\Project\Dissertation\data_extended_2023_2026\raw\index_minute_1\ticker=I_VIX\date=2023-08-23\data.parquet,ok,
index_minute_1,I:VIX,2023-08-24,684,C:\Users\hkhat\OneDrive\Desktop\Project\Dissertation\data_extended_2023_2026\raw\index_minute_1\ticker=I_VIX\date=2023-08-24\data.parquet,ok,
index_minute_1,I:VIX,2023-08-25,676,C:\Users\hkhat\OneDrive\Desktop\Project\Dissertation\data_extended_2023_2026\raw\index_minute_1\ticker=I_VIX\date=2023-08-25\data.parquet,ok,
index_minute_1,I:VIX,2023-08-28,656,C:\Users\hkhat\OneDrive\Desktop\Project\Dissertation\data_extended_2023_2026\raw\index_minute_1\ticker=I_VIX\date=2023-08-28\data.parquet,ok,
index_minute_1,I:VIX,2023-08-29,653,C:\Users\hkhat\OneDrive\Desktop\Project\Dissertation\data_extended_2023_2026\raw\index_minute_1\ticker=I_VIX\date=2023-08-29\data.parquet,ok,
index_minute_1,I:VIX,2023-08-30,628,C:\Users\hkhat\OneDrive\Desktop\Project\Dissertation\data_extended_2023_2026\raw\index_minute_1\ticker=I_VIX\date=2023-08-30\data.parquet,ok,
index_minute_1,I:VIX,2023-08-31,628,C:\Users\hkhat\OneDrive\Desktop\Project\Dissertation\data_extended_2023_2026\raw\index_minute_1\ticker=I_VIX\date=2023-08-31\data.parquet,ok,
index_minute_1,I:VIX,2023-09-01,630,C:\Users\hkhat\OneDrive\Desktop\Project\Dissertation\data_extended_2023_2026\raw\index_minute_1\ticker=I_VIX\date=2023-09-01\data.parquet,ok,
index_minute_1,I:VIX,2023-09-04,216,C:\Users\hkhat\OneDrive\Desktop\Project\Dissertation\data_extended_2023_2026\raw\index_minute_1\ticker=I_VIX\date=2023-09-04\data.parquet,ok,
index_minute_1,I:VIX,2023-09-05,630,C:\Users\hkhat\OneDrive\Desktop\Project\Dissertation\data_extended_2023_2026\raw\index_minute_1\ticker=I_VIX\date=2023-09-05\data.parquet,ok,
index_minute_1,I:VIX,2023-09-06,640,C:\Users\hkhat\OneDrive\Desktop\Project\Dissertation\data_extended_2023_2026\raw\index_minute_1\ticker=I_VIX\date=2023-09-06\data.parquet,ok,
index_minute_1,I:VIX,2023-09-07,690,C:\Users\hkhat\OneDrive\Desktop\Project\Dissertation\data_extended_2023_2026\raw\index_minute_1\ticker=I_VIX\date=2023-09-07\data.parquet,ok,
index_minute_1,I:VIX,2023-09-08,689,C:\Users\hkhat\OneDrive\Desktop\Project\Dissertation\data_extended_2023_2026\raw\index_minute_1\ticker=I_VIX\date=2023-09-08\data.parquet,ok,
index_minute_1,I:VIX,2023-09-11,598,C:\Users\hkhat\OneDrive\Desktop\Project\Dissertation\data_extended_2023_2026\raw\index_minute_1\ticker=I_VIX\date=2023-09-11\data.parquet,ok,
index_minute_1,I:VIX,2023-09-12,646,C:\Users\hkhat\OneDrive\Desktop\Project\Dissertation\data_extended_2023_2026\raw\index_minute_1\ticker=I_VIX\date=2023-09-12\data.parquet,ok,
index_minute_1,I:VIX,2023-09-13,659,C:\Users\hkhat\OneDrive\Desktop\Project\Dissertation\data_extended_2023_2026\raw\index_minute_1\ticker=I_VIX\date=2023-09-13\data.parquet,ok,
index_minute_1,I:VIX,2023-09-14,618,C:\Users\hkhat\OneDrive\Desktop\Project\Dissertation\data_extended_2023_2026\raw\index_minute_1\ticker=I_VIX\date=2023-09-14\data.parquet,ok,
index_minute_1,I:VIX,2023-09-15,621,C:\Users\hkhat\OneDrive\Desktop\Project\Dissertation\data_extended_2023_2026\raw\index_minute_1\ticker=I_VIX\date=2023-09-15\data.parquet,ok,
index_minute_1,I:VIX,2023-09-18,655,C:\Users\hkhat\OneDrive\Desktop\Project\Dissertation\data_extended_2023_2026\raw\index_minute_1\ticker=I_VIX\date=2023-09-18\data.parquet,ok,
index_minute_1,I:VIX,2023-09-19,632,C:\Users\hkhat\OneDrive\Desktop\Project\Dissertation\data_extended_2023_2026\raw\index_minute_1\ticker=I_VIX\date=2023-09-19\data.parquet,ok,
index_minute_1,I:VIX,2023-09-20,647,C:\Users\hkhat\OneDrive\Desktop\Project\Dissertation\data_extended_2023_2026\raw\index_minute_1\ticker=I_VIX\date=2023-09-20\data.parquet,ok,
index_minute_1,I:VIX,2023-09-21,714,C:\Users\hkhat\OneDrive\Desktop\Project\Dissertation\data_extended_2023_2026\raw\index_minute_1\ticker=I_VIX\date=2023-09-21\data.parquet,ok,
index_minute_1,I:VIX,2023-09-22,722,C:\Users\hkhat\OneDrive\Desktop\Project\Dissertation\data_extended_2023_2026\raw\index_minute_1\ticker=I_VIX\date=2023-09-22\data.parquet,ok,
index_minute_1,I:VIX,2023-09-25,738,C:\Users\hkhat\OneDrive\Desktop\Project\Dissertation\data_extended_2023_2026\raw\index_minute_1\ticker=I_VIX\date=2023-09-25\data.parquet,ok,
index_minute_1,I:VIX,2023-09-26,731,C:\Users\hkhat\OneDrive\Desktop\Project\Dissertation\data_extended_2023_2026\raw\index_minute_1\ticker=I_VIX\date=2023-09-26\data.parquet,ok,
index_minute_1,I:VIX,2023-09-27,695,C:\Users\hkhat\OneDrive\Desktop\Project\Dissertation\data_extended_2023_2026\raw\index_minute_1\ticker=I_VIX\date=2023-09-27\data.parquet,ok,
index_minute_1,I:VIX,2023-09-28,723,C:\Users\hkhat\OneDrive\Desktop\Project\Dissertation\data_extended_2023_2026\raw\index_minute_1\ticker=I_VIX\date=2023-09-28\data.parquet,ok,
index_minute_1,I:VIX,2023-09-29,692,C:\Users\hkhat\OneDrive\Desktop\Project\Dissertation\data_extended_2023_2026\raw\index_minute_1\ticker=I_VIX\date=2023-09-29\data.parquet,ok,
index_minute_1,I:VIX,2023-10-02,707,C:\Users\hkhat\OneDrive\Desktop\Project\Dissertation\data_extended_2023_2026\raw\index_minute_1\ticker=I_VIX\date=2023-10-02\data.parquet,ok,
index_minute_1,I:VIX,2023-10-03,722,C:\Users\hkhat\OneDrive\Desktop\Project\Dissertation\data_extended_2023_2026\raw\index_minute_1\ticker=I_VIX\date=2023-10-03\data.parquet,ok,
index_minute_1,I:VIX,2023-10-04,734,C:\Users\hkhat\OneDrive\Desktop\Project\Dissertation\data_extended_2023_2026\raw\index_minute_1\ticker=I_VIX\date=2023-10-04\data.parquet,ok,
index_minute_1,I:VIX,2023-10-05,717,C:\Users\hkhat\OneDrive\Desktop\Project\Dissertation\data_extended_2023_2026\raw\index_minute_1\ticker=I_VIX\date=2023-10-05\data.parquet,ok,
index_minute_1,I:VIX,2023-10-06,695,C:\Users\hkhat\OneDrive\Desktop\Project\Dissertation\data_extended_2023_2026\raw\index_minute_1\ticker=I_VIX\date=2023-10-06\data.parquet,ok,
index_minute_1,I:VIX,2023-10-09,709,C:\Users\hkhat\OneDrive\Desktop\Project\Dissertation\data_extended_2023_2026\raw\index_minute_1\ticker=I_VIX\date=2023-10-09\data.parquet,ok,
index_minute_1,I:VIX,2023-10-10,685,C:\Users\hkhat\OneDrive\Desktop\Project\Dissertation\data_extended_2023_2026\raw\index_minute_1\ticker=I_VIX\date=2023-10-10\data.parquet,ok,
index_minute_1,I:VIX,2023-10-11,693,C:\Users\hkhat\OneDrive\Desktop\Project\Dissertation\data_extended_2023_2026\raw\index_minute_1\ticker=I_VIX\date=2023-10-11\data.parquet,ok,
index_minute_1,I:VIX,2023-10-12,655,C:\Users\hkhat\OneDrive\Desktop\Project\Dissertation\data_extended_2023_2026\raw\index_minute_1\ticker=I_VIX\date=2023-10-12\data.parquet,ok,
index_minute_1,I:VIX,2023-10-13,736,C:\Users\hkhat\OneDrive\Desktop\Project\Dissertation\data_extended_2023_2026\raw\index_minute_1\ticker=I_VIX\date=2023-10-13\data.parquet,ok,
index_minute_1,I:VIX,2023-10-16,738,C:\Users\hkhat\OneDrive\Desktop\Project\Dissertation\data_extended_2023_2026\raw\index_minute_1\ticker=I_VIX\date=2023-10-16\data.parquet,ok,
index_minute_1,I:VIX,2023-10-17,736,C:\Users\hkhat\OneDrive\Desktop\Project\Dissertation\data_extended_2023_2026\raw\index_minute_1\ticker=I_VIX\date=2023-10-17\data.parquet,ok,
index_minute_1,I:VIX,2023-10-18,733,C:\Users\hkhat\OneDrive\Desktop\Project\Dissertation\data_extended_2023_2026\raw\index_minute_1\ticker=I_VIX\date=2023-10-18\data.parquet,ok,
index_minute_1,I:VIX,2023-10-19,743,C:\Users\hkhat\OneDrive\Desktop\Project\Dissertation\data_extended_2023_2026\raw\index_minute_1\ticker=I_VIX\date=2023-10-19\data.parquet,ok,
index_minute_1,I:VIX,2023-10-20,741,C:\Users\hkhat\OneDrive\Desktop\Project\Dissertation\data_extended_2023_2026\raw\index_minute_1\ticker=I_VIX\date=2023-10-20\data.parquet,ok,
index_minute_1,I:VIX,2023-10-23,736,C:\Users\hkhat\OneDrive\Desktop\Project\Dissertation\data_extended_2023_2026\raw\index_minute_1\ticker=I_VIX\date=2023-10-23\data.parquet,ok,
index_minute_1,I:VIX,2023-10-24,712,C:\Users\hkhat\OneDrive\Desktop\Project\Dissertation\data_extended_2023_2026\raw\index_minute_1\ticker=I_VIX\date=2023-10-24\data.parquet,ok,
index_minute_1,I:VIX,2023-10-25,677,C:\Users\hkhat\OneDrive\Desktop\Project\Dissertation\data_extended_2023_2026\raw\index_minute_1\ticker=I_VIX\date=2023-10-25\data.parquet,ok,
index_minute_1,I:VIX,2023-10-26,740,C:\Users\hkhat\OneDrive\Desktop\Project\Dissertation\data_extended_2023_2026\raw\index_minute_1\ticker=I_VIX\date=2023-10-26\data.parquet,ok,
index_minute_1,I:VIX,2023-10-27,711,C:\Users\hkhat\OneDrive\Desktop\Project\Dissertation\data_extended_2023_2026\raw\index_minute_1\ticker=I_VIX\date=2023-10-27\data.parquet,ok,
index_minute_1,I:VIX,2023-10-30,709,C:\Users\hkhat\OneDrive\Desktop\Project\Dissertation\data_extended_2023_2026\raw\index_minute_1\ticker=I_VIX\date=2023-10-30\data.parquet,ok,
index_minute_1,I:VIX,2023-10-31,702,C:\Users\hkhat\OneDrive\Desktop\Project\Dissertation\data_extended_2023_2026\raw\index_minute_1\ticker=I_VIX\date=2023-10-31\data.parquet,ok,
index_minute_1,I:VIX,2023-11-01,702,C:\Users\hkhat\OneDrive\Desktop\Project\Dissertation\data_extended_2023_2026\raw\index_minute_1\ticker=I_VIX\date=2023-11-01\data.parquet,ok,
index_minute_1,I:VIX,2023-11-02,635,C:\Users\hkhat\OneDrive\Desktop\Project\Dissertation\data_extended_2023_2026\raw\index_minute_1\ticker=I_VIX\date=2023-11-02\data.parquet,ok,
index_minute_1,I:VIX,2023-11-03,621,C:\Users\hkhat\OneDrive\Desktop\Project\Dissertation\data_extended_2023_2026\raw\index_minute_1\ticker=I_VIX\date=2023-11-03\data.parquet,ok,
index_minute_1,I:VIX,2023-11-06,584,C:\Users\hkhat\OneDrive\Desktop\Project\Dissertation\data_extended_2023_2026\raw\index_minute_1\ticker=I_VIX\date=2023-11-06\data.parquet,ok,
index_minute_1,I:VIX,2023-11-07,612,C:\Users\hkhat\OneDrive\Desktop\Project\Dissertation\data_extended_2023_2026\raw\index_minute_1\ticker=I_VIX\date=2023-11-07\data.parquet,ok,
index_minute_1,I:VIX,2023-11-08,567,C:\Users\hkhat\OneDrive\Desktop\Project\Dissertation\data_extended_2023_2026\raw\index_minute_1\ticker=I_VIX\date=2023-11-08\data.parquet,ok,
index_minute_1,I:VIX,2023-11-09,615,C:\Users\hkhat\OneDrive\Desktop\Project\Dissertation\data_extended_2023_2026\raw\index_minute_1\ticker=I_VIX\date=2023-11-09\data.parquet,ok,
index_minute_1,I:VIX,2023-11-10,689,C:\Users\hkhat\OneDrive\Desktop\Project\Dissertation\data_extended_2023_2026\raw\index_minute_1\ticker=I_VIX\date=2023-11-10\data.parquet,ok,
index_minute_1,I:VIX,2023-11-13,589,C:\Users\hkhat\OneDrive\Desktop\Project\Dissertation\data_extended_2023_2026\raw\index_minute_1\ticker=I_VIX\date=2023-11-13\data.parquet,ok,
index_minute_1,I:VIX,2023-11-14,579,C:\Users\hkhat\OneDrive\Desktop\Project\Dissertation\data_extended_2023_2026\raw\index_minute_1\ticker=I_VIX\date=2023-11-14\data.parquet,ok,
index_minute_1,I:VIX,2023-11-15,570,C:\Users\hkhat\OneDrive\Desktop\Project\Dissertation\data_extended_2023_2026\raw\index_minute_1\ticker=I_VIX\date=2023-11-15\data.parquet,ok,
index_minute_1,I:VIX,2023-11-16,619,C:\Users\hkhat\OneDrive\Desktop\Project\Dissertation\data_extended_2023_2026\raw\index_minute_1\ticker=I_VIX\date=2023-11-16\data.parquet,ok,
index_minute_1,I:VIX,2023-11-17,584,C:\Users\hkhat\OneDrive\Desktop\Project\Dissertation\data_extended_2023_2026\raw\index_minute_1\ticker=I_VIX\date=2023-11-17\data.parquet,ok,
index_minute_1,I:VIX,2023-11-20,495,C:\Users\hkhat\OneDrive\Desktop\Project\Dissertation\data_extended_2023_2026\raw\index_minute_1\ticker=I_VIX\date=2023-11-20\data.parquet,ok,
index_minute_1,I:VIX,2023-11-21,474,C:\Users\hkhat\OneDrive\Desktop\Project\Dissertation\data_extended_2023_2026\raw\index_minute_1\ticker=I_VIX\date=2023-11-21\data.parquet,ok,
index_minute_1,I:VIX,2023-11-22,496,C:\Users\hkhat\OneDrive\Desktop\Project\Dissertation\data_extended_2023_2026\raw\index_minute_1\ticker=I_VIX\date=2023-11-22\data.parquet,ok,
index_minute_1,I:VIX,2023-11-23,128,C:\Users\hkhat\OneDrive\Desktop\Project\Dissertation\data_extended_2023_2026\raw\index_minute_1\ticker=I_VIX\date=2023-11-23\data.parquet,ok,
index_minute_1,I:VIX,2023-11-24,310,C:\Users\hkhat\OneDrive\Desktop\Project\Dissertation\data_extended_2023_2026\raw\index_minute_1\ticker=I_VIX\date=2023-11-24\data.parquet,ok,
index_minute_1,I:VIX,2023-11-27,465,C:\Users\hkhat\OneDrive\Desktop\Project\Dissertation\data_extended_2023_2026\raw\index_minute_1\ticker=I_VIX\date=2023-11-27\data.parquet,ok,
index_minute_1,I:VIX,2023-11-28,512,C:\Users\hkhat\OneDrive\Desktop\Project\Dissertation\data_extended_2023_2026\raw\index_minute_1\ticker=I_VIX\date=2023-11-28\data.parquet,ok,
index_minute_1,I:VIX,2023-11-29,527,C:\Users\hkhat\OneDrive\Desktop\Project\Dissertation\data_extended_2023_2026\raw\index_minute_1\ticker=I_VIX\date=2023-11-29\data.parquet,ok,
index_minute_1,I:VIX,2023-11-30,584,C:\Users\hkhat\OneDrive\Desktop\Project\Dissertation\data_extended_2023_2026\raw\index_minute_1\ticker=I_VIX\date=2023-11-30\data.parquet,ok,
index_minute_1,I:VIX,2023-12-01,538,C:\Users\hkhat\OneDrive\Desktop\Project\Dissertation\data_extended_2023_2026\raw\index_minute_1\ticker=I_VIX\date=2023-12-01\data.parquet,ok,
index_minute_1,I:VIX,2023-12-04,502,C:\Users\hkhat\OneDrive\Desktop\Project\Dissertation\data_extended_2023_2026\raw\index_minute_1\ticker=I_VIX\date=2023-12-04\data.parquet,ok,
index_minute_1,I:VIX,2023-12-05,545,C:\Users\hkhat\OneDrive\Desktop\Project\Dissertation\data_extended_2023_2026\raw\index_minute_1\ticker=I_VIX\date=2023-12-05\data.parquet,ok,
index_minute_1,I:VIX,2023-12-06,505,C:\Users\hkhat\OneDrive\Desktop\Project\Dissertation\data_extended_2023_2026\raw\index_minute_1\ticker=I_VIX\date=2023-12-06\data.parquet,ok,
index_minute_1,I:VIX,2023-12-07,503,C:\Users\hkhat\OneDrive\Desktop\Project\Dissertation\data_extended_2023_2026\raw\index_minute_1\ticker=I_VIX\date=2023-12-07\data.parquet,ok,
index_minute_1,I:VIX,2023-12-08,444,C:\Users\hkhat\OneDrive\Desktop\Project\Dissertation\data_extended_2023_2026\raw\index_minute_1\ticker=I_VIX\date=2023-12-08\data.parquet,ok,
index_minute_1,I:VIX,2023-12-11,409,C:\Users\hkhat\OneDrive\Desktop\Project\Dissertation\data_extended_2023_2026\raw\index_minute_1\ticker=I_VIX\date=2023-12-11\data.parquet,ok,
index_minute_1,I:VIX,2023-12-12,442,C:\Users\hkhat\OneDrive\Desktop\Project\Dissertation\data_extended_2023_2026\raw\index_minute_1\ticker=I_VIX\date=2023-12-12\data.parquet,ok,
index_minute_1,I:VIX,2023-12-13,400,C:\Users\hkhat\OneDrive\Desktop\Project\Dissertation\data_extended_2023_2026\raw\index_minute_1\ticker=I_VIX\date=2023-12-13\data.parquet,ok,
index_minute_1,I:VIX,2023-12-14,526,C:\Users\hkhat\OneDrive\Desktop\Project\Dissertation\data_extended_2023_2026\raw\index_minute_1\ticker=I_VIX\date=2023-12-14\data.parquet,ok,
index_minute_1,I:VIX,2023-12-15,526,C:\Users\hkhat\OneDrive\Desktop\Project\Dissertation\data_extended_2023_2026\raw\index_minute_1\ticker=I_VIX\date=2023-12-15\data.parquet,ok,
index_minute_1,I:VIX,2023-12-18,438,C:\Users\hkhat\OneDrive\Desktop\Project\Dissertation\data_extended_2023_2026\raw\index_minute_1\ticker=I_VIX\date=2023-12-18\data.parquet,ok,
index_minute_1,I:VIX,2023-12-19,399,C:\Users\hkhat\OneDrive\Desktop\Project\Dissertation\data_extended_2023_2026\raw\index_minute_1\ticker=I_VIX\date=2023-12-19\data.parquet,ok,
index_minute_1,I:VIX,2023-12-20,433,C:\Users\hkhat\OneDrive\Desktop\Project\Dissertation\data_extended_2023_2026\raw\index_minute_1\ticker=I_VIX\date=2023-12-20\data.parquet,ok,
index_minute_1,I:VIX,2023-12-21,608,C:\Users\hkhat\OneDrive\Desktop\Project\Dissertation\data_extended_2023_2026\raw\index_minute_1\ticker=I_VIX\date=2023-12-21\data.parquet,ok,
index_minute_1,I:VIX,2023-12-22,460,C:\Users\hkhat\OneDrive\Desktop\Project\Dissertation\data_extended_2023_2026\raw\index_minute_1\ticker=I_VIX\date=2023-12-22\data.parquet,ok,
index_minute_1,I:VIX,2023-12-25,0,,empty,No qualifying bars
index_minute_1,I:VIX,2023-12-26,317,C:\Users\hkhat\OneDrive\Desktop\Project\Dissertation\data_extended_2023_2026\raw\index_minute_1\ticker=I_VIX\date=2023-12-26\data.parquet,ok,
index_minute_1,I:VIX,2023-12-27,409,C:\Users\hkhat\OneDrive\Desktop\Project\Dissertation\data_extended_2023_2026\raw\index_minute_1\ticker=I_VIX\date=2023-12-27\data.parquet,ok,
index_minute_1,I:VIX,2023-12-28,384,C:\Users\hkhat\OneDrive\Desktop\Project\Dissertation\data_extended_2023_2026\raw\index_minute_1\ticker=I_VIX\date=2023-12-28\data.parquet,ok,
index_minute_1,I:VIX,2023-12-29,451,C:\Users\hkhat\OneDrive\Desktop\Project\Dissertation\data_extended_2023_2026\raw\index_minute_1\ticker=I_VIX\date=2023-12-29\data.parquet,ok,
index_minute_1,I:VIX,2024-01-01,0,,empty,No qualifying bars
index_minute_1,I:VIX,2024-01-02,582,C:\Users\hkhat\OneDrive\Desktop\Project\Dissertation\data_extended_2023_2026\raw\index_minute_1\ticker=I_VIX\date=2024-01-02\data.parquet,ok,
index_minute_1,I:VIX,2024-01-03,604,C:\Users\hkhat\OneDrive\Desktop\Project\Dissertation\data_extended_2023_2026\raw\index_minute_1\ticker=I_VIX\date=2024-01-03\data.parquet,ok,
index_minute_1,I:VIX,2024-01-04,657,C:\Users\hkhat\OneDrive\Desktop\Project\Dissertation\data_extended_2023_2026\raw\index_minute_1\ticker=I_VIX\date=2024-01-04\data.parquet,ok,
index_minute_1,I:VIX,2024-01-05,643,C:\Users\hkhat\OneDrive\Desktop\Project\Dissertation\data_extended_2023_2026\raw\index_minute_1\ticker=I_VIX\date=2024-01-05\data.parquet,ok,
index_minute_1,I:VIX,2024-01-08,598,C:\Users\hkhat\OneDrive\Desktop\Project\Dissertation\data_extended_2023_2026\raw\index_minute_1\ticker=I_VIX\date=2024-01-08\data.parquet,ok,
index_minute_1,I:VIX,2024-01-09,538,C:\Users\hkhat\OneDrive\Desktop\Project\Dissertation\data_extended_2023_2026\raw\index_minute_1\ticker=I_VIX\date=2024-01-09\data.parquet,ok,
index_minute_1,I:VIX,2024-01-10,534,C:\Users\hkhat\OneDrive\Desktop\Project\Dissertation\data_extended_2023_2026\raw\index_minute_1\ticker=I_VIX\date=2024-01-10\data.parquet,ok,
index_minute_1,I:VIX,2024-01-11,570,C:\Users\hkhat\OneDrive\Desktop\Project\Dissertation\data_extended_2023_2026\raw\index_minute_1\ticker=I_VIX\date=2024-01-11\data.parquet,ok,
index_minute_1,I:VIX,2024-01-12,646,C:\Users\hkhat\OneDrive\Desktop\Project\Dissertation\data_extended_2023_2026\raw\index_minute_1\ticker=I_VIX\date=2024-01-12\data.parquet,ok,
index_minute_1,I:VIX,2024-01-15,273,C:\Users\hkhat\OneDrive\Desktop\Project\Dissertation\data_extended_2023_2026\raw\index_minute_1\ticker=I_VIX\date=2024-01-15\data.parquet,ok,
index_minute_1,I:VIX,2024-01-16,686,C:\Users\hkhat\OneDrive\Desktop\Project\Dissertation\data_extended_2023_2026\raw\index_minute_1\ticker=I_VIX\date=2024-01-16\data.parquet,ok,
index_minute_1,I:VIX,2024-01-17,701,C:\Users\hkhat\OneDrive\Desktop\Project\Dissertation\data_extended_2023_2026\raw\index_minute_1\ticker=I_VIX\date=2024-01-17\data.parquet,ok,
index_minute_1,I:VIX,2024-01-18,678,C:\Users\hkhat\OneDrive\Desktop\Project\Dissertation\data_extended_2023_2026\raw\index_minute_1\ticker=I_VIX\date=2024-01-18\data.parquet,ok,
index_minute_1,I:VIX,2024-01-19,591,C:\Users\hkhat\OneDrive\Desktop\Project\Dissertation\data_extended_2023_2026\raw\index_minute_1\ticker=I_VIX\date=2024-01-19\data.parquet,ok,
index_minute_1,I:VIX,2024-01-22,484,C:\Users\hkhat\OneDrive\Desktop\Project\Dissertation\data_extended_2023_2026\raw\index_minute_1\ticker=I_VIX\date=2024-01-22\data.parquet,ok,
index_minute_1,I:VIX,2024-01-23,423,C:\Users\hkhat\OneDrive\Desktop\Project\Dissertation\data_extended_2023_2026\raw\index_minute_1\ticker=I_VIX\date=2024-01-23\data.parquet,ok,
index_minute_1,I:VIX,2024-01-24,454,C:\Users\hkhat\OneDrive\Desktop\Project\Dissertation\data_extended_2023_2026\raw\index_minute_1\ticker=I_VIX\date=2024-01-24\data.parquet,ok,
index_minute_1,I:VIX,2024-01-25,491,C:\Users\hkhat\OneDrive\Desktop\Project\Dissertation\data_extended_2023_2026\raw\index_minute_1\ticker=I_VIX\date=2024-01-25\data.parquet,ok,
index_minute_1,I:VIX,2024-01-26,473,C:\Users\hkhat\OneDrive\Desktop\Project\Dissertation\data_extended_2023_2026\raw\index_minute_1\ticker=I_VIX\date=2024-01-26\data.parquet,ok,
index_minute_1,I:VIX,2024-01-29,396,C:\Users\hkhat\OneDrive\Desktop\Project\Dissertation\data_extended_2023_2026\raw\index_minute_1\ticker=I_VIX\date=2024-01-29\data.parquet,ok,
index_minute_1,I:VIX,2024-01-30,379,C:\Users\hkhat\OneDrive\Desktop\Project\Dissertation\data_extended_2023_2026\raw\index_minute_1\ticker=I_VIX\date=2024-01-30\data.parquet,ok,
index_minute_1,I:VIX,2024-01-31,537,C:\Users\hkhat\OneDrive\Desktop\Project\Dissertation\data_extended_2023_2026\raw\index_minute_1\ticker=I_VIX\date=2024-01-31\data.parquet,ok,
index_minute_1,I:VIX,2024-02-01,581,C:\Users\hkhat\OneDrive\Desktop\Project\Dissertation\data_extended_2023_2026\raw\index_minute_1\ticker=I_VIX\date=2024-02-01\data.parquet,ok,
index_minute_1,I:VIX,2024-02-02,527,C:\Users\hkhat\OneDrive\Desktop\Project\Dissertation\data_extended_2023_2026\raw\index_minute_1\ticker=I_VIX\date=2024-02-02\data.parquet,ok,
index_minute_1,I:VIX,2024-02-05,520,C:\Users\hkhat\OneDrive\Desktop\Project\Dissertation\data_extended_2023_2026\raw\index_minute_1\ticker=I_VIX\date=2024-02-05\data.parquet,ok,
index_minute_1,I:VIX,2024-02-06,483,C:\Users\hkhat\OneDrive\Desktop\Project\Dissertation\data_extended_2023_2026\raw\index_minute_1\ticker=I_VIX\date=2024-02-06\data.parquet,ok,
index_minute_1,I:VIX,2024-02-07,521,C:\Users\hkhat\OneDrive\Desktop\Project\Dissertation\data_extended_2023_2026\raw\index_minute_1\ticker=I_VIX\date=2024-02-07\data.parquet,ok,
index_minute_1,I:VIX,2024-02-08,470,C:\Users\hkhat\OneDrive\Desktop\Project\Dissertation\data_extended_2023_2026\raw\index_minute_1\ticker=I_VIX\date=2024-02-08\data.parquet,ok,
index_minute_1,I:VIX,2024-02-09,467,C:\Users\hkhat\OneDrive\Desktop\Project\Dissertation\data_extended_2023_2026\raw\index_minute_1\ticker=I_VIX\date=2024-02-09\data.parquet,ok,
index_minute_1,I:VIX,2024-02-12,477,C:\Users\hkhat\OneDrive\Desktop\Project\Dissertation\data_extended_2023_2026\raw\index_minute_1\ticker=I_VIX\date=2024-02-12\data.parquet,ok,
index_minute_1,I:VIX,2024-02-13,632,C:\Users\hkhat\OneDrive\Desktop\Project\Dissertation\data_extended_2023_2026\raw\index_minute_1\ticker=I_VIX\date=2024-02-13\data.parquet,ok,
index_minute_1,I:VIX,2024-02-14,674,C:\Users\hkhat\OneDrive\Desktop\Project\Dissertation\data_extended_2023_2026\raw\index_minute_1\ticker=I_VIX\date=2024-02-14\data.parquet,ok,
index_minute_1,I:VIX,2024-02-15,596,C:\Users\hkhat\OneDrive\Desktop\Project\Dissertation\data_extended_2023_2026\raw\index_minute_1\ticker=I_VIX\date=2024-02-15\data.parquet,ok,
index_minute_1,I:VIX,2024-02-16,546,C:\Users\hkhat\OneDrive\Desktop\Project\Dissertation\data_extended_2023_2026\raw\index_minute_1\ticker=I_VIX\date=2024-02-16\data.parquet,ok,
index_minute_1,I:VIX,2024-02-19,164,C:\Users\hkhat\OneDrive\Desktop\Project\Dissertation\data_extended_2023_2026\raw\index_minute_1\ticker=I_VIX\date=2024-02-19\data.parquet,ok,
index_minute_1,I:VIX,2024-02-20,643,C:\Users\hkhat\OneDrive\Desktop\Project\Dissertation\data_extended_2023_2026\raw\index_minute_1\ticker=I_VIX\date=2024-02-20\data.parquet,ok,
index_minute_1,I:VIX,2024-02-21,605,C:\Users\hkhat\OneDrive\Desktop\Project\Dissertation\data_extended_2023_2026\raw\index_minute_1\ticker=I_VIX\date=2024-02-21\data.parquet,ok,
index_minute_1,I:VIX,2024-02-22,540,C:\Users\hkhat\OneDrive\Desktop\Project\Dissertation\data_extended_2023_2026\raw\index_minute_1\ticker=I_VIX\date=2024-02-22\data.parquet,ok,
index_minute_1,I:VIX,2024-02-23,500,C:\Users\hkhat\OneDrive\Desktop\Project\Dissertation\data_extended_2023_2026\raw\index_minute_1\ticker=I_VIX\date=2024-02-23\data.parquet,ok,
index_minute_1,I:VIX,2024-02-26,462,C:\Users\hkhat\OneDrive\Desktop\Project\Dissertation\data_extended_2023_2026\raw\index_minute_1\ticker=I_VIX\date=2024-02-26\data.parquet,ok,
index_minute_1,I:VIX,2024-02-27,505,C:\Users\hkhat\OneDrive\Desktop\Project\Dissertation\data_extended_2023_2026\raw\index_minute_1\ticker=I_VIX\date=2024-02-27\data.parquet,ok,
index_minute_1,I:VIX,2024-02-28,601,C:\Users\hkhat\OneDrive\Desktop\Project\Dissertation\data_extended_2023_2026\raw\index_minute_1\ticker=I_VIX\date=2024-02-28\data.parquet,ok,
index_minute_1,I:VIX,2024-02-29,621,C:\Users\hkhat\OneDrive\Desktop\Project\Dissertation\data_extended_2023_2026\raw\index_minute_1\ticker=I_VIX\date=2024-02-29\data.parquet,ok,
index_minute_1,I:VIX,2024-03-01,608,C:\Users\hkhat\OneDrive\Desktop\Project\Dissertation\data_extended_2023_2026\raw\index_minute_1\ticker=I_VIX\date=2024-03-01\data.parquet,ok,
index_minute_1,I:VIX,2024-03-04,377,C:\Users\hkhat\OneDrive\Desktop\Project\Dissertation\data_extended_2023_2026\raw\index_minute_1\ticker=I_VIX\date=2024-03-04\data.parquet,ok,
index_minute_1,I:VIX,2024-03-05,558,C:\Users\hkhat\OneDrive\Desktop\Project\Dissertation\data_extended_2023_2026\raw\index_minute_1\ticker=I_VIX\date=2024-03-05\data.parquet,ok,
index_minute_1,I:VIX,2024-03-06,580,C:\Users\hkhat\OneDrive\Desktop\Project\Dissertation\data_extended_2023_2026\raw\index_minute_1\ticker=I_VIX\date=2024-03-06\data.parquet,ok,
index_minute_1,I:VIX,2024-03-07,571,C:\Users\hkhat\OneDrive\Desktop\Project\Dissertation\data_extended_2023_2026\raw\index_minute_1\ticker=I_VIX\date=2024-03-07\data.parquet,ok,
index_minute_1,I:VIX,2024-03-08,591,C:\Users\hkhat\OneDrive\Desktop\Project\Dissertation\data_extended_2023_2026\raw\index_minute_1\ticker=I_VIX\date=2024-03-08\data.parquet,ok,
index_minute_1,I:VIX,2024-03-11,675,C:\Users\hkhat\OneDrive\Desktop\Project\Dissertation\data_extended_2023_2026\raw\index_minute_1\ticker=I_VIX\date=2024-03-11\data.parquet,ok,
index_minute_1,I:VIX,2024-03-12,563,C:\Users\hkhat\OneDrive\Desktop\Project\Dissertation\data_extended_2023_2026\raw\index_minute_1\ticker=I_VIX\date=2024-03-12\data.parquet,ok,
index_minute_1,I:VIX,2024-03-13,538,C:\Users\hkhat\OneDrive\Desktop\Project\Dissertation\data_extended_2023_2026\raw\index_minute_1\ticker=I_VIX\date=2024-03-13\data.parquet,ok,
index_minute_1,I:VIX,2024-03-14,571,C:\Users\hkhat\OneDrive\Desktop\Project\Dissertation\data_extended_2023_2026\raw\index_minute_1\ticker=I_VIX\date=2024-03-14\data.parquet,ok,
index_minute_1,I:VIX,2024-03-15,631,C:\Users\hkhat\OneDrive\Desktop\Project\Dissertation\data_extended_2023_2026\raw\index_minute_1\ticker=I_VIX\date=2024-03-15\data.parquet,ok,
index_minute_1,I:VIX,2024-03-18,593,C:\Users\hkhat\OneDrive\Desktop\Project\Dissertation\data_extended_2023_2026\raw\index_minute_1\ticker=I_VIX\date=2024-03-18\data.parquet,ok,
index_minute_1,I:VIX,2024-03-19,593,C:\Users\hkhat\OneDrive\Desktop\Project\Dissertation\data_extended_2023_2026\raw\index_minute_1\ticker=I_VIX\date=2024-03-19\data.parquet,ok,
index_minute_1,I:VIX,2024-03-20,506,C:\Users\hkhat\OneDrive\Desktop\Project\Dissertation\data_extended_2023_2026\raw\index_minute_1\ticker=I_VIX\date=2024-03-20\data.parquet,ok,
index_minute_1,I:VIX,2024-03-21,507,C:\Users\hkhat\OneDrive\Desktop\Project\Dissertation\data_extended_2023_2026\raw\index_minute_1\ticker=I_VIX\date=2024-03-21\data.parquet,ok,
index_minute_1,I:VIX,2024-03-22,482,C:\Users\hkhat\OneDrive\Desktop\Project\Dissertation\data_extended_2023_2026\raw\index_minute_1\ticker=I_VIX\date=2024-03-22\data.parquet,ok,
index_minute_1,I:VIX,2024-03-25,485,C:\Users\hkhat\OneDrive\Desktop\Project\Dissertation\data_extended_2023_2026\raw\index_minute_1\ticker=I_VIX\date=2024-03-25\data.parquet,ok,
index_minute_1,I:VIX,2024-03-26,430,C:\Users\hkhat\OneDrive\Desktop\Project\Dissertation\data_extended_2023_2026\raw\index_minute_1\ticker=I_VIX\date=2024-03-26\data.parquet,ok,
index_minute_1,I:VIX,2024-03-27,459,C:\Users\hkhat\OneDrive\Desktop\Project\Dissertation\data_extended_2023_2026\raw\index_minute_1\ticker=I_VIX\date=2024-03-27\data.parquet,ok,
index_minute_1,I:VIX,2024-03-28,456,C:\Users\hkhat\OneDrive\Desktop\Project\Dissertation\data_extended_2023_2026\raw\index_minute_1\ticker=I_VIX\date=2024-03-28\data.parquet,ok,
index_minute_1,I:VIX,2024-03-29,0,,empty,No qualifying bars
index_minute_1,I:VIX,2024-04-01,446,C:\Users\hkhat\OneDrive\Desktop\Project\Dissertation\data_extended_2023_2026\raw\index_minute_1\ticker=I_VIX\date=2024-04-01\data.parquet,ok,
index_minute_1,I:VIX,2024-04-02,568,C:\Users\hkhat\OneDrive\Desktop\Project\Dissertation\data_extended_2023_2026\raw\index_minute_1\ticker=I_VIX\date=2024-04-02\data.parquet,ok,
index_minute_1,I:VIX,2024-04-03,567,C:\Users\hkhat\OneDrive\Desktop\Project\Dissertation\data_extended_2023_2026\raw\index_minute_1\ticker=I_VIX\date=2024-04-03\data.parquet,ok,
index_minute_1,I:VIX,2024-04-04,529,C:\Users\hkhat\OneDrive\Desktop\Project\Dissertation\data_extended_2023_2026\raw\index_minute_1\ticker=I_VIX\date=2024-04-04\data.parquet,ok,
index_minute_1,I:VIX,2024-04-05,660,C:\Users\hkhat\OneDrive\Desktop\Project\Dissertation\data_extended_2023_2026\raw\index_minute_1\ticker=I_VIX\date=2024-04-05\data.parquet,ok,
index_minute_1,I:VIX,2024-04-08,675,C:\Users\hkhat\OneDrive\Desktop\Project\Dissertation\data_extended_2023_2026\raw\index_minute_1\ticker=I_VIX\date=2024-04-08\data.parquet,ok,
index_minute_1,I:VIX,2024-04-09,654,C:\Users\hkhat\OneDrive\Desktop\Project\Dissertation\data_extended_2023_2026\raw\index_minute_1\ticker=I_VIX\date=2024-04-09\data.parquet,ok,
index_minute_1,I:VIX,2024-04-10,631,C:\Users\hkhat\OneDrive\Desktop\Project\Dissertation\data_extended_2023_2026\raw\index_minute_1\ticker=I_VIX\date=2024-04-10\data.parquet,ok,
index_minute_1,I:VIX,2024-04-11,707,C:\Users\hkhat\OneDrive\Desktop\Project\Dissertation\data_extended_2023_2026\raw\index_minute_1\ticker=I_VIX\date=2024-04-11\data.parquet,ok,
index_minute_1,I:VIX,2024-04-12,714,C:\Users\hkhat\OneDrive\Desktop\Project\Dissertation\data_extended_2023_2026\raw\index_minute_1\ticker=I_VIX\date=2024-04-12\data.parquet,ok,
index_minute_1,I:VIX,2024-04-15,735,C:\Users\hkhat\OneDrive\Desktop\Project\Dissertation\data_extended_2023_2026\raw\index_minute_1\ticker=I_VIX\date=2024-04-15\data.parquet,ok,
index_minute_1,I:VIX,2024-04-16,745,C:\Users\hkhat\OneDrive\Desktop\Project\Dissertation\data_extended_2023_2026\raw\index_minute_1\ticker=I_VIX\date=2024-04-16\data.parquet,ok,
index_minute_1,I:VIX,2024-04-17,728,C:\Users\hkhat\OneDrive\Desktop\Project\Dissertation\data_extended_2023_2026\raw\index_minute_1\ticker=I_VIX\date=2024-04-17\data.parquet,ok,
index_minute_1,I:VIX,2024-04-18,725,C:\Users\hkhat\OneDrive\Desktop\Project\Dissertation\data_extended_2023_2026\raw\index_minute_1\ticker=I_VIX\date=2024-04-18\data.parquet,ok,
index_minute_1,I:VIX,2024-04-19,740,C:\Users\hkhat\OneDrive\Desktop\Project\Dissertation\data_extended_2023_2026\raw\index_minute_1\ticker=I_VIX\date=2024-04-19\data.parquet,ok,
index_minute_1,I:VIX,2024-04-22,691,C:\Users\hkhat\OneDrive\Desktop\Project\Dissertation\data_extended_2023_2026\raw\index_minute_1\ticker=I_VIX\date=2024-04-22\data.parquet,ok,
index_minute_1,I:VIX,2024-04-23,646,C:\Users\hkhat\OneDrive\Desktop\Project\Dissertation\data_extended_2023_2026\raw\index_minute_1\ticker=I_VIX\date=2024-04-23\data.parquet,ok,
index_minute_1,I:VIX,2024-04-24,643,C:\Users\hkhat\OneDrive\Desktop\Project\Dissertation\data_extended_2023_2026\raw\index_minute_1\ticker=I_VIX\date=2024-04-24\data.parquet,ok,
index_minute_1,I:VIX,2024-04-25,681,C:\Users\hkhat\OneDrive\Desktop\Project\Dissertation\data_extended_2023_2026\raw\index_minute_1\ticker=I_VIX\date=2024-04-25\data.parquet,ok,
index_minute_1,I:VIX,2024-04-26,650,C:\Users\hkhat\OneDrive\Desktop\Project\Dissertation\data_extended_2023_2026\raw\index_minute_1\ticker=I_VIX\date=2024-04-26\data.parquet,ok,
index_minute_1,I:VIX,2024-04-29,581,C:\Users\hkhat\OneDrive\Desktop\Project\Dissertation\data_extended_2023_2026\raw\index_minute_1\ticker=I_VIX\date=2024-04-29\data.parquet,ok,
index_minute_1,I:VIX,2024-04-30,627,C:\Users\hkhat\OneDrive\Desktop\Project\Dissertation\data_extended_2023_2026\raw\index_minute_1\ticker=I_VIX\date=2024-04-30\data.parquet,ok,
index_minute_1,I:VIX,2024-05-01,642,C:\Users\hkhat\OneDrive\Desktop\Project\Dissertation\data_extended_2023_2026\raw\index_minute_1\ticker=I_VIX\date=2024-05-01\data.parquet,ok,
index_minute_1,I:VIX,2024-05-02,640,C:\Users\hkhat\OneDrive\Desktop\Project\Dissertation\data_extended_2023_2026\raw\index_minute_1\ticker=I_VIX\date=2024-05-02\data.parquet,ok,
index_minute_1,I:VIX,2024-05-03,568,C:\Users\hkhat\OneDrive\Desktop\Project\Dissertation\data_extended_2023_2026\raw\index_minute_1\ticker=I_VIX\date=2024-05-03\data.parquet,ok,
index_minute_1,I:VIX,2024-05-06,430,C:\Users\hkhat\OneDrive\Desktop\Project\Dissertation\data_extended_2023_2026\raw\index_minute_1\ticker=I_VIX\date=2024-05-06\data.parquet,ok,
index_minute_1,I:VIX,2024-05-07,438,C:\Users\hkhat\OneDrive\Desktop\Project\Dissertation\data_extended_2023_2026\raw\index_minute_1\ticker=I_VIX\date=2024-05-07\data.parquet,ok,
index_minute_1,I:VIX,2024-05-08,491,C:\Users\hkhat\OneDrive\Desktop\Project\Dissertation\data_extended_2023_2026\raw\index_minute_1\ticker=I_VIX\date=2024-05-08\data.parquet,ok,
index_minute_1,I:VIX,2024-05-09,463,C:\Users\hkhat\OneDrive\Desktop\Project\Dissertation\data_extended_2023_2026\raw\index_minute_1\ticker=I_VIX\date=2024-05-09\data.parquet,ok,
index_minute_1,I:VIX,2024-05-10,451,C:\Users\hkhat\OneDrive\Desktop\Project\Dissertation\data_extended_2023_2026\raw\index_minute_1\ticker=I_VIX\date=2024-05-10\data.parquet,ok,
index_minute_1,I:VIX,2024-05-13,440,C:\Users\hkhat\OneDrive\Desktop\Project\Dissertation\data_extended_2023_2026\raw\index_minute_1\ticker=I_VIX\date=2024-05-13\data.parquet,ok,
index_minute_1,I:VIX,2024-05-14,447,C:\Users\hkhat\OneDrive\Desktop\Project\Dissertation\data_extended_2023_2026\raw\index_minute_1\ticker=I_VIX\date=2024-05-14\data.parquet,ok,
index_minute_1,I:VIX,2024-05-15,476,C:\Users\hkhat\OneDrive\Desktop\Project\Dissertation\data_extended_2023_2026\raw\index_minute_1\ticker=I_VIX\date=2024-05-15\data.parquet,ok,
index_minute_1,I:VIX,2024-05-16,458,C:\Users\hkhat\OneDrive\Desktop\Project\Dissertation\data_extended_2023_2026\raw\index_minute_1\ticker=I_VIX\date=2024-05-16\data.parquet,ok,
index_minute_1,I:VIX,2024-05-17,451,C:\Users\hkhat\OneDrive\Desktop\Project\Dissertation\data_extended_2023_2026\raw\index_minute_1\ticker=I_VIX\date=2024-05-17\data.parquet,ok,
index_minute_1,I:VIX,2024-05-20,437,C:\Users\hkhat\OneDrive\Desktop\Project\Dissertation\data_extended_2023_2026\raw\index_minute_1\ticker=I_VIX\date=2024-05-20\data.parquet,ok,
index_minute_1,I:VIX,2024-05-21,431,C:\Users\hkhat\OneDrive\Desktop\Project\Dissertation\data_extended_2023_2026\raw\index_minute_1\ticker=I_VIX\date=2024-05-21\data.parquet,ok,
index_minute_1,I:VIX,2024-05-22,499,C:\Users\hkhat\OneDrive\Desktop\Project\Dissertation\data_extended_2023_2026\raw\index_minute_1\ticker=I_VIX\date=2024-05-22\data.parquet,ok,
index_minute_1,I:VIX,2024-05-23,580,C:\Users\hkhat\OneDrive\Desktop\Project\Dissertation\data_extended_2023_2026\raw\index_minute_1\ticker=I_VIX\date=2024-05-23\data.parquet,ok,
index_minute_1,I:VIX,2024-05-24,633,C:\Users\hkhat\OneDrive\Desktop\Project\Dissertation\data_extended_2023_2026\raw\index_minute_1\ticker=I_VIX\date=2024-05-24\data.parquet,ok,
index_minute_1,I:VIX,2024-05-27,199,C:\Users\hkhat\OneDrive\Desktop\Project\Dissertation\data_extended_2023_2026\raw\index_minute_1\ticker=I_VIX\date=2024-05-27\data.parquet,ok,
index_minute_1,I:VIX,2024-05-28,631,C:\Users\hkhat\OneDrive\Desktop\Project\Dissertation\data_extended_2023_2026\raw\index_minute_1\ticker=I_VIX\date=2024-05-28\data.parquet,ok,
index_minute_1,I:VIX,2024-05-29,714,C:\Users\hkhat\OneDrive\Desktop\Project\Dissertation\data_extended_2023_2026\raw\index_minute_1\ticker=I_VIX\date=2024-05-29\data.parquet,ok,
index_minute_1,I:VIX,2024-05-30,690,C:\Users\hkhat\OneDrive\Desktop\Project\Dissertation\data_extended_2023_2026\raw\index_minute_1\ticker=I_VIX\date=2024-05-30\data.parquet,ok,
index_minute_1,I:VIX,2024-05-31,691,C:\Users\hkhat\OneDrive\Desktop\Project\Dissertation\data_extended_2023_2026\raw\index_minute_1\ticker=I_VIX\date=2024-05-31\data.parquet,ok,
index_minute_1,I:VIX,2024-06-03,666,C:\Users\hkhat\OneDrive\Desktop\Project\Dissertation\data_extended_2023_2026\raw\index_minute_1\ticker=I_VIX\date=2024-06-03\data.parquet,ok,
index_minute_1,I:VIX,2024-06-04,708,C:\Users\hkhat\OneDrive\Desktop\Project\Dissertation\data_extended_2023_2026\raw\index_minute_1\ticker=I_VIX\date=2024-06-04\data.parquet,ok,
index_minute_1,I:VIX,2024-06-05,634,C:\Users\hkhat\OneDrive\Desktop\Project\Dissertation\data_extended_2023_2026\raw\index_minute_1\ticker=I_VIX\date=2024-06-05\data.parquet,ok,
index_minute_1,I:VIX,2024-06-06,595,C:\Users\hkhat\OneDrive\Desktop\Project\Dissertation\data_extended_2023_2026\raw\index_minute_1\ticker=I_VIX\date=2024-06-06\data.parquet,ok,
index_minute_1,I:VIX,2024-06-07,641,C:\Users\hkhat\OneDrive\Desktop\Project\Dissertation\data_extended_2023_2026\raw\index_minute_1\ticker=I_VIX\date=2024-06-07\data.parquet,ok,
index_minute_1,I:VIX,2024-06-10,615,C:\Users\hkhat\OneDrive\Desktop\Project\Dissertation\data_extended_2023_2026\raw\index_minute_1\ticker=I_VIX\date=2024-06-10\data.parquet,ok,
index_minute_1,I:VIX,2024-06-11,645,C:\Users\hkhat\OneDrive\Desktop\Project\Dissertation\data_extended_2023_2026\raw\index_minute_1\ticker=I_VIX\date=2024-06-11\data.parquet,ok,
index_minute_1,I:VIX,2024-06-12,565,C:\Users\hkhat\OneDrive\Desktop\Project\Dissertation\data_extended_2023_2026\raw\index_minute_1\ticker=I_VIX\date=2024-06-12\data.parquet,ok,
index_minute_1,I:VIX,2024-06-13,588,C:\Users\hkhat\OneDrive\Desktop\Project\Dissertation\data_extended_2023_2026\raw\index_minute_1\ticker=I_VIX\date=2024-06-13\data.parquet,ok,
index_minute_1,I:VIX,2024-06-14,695,C:\Users\hkhat\OneDrive\Desktop\Project\Dissertation\data_extended_2023_2026\raw\index_minute_1\ticker=I_VIX\date=2024-06-14\data.parquet,ok,
index_minute_1,I:VIX,2024-06-17,599,C:\Users\hkhat\OneDrive\Desktop\Project\Dissertation\data_extended_2023_2026\raw\index_minute_1\ticker=I_VIX\date=2024-06-17\data.parquet,ok,
index_minute_1,I:VIX,2024-06-18,520,C:\Users\hkhat\OneDrive\Desktop\Project\Dissertation\data_extended_2023_2026\raw\index_minute_1\ticker=I_VIX\date=2024-06-18\data.parquet,ok,
index_minute_1,I:VIX,2024-06-19,168,C:\Users\hkhat\OneDrive\Desktop\Project\Dissertation\data_extended_2023_2026\raw\index_minute_1\ticker=I_VIX\date=2024-06-19\data.parquet,ok,
index_minute_1,I:VIX,2024-06-20,552,C:\Users\hkhat\OneDrive\Desktop\Project\Dissertation\data_extended_2023_2026\raw\index_minute_1\ticker=I_VIX\date=2024-06-20\data.parquet,ok,
index_minute_1,I:VIX,2024-06-21,636,C:\Users\hkhat\OneDrive\Desktop\Project\Dissertation\data_extended_2023_2026\raw\index_minute_1\ticker=I_VIX\date=2024-06-21\data.parquet,ok,
index_minute_1,I:VIX,2024-06-24,619,C:\Users\hkhat\OneDrive\Desktop\Project\Dissertation\data_extended_2023_2026\raw\index_minute_1\ticker=I_VIX\date=2024-06-24\data.parquet,ok,
index_minute_1,I:VIX,2024-06-25,581,C:\Users\hkhat\OneDrive\Desktop\Project\Dissertation\data_extended_2023_2026\raw\index_minute_1\ticker=I_VIX\date=2024-06-25\data.parquet,ok,
index_minute_1,I:VIX,2024-06-26,596,C:\Users\hkhat\OneDrive\Desktop\Project\Dissertation\data_extended_2023_2026\raw\index_minute_1\ticker=I_VIX\date=2024-06-26\data.parquet,ok,
index_minute_1,I:VIX,2024-06-27,594,C:\Users\hkhat\OneDrive\Desktop\Project\Dissertation\data_extended_2023_2026\raw\index_minute_1\ticker=I_VIX\date=2024-06-27\data.parquet,ok,
index_minute_1,I:VIX,2024-06-28,560,C:\Users\hkhat\OneDrive\Desktop\Project\Dissertation\data_extended_2023_2026\raw\index_minute_1\ticker=I_VIX\date=2024-06-28\data.parquet,ok,
index_minute_1,I:VIX,2024-07-01,640,C:\Users\hkhat\OneDrive\Desktop\Project\Dissertation\data_extended_2023_2026\raw\index_minute_1\ticker=I_VIX\date=2024-07-01\data.parquet,ok,
index_minute_1,I:VIX,2024-07-02,603,C:\Users\hkhat\OneDrive\Desktop\Project\Dissertation\data_extended_2023_2026\raw\index_minute_1\ticker=I_VIX\date=2024-07-02\data.parquet,ok,
index_minute_1,I:VIX,2024-07-03,349,C:\Users\hkhat\OneDrive\Desktop\Project\Dissertation\data_extended_2023_2026\raw\index_minute_1\ticker=I_VIX\date=2024-07-03\data.parquet,ok,
index_minute_1,I:VIX,2024-07-04,117,C:\Users\hkhat\OneDrive\Desktop\Project\Dissertation\data_extended_2023_2026\raw\index_minute_1\ticker=I_VIX\date=2024-07-04\data.parquet,ok,
index_minute_1,I:VIX,2024-07-05,537,C:\Users\hkhat\OneDrive\Desktop\Project\Dissertation\data_extended_2023_2026\raw\index_minute_1\ticker=I_VIX\date=2024-07-05\data.parquet,ok,
index_minute_1,I:VIX,2024-07-08,436,C:\Users\hkhat\OneDrive\Desktop\Project\Dissertation\data_extended_2023_2026\raw\index_minute_1\ticker=I_VIX\date=2024-07-08\data.parquet,ok,
index_minute_1,I:VIX,2024-07-09,414,C:\Users\hkhat\OneDrive\Desktop\Project\Dissertation\data_extended_2023_2026\raw\index_minute_1\ticker=I_VIX\date=2024-07-09\data.parquet,ok,
index_minute_1,I:VIX,2024-07-10,415,C:\Users\hkhat\OneDrive\Desktop\Project\Dissertation\data_extended_2023_2026\raw\index_minute_1\ticker=I_VIX\date=2024-07-10\data.parquet,ok,
index_minute_1,I:VIX,2024-07-11,513,C:\Users\hkhat\OneDrive\Desktop\Project\Dissertation\data_extended_2023_2026\raw\index_minute_1\ticker=I_VIX\date=2024-07-11\data.parquet,ok,
index_minute_1,I:VIX,2024-07-12,515,C:\Users\hkhat\OneDrive\Desktop\Project\Dissertation\data_extended_2023_2026\raw\index_minute_1\ticker=I_VIX\date=2024-07-12\data.parquet,ok,
index_minute_1,I:VIX,2024-07-15,496,C:\Users\hkhat\OneDrive\Desktop\Project\Dissertation\data_extended_2023_2026\raw\index_minute_1\ticker=I_VIX\date=2024-07-15\data.parquet,ok,
index_minute_1,I:VIX,2024-07-16,537,C:\Users\hkhat\OneDrive\Desktop\Project\Dissertation\data_extended_2023_2026\raw\index_minute_1\ticker=I_VIX\date=2024-07-16\data.parquet,ok,
index_minute_1,I:VIX,2024-07-17,661,C:\Users\hkhat\OneDrive\Desktop\Project\Dissertation\data_extended_2023_2026\raw\index_minute_1\ticker=I_VIX\date=2024-07-17\data.parquet,ok,
index_minute_1,I:VIX,2024-07-18,686,C:\Users\hkhat\OneDrive\Desktop\Project\Dissertation\data_extended_2023_2026\raw\index_minute_1\ticker=I_VIX\date=2024-07-18\data.parquet,ok,
index_minute_1,I:VIX,2024-07-19,681,C:\Users\hkhat\OneDrive\Desktop\Project\Dissertation\data_extended_2023_2026\raw\index_minute_1\ticker=I_VIX\date=2024-07-19\data.parquet,ok,
index_minute_1,I:VIX,2024-07-22,661,C:\Users\hkhat\OneDrive\Desktop\Project\Dissertation\data_extended_2023_2026\raw\index_minute_1\ticker=I_VIX\date=2024-07-22\data.parquet,ok,
index_minute_1,I:VIX,2024-07-23,640,C:\Users\hkhat\OneDrive\Desktop\Project\Dissertation\data_extended_2023_2026\raw\index_minute_1\ticker=I_VIX\date=2024-07-23\data.parquet,ok,
index_minute_1,I:VIX,2024-07-24,697,C:\Users\hkhat\OneDrive\Desktop\Project\Dissertation\data_extended_2023_2026\raw\index_minute_1\ticker=I_VIX\date=2024-07-24\data.parquet,ok,
index_minute_1,I:VIX,2024-07-25,743,C:\Users\hkhat\OneDrive\Desktop\Project\Dissertation\data_extended_2023_2026\raw\index_minute_1\ticker=I_VIX\date=2024-07-25\data.parquet,ok,
index_minute_1,I:VIX,2024-07-26,684,C:\Users\hkhat\OneDrive\Desktop\Project\Dissertation\data_extended_2023_2026\raw\index_minute_1\ticker=I_VIX\date=2024-07-26\data.parquet,ok,
index_minute_1,I:VIX,2024-07-29,673,C:\Users\hkhat\OneDrive\Desktop\Project\Dissertation\data_extended_2023_2026\raw\index_minute_1\ticker=I_VIX\date=2024-07-29\data.parquet,ok,
index_minute_1,I:VIX,2024-07-30,641,C:\Users\hkhat\OneDrive\Desktop\Project\Dissertation\data_extended_2023_2026\raw\index_minute_1\ticker=I_VIX\date=2024-07-30\data.parquet,ok,
index_minute_1,I:VIX,2024-07-31,655,C:\Users\hkhat\OneDrive\Desktop\Project\Dissertation\data_extended_2023_2026\raw\index_minute_1\ticker=I_VIX\date=2024-07-31\data.parquet,ok,
index_minute_1,I:VIX,2024-08-01,714,C:\Users\hkhat\OneDrive\Desktop\Project\Dissertation\data_extended_2023_2026\raw\index_minute_1\ticker=I_VIX\date=2024-08-01\data.parquet,ok,
index_minute_1,I:VIX,2024-08-02,740,C:\Users\hkhat\OneDrive\Desktop\Project\Dissertation\data_extended_2023_2026\raw\index_minute_1\ticker=I_VIX\date=2024-08-02\data.parquet,ok,
index_minute_1,I:VIX,2024-08-05,619,C:\Users\hkhat\OneDrive\Desktop\Project\Dissertation\data_extended_2023_2026\raw\index_minute_1\ticker=I_VIX\date=2024-08-05\data.parquet,ok,
index_minute_1,I:VIX,2024-08-06,751,C:\Users\hkhat\OneDrive\Desktop\Project\Dissertation\data_extended_2023_2026\raw\index_minute_1\ticker=I_VIX\date=2024-08-06\data.parquet,ok,
index_minute_1,I:VIX,2024-08-07,747,C:\Users\hkhat\OneDrive\Desktop\Project\Dissertation\data_extended_2023_2026\raw\index_minute_1\ticker=I_VIX\date=2024-08-07\data.parquet,ok,
index_minute_1,I:VIX,2024-08-08,747,C:\Users\hkhat\OneDrive\Desktop\Project\Dissertation\data_extended_2023_2026\raw\index_minute_1\ticker=I_VIX\date=2024-08-08\data.parquet,ok,
index_minute_1,I:VIX,2024-08-09,740,C:\Users\hkhat\OneDrive\Desktop\Project\Dissertation\data_extended_2023_2026\raw\index_minute_1\ticker=I_VIX\date=2024-08-09\data.parquet,ok,
index_minute_1,I:VIX,2024-08-12,722,C:\Users\hkhat\OneDrive\Desktop\Project\Dissertation\data_extended_2023_2026\raw\index_minute_1\ticker=I_VIX\date=2024-08-12\data.parquet,ok,
index_minute_1,I:VIX,2024-08-13,728,C:\Users\hkhat\OneDrive\Desktop\Project\Dissertation\data_extended_2023_2026\raw\index_minute_1\ticker=I_VIX\date=2024-08-13\data.parquet,ok,
index_minute_1,I:VIX,2024-08-14,686,C:\Users\hkhat\OneDrive\Desktop\Project\Dissertation\data_extended_2023_2026\raw\index_minute_1\ticker=I_VIX\date=2024-08-14\data.parquet,ok,
index_minute_1,I:VIX,2024-08-15,681,C:\Users\hkhat\OneDrive\Desktop\Project\Dissertation\data_extended_2023_2026\raw\index_minute_1\ticker=I_VIX\date=2024-08-15\data.parquet,ok,
index_minute_1,I:VIX,2024-08-16,668,C:\Users\hkhat\OneDrive\Desktop\Project\Dissertation\data_extended_2023_2026\raw\index_minute_1\ticker=I_VIX\date=2024-08-16\data.parquet,ok,
index_minute_1,I:VIX,2024-08-19,614,C:\Users\hkhat\OneDrive\Desktop\Project\Dissertation\data_extended_2023_2026\raw\index_minute_1\ticker=I_VIX\date=2024-08-19\data.parquet,ok,
index_minute_1,I:VIX,2024-08-20,615,C:\Users\hkhat\OneDrive\Desktop\Project\Dissertation\data_extended_2023_2026\raw\index_minute_1\ticker=I_VIX\date=2024-08-20\data.parquet,ok,
index_minute_1,I:VIX,2024-08-21,647,C:\Users\hkhat\OneDrive\Desktop\Project\Dissertation\data_extended_2023_2026\raw\index_minute_1\ticker=I_VIX\date=2024-08-21\data.parquet,ok,
index_minute_1,I:VIX,2024-08-22,359,C:\Users\hkhat\OneDrive\Desktop\Project\Dissertation\data_extended_2023_2026\raw\index_minute_1\ticker=I_VIX\date=2024-08-22\data.parquet,ok,
index_minute_1,I:VIX,2024-08-23,662,C:\Users\hkhat\OneDrive\Desktop\Project\Dissertation\data_extended_2023_2026\raw\index_minute_1\ticker=I_VIX\date=2024-08-23\data.parquet,ok,
index_minute_1,I:VIX,2024-08-26,662,C:\Users\hkhat\OneDrive\Desktop\Project\Dissertation\data_extended_2023_2026\raw\index_minute_1\ticker=I_VIX\date=2024-08-26\data.parquet,ok,
index_minute_1,I:VIX,2024-08-27,687,C:\Users\hkhat\OneDrive\Desktop\Project\Dissertation\data_extended_2023_2026\raw\index_minute_1\ticker=I_VIX\date=2024-08-27\data.parquet,ok,
index_minute_1,I:VIX,2024-08-28,641,C:\Users\hkhat\OneDrive\Desktop\Project\Dissertation\data_extended_2023_2026\raw\index_minute_1\ticker=I_VIX\date=2024-08-28\data.parquet,ok,
index_minute_1,I:VIX,2024-08-29,744,C:\Users\hkhat\OneDrive\Desktop\Project\Dissertation\data_extended_2023_2026\raw\index_minute_1\ticker=I_VIX\date=2024-08-29\data.parquet,ok,
index_minute_1,I:VIX,2024-08-30,707,C:\Users\hkhat\OneDrive\Desktop\Project\Dissertation\data_extended_2023_2026\raw\index_minute_1\ticker=I_VIX\date=2024-08-30\data.parquet,ok,
index_minute_1,I:VIX,2024-09-02,302,C:\Users\hkhat\OneDrive\Desktop\Project\Dissertation\data_extended_2023_2026\raw\index_minute_1\ticker=I_VIX\date=2024-09-02\data.parquet,ok,
index_minute_1,I:VIX,2024-09-03,738,C:\Users\hkhat\OneDrive\Desktop\Project\Dissertation\data_extended_2023_2026\raw\index_minute_1\ticker=I_VIX\date=2024-09-03\data.parquet,ok,
index_minute_1,I:VIX,2024-09-04,747,C:\Users\hkhat\OneDrive\Desktop\Project\Dissertation\data_extended_2023_2026\raw\index_minute_1\ticker=I_VIX\date=2024-09-04\data.parquet,ok,
index_minute_1,I:VIX,2024-09-05,765,C:\Users\hkhat\OneDrive\Desktop\Project\Dissertation\data_extended_2023_2026\raw\index_minute_1\ticker=I_VIX\date=2024-09-05\data.parquet,ok,
index_minute_1,I:VIX,2024-09-06,769,C:\Users\hkhat\OneDrive\Desktop\Project\Dissertation\data_extended_2023_2026\raw\index_minute_1\ticker=I_VIX\date=2024-09-06\data.parquet,ok,
index_minute_1,I:VIX,2024-09-09,754,C:\Users\hkhat\OneDrive\Desktop\Project\Dissertation\data_extended_2023_2026\raw\index_minute_1\ticker=I_VIX\date=2024-09-09\data.parquet,ok,
index_minute_1,I:VIX,2024-09-10,747,C:\Users\hkhat\OneDrive\Desktop\Project\Dissertation\data_extended_2023_2026\raw\index_minute_1\ticker=I_VIX\date=2024-09-10\data.parquet,ok,
index_minute_1,I:VIX,2024-09-11,737,C:\Users\hkhat\OneDrive\Desktop\Project\Dissertation\data_extended_2023_2026\raw\index_minute_1\ticker=I_VIX\date=2024-09-11\data.parquet,ok,
index_minute_1,I:VIX,2024-09-12,734,C:\Users\hkhat\OneDrive\Desktop\Project\Dissertation\data_extended_2023_2026\raw\index_minute_1\ticker=I_VIX\date=2024-09-12\data.parquet,ok,
index_minute_1,I:VIX,2024-09-13,686,C:\Users\hkhat\OneDrive\Desktop\Project\Dissertation\data_extended_2023_2026\raw\index_minute_1\ticker=I_VIX\date=2024-09-13\data.parquet,ok,
index_minute_1,I:VIX,2024-09-16,675,C:\Users\hkhat\OneDrive\Desktop\Project\Dissertation\data_extended_2023_2026\raw\index_minute_1\ticker=I_VIX\date=2024-09-16\data.parquet,ok,
index_minute_1,I:VIX,2024-09-17,678,C:\Users\hkhat\OneDrive\Desktop\Project\Dissertation\data_extended_2023_2026\raw\index_minute_1\ticker=I_VIX\date=2024-09-17\data.parquet,ok,
index_minute_1,I:VIX,2024-09-18,664,C:\Users\hkhat\OneDrive\Desktop\Project\Dissertation\data_extended_2023_2026\raw\index_minute_1\ticker=I_VIX\date=2024-09-18\data.parquet,ok,
index_minute_1,I:VIX,2024-09-19,733,C:\Users\hkhat\OneDrive\Desktop\Project\Dissertation\data_extended_2023_2026\raw\index_minute_1\ticker=I_VIX\date=2024-09-19\data.parquet,ok,
index_minute_1,I:VIX,2024-09-20,656,C:\Users\hkhat\OneDrive\Desktop\Project\Dissertation\data_extended_2023_2026\raw\index_minute_1\ticker=I_VIX\date=2024-09-20\data.parquet,ok,
index_minute_1,I:VIX,2024-09-23,684,C:\Users\hkhat\OneDrive\Desktop\Project\Dissertation\data_extended_2023_2026\raw\index_minute_1\ticker=I_VIX\date=2024-09-23\data.parquet,ok,
index_minute_1,I:VIX,2024-09-24,661,C:\Users\hkhat\OneDrive\Desktop\Project\Dissertation\data_extended_2023_2026\raw\index_minute_1\ticker=I_VIX\date=2024-09-24\data.parquet,ok,
index_minute_1,I:VIX,2024-09-25,634,C:\Users\hkhat\OneDrive\Desktop\Project\Dissertation\data_extended_2023_2026\raw\index_minute_1\ticker=I_VIX\date=2024-09-25\data.parquet,ok,
index_minute_1,I:VIX,2024-09-26,647,C:\Users\hkhat\OneDrive\Desktop\Project\Dissertation\data_extended_2023_2026\raw\index_minute_1\ticker=I_VIX\date=2024-09-26\data.parquet,ok,
index_minute_1,I:VIX,2024-09-27,699,C:\Users\hkhat\OneDrive\Desktop\Project\Dissertation\data_extended_2023_2026\raw\index_minute_1\ticker=I_VIX\date=2024-09-27\data.parquet,ok,
index_minute_1,I:VIX,2024-09-30,718,C:\Users\hkhat\OneDrive\Desktop\Project\Dissertation\data_extended_2023_2026\raw\index_minute_1\ticker=I_VIX\date=2024-09-30\data.parquet,ok,
index_minute_1,I:VIX,2024-10-01,714,C:\Users\hkhat\OneDrive\Desktop\Project\Dissertation\data_extended_2023_2026\raw\index_minute_1\ticker=I_VIX\date=2024-10-01\data.parquet,ok,
index_minute_1,I:VIX,2024-10-02,760,C:\Users\hkhat\OneDrive\Desktop\Project\Dissertation\data_extended_2023_2026\raw\index_minute_1\ticker=I_VIX\date=2024-10-02\data.parquet,ok,
index_minute_1,I:VIX,2024-10-03,758,C:\Users\hkhat\OneDrive\Desktop\Project\Dissertation\data_extended_2023_2026\raw\index_minute_1\ticker=I_VIX\date=2024-10-03\data.parquet,ok,
index_minute_1,I:VIX,2024-10-04,760,C:\Users\hkhat\OneDrive\Desktop\Project\Dissertation\data_extended_2023_2026\raw\index_minute_1\ticker=I_VIX\date=2024-10-04\data.parquet,ok,
index_minute_1,I:VIX,2024-10-07,728,C:\Users\hkhat\OneDrive\Desktop\Project\Dissertation\data_extended_2023_2026\raw\index_minute_1\ticker=I_VIX\date=2024-10-07\data.parquet,ok,
index_minute_1,I:VIX,2024-10-08,722,C:\Users\hkhat\OneDrive\Desktop\Project\Dissertation\data_extended_2023_2026\raw\index_minute_1\ticker=I_VIX\date=2024-10-08\data.parquet,ok,
index_minute_1,I:VIX,2024-10-09,681,C:\Users\hkhat\OneDrive\Desktop\Project\Dissertation\data_extended_2023_2026\raw\index_minute_1\ticker=I_VIX\date=2024-10-09\data.parquet,ok,
index_minute_1,I:VIX,2024-10-10,656,C:\Users\hkhat\OneDrive\Desktop\Project\Dissertation\data_extended_2023_2026\raw\index_minute_1\ticker=I_VIX\date=2024-10-10\data.parquet,ok,
index_minute_1,I:VIX,2024-10-11,626,C:\Users\hkhat\OneDrive\Desktop\Project\Dissertation\data_extended_2023_2026\raw\index_minute_1\ticker=I_VIX\date=2024-10-11\data.parquet,ok,
index_minute_1,I:VIX,2024-10-14,557,C:\Users\hkhat\OneDrive\Desktop\Project\Dissertation\data_extended_2023_2026\raw\index_minute_1\ticker=I_VIX\date=2024-10-14\data.parquet,ok,
index_minute_1,I:VIX,2024-10-15,639,C:\Users\hkhat\OneDrive\Desktop\Project\Dissertation\data_extended_2023_2026\raw\index_minute_1\ticker=I_VIX\date=2024-10-15\data.parquet,ok,
index_minute_1,I:VIX,2024-10-16,686,C:\Users\hkhat\OneDrive\Desktop\Project\Dissertation\data_extended_2023_2026\raw\index_minute_1\ticker=I_VIX\date=2024-10-16\data.parquet,ok,
index_minute_1,I:VIX,2024-10-17,647,C:\Users\hkhat\OneDrive\Desktop\Project\Dissertation\data_extended_2023_2026\raw\index_minute_1\ticker=I_VIX\date=2024-10-17\data.parquet,ok,
index_minute_1,I:VIX,2024-10-18,623,C:\Users\hkhat\OneDrive\Desktop\Project\Dissertation\data_extended_2023_2026\raw\index_minute_1\ticker=I_VIX\date=2024-10-18\data.parquet,ok,
index_minute_1,I:VIX,2024-10-21,633,C:\Users\hkhat\OneDrive\Desktop\Project\Dissertation\data_extended_2023_2026\raw\index_minute_1\ticker=I_VIX\date=2024-10-21\data.parquet,ok,
index_minute_1,I:VIX,2024-10-22,681,C:\Users\hkhat\OneDrive\Desktop\Project\Dissertation\data_extended_2023_2026\raw\index_minute_1\ticker=I_VIX\date=2024-10-22\data.parquet,ok,
index_minute_1,I:VIX,2024-10-23,662,C:\Users\hkhat\OneDrive\Desktop\Project\Dissertation\data_extended_2023_2026\raw\index_minute_1\ticker=I_VIX\date=2024-10-23\data.parquet,ok,
index_minute_1,I:VIX,2024-10-24,698,C:\Users\hkhat\OneDrive\Desktop\Project\Dissertation\data_extended_2023_2026\raw\index_minute_1\ticker=I_VIX\date=2024-10-24\data.parquet,ok,
index_minute_1,I:VIX,2024-10-25,706,C:\Users\hkhat\OneDrive\Desktop\Project\Dissertation\data_extended_2023_2026\raw\index_minute_1\ticker=I_VIX\date=2024-10-25\data.parquet,ok,
index_minute_1,I:VIX,2024-10-28,736,C:\Users\hkhat\OneDrive\Desktop\Project\Dissertation\data_extended_2023_2026\raw\index_minute_1\ticker=I_VIX\date=2024-10-28\data.parquet,ok,
index_minute_1,I:VIX,2024-10-29,743,C:\Users\hkhat\OneDrive\Desktop\Project\Dissertation\data_extended_2023_2026\raw\index_minute_1\ticker=I_VIX\date=2024-10-29\data.parquet,ok,
index_minute_1,I:VIX,2024-10-30,733,C:\Users\hkhat\OneDrive\Desktop\Project\Dissertation\data_extended_2023_2026\raw\index_minute_1\ticker=I_VIX\date=2024-10-30\data.parquet,ok,
index_minute_1,I:VIX,2024-10-31,750,C:\Users\hkhat\OneDrive\Desktop\Project\Dissertation\data_extended_2023_2026\raw\index_minute_1\ticker=I_VIX\date=2024-10-31\data.parquet,ok,
index_minute_1,I:VIX,2024-11-01,738,C:\Users\hkhat\OneDrive\Desktop\Project\Dissertation\data_extended_2023_2026\raw\index_minute_1\ticker=I_VIX\date=2024-11-01\data.parquet,ok,
index_minute_1,I:VIX,2024-11-04,734,C:\Users\hkhat\OneDrive\Desktop\Project\Dissertation\data_extended_2023_2026\raw\index_minute_1\ticker=I_VIX\date=2024-11-04\data.parquet,ok,
index_minute_1,I:VIX,2024-11-05,712,C:\Users\hkhat\OneDrive\Desktop\Project\Dissertation\data_extended_2023_2026\raw\index_minute_1\ticker=I_VIX\date=2024-11-05\data.parquet,ok,
index_minute_1,I:VIX,2024-11-06,734,C:\Users\hkhat\OneDrive\Desktop\Project\Dissertation\data_extended_2023_2026\raw\index_minute_1\ticker=I_VIX\date=2024-11-06\data.parquet,ok,
index_minute_1,I:VIX,2024-11-07,630,C:\Users\hkhat\OneDrive\Desktop\Project\Dissertation\data_extended_2023_2026\raw\index_minute_1\ticker=I_VIX\date=2024-11-07\data.parquet,ok,
index_minute_1,I:VIX,2024-11-08,585,C:\Users\hkhat\OneDrive\Desktop\Project\Dissertation\data_extended_2023_2026\raw\index_minute_1\ticker=I_VIX\date=2024-11-08\data.parquet,ok,
index_minute_1,I:VIX,2024-11-11,479,C:\Users\hkhat\OneDrive\Desktop\Project\Dissertation\data_extended_2023_2026\raw\index_minute_1\ticker=I_VIX\date=2024-11-11\data.parquet,ok,
index_minute_1,I:VIX,2024-11-12,623,C:\Users\hkhat\OneDrive\Desktop\Project\Dissertation\data_extended_2023_2026\raw\index_minute_1\ticker=I_VIX\date=2024-11-12\data.parquet,ok,
index_minute_1,I:VIX,2024-11-13,625,C:\Users\hkhat\OneDrive\Desktop\Project\Dissertation\data_extended_2023_2026\raw\index_minute_1\ticker=I_VIX\date=2024-11-13\data.parquet,ok,
index_minute_1,I:VIX,2024-11-14,641,C:\Users\hkhat\OneDrive\Desktop\Project\Dissertation\data_extended_2023_2026\raw\index_minute_1\ticker=I_VIX\date=2024-11-14\data.parquet,ok,
index_minute_1,I:VIX,2024-11-15,681,C:\Users\hkhat\OneDrive\Desktop\Project\Dissertation\data_extended_2023_2026\raw\index_minute_1\ticker=I_VIX\date=2024-11-15\data.parquet,ok,
index_minute_1,I:VIX,2024-11-18,725,C:\Users\hkhat\OneDrive\Desktop\Project\Dissertation\data_extended_2023_2026\raw\index_minute_1\ticker=I_VIX\date=2024-11-18\data.parquet,ok,
index_minute_1,I:VIX,2024-11-19,753,C:\Users\hkhat\OneDrive\Desktop\Project\Dissertation\data_extended_2023_2026\raw\index_minute_1\ticker=I_VIX\date=2024-11-19\data.parquet,ok,
index_minute_1,I:VIX,2024-11-20,733,C:\Users\hkhat\OneDrive\Desktop\Project\Dissertation\data_extended_2023_2026\raw\index_minute_1\ticker=I_VIX\date=2024-11-20\data.parquet,ok,
index_minute_1,I:VIX,2024-11-21,769,C:\Users\hkhat\OneDrive\Desktop\Project\Dissertation\data_extended_2023_2026\raw\index_minute_1\ticker=I_VIX\date=2024-11-21\data.parquet,ok,
index_minute_1,I:VIX,2024-11-22,744,C:\Users\hkhat\OneDrive\Desktop\Project\Dissertation\data_extended_2023_2026\raw\index_minute_1\ticker=I_VIX\date=2024-11-22\data.parquet,ok,
index_minute_1,I:VIX,2024-11-25,640,C:\Users\hkhat\OneDrive\Desktop\Project\Dissertation\data_extended_2023_2026\raw\index_minute_1\ticker=I_VIX\date=2024-11-25\data.parquet,ok,
index_minute_1,I:VIX,2024-11-26,675,C:\Users\hkhat\OneDrive\Desktop\Project\Dissertation\data_extended_2023_2026\raw\index_minute_1\ticker=I_VIX\date=2024-11-26\data.parquet,ok,
index_minute_1,I:VIX,2024-11-27,684,C:\Users\hkhat\OneDrive\Desktop\Project\Dissertation\data_extended_2023_2026\raw\index_minute_1\ticker=I_VIX\date=2024-11-27\data.parquet,ok,
index_minute_1,I:VIX,2024-11-28,205,C:\Users\hkhat\OneDrive\Desktop\Project\Dissertation\data_extended_2023_2026\raw\index_minute_1\ticker=I_VIX\date=2024-11-28\data.parquet,ok,
index_minute_1,I:VIX,2024-11-29,446,C:\Users\hkhat\OneDrive\Desktop\Project\Dissertation\data_extended_2023_2026\raw\index_minute_1\ticker=I_VIX\date=2024-11-29\data.parquet,ok,
index_minute_1,I:VIX,2024-12-02,574,C:\Users\hkhat\OneDrive\Desktop\Project\Dissertation\data_extended_2023_2026\raw\index_minute_1\ticker=I_VIX\date=2024-12-02\data.parquet,ok,
index_minute_1,I:VIX,2024-12-03,560,C:\Users\hkhat\OneDrive\Desktop\Project\Dissertation\data_extended_2023_2026\raw\index_minute_1\ticker=I_VIX\date=2024-12-03\data.parquet,ok,
index_minute_1,I:VIX,2024-12-04,515,C:\Users\hkhat\OneDrive\Desktop\Project\Dissertation\data_extended_2023_2026\raw\index_minute_1\ticker=I_VIX\date=2024-12-04\data.parquet,ok,
index_minute_1,I:VIX,2024-12-05,498,C:\Users\hkhat\OneDrive\Desktop\Project\Dissertation\data_extended_2023_2026\raw\index_minute_1\ticker=I_VIX\date=2024-12-05\data.parquet,ok,
index_minute_1,I:VIX,2024-12-06,583,C:\Users\hkhat\OneDrive\Desktop\Project\Dissertation\data_extended_2023_2026\raw\index_minute_1\ticker=I_VIX\date=2024-12-06\data.parquet,ok,
index_minute_1,I:VIX,2024-12-09,590,C:\Users\hkhat\OneDrive\Desktop\Project\Dissertation\data_extended_2023_2026\raw\index_minute_1\ticker=I_VIX\date=2024-12-09\data.parquet,ok,
index_minute_1,I:VIX,2024-12-10,589,C:\Users\hkhat\OneDrive\Desktop\Project\Dissertation\data_extended_2023_2026\raw\index_minute_1\ticker=I_VIX\date=2024-12-10\data.parquet,ok,
index_minute_1,I:VIX,2024-12-11,574,C:\Users\hkhat\OneDrive\Desktop\Project\Dissertation\data_extended_2023_2026\raw\index_minute_1\ticker=I_VIX\date=2024-12-11\data.parquet,ok,
index_minute_1,I:VIX,2024-12-12,585,C:\Users\hkhat\OneDrive\Desktop\Project\Dissertation\data_extended_2023_2026\raw\index_minute_1\ticker=I_VIX\date=2024-12-12\data.parquet,ok,
index_minute_1,I:VIX,2024-12-13,605,C:\Users\hkhat\OneDrive\Desktop\Project\Dissertation\data_extended_2023_2026\raw\index_minute_1\ticker=I_VIX\date=2024-12-13\data.parquet,ok,
index_minute_1,I:VIX,2024-12-16,605,C:\Users\hkhat\OneDrive\Desktop\Project\Dissertation\data_extended_2023_2026\raw\index_minute_1\ticker=I_VIX\date=2024-12-16\data.parquet,ok,
index_minute_1,I:VIX,2024-12-17,657,C:\Users\hkhat\OneDrive\Desktop\Project\Dissertation\data_extended_2023_2026\raw\index_minute_1\ticker=I_VIX\date=2024-12-17\data.parquet,ok,
index_minute_1,I:VIX,2024-12-18,659,C:\Users\hkhat\OneDrive\Desktop\Project\Dissertation\data_extended_2023_2026\raw\index_minute_1\ticker=I_VIX\date=2024-12-18\data.parquet,ok,
index_minute_1,I:VIX,2024-12-19,757,C:\Users\hkhat\OneDrive\Desktop\Project\Dissertation\data_extended_2023_2026\raw\index_minute_1\ticker=I_VIX\date=2024-12-19\data.parquet,ok,
index_minute_1,I:VIX,2024-12-20,768,C:\Users\hkhat\OneDrive\Desktop\Project\Dissertation\data_extended_2023_2026\raw\index_minute_1\ticker=I_VIX\date=2024-12-20\data.parquet,ok,
index_minute_1,I:VIX,2024-12-23,764,C:\Users\hkhat\OneDrive\Desktop\Project\Dissertation\data_extended_2023_2026\raw\index_minute_1\ticker=I_VIX\date=2024-12-23\data.parquet,ok,
index_minute_1,I:VIX,2024-12-24,536,C:\Users\hkhat\OneDrive\Desktop\Project\Dissertation\data_extended_2023_2026\raw\index_minute_1\ticker=I_VIX\date=2024-12-24\data.parquet,ok,
index_minute_1,I:VIX,2024-12-25,0,,empty,No qualifying bars
index_minute_1,I:VIX,2024-12-26,739,C:\Users\hkhat\OneDrive\Desktop\Project\Dissertation\data_extended_2023_2026\raw\index_minute_1\ticker=I_VIX\date=2024-12-26\data.parquet,ok,
index_minute_1,I:VIX,2024-12-27,693,C:\Users\hkhat\OneDrive\Desktop\Project\Dissertation\data_extended_2023_2026\raw\index_minute_1\ticker=I_VIX\date=2024-12-27\data.parquet,ok,
index_minute_1,I:VIX,2024-12-30,719,C:\Users\hkhat\OneDrive\Desktop\Project\Dissertation\data_extended_2023_2026\raw\index_minute_1\ticker=I_VIX\date=2024-12-30\data.parquet,ok,
index_minute_1,I:VIX,2024-12-31,703,C:\Users\hkhat\OneDrive\Desktop\Project\Dissertation\data_extended_2023_2026\raw\index_minute_1\ticker=I_VIX\date=2024-12-31\data.parquet,ok,
index_minute_1,I:VIX,2025-01-01,0,,empty,No qualifying bars
index_minute_1,I:VIX,2025-01-02,760,C:\Users\hkhat\OneDrive\Desktop\Project\Dissertation\data_extended_2023_2026\raw\index_minute_1\ticker=I_VIX\date=2025-01-02\data.parquet,ok,
index_minute_1,I:VIX,2025-01-03,718,C:\Users\hkhat\OneDrive\Desktop\Project\Dissertation\data_extended_2023_2026\raw\index_minute_1\ticker=I_VIX\date=2025-01-03\data.parquet,ok,
index_minute_1,I:VIX,2025-01-06,711,C:\Users\hkhat\OneDrive\Desktop\Project\Dissertation\data_extended_2023_2026\raw\index_minute_1\ticker=I_VIX\date=2025-01-06\data.parquet,ok,
index_minute_1,I:VIX,2025-01-07,707,C:\Users\hkhat\OneDrive\Desktop\Project\Dissertation\data_extended_2023_2026\raw\index_minute_1\ticker=I_VIX\date=2025-01-07\data.parquet,ok,
index_minute_1,I:VIX,2025-01-08,729,C:\Users\hkhat\OneDrive\Desktop\Project\Dissertation\data_extended_2023_2026\raw\index_minute_1\ticker=I_VIX\date=2025-01-08\data.parquet,ok,
index_minute_1,I:VIX,2025-01-09,345,C:\Users\hkhat\OneDrive\Desktop\Project\Dissertation\data_extended_2023_2026\raw\index_minute_1\ticker=I_VIX\date=2025-01-09\data.parquet,ok,
index_minute_1,I:VIX,2025-01-10,751,C:\Users\hkhat\OneDrive\Desktop\Project\Dissertation\data_extended_2023_2026\raw\index_minute_1\ticker=I_VIX\date=2025-01-10\data.parquet,ok,
index_minute_1,I:VIX,2025-01-13,767,C:\Users\hkhat\OneDrive\Desktop\Project\Dissertation\data_extended_2023_2026\raw\index_minute_1\ticker=I_VIX\date=2025-01-13\data.parquet,ok,
index_minute_1,I:VIX,2025-01-14,740,C:\Users\hkhat\OneDrive\Desktop\Project\Dissertation\data_extended_2023_2026\raw\index_minute_1\ticker=I_VIX\date=2025-01-14\data.parquet,ok,
index_minute_1,I:VIX,2025-01-15,679,C:\Users\hkhat\OneDrive\Desktop\Project\Dissertation\data_extended_2023_2026\raw\index_minute_1\ticker=I_VIX\date=2025-01-15\data.parquet,ok,
index_minute_1,I:VIX,2025-01-16,735,C:\Users\hkhat\OneDrive\Desktop\Project\Dissertation\data_extended_2023_2026\raw\index_minute_1\ticker=I_VIX\date=2025-01-16\data.parquet,ok,
index_minute_1,I:VIX,2025-01-17,676,C:\Users\hkhat\OneDrive\Desktop\Project\Dissertation\data_extended_2023_2026\raw\index_minute_1\ticker=I_VIX\date=2025-01-17\data.parquet,ok,
index_minute_1,I:VIX,2025-01-20,375,C:\Users\hkhat\OneDrive\Desktop\Project\Dissertation\data_extended_2023_2026\raw\index_minute_1\ticker=I_VIX\date=2025-01-20\data.parquet,ok,
index_minute_1,I:VIX,2025-01-21,668,C:\Users\hkhat\OneDrive\Desktop\Project\Dissertation\data_extended_2023_2026\raw\index_minute_1\ticker=I_VIX\date=2025-01-21\data.parquet,ok,
index_minute_1,I:VIX,2025-01-22,555,C:\Users\hkhat\OneDrive\Desktop\Project\Dissertation\data_extended_2023_2026\raw\index_minute_1\ticker=I_VIX\date=2025-01-22\data.parquet,ok,
index_minute_1,I:VIX,2025-01-23,580,C:\Users\hkhat\OneDrive\Desktop\Project\Dissertation\data_extended_2023_2026\raw\index_minute_1\ticker=I_VIX\date=2025-01-23\data.parquet,ok,
index_minute_1,I:VIX,2025-01-24,537,C:\Users\hkhat\OneDrive\Desktop\Project\Dissertation\data_extended_2023_2026\raw\index_minute_1\ticker=I_VIX\date=2025-01-24\data.parquet,ok,
index_minute_1,I:VIX,2025-01-27,775,C:\Users\hkhat\OneDrive\Desktop\Project\Dissertation\data_extended_2023_2026\raw\index_minute_1\ticker=I_VIX\date=2025-01-27\data.parquet,ok,
index_minute_1,I:VIX,2025-01-28,740,C:\Users\hkhat\OneDrive\Desktop\Project\Dissertation\data_extended_2023_2026\raw\index_minute_1\ticker=I_VIX\date=2025-01-28\data.parquet,ok,
index_minute_1,I:VIX,2025-01-29,693,C:\Users\hkhat\OneDrive\Desktop\Project\Dissertation\data_extended_2023_2026\raw\index_minute_1\ticker=I_VIX\date=2025-01-29\data.parquet,ok,
index_minute_1,I:VIX,2025-01-30,695,C:\Users\hkhat\OneDrive\Desktop\Project\Dissertation\data_extended_2023_2026\raw\index_minute_1\ticker=I_VIX\date=2025-01-30\data.parquet,ok,
index_minute_1,I:VIX,2025-01-31,655,C:\Users\hkhat\OneDrive\Desktop\Project\Dissertation\data_extended_2023_2026\raw\index_minute_1\ticker=I_VIX\date=2025-01-31\data.parquet,ok,
index_minute_1,I:VIX,2025-02-03,766,C:\Users\hkhat\OneDrive\Desktop\Project\Dissertation\data_extended_2023_2026\raw\index_minute_1\ticker=I_VIX\date=2025-02-03\data.parquet,ok,
index_minute_1,I:VIX,2025-02-04,751,C:\Users\hkhat\OneDrive\Desktop\Project\Dissertation\data_extended_2023_2026\raw\index_minute_1\ticker=I_VIX\date=2025-02-04\data.parquet,ok,
index_minute_1,I:VIX,2025-02-05,698,C:\Users\hkhat\OneDrive\Desktop\Project\Dissertation\data_extended_2023_2026\raw\index_minute_1\ticker=I_VIX\date=2025-02-05\data.parquet,ok,
index_minute_1,I:VIX,2025-02-06,680,C:\Users\hkhat\OneDrive\Desktop\Project\Dissertation\data_extended_2023_2026\raw\index_minute_1\ticker=I_VIX\date=2025-02-06\data.parquet,ok,
index_minute_1,I:VIX,2025-02-07,665,C:\Users\hkhat\OneDrive\Desktop\Project\Dissertation\data_extended_2023_2026\raw\index_minute_1\ticker=I_VIX\date=2025-02-07\data.parquet,ok,
index_minute_1,I:VIX,2025-02-10,668,C:\Users\hkhat\OneDrive\Desktop\Project\Dissertation\data_extended_2023_2026\raw\index_minute_1\ticker=I_VIX\date=2025-02-10\data.parquet,ok,
index_minute_1,I:VIX,2025-02-11,684,C:\Users\hkhat\OneDrive\Desktop\Project\Dissertation\data_extended_2023_2026\raw\index_minute_1\ticker=I_VIX\date=2025-02-11\data.parquet,ok,
index_minute_1,I:VIX,2025-02-12,700,C:\Users\hkhat\OneDrive\Desktop\Project\Dissertation\data_extended_2023_2026\raw\index_minute_1\ticker=I_VIX\date=2025-02-12\data.parquet,ok,
index_minute_1,I:VIX,2025-02-13,715,C:\Users\hkhat\OneDrive\Desktop\Project\Dissertation\data_extended_2023_2026\raw\index_minute_1\ticker=I_VIX\date=2025-02-13\data.parquet,ok,
index_minute_1,I:VIX,2025-02-14,666,C:\Users\hkhat\OneDrive\Desktop\Project\Dissertation\data_extended_2023_2026\raw\index_minute_1\ticker=I_VIX\date=2025-02-14\data.parquet,ok,
index_minute_1,I:VIX,2025-02-17,212,C:\Users\hkhat\OneDrive\Desktop\Project\Dissertation\data_extended_2023_2026\raw\index_minute_1\ticker=I_VIX\date=2025-02-17\data.parquet,ok,
index_minute_1,I:VIX,2025-02-18,623,C:\Users\hkhat\OneDrive\Desktop\Project\Dissertation\data_extended_2023_2026\raw\index_minute_1\ticker=I_VIX\date=2025-02-18\data.parquet,ok,
index_minute_1,I:VIX,2025-02-19,635,C:\Users\hkhat\OneDrive\Desktop\Project\Dissertation\data_extended_2023_2026\raw\index_minute_1\ticker=I_VIX\date=2025-02-19\data.parquet,ok,
index_minute_1,I:VIX,2025-02-20,620,C:\Users\hkhat\OneDrive\Desktop\Project\Dissertation\data_extended_2023_2026\raw\index_minute_1\ticker=I_VIX\date=2025-02-20\data.parquet,ok,
index_minute_1,I:VIX,2025-02-21,645,C:\Users\hkhat\OneDrive\Desktop\Project\Dissertation\data_extended_2023_2026\raw\index_minute_1\ticker=I_VIX\date=2025-02-21\data.parquet,ok,
index_minute_1,I:VIX,2025-02-24,734,C:\Users\hkhat\OneDrive\Desktop\Project\Dissertation\data_extended_2023_2026\raw\index_minute_1\ticker=I_VIX\date=2025-02-24\data.parquet,ok,
index_minute_1,I:VIX,2025-02-25,764,C:\Users\hkhat\OneDrive\Desktop\Project\Dissertation\data_extended_2023_2026\raw\index_minute_1\ticker=I_VIX\date=2025-02-25\data.parquet,ok,
index_minute_1,I:VIX,2025-02-26,750,C:\Users\hkhat\OneDrive\Desktop\Project\Dissertation\data_extended_2023_2026\raw\index_minute_1\ticker=I_VIX\date=2025-02-26\data.parquet,ok,
index_minute_1,I:VIX,2025-02-27,742,C:\Users\hkhat\OneDrive\Desktop\Project\Dissertation\data_extended_2023_2026\raw\index_minute_1\ticker=I_VIX\date=2025-02-27\data.parquet,ok,
index_minute_1,I:VIX,2025-02-28,763,C:\Users\hkhat\OneDrive\Desktop\Project\Dissertation\data_extended_2023_2026\raw\index_minute_1\ticker=I_VIX\date=2025-02-28\data.parquet,ok,
index_minute_1,I:VIX,2025-03-03,757,C:\Users\hkhat\OneDrive\Desktop\Project\Dissertation\data_extended_2023_2026\raw\index_minute_1\ticker=I_VIX\date=2025-03-03\data.parquet,ok,
index_minute_1,I:VIX,2025-03-04,773,C:\Users\hkhat\OneDrive\Desktop\Project\Dissertation\data_extended_2023_2026\raw\index_minute_1\ticker=I_VIX\date=2025-03-04\data.parquet,ok,
index_minute_1,I:VIX,2025-03-05,768,C:\Users\hkhat\OneDrive\Desktop\Project\Dissertation\data_extended_2023_2026\raw\index_minute_1\ticker=I_VIX\date=2025-03-05\data.parquet,ok,
index_minute_1,I:VIX,2025-03-06,768,C:\Users\hkhat\OneDrive\Desktop\Project\Dissertation\data_extended_2023_2026\raw\index_minute_1\ticker=I_VIX\date=2025-03-06\data.parquet,ok,
index_minute_1,I:VIX,2025-03-07,759,C:\Users\hkhat\OneDrive\Desktop\Project\Dissertation\data_extended_2023_2026\raw\index_minute_1\ticker=I_VIX\date=2025-03-07\data.parquet,ok,
index_minute_1,I:VIX,2025-03-10,772,C:\Users\hkhat\OneDrive\Desktop\Project\Dissertation\data_extended_2023_2026\raw\index_minute_1\ticker=I_VIX\date=2025-03-10\data.parquet,ok,
index_minute_1,I:VIX,2025-03-11,774,C:\Users\hkhat\OneDrive\Desktop\Project\Dissertation\data_extended_2023_2026\raw\index_minute_1\ticker=I_VIX\date=2025-03-11\data.parquet,ok,
index_minute_1,I:VIX,2025-03-12,755,C:\Users\hkhat\OneDrive\Desktop\Project\Dissertation\data_extended_2023_2026\raw\index_minute_1\ticker=I_VIX\date=2025-03-12\data.parquet,ok,
index_minute_1,I:VIX,2025-03-13,769,C:\Users\hkhat\OneDrive\Desktop\Project\Dissertation\data_extended_2023_2026\raw\index_minute_1\ticker=I_VIX\date=2025-03-13\data.parquet,ok,
index_minute_1,I:VIX,2025-03-14,756,C:\Users\hkhat\OneDrive\Desktop\Project\Dissertation\data_extended_2023_2026\raw\index_minute_1\ticker=I_VIX\date=2025-03-14\data.parquet,ok,
index_minute_1,I:VIX,2025-03-17,731,C:\Users\hkhat\OneDrive\Desktop\Project\Dissertation\data_extended_2023_2026\raw\index_minute_1\ticker=I_VIX\date=2025-03-17\data.parquet,ok,
index_minute_1,I:VIX,2025-03-18,739,C:\Users\hkhat\OneDrive\Desktop\Project\Dissertation\data_extended_2023_2026\raw\index_minute_1\ticker=I_VIX\date=2025-03-18\data.parquet,ok,
index_minute_1,I:VIX,2025-03-19,744,C:\Users\hkhat\OneDrive\Desktop\Project\Dissertation\data_extended_2023_2026\raw\index_minute_1\ticker=I_VIX\date=2025-03-19\data.parquet,ok,
index_minute_1,I:VIX,2025-03-20,743,C:\Users\hkhat\OneDrive\Desktop\Project\Dissertation\data_extended_2023_2026\raw\index_minute_1\ticker=I_VIX\date=2025-03-20\data.parquet,ok,
index_minute_1,I:VIX,2025-03-21,758,C:\Users\hkhat\OneDrive\Desktop\Project\Dissertation\data_extended_2023_2026\raw\index_minute_1\ticker=I_VIX\date=2025-03-21\data.parquet,ok,
index_minute_1,I:VIX,2025-03-24,685,C:\Users\hkhat\OneDrive\Desktop\Project\Dissertation\data_extended_2023_2026\raw\index_minute_1\ticker=I_VIX\date=2025-03-24\data.parquet,ok,
index_minute_1,I:VIX,2025-03-25,682,C:\Users\hkhat\OneDrive\Desktop\Project\Dissertation\data_extended_2023_2026\raw\index_minute_1\ticker=I_VIX\date=2025-03-25\data.parquet,ok,
index_minute_1,I:VIX,2025-03-26,704,C:\Users\hkhat\OneDrive\Desktop\Project\Dissertation\data_extended_2023_2026\raw\index_minute_1\ticker=I_VIX\date=2025-03-26\data.parquet,ok,
index_minute_1,I:VIX,2025-03-27,764,C:\Users\hkhat\OneDrive\Desktop\Project\Dissertation\data_extended_2023_2026\raw\index_minute_1\ticker=I_VIX\date=2025-03-27\data.parquet,ok,
index_minute_1,I:VIX,2025-03-28,752,C:\Users\hkhat\OneDrive\Desktop\Project\Dissertation\data_extended_2023_2026\raw\index_minute_1\ticker=I_VIX\date=2025-03-28\data.parquet,ok,
index_minute_1,I:VIX,2025-03-31,767,C:\Users\hkhat\OneDrive\Desktop\Project\Dissertation\data_extended_2023_2026\raw\index_minute_1\ticker=I_VIX\date=2025-03-31\data.parquet,ok,
index_minute_1,I:VIX,2025-04-01,764,C:\Users\hkhat\OneDrive\Desktop\Project\Dissertation\data_extended_2023_2026\raw\index_minute_1\ticker=I_VIX\date=2025-04-01\data.parquet,ok,
index_minute_1,I:VIX,2025-04-02,759,C:\Users\hkhat\OneDrive\Desktop\Project\Dissertation\data_extended_2023_2026\raw\index_minute_1\ticker=I_VIX\date=2025-04-02\data.parquet,ok,
index_minute_1,I:VIX,2025-04-03,775,C:\Users\hkhat\OneDrive\Desktop\Project\Dissertation\data_extended_2023_2026\raw\index_minute_1\ticker=I_VIX\date=2025-04-03\data.parquet,ok,
index_minute_1,I:VIX,2025-04-04,767,C:\Users\hkhat\OneDrive\Desktop\Project\Dissertation\data_extended_2023_2026\raw\index_minute_1\ticker=I_VIX\date=2025-04-04\data.parquet,ok,
index_minute_1,I:VIX,2025-04-07,736,C:\Users\hkhat\OneDrive\Desktop\Project\Dissertation\data_extended_2023_2026\raw\index_minute_1\ticker=I_VIX\date=2025-04-07\data.parquet,ok,
index_minute_1,I:VIX,2025-04-08,773,C:\Users\hkhat\OneDrive\Desktop\Project\Dissertation\data_extended_2023_2026\raw\index_minute_1\ticker=I_VIX\date=2025-04-08\data.parquet,ok,
index_minute_1,I:VIX,2025-04-09,758,C:\Users\hkhat\OneDrive\Desktop\Project\Dissertation\data_extended_2023_2026\raw\index_minute_1\ticker=I_VIX\date=2025-04-09\data.parquet,ok,
index_minute_1,I:VIX,2025-04-10,767,C:\Users\hkhat\OneDrive\Desktop\Project\Dissertation\data_extended_2023_2026\raw\index_minute_1\ticker=I_VIX\date=2025-04-10\data.parquet,ok,
index_minute_1,I:VIX,2025-04-11,769,C:\Users\hkhat\OneDrive\Desktop\Project\Dissertation\data_extended_2023_2026\raw\index_minute_1\ticker=I_VIX\date=2025-04-11\data.parquet,ok,
index_minute_1,I:VIX,2025-04-14,769,C:\Users\hkhat\OneDrive\Desktop\Project\Dissertation\data_extended_2023_2026\raw\index_minute_1\ticker=I_VIX\date=2025-04-14\data.parquet,ok,
index_minute_1,I:VIX,2025-04-15,772,C:\Users\hkhat\OneDrive\Desktop\Project\Dissertation\data_extended_2023_2026\raw\index_minute_1\ticker=I_VIX\date=2025-04-15\data.parquet,ok,
index_minute_1,I:VIX,2025-04-16,768,C:\Users\hkhat\OneDrive\Desktop\Project\Dissertation\data_extended_2023_2026\raw\index_minute_1\ticker=I_VIX\date=2025-04-16\data.parquet,ok,
index_minute_1,I:VIX,2025-04-17,769,C:\Users\hkhat\OneDrive\Desktop\Project\Dissertation\data_extended_2023_2026\raw\index_minute_1\ticker=I_VIX\date=2025-04-17\data.parquet,ok,
index_minute_1,I:VIX,2025-04-18,0,,empty,No qualifying bars
index_minute_1,I:VIX,2025-04-21,757,C:\Users\hkhat\OneDrive\Desktop\Project\Dissertation\data_extended_2023_2026\raw\index_minute_1\ticker=I_VIX\date=2025-04-21\data.parquet,ok,
index_minute_1,I:VIX,2025-04-22,760,C:\Users\hkhat\OneDrive\Desktop\Project\Dissertation\data_extended_2023_2026\raw\index_minute_1\ticker=I_VIX\date=2025-04-22\data.parquet,ok,
index_minute_1,I:VIX,2025-04-23,756,C:\Users\hkhat\OneDrive\Desktop\Project\Dissertation\data_extended_2023_2026\raw\index_minute_1\ticker=I_VIX\date=2025-04-23\data.parquet,ok,
index_minute_1,I:VIX,2025-04-24,771,C:\Users\hkhat\OneDrive\Desktop\Project\Dissertation\data_extended_2023_2026\raw\index_minute_1\ticker=I_VIX\date=2025-04-24\data.parquet,ok,
index_minute_1,I:VIX,2025-04-25,769,C:\Users\hkhat\OneDrive\Desktop\Project\Dissertation\data_extended_2023_2026\raw\index_minute_1\ticker=I_VIX\date=2025-04-25\data.parquet,ok,
index_minute_1,I:VIX,2025-04-28,750,C:\Users\hkhat\OneDrive\Desktop\Project\Dissertation\data_extended_2023_2026\raw\index_minute_1\ticker=I_VIX\date=2025-04-28\data.parquet,ok,
index_minute_1,I:VIX,2025-04-29,757,C:\Users\hkhat\OneDrive\Desktop\Project\Dissertation\data_extended_2023_2026\raw\index_minute_1\ticker=I_VIX\date=2025-04-29\data.parquet,ok,
index_minute_1,I:VIX,2025-04-30,747,C:\Users\hkhat\OneDrive\Desktop\Project\Dissertation\data_extended_2023_2026\raw\index_minute_1\ticker=I_VIX\date=2025-04-30\data.parquet,ok,
index_minute_1,I:VIX,2025-05-01,752,C:\Users\hkhat\OneDrive\Desktop\Project\Dissertation\data_extended_2023_2026\raw\index_minute_1\ticker=I_VIX\date=2025-05-01\data.parquet,ok,
index_minute_1,I:VIX,2025-05-02,764,C:\Users\hkhat\OneDrive\Desktop\Project\Dissertation\data_extended_2023_2026\raw\index_minute_1\ticker=I_VIX\date=2025-05-02\data.parquet,ok,
index_minute_1,I:VIX,2025-05-05,747,C:\Users\hkhat\OneDrive\Desktop\Project\Dissertation\data_extended_2023_2026\raw\index_minute_1\ticker=I_VIX\date=2025-05-05\data.parquet,ok,
index_minute_1,I:VIX,2025-05-06,756,C:\Users\hkhat\OneDrive\Desktop\Project\Dissertation\data_extended_2023_2026\raw\index_minute_1\ticker=I_VIX\date=2025-05-06\data.parquet,ok,
index_minute_1,I:VIX,2025-05-07,747,C:\Users\hkhat\OneDrive\Desktop\Project\Dissertation\data_extended_2023_2026\raw\index_minute_1\ticker=I_VIX\date=2025-05-07\data.parquet,ok,
index_minute_1,I:VIX,2025-05-08,722,C:\Users\hkhat\OneDrive\Desktop\Project\Dissertation\data_extended_2023_2026\raw\index_minute_1\ticker=I_VIX\date=2025-05-08\data.parquet,ok,
index_minute_1,I:VIX,2025-05-09,730,C:\Users\hkhat\OneDrive\Desktop\Project\Dissertation\data_extended_2023_2026\raw\index_minute_1\ticker=I_VIX\date=2025-05-09\data.parquet,ok,
index_minute_1,I:VIX,2025-05-12,747,C:\Users\hkhat\OneDrive\Desktop\Project\Dissertation\data_extended_2023_2026\raw\index_minute_1\ticker=I_VIX\date=2025-05-12\data.parquet,ok,
index_minute_1,I:VIX,2025-05-13,709,C:\Users\hkhat\OneDrive\Desktop\Project\Dissertation\data_extended_2023_2026\raw\index_minute_1\ticker=I_VIX\date=2025-05-13\data.parquet,ok,
index_minute_1,I:VIX,2025-05-14,715,C:\Users\hkhat\OneDrive\Desktop\Project\Dissertation\data_extended_2023_2026\raw\index_minute_1\ticker=I_VIX\date=2025-05-14\data.parquet,ok,
index_minute_1,I:VIX,2025-05-15,725,C:\Users\hkhat\OneDrive\Desktop\Project\Dissertation\data_extended_2023_2026\raw\index_minute_1\ticker=I_VIX\date=2025-05-15\data.parquet,ok,
index_minute_1,I:VIX,2025-05-16,640,C:\Users\hkhat\OneDrive\Desktop\Project\Dissertation\data_extended_2023_2026\raw\index_minute_1\ticker=I_VIX\date=2025-05-16\data.parquet,ok,
index_minute_1,I:VIX,2025-05-19,688,C:\Users\hkhat\OneDrive\Desktop\Project\Dissertation\data_extended_2023_2026\raw\index_minute_1\ticker=I_VIX\date=2025-05-19\data.parquet,ok,
index_minute_1,I:VIX,2025-05-20,625,C:\Users\hkhat\OneDrive\Desktop\Project\Dissertation\data_extended_2023_2026\raw\index_minute_1\ticker=I_VIX\date=2025-05-20\data.parquet,ok,
index_minute_1,I:VIX,2025-05-21,725,C:\Users\hkhat\OneDrive\Desktop\Project\Dissertation\data_extended_2023_2026\raw\index_minute_1\ticker=I_VIX\date=2025-05-21\data.parquet,ok,
index_minute_1,I:VIX,2025-05-22,757,C:\Users\hkhat\OneDrive\Desktop\Project\Dissertation\data_extended_2023_2026\raw\index_minute_1\ticker=I_VIX\date=2025-05-22\data.parquet,ok,
index_minute_1,I:VIX,2025-05-23,739,C:\Users\hkhat\OneDrive\Desktop\Project\Dissertation\data_extended_2023_2026\raw\index_minute_1\ticker=I_VIX\date=2025-05-23\data.parquet,ok,
index_minute_1,I:VIX,2025-05-26,386,C:\Users\hkhat\OneDrive\Desktop\Project\Dissertation\data_extended_2023_2026\raw\index_minute_1\ticker=I_VIX\date=2025-05-26\data.parquet,ok,
index_minute_1,I:VIX,2025-05-27,742,C:\Users\hkhat\OneDrive\Desktop\Project\Dissertation\data_extended_2023_2026\raw\index_minute_1\ticker=I_VIX\date=2025-05-27\data.parquet,ok,
index_minute_1,I:VIX,2025-05-28,721,C:\Users\hkhat\OneDrive\Desktop\Project\Dissertation\data_extended_2023_2026\raw\index_minute_1\ticker=I_VIX\date=2025-05-28\data.parquet,ok,
index_minute_1,I:VIX,2025-05-29,736,C:\Users\hkhat\OneDrive\Desktop\Project\Dissertation\data_extended_2023_2026\raw\index_minute_1\ticker=I_VIX\date=2025-05-29\data.parquet,ok,
index_minute_1,I:VIX,2025-05-30,740,C:\Users\hkhat\OneDrive\Desktop\Project\Dissertation\data_extended_2023_2026\raw\index_minute_1\ticker=I_VIX\date=2025-05-30\data.parquet,ok,
index_minute_1,I:VIX,2025-06-02,753,C:\Users\hkhat\OneDrive\Desktop\Project\Dissertation\data_extended_2023_2026\raw\index_minute_1\ticker=I_VIX\date=2025-06-02\data.parquet,ok,
index_minute_1,I:VIX,2025-06-03,684,C:\Users\hkhat\OneDrive\Desktop\Project\Dissertation\data_extended_2023_2026\raw\index_minute_1\ticker=I_VIX\date=2025-06-03\data.parquet,ok,
index_minute_1,I:VIX,2025-06-04,661,C:\Users\hkhat\OneDrive\Desktop\Project\Dissertation\data_extended_2023_2026\raw\index_minute_1\ticker=I_VIX\date=2025-06-04\data.parquet,ok,
index_minute_1,I:VIX,2025-06-05,716,C:\Users\hkhat\OneDrive\Desktop\Project\Dissertation\data_extended_2023_2026\raw\index_minute_1\ticker=I_VIX\date=2025-06-05\data.parquet,ok,
index_minute_1,I:VIX,2025-06-06,727,C:\Users\hkhat\OneDrive\Desktop\Project\Dissertation\data_extended_2023_2026\raw\index_minute_1\ticker=I_VIX\date=2025-06-06\data.parquet,ok,
index_minute_1,I:VIX,2025-06-09,617,C:\Users\hkhat\OneDrive\Desktop\Project\Dissertation\data_extended_2023_2026\raw\index_minute_1\ticker=I_VIX\date=2025-06-09\data.parquet,ok,
index_minute_1,I:VIX,2025-06-10,670,C:\Users\hkhat\OneDrive\Desktop\Project\Dissertation\data_extended_2023_2026\raw\index_minute_1\ticker=I_VIX\date=2025-06-10\data.parquet,ok,
index_minute_1,I:VIX,2025-06-11,651,C:\Users\hkhat\OneDrive\Desktop\Project\Dissertation\data_extended_2023_2026\raw\index_minute_1\ticker=I_VIX\date=2025-06-11\data.parquet,ok,
index_minute_1,I:VIX,2025-06-12,743,C:\Users\hkhat\OneDrive\Desktop\Project\Dissertation\data_extended_2023_2026\raw\index_minute_1\ticker=I_VIX\date=2025-06-12\data.parquet,ok,
index_minute_1,I:VIX,2025-06-13,769,C:\Users\hkhat\OneDrive\Desktop\Project\Dissertation\data_extended_2023_2026\raw\index_minute_1\ticker=I_VIX\date=2025-06-13\data.parquet,ok,
index_minute_1,I:VIX,2025-06-16,691,C:\Users\hkhat\OneDrive\Desktop\Project\Dissertation\data_extended_2023_2026\raw\index_minute_1\ticker=I_VIX\date=2025-06-16\data.parquet,ok,
index_minute_1,I:VIX,2025-06-17,753,C:\Users\hkhat\OneDrive\Desktop\Project\Dissertation\data_extended_2023_2026\raw\index_minute_1\ticker=I_VIX\date=2025-06-17\data.parquet,ok,
index_minute_1,I:VIX,2025-06-18,718,C:\Users\hkhat\OneDrive\Desktop\Project\Dissertation\data_extended_2023_2026\raw\index_minute_1\ticker=I_VIX\date=2025-06-18\data.parquet,ok,
index_minute_1,I:VIX,2025-06-19,429,C:\Users\hkhat\OneDrive\Desktop\Project\Dissertation\data_extended_2023_2026\raw\index_minute_1\ticker=I_VIX\date=2025-06-19\data.parquet,ok,
index_minute_1,I:VIX,2025-06-20,734,C:\Users\hkhat\OneDrive\Desktop\Project\Dissertation\data_extended_2023_2026\raw\index_minute_1\ticker=I_VIX\date=2025-06-20\data.parquet,ok,
index_minute_1,I:VIX,2025-06-23,754,C:\Users\hkhat\OneDrive\Desktop\Project\Dissertation\data_extended_2023_2026\raw\index_minute_1\ticker=I_VIX\date=2025-06-23\data.parquet,ok,
index_minute_1,I:VIX,2025-06-24,727,C:\Users\hkhat\OneDrive\Desktop\Project\Dissertation\data_extended_2023_2026\raw\index_minute_1\ticker=I_VIX\date=2025-06-24\data.parquet,ok,
index_minute_1,I:VIX,2025-06-25,645,C:\Users\hkhat\OneDrive\Desktop\Project\Dissertation\data_extended_2023_2026\raw\index_minute_1\ticker=I_VIX\date=2025-06-25\data.parquet,ok,
index_minute_1,I:VIX,2025-06-26,619,C:\Users\hkhat\OneDrive\Desktop\Project\Dissertation\data_extended_2023_2026\raw\index_minute_1\ticker=I_VIX\date=2025-06-26\data.parquet,ok,
index_minute_1,I:VIX,2025-06-27,619,C:\Users\hkhat\OneDrive\Desktop\Project\Dissertation\data_extended_2023_2026\raw\index_minute_1\ticker=I_VIX\date=2025-06-27\data.parquet,ok,
index_minute_1,I:VIX,2025-06-30,589,C:\Users\hkhat\OneDrive\Desktop\Project\Dissertation\data_extended_2023_2026\raw\index_minute_1\ticker=I_VIX\date=2025-06-30\data.parquet,ok,
index_minute_1,I:VIX,2025-07-01,658,C:\Users\hkhat\OneDrive\Desktop\Project\Dissertation\data_extended_2023_2026\raw\index_minute_1\ticker=I_VIX\date=2025-07-01\data.parquet,ok,
index_minute_1,I:VIX,2025-07-02,632,C:\Users\hkhat\OneDrive\Desktop\Project\Dissertation\data_extended_2023_2026\raw\index_minute_1\ticker=I_VIX\date=2025-07-02\data.parquet,ok,
index_minute_1,I:VIX,2025-07-03,444,C:\Users\hkhat\OneDrive\Desktop\Project\Dissertation\data_extended_2023_2026\raw\index_minute_1\ticker=I_VIX\date=2025-07-03\data.parquet,ok,
index_minute_1,I:VIX,2025-07-04,394,C:\Users\hkhat\OneDrive\Desktop\Project\Dissertation\data_extended_2023_2026\raw\index_minute_1\ticker=I_VIX\date=2025-07-04\data.parquet,ok,
index_minute_1,I:VIX,2025-07-07,667,C:\Users\hkhat\OneDrive\Desktop\Project\Dissertation\data_extended_2023_2026\raw\index_minute_1\ticker=I_VIX\date=2025-07-07\data.parquet,ok,
index_minute_1,I:VIX,2025-07-08,660,C:\Users\hkhat\OneDrive\Desktop\Project\Dissertation\data_extended_2023_2026\raw\index_minute_1\ticker=I_VIX\date=2025-07-08\data.parquet,ok,
index_minute_1,I:VIX,2025-07-09,645,C:\Users\hkhat\OneDrive\Desktop\Project\Dissertation\data_extended_2023_2026\raw\index_minute_1\ticker=I_VIX\date=2025-07-09\data.parquet,ok,
index_minute_1,I:VIX,2025-07-10,545,C:\Users\hkhat\OneDrive\Desktop\Project\Dissertation\data_extended_2023_2026\raw\index_minute_1\ticker=I_VIX\date=2025-07-10\data.parquet,ok,
index_minute_1,I:VIX,2025-07-11,704,C:\Users\hkhat\OneDrive\Desktop\Project\Dissertation\data_extended_2023_2026\raw\index_minute_1\ticker=I_VIX\date=2025-07-11\data.parquet,ok,
index_minute_1,I:VIX,2025-07-14,591,C:\Users\hkhat\OneDrive\Desktop\Project\Dissertation\data_extended_2023_2026\raw\index_minute_1\ticker=I_VIX\date=2025-07-14\data.parquet,ok,
index_minute_1,I:VIX,2025-07-15,601,C:\Users\hkhat\OneDrive\Desktop\Project\Dissertation\data_extended_2023_2026\raw\index_minute_1\ticker=I_VIX\date=2025-07-15\data.parquet,ok,
index_minute_1,I:VIX,2025-07-16,639,C:\Users\hkhat\OneDrive\Desktop\Project\Dissertation\data_extended_2023_2026\raw\index_minute_1\ticker=I_VIX\date=2025-07-16\data.parquet,ok,
index_minute_1,I:VIX,2025-07-17,563,C:\Users\hkhat\OneDrive\Desktop\Project\Dissertation\data_extended_2023_2026\raw\index_minute_1\ticker=I_VIX\date=2025-07-17\data.parquet,ok,
index_minute_1,I:VIX,2025-07-18,592,C:\Users\hkhat\OneDrive\Desktop\Project\Dissertation\data_extended_2023_2026\raw\index_minute_1\ticker=I_VIX\date=2025-07-18\data.parquet,ok,
index_minute_1,I:VIX,2025-07-21,489,C:\Users\hkhat\OneDrive\Desktop\Project\Dissertation\data_extended_2023_2026\raw\index_minute_1\ticker=I_VIX\date=2025-07-21\data.parquet,ok,
index_minute_1,I:VIX,2025-07-22,597,C:\Users\hkhat\OneDrive\Desktop\Project\Dissertation\data_extended_2023_2026\raw\index_minute_1\ticker=I_VIX\date=2025-07-22\data.parquet,ok,
index_minute_1,I:VIX,2025-07-23,620,C:\Users\hkhat\OneDrive\Desktop\Project\Dissertation\data_extended_2023_2026\raw\index_minute_1\ticker=I_VIX\date=2025-07-23\data.parquet,ok,
index_minute_1,I:VIX,2025-07-24,603,C:\Users\hkhat\OneDrive\Desktop\Project\Dissertation\data_extended_2023_2026\raw\index_minute_1\ticker=I_VIX\date=2025-07-24\data.parquet,ok,
index_minute_1,I:VIX,2025-07-25,555,C:\Users\hkhat\OneDrive\Desktop\Project\Dissertation\data_extended_2023_2026\raw\index_minute_1\ticker=I_VIX\date=2025-07-25\data.parquet,ok,
index_minute_1,I:VIX,2025-07-28,591,C:\Users\hkhat\OneDrive\Desktop\Project\Dissertation\data_extended_2023_2026\raw\index_minute_1\ticker=I_VIX\date=2025-07-28\data.parquet,ok,
index_minute_1,I:VIX,2025-07-29,596,C:\Users\hkhat\OneDrive\Desktop\Project\Dissertation\data_extended_2023_2026\raw\index_minute_1\ticker=I_VIX\date=2025-07-29\data.parquet,ok,
index_minute_1,I:VIX,2025-07-30,668,C:\Users\hkhat\OneDrive\Desktop\Project\Dissertation\data_extended_2023_2026\raw\index_minute_1\ticker=I_VIX\date=2025-07-30\data.parquet,ok,
index_minute_1,I:VIX,2025-07-31,713,C:\Users\hkhat\OneDrive\Desktop\Project\Dissertation\data_extended_2023_2026\raw\index_minute_1\ticker=I_VIX\date=2025-07-31\data.parquet,ok,
index_minute_1,I:VIX,2025-08-01,773,C:\Users\hkhat\OneDrive\Desktop\Project\Dissertation\data_extended_2023_2026\raw\index_minute_1\ticker=I_VIX\date=2025-08-01\data.parquet,ok,
index_minute_1,I:VIX,2025-08-04,749,C:\Users\hkhat\OneDrive\Desktop\Project\Dissertation\data_extended_2023_2026\raw\index_minute_1\ticker=I_VIX\date=2025-08-04\data.parquet,ok,
index_minute_1,I:VIX,2025-08-05,712,C:\Users\hkhat\OneDrive\Desktop\Project\Dissertation\data_extended_2023_2026\raw\index_minute_1\ticker=I_VIX\date=2025-08-05\data.parquet,ok,
index_minute_1,I:VIX,2025-08-06,740,C:\Users\hkhat\OneDrive\Desktop\Project\Dissertation\data_extended_2023_2026\raw\index_minute_1\ticker=I_VIX\date=2025-08-06\data.parquet,ok,
index_minute_1,I:VIX,2025-08-07,736,C:\Users\hkhat\OneDrive\Desktop\Project\Dissertation\data_extended_2023_2026\raw\index_minute_1\ticker=I_VIX\date=2025-08-07\data.parquet,ok,
index_minute_1,I:VIX,2025-08-08,685,C:\Users\hkhat\OneDrive\Desktop\Project\Dissertation\data_extended_2023_2026\raw\index_minute_1\ticker=I_VIX\date=2025-08-08\data.parquet,ok,
index_minute_1,I:VIX,2025-08-11,644,C:\Users\hkhat\OneDrive\Desktop\Project\Dissertation\data_extended_2023_2026\raw\index_minute_1\ticker=I_VIX\date=2025-08-11\data.parquet,ok,
index_minute_1,I:VIX,2025-08-12,655,C:\Users\hkhat\OneDrive\Desktop\Project\Dissertation\data_extended_2023_2026\raw\index_minute_1\ticker=I_VIX\date=2025-08-12\data.parquet,ok,
index_minute_1,I:VIX,2025-08-13,615,C:\Users\hkhat\OneDrive\Desktop\Project\Dissertation\data_extended_2023_2026\raw\index_minute_1\ticker=I_VIX\date=2025-08-13\data.parquet,ok,
index_minute_1,I:VIX,2025-08-14,616,C:\Users\hkhat\OneDrive\Desktop\Project\Dissertation\data_extended_2023_2026\raw\index_minute_1\ticker=I_VIX\date=2025-08-14\data.parquet,ok,
index_minute_1,I:VIX,2025-08-15,634,C:\Users\hkhat\OneDrive\Desktop\Project\Dissertation\data_extended_2023_2026\raw\index_minute_1\ticker=I_VIX\date=2025-08-15\data.parquet,ok,
index_minute_1,I:VIX,2025-08-18,616,C:\Users\hkhat\OneDrive\Desktop\Project\Dissertation\data_extended_2023_2026\raw\index_minute_1\ticker=I_VIX\date=2025-08-18\data.parquet,ok,
index_minute_1,I:VIX,2025-08-19,583,C:\Users\hkhat\OneDrive\Desktop\Project\Dissertation\data_extended_2023_2026\raw\index_minute_1\ticker=I_VIX\date=2025-08-19\data.parquet,ok,
index_minute_1,I:VIX,2025-08-20,684,C:\Users\hkhat\OneDrive\Desktop\Project\Dissertation\data_extended_2023_2026\raw\index_minute_1\ticker=I_VIX\date=2025-08-20\data.parquet,ok,
index_minute_1,I:VIX,2025-08-21,716,C:\Users\hkhat\OneDrive\Desktop\Project\Dissertation\data_extended_2023_2026\raw\index_minute_1\ticker=I_VIX\date=2025-08-21\data.parquet,ok,
index_minute_1,I:VIX,2025-08-22,668,C:\Users\hkhat\OneDrive\Desktop\Project\Dissertation\data_extended_2023_2026\raw\index_minute_1\ticker=I_VIX\date=2025-08-22\data.parquet,ok,
index_minute_1,I:VIX,2025-08-25,579,C:\Users\hkhat\OneDrive\Desktop\Project\Dissertation\data_extended_2023_2026\raw\index_minute_1\ticker=I_VIX\date=2025-08-25\data.parquet,ok,
index_minute_1,I:VIX,2025-08-26,691,C:\Users\hkhat\OneDrive\Desktop\Project\Dissertation\data_extended_2023_2026\raw\index_minute_1\ticker=I_VIX\date=2025-08-26\data.parquet,ok,
index_minute_1,I:VIX,2025-08-27,602,C:\Users\hkhat\OneDrive\Desktop\Project\Dissertation\data_extended_2023_2026\raw\index_minute_1\ticker=I_VIX\date=2025-08-27\data.parquet,ok,
index_minute_1,I:VIX,2025-08-28,648,C:\Users\hkhat\OneDrive\Desktop\Project\Dissertation\data_extended_2023_2026\raw\index_minute_1\ticker=I_VIX\date=2025-08-28\data.parquet,ok,
index_minute_1,I:VIX,2025-08-29,692,C:\Users\hkhat\OneDrive\Desktop\Project\Dissertation\data_extended_2023_2026\raw\index_minute_1\ticker=I_VIX\date=2025-08-29\data.parquet,ok,
index_minute_1,I:VIX,2025-09-01,394,C:\Users\hkhat\OneDrive\Desktop\Project\Dissertation\data_extended_2023_2026\raw\index_minute_1\ticker=I_VIX\date=2025-09-01\data.parquet,ok,
index_minute_1,I:VIX,2025-09-02,764,C:\Users\hkhat\OneDrive\Desktop\Project\Dissertation\data_extended_2023_2026\raw\index_minute_1\ticker=I_VIX\date=2025-09-02\data.parquet,ok,
index_minute_1,I:VIX,2025-09-03,722,C:\Users\hkhat\OneDrive\Desktop\Project\Dissertation\data_extended_2023_2026\raw\index_minute_1\ticker=I_VIX\date=2025-09-03\data.parquet,ok,
index_minute_1,I:VIX,2025-09-04,682,C:\Users\hkhat\OneDrive\Desktop\Project\Dissertation\data_extended_2023_2026\raw\index_minute_1\ticker=I_VIX\date=2025-09-04\data.parquet,ok,
index_minute_1,I:VIX,2025-09-05,663,C:\Users\hkhat\OneDrive\Desktop\Project\Dissertation\data_extended_2023_2026\raw\index_minute_1\ticker=I_VIX\date=2025-09-05\data.parquet,ok,
index_minute_1,I:VIX,2025-09-08,677,C:\Users\hkhat\OneDrive\Desktop\Project\Dissertation\data_extended_2023_2026\raw\index_minute_1\ticker=I_VIX\date=2025-09-08\data.parquet,ok,
index_minute_1,I:VIX,2025-09-09,683,C:\Users\hkhat\OneDrive\Desktop\Project\Dissertation\data_extended_2023_2026\raw\index_minute_1\ticker=I_VIX\date=2025-09-09\data.parquet,ok,
index_minute_1,I:VIX,2025-09-10,677,C:\Users\hkhat\OneDrive\Desktop\Project\Dissertation\data_extended_2023_2026\raw\index_minute_1\ticker=I_VIX\date=2025-09-10\data.parquet,ok,
index_minute_1,I:VIX,2025-09-11,598,C:\Users\hkhat\OneDrive\Desktop\Project\Dissertation\data_extended_2023_2026\raw\index_minute_1\ticker=I_VIX\date=2025-09-11\data.parquet,ok,
index_minute_1,I:VIX,2025-09-12,560,C:\Users\hkhat\OneDrive\Desktop\Project\Dissertation\data_extended_2023_2026\raw\index_minute_1\ticker=I_VIX\date=2025-09-12\data.parquet,ok,
index_minute_1,I:VIX,2025-09-15,542,C:\Users\hkhat\OneDrive\Desktop\Project\Dissertation\data_extended_2023_2026\raw\index_minute_1\ticker=I_VIX\date=2025-09-15\data.parquet,ok,
index_minute_1,I:VIX,2025-09-16,502,C:\Users\hkhat\OneDrive\Desktop\Project\Dissertation\data_extended_2023_2026\raw\index_minute_1\ticker=I_VIX\date=2025-09-16\data.parquet,ok,
index_minute_1,I:VIX,2025-09-17,579,C:\Users\hkhat\OneDrive\Desktop\Project\Dissertation\data_extended_2023_2026\raw\index_minute_1\ticker=I_VIX\date=2025-09-17\data.parquet,ok,
index_minute_1,I:VIX,2025-09-18,636,C:\Users\hkhat\OneDrive\Desktop\Project\Dissertation\data_extended_2023_2026\raw\index_minute_1\ticker=I_VIX\date=2025-09-18\data.parquet,ok,
index_minute_1,I:VIX,2025-09-19,601,C:\Users\hkhat\OneDrive\Desktop\Project\Dissertation\data_extended_2023_2026\raw\index_minute_1\ticker=I_VIX\date=2025-09-19\data.parquet,ok,
index_minute_1,I:VIX,2025-09-22,550,C:\Users\hkhat\OneDrive\Desktop\Project\Dissertation\data_extended_2023_2026\raw\index_minute_1\ticker=I_VIX\date=2025-09-22\data.parquet,ok,
index_minute_1,I:VIX,2025-09-23,565,C:\Users\hkhat\OneDrive\Desktop\Project\Dissertation\data_extended_2023_2026\raw\index_minute_1\ticker=I_VIX\date=2025-09-23\data.parquet,ok,
index_minute_1,I:VIX,2025-09-24,618,C:\Users\hkhat\OneDrive\Desktop\Project\Dissertation\data_extended_2023_2026\raw\index_minute_1\ticker=I_VIX\date=2025-09-24\data.parquet,ok,
index_minute_1,I:VIX,2025-09-25,709,C:\Users\hkhat\OneDrive\Desktop\Project\Dissertation\data_extended_2023_2026\raw\index_minute_1\ticker=I_VIX\date=2025-09-25\data.parquet,ok,
index_minute_1,I:VIX,2025-09-26,717,C:\Users\hkhat\OneDrive\Desktop\Project\Dissertation\data_extended_2023_2026\raw\index_minute_1\ticker=I_VIX\date=2025-09-26\data.parquet,ok,
index_minute_1,I:VIX,2025-09-29,643,C:\Users\hkhat\OneDrive\Desktop\Project\Dissertation\data_extended_2023_2026\raw\index_minute_1\ticker=I_VIX\date=2025-09-29\data.parquet,ok,
index_minute_1,I:VIX,2025-09-30,704,C:\Users\hkhat\OneDrive\Desktop\Project\Dissertation\data_extended_2023_2026\raw\index_minute_1\ticker=I_VIX\date=2025-09-30\data.parquet,ok,
index_minute_1,I:VIX,2025-10-01,699,C:\Users\hkhat\OneDrive\Desktop\Project\Dissertation\data_extended_2023_2026\raw\index_minute_1\ticker=I_VIX\date=2025-10-01\data.parquet,ok,
index_minute_1,I:VIX,2025-10-02,645,C:\Users\hkhat\OneDrive\Desktop\Project\Dissertation\data_extended_2023_2026\raw\index_minute_1\ticker=I_VIX\date=2025-10-02\data.parquet,ok,
index_minute_1,I:VIX,2025-10-03,623,C:\Users\hkhat\OneDrive\Desktop\Project\Dissertation\data_extended_2023_2026\raw\index_minute_1\ticker=I_VIX\date=2025-10-03\data.parquet,ok,
index_minute_1,I:VIX,2025-10-06,640,C:\Users\hkhat\OneDrive\Desktop\Project\Dissertation\data_extended_2023_2026\raw\index_minute_1\ticker=I_VIX\date=2025-10-06\data.parquet,ok,
index_minute_1,I:VIX,2025-10-07,642,C:\Users\hkhat\OneDrive\Desktop\Project\Dissertation\data_extended_2023_2026\raw\index_minute_1\ticker=I_VIX\date=2025-10-07\data.parquet,ok,
index_minute_1,I:VIX,2025-10-08,625,C:\Users\hkhat\OneDrive\Desktop\Project\Dissertation\data_extended_2023_2026\raw\index_minute_1\ticker=I_VIX\date=2025-10-08\data.parquet,ok,
index_minute_1,I:VIX,2025-10-09,633,C:\Users\hkhat\OneDrive\Desktop\Project\Dissertation\data_extended_2023_2026\raw\index_minute_1\ticker=I_VIX\date=2025-10-09\data.parquet,ok,
index_minute_1,I:VIX,2025-10-10,670,C:\Users\hkhat\OneDrive\Desktop\Project\Dissertation\data_extended_2023_2026\raw\index_minute_1\ticker=I_VIX\date=2025-10-10\data.parquet,ok,
index_minute_1,I:VIX,2025-10-13,762,C:\Users\hkhat\OneDrive\Desktop\Project\Dissertation\data_extended_2023_2026\raw\index_minute_1\ticker=I_VIX\date=2025-10-13\data.parquet,ok,
index_minute_1,I:VIX,2025-10-14,767,C:\Users\hkhat\OneDrive\Desktop\Project\Dissertation\data_extended_2023_2026\raw\index_minute_1\ticker=I_VIX\date=2025-10-14\data.parquet,ok,
index_minute_1,I:VIX,2025-10-15,740,C:\Users\hkhat\OneDrive\Desktop\Project\Dissertation\data_extended_2023_2026\raw\index_minute_1\ticker=I_VIX\date=2025-10-15\data.parquet,ok,
index_minute_1,I:VIX,2025-10-16,726,C:\Users\hkhat\OneDrive\Desktop\Project\Dissertation\data_extended_2023_2026\raw\index_minute_1\ticker=I_VIX\date=2025-10-16\data.parquet,ok,
index_minute_1,I:VIX,2025-10-17,775,C:\Users\hkhat\OneDrive\Desktop\Project\Dissertation\data_extended_2023_2026\raw\index_minute_1\ticker=I_VIX\date=2025-10-17\data.parquet,ok,
index_minute_1,I:VIX,2025-10-20,701,C:\Users\hkhat\OneDrive\Desktop\Project\Dissertation\data_extended_2023_2026\raw\index_minute_1\ticker=I_VIX\date=2025-10-20\data.parquet,ok,
index_minute_1,I:VIX,2025-10-21,660,C:\Users\hkhat\OneDrive\Desktop\Project\Dissertation\data_extended_2023_2026\raw\index_minute_1\ticker=I_VIX\date=2025-10-21\data.parquet,ok,
index_minute_1,I:VIX,2025-10-22,671,C:\Users\hkhat\OneDrive\Desktop\Project\Dissertation\data_extended_2023_2026\raw\index_minute_1\ticker=I_VIX\date=2025-10-22\data.parquet,ok,
index_minute_1,I:VIX,2025-10-23,724,C:\Users\hkhat\OneDrive\Desktop\Project\Dissertation\data_extended_2023_2026\raw\index_minute_1\ticker=I_VIX\date=2025-10-23\data.parquet,ok,
index_minute_1,I:VIX,2025-10-24,642,C:\Users\hkhat\OneDrive\Desktop\Project\Dissertation\data_extended_2023_2026\raw\index_minute_1\ticker=I_VIX\date=2025-10-24\data.parquet,ok,
index_minute_1,I:VIX,2025-10-27,563,C:\Users\hkhat\OneDrive\Desktop\Project\Dissertation\data_extended_2023_2026\raw\index_minute_1\ticker=I_VIX\date=2025-10-27\data.parquet,ok,
index_minute_1,I:VIX,2025-10-28,550,C:\Users\hkhat\OneDrive\Desktop\Project\Dissertation\data_extended_2023_2026\raw\index_minute_1\ticker=I_VIX\date=2025-10-28\data.parquet,ok,
index_minute_1,I:VIX,2025-10-29,600,C:\Users\hkhat\OneDrive\Desktop\Project\Dissertation\data_extended_2023_2026\raw\index_minute_1\ticker=I_VIX\date=2025-10-29\data.parquet,ok,
index_minute_1,I:VIX,2025-10-30,750,C:\Users\hkhat\OneDrive\Desktop\Project\Dissertation\data_extended_2023_2026\raw\index_minute_1\ticker=I_VIX\date=2025-10-30\data.parquet,ok,
index_minute_1,I:VIX,2025-10-31,701,C:\Users\hkhat\OneDrive\Desktop\Project\Dissertation\data_extended_2023_2026\raw\index_minute_1\ticker=I_VIX\date=2025-10-31\data.parquet,ok,
index_minute_1,I:VIX,2025-11-03,696,C:\Users\hkhat\OneDrive\Desktop\Project\Dissertation\data_extended_2023_2026\raw\index_minute_1\ticker=I_VIX\date=2025-11-03\data.parquet,ok,
index_minute_1,I:VIX,2025-11-04,759,C:\Users\hkhat\OneDrive\Desktop\Project\Dissertation\data_extended_2023_2026\raw\index_minute_1\ticker=I_VIX\date=2025-11-04\data.parquet,ok,
index_minute_1,I:VIX,2025-11-05,750,C:\Users\hkhat\OneDrive\Desktop\Project\Dissertation\data_extended_2023_2026\raw\index_minute_1\ticker=I_VIX\date=2025-11-05\data.parquet,ok,
index_minute_1,I:VIX,2025-11-06,737,C:\Users\hkhat\OneDrive\Desktop\Project\Dissertation\data_extended_2023_2026\raw\index_minute_1\ticker=I_VIX\date=2025-11-06\data.parquet,ok,
index_minute_1,I:VIX,2025-11-07,770,C:\Users\hkhat\OneDrive\Desktop\Project\Dissertation\data_extended_2023_2026\raw\index_minute_1\ticker=I_VIX\date=2025-11-07\data.parquet,ok,
index_minute_1,I:VIX,2025-11-10,690,C:\Users\hkhat\OneDrive\Desktop\Project\Dissertation\data_extended_2023_2026\raw\index_minute_1\ticker=I_VIX\date=2025-11-10\data.parquet,ok,
index_minute_1,I:VIX,2025-11-11,687,C:\Users\hkhat\OneDrive\Desktop\Project\Dissertation\data_extended_2023_2026\raw\index_minute_1\ticker=I_VIX\date=2025-11-11\data.parquet,ok,
index_minute_1,I:VIX,2025-11-12,647,C:\Users\hkhat\OneDrive\Desktop\Project\Dissertation\data_extended_2023_2026\raw\index_minute_1\ticker=I_VIX\date=2025-11-12\data.parquet,ok,
index_minute_1,I:VIX,2025-11-13,754,C:\Users\hkhat\OneDrive\Desktop\Project\Dissertation\data_extended_2023_2026\raw\index_minute_1\ticker=I_VIX\date=2025-11-13\data.parquet,ok,
index_minute_1,I:VIX,2025-11-14,771,C:\Users\hkhat\OneDrive\Desktop\Project\Dissertation\data_extended_2023_2026\raw\index_minute_1\ticker=I_VIX\date=2025-11-14\data.parquet,ok,
index_minute_1,I:VIX,2025-11-17,764,C:\Users\hkhat\OneDrive\Desktop\Project\Dissertation\data_extended_2023_2026\raw\index_minute_1\ticker=I_VIX\date=2025-11-17\data.parquet,ok,
index_minute_1,I:VIX,2025-11-18,771,C:\Users\hkhat\OneDrive\Desktop\Project\Dissertation\data_extended_2023_2026\raw\index_minute_1\ticker=I_VIX\date=2025-11-18\data.parquet,ok,
index_minute_1,I:VIX,2025-11-19,762,C:\Users\hkhat\OneDrive\Desktop\Project\Dissertation\data_extended_2023_2026\raw\index_minute_1\ticker=I_VIX\date=2025-11-19\data.parquet,ok,
index_minute_1,I:VIX,2025-11-20,763,C:\Users\hkhat\OneDrive\Desktop\Project\Dissertation\data_extended_2023_2026\raw\index_minute_1\ticker=I_VIX\date=2025-11-20\data.parquet,ok,
index_minute_1,I:VIX,2025-11-21,772,C:\Users\hkhat\OneDrive\Desktop\Project\Dissertation\data_extended_2023_2026\raw\index_minute_1\ticker=I_VIX\date=2025-11-21\data.parquet,ok,
index_minute_1,I:VIX,2025-11-24,770,C:\Users\hkhat\OneDrive\Desktop\Project\Dissertation\data_extended_2023_2026\raw\index_minute_1\ticker=I_VIX\date=2025-11-24\data.parquet,ok,
index_minute_1,I:VIX,2025-11-25,751,C:\Users\hkhat\OneDrive\Desktop\Project\Dissertation\data_extended_2023_2026\raw\index_minute_1\ticker=I_VIX\date=2025-11-25\data.parquet,ok,
index_minute_1,I:VIX,2025-11-26,735,C:\Users\hkhat\OneDrive\Desktop\Project\Dissertation\data_extended_2023_2026\raw\index_minute_1\ticker=I_VIX\date=2025-11-26\data.parquet,ok,
index_minute_1,I:VIX,2025-11-27,293,C:\Users\hkhat\OneDrive\Desktop\Project\Dissertation\data_extended_2023_2026\raw\index_minute_1\ticker=I_VIX\date=2025-11-27\data.parquet,ok,
index_minute_1,I:VIX,2025-11-28,223,C:\Users\hkhat\OneDrive\Desktop\Project\Dissertation\data_extended_2023_2026\raw\index_minute_1\ticker=I_VIX\date=2025-11-28\data.parquet,ok,
index_minute_1,I:VIX,2025-12-01,735,C:\Users\hkhat\OneDrive\Desktop\Project\Dissertation\data_extended_2023_2026\raw\index_minute_1\ticker=I_VIX\date=2025-12-01\data.parquet,ok,
index_minute_1,I:VIX,2025-12-02,721,C:\Users\hkhat\OneDrive\Desktop\Project\Dissertation\data_extended_2023_2026\raw\index_minute_1\ticker=I_VIX\date=2025-12-02\data.parquet,ok,
index_minute_1,I:VIX,2025-12-03,694,C:\Users\hkhat\OneDrive\Desktop\Project\Dissertation\data_extended_2023_2026\raw\index_minute_1\ticker=I_VIX\date=2025-12-03\data.parquet,ok,
index_minute_1,I:VIX,2025-12-04,680,C:\Users\hkhat\OneDrive\Desktop\Project\Dissertation\data_extended_2023_2026\raw\index_minute_1\ticker=I_VIX\date=2025-12-04\data.parquet,ok,
index_minute_1,I:VIX,2025-12-05,663,C:\Users\hkhat\OneDrive\Desktop\Project\Dissertation\data_extended_2023_2026\raw\index_minute_1\ticker=I_VIX\date=2025-12-05\data.parquet,ok,
index_minute_1,I:VIX,2025-12-08,651,C:\Users\hkhat\OneDrive\Desktop\Project\Dissertation\data_extended_2023_2026\raw\index_minute_1\ticker=I_VIX\date=2025-12-08\data.parquet,ok,
index_minute_1,I:VIX,2025-12-09,703,C:\Users\hkhat\OneDrive\Desktop\Project\Dissertation\data_extended_2023_2026\raw\index_minute_1\ticker=I_VIX\date=2025-12-09\data.parquet,ok,
index_minute_1,I:VIX,2025-12-10,706,C:\Users\hkhat\OneDrive\Desktop\Project\Dissertation\data_extended_2023_2026\raw\index_minute_1\ticker=I_VIX\date=2025-12-10\data.parquet,ok,
index_minute_1,I:VIX,2025-12-11,724,C:\Users\hkhat\OneDrive\Desktop\Project\Dissertation\data_extended_2023_2026\raw\index_minute_1\ticker=I_VIX\date=2025-12-11\data.parquet,ok,
index_minute_1,I:VIX,2025-12-12,698,C:\Users\hkhat\OneDrive\Desktop\Project\Dissertation\data_extended_2023_2026\raw\index_minute_1\ticker=I_VIX\date=2025-12-12\data.parquet,ok,
index_minute_1,I:VIX,2025-12-15,656,C:\Users\hkhat\OneDrive\Desktop\Project\Dissertation\data_extended_2023_2026\raw\index_minute_1\ticker=I_VIX\date=2025-12-15\data.parquet,ok,
index_minute_1,I:VIX,2025-12-16,728,C:\Users\hkhat\OneDrive\Desktop\Project\Dissertation\data_extended_2023_2026\raw\index_minute_1\ticker=I_VIX\date=2025-12-16\data.parquet,ok,
index_minute_1,I:VIX,2025-12-17,706,C:\Users\hkhat\OneDrive\Desktop\Project\Dissertation\data_extended_2023_2026\raw\index_minute_1\ticker=I_VIX\date=2025-12-17\data.parquet,ok,
index_minute_1,I:VIX,2025-12-18,715,C:\Users\hkhat\OneDrive\Desktop\Project\Dissertation\data_extended_2023_2026\raw\index_minute_1\ticker=I_VIX\date=2025-12-18\data.parquet,ok,
index_minute_1,I:VIX,2025-12-19,719,C:\Users\hkhat\OneDrive\Desktop\Project\Dissertation\data_extended_2023_2026\raw\index_minute_1\ticker=I_VIX\date=2025-12-19\data.parquet,ok,
index_minute_1,I:VIX,2025-12-22,597,C:\Users\hkhat\OneDrive\Desktop\Project\Dissertation\data_extended_2023_2026\raw\index_minute_1\ticker=I_VIX\date=2025-12-22\data.parquet,ok,
index_minute_1,I:VIX,2025-12-23,572,C:\Users\hkhat\OneDrive\Desktop\Project\Dissertation\data_extended_2023_2026\raw\index_minute_1\ticker=I_VIX\date=2025-12-23\data.parquet,ok,
index_minute_1,I:VIX,2025-12-24,359,C:\Users\hkhat\OneDrive\Desktop\Project\Dissertation\data_extended_2023_2026\raw\index_minute_1\ticker=I_VIX\date=2025-12-24\data.parquet,ok,
index_minute_1,I:VIX,2025-12-25,0,,empty,No qualifying bars
index_minute_1,I:VIX,2025-12-26,463,C:\Users\hkhat\OneDrive\Desktop\Project\Dissertation\data_extended_2023_2026\raw\index_minute_1\ticker=I_VIX\date=2025-12-26\data.parquet,ok,
index_minute_1,I:VIX,2025-12-29,613,C:\Users\hkhat\OneDrive\Desktop\Project\Dissertation\data_extended_2023_2026\raw\index_minute_1\ticker=I_VIX\date=2025-12-29\data.parquet,ok,
index_minute_1,I:VIX,2025-12-30,539,C:\Users\hkhat\OneDrive\Desktop\Project\Dissertation\data_extended_2023_2026\raw\index_minute_1\ticker=I_VIX\date=2025-12-30\data.parquet,ok,
index_minute_1,I:VIX,2025-12-31,572,C:\Users\hkhat\OneDrive\Desktop\Project\Dissertation\data_extended_2023_2026\raw\index_minute_1\ticker=I_VIX\date=2025-12-31\data.parquet,ok,
index_minute_1,I:VIX,2026-01-01,0,,empty,No qualifying bars
index_minute_1,I:VIX,2026-01-02,656,C:\Users\hkhat\OneDrive\Desktop\Project\Dissertation\data_extended_2023_2026\raw\index_minute_1\ticker=I_VIX\date=2026-01-02\data.parquet,ok,
index_minute_1,I:VIX,2026-01-05,631,C:\Users\hkhat\OneDrive\Desktop\Project\Dissertation\data_extended_2023_2026\raw\index_minute_1\ticker=I_VIX\date=2026-01-05\data.parquet,ok,
index_minute_1,I:VIX,2026-01-06,570,C:\Users\hkhat\OneDrive\Desktop\Project\Dissertation\data_extended_2023_2026\raw\index_minute_1\ticker=I_VIX\date=2026-01-06\data.parquet,ok,
index_minute_1,I:VIX,2026-01-07,580,C:\Users\hkhat\OneDrive\Desktop\Project\Dissertation\data_extended_2023_2026\raw\index_minute_1\ticker=I_VIX\date=2026-01-07\data.parquet,ok,
index_minute_1,I:VIX,2026-01-08,638,C:\Users\hkhat\OneDrive\Desktop\Project\Dissertation\data_extended_2023_2026\raw\index_minute_1\ticker=I_VIX\date=2026-01-08\data.parquet,ok,
index_minute_1,I:VIX,2026-01-09,611,C:\Users\hkhat\OneDrive\Desktop\Project\Dissertation\data_extended_2023_2026\raw\index_minute_1\ticker=I_VIX\date=2026-01-09\data.parquet,ok,
index_minute_1,I:VIX,2026-01-12,651,C:\Users\hkhat\OneDrive\Desktop\Project\Dissertation\data_extended_2023_2026\raw\index_minute_1\ticker=I_VIX\date=2026-01-12\data.parquet,ok,
index_minute_1,I:VIX,2026-01-13,627,C:\Users\hkhat\OneDrive\Desktop\Project\Dissertation\data_extended_2023_2026\raw\index_minute_1\ticker=I_VIX\date=2026-01-13\data.parquet,ok,
index_minute_1,I:VIX,2026-01-14,752,C:\Users\hkhat\OneDrive\Desktop\Project\Dissertation\data_extended_2023_2026\raw\index_minute_1\ticker=I_VIX\date=2026-01-14\data.parquet,ok,
index_minute_1,I:VIX,2026-01-15,712,C:\Users\hkhat\OneDrive\Desktop\Project\Dissertation\data_extended_2023_2026\raw\index_minute_1\ticker=I_VIX\date=2026-01-15\data.parquet,ok,
index_minute_1,I:VIX,2026-01-16,682,C:\Users\hkhat\OneDrive\Desktop\Project\Dissertation\data_extended_2023_2026\raw\index_minute_1\ticker=I_VIX\date=2026-01-16\data.parquet,ok,
index_minute_1,I:VIX,2026-01-19,458,C:\Users\hkhat\OneDrive\Desktop\Project\Dissertation\data_extended_2023_2026\raw\index_minute_1\ticker=I_VIX\date=2026-01-19\data.parquet,ok,
index_minute_1,I:VIX,2026-01-20,765,C:\Users\hkhat\OneDrive\Desktop\Project\Dissertation\data_extended_2023_2026\raw\index_minute_1\ticker=I_VIX\date=2026-01-20\data.parquet,ok,
index_minute_1,I:VIX,2026-01-21,751,C:\Users\hkhat\OneDrive\Desktop\Project\Dissertation\data_extended_2023_2026\raw\index_minute_1\ticker=I_VIX\date=2026-01-21\data.parquet,ok,
index_minute_1,I:VIX,2026-01-22,716,C:\Users\hkhat\OneDrive\Desktop\Project\Dissertation\data_extended_2023_2026\raw\index_minute_1\ticker=I_VIX\date=2026-01-22\data.parquet,ok,
index_minute_1,I:VIX,2026-01-23,728,C:\Users\hkhat\OneDrive\Desktop\Project\Dissertation\data_extended_2023_2026\raw\index_minute_1\ticker=I_VIX\date=2026-01-23\data.parquet,ok,
index_minute_1,I:VIX,2026-01-26,693,C:\Users\hkhat\OneDrive\Desktop\Project\Dissertation\data_extended_2023_2026\raw\index_minute_1\ticker=I_VIX\date=2026-01-26\data.parquet,ok,
index_minute_1,I:VIX,2026-01-27,587,C:\Users\hkhat\OneDrive\Desktop\Project\Dissertation\data_extended_2023_2026\raw\index_minute_1\ticker=I_VIX\date=2026-01-27\data.parquet,ok,
index_minute_1,I:VIX,2026-01-28,721,C:\Users\hkhat\OneDrive\Desktop\Project\Dissertation\data_extended_2023_2026\raw\index_minute_1\ticker=I_VIX\date=2026-01-28\data.parquet,ok,
index_minute_1,I:VIX,2026-01-29,739,C:\Users\hkhat\OneDrive\Desktop\Project\Dissertation\data_extended_2023_2026\raw\index_minute_1\ticker=I_VIX\date=2026-01-29\data.parquet,ok,
index_minute_1,I:VIX,2026-01-30,774,C:\Users\hkhat\OneDrive\Desktop\Project\Dissertation\data_extended_2023_2026\raw\index_minute_1\ticker=I_VIX\date=2026-01-30\data.parquet,ok,
index_minute_1,I:VIX,2026-02-02,752,C:\Users\hkhat\OneDrive\Desktop\Project\Dissertation\data_extended_2023_2026\raw\index_minute_1\ticker=I_VIX\date=2026-02-02\data.parquet,ok,
index_minute_1,I:VIX,2026-02-03,719,C:\Users\hkhat\OneDrive\Desktop\Project\Dissertation\data_extended_2023_2026\raw\index_minute_1\ticker=I_VIX\date=2026-02-03\data.parquet,ok,
index_minute_1,I:VIX,2026-02-04,768,C:\Users\hkhat\OneDrive\Desktop\Project\Dissertation\data_extended_2023_2026\raw\index_minute_1\ticker=I_VIX\date=2026-02-04\data.parquet,ok,
index_minute_1,I:VIX,2026-02-05,774,C:\Users\hkhat\OneDrive\Desktop\Project\Dissertation\data_extended_2023_2026\raw\index_minute_1\ticker=I_VIX\date=2026-02-05\data.parquet,ok,
index_minute_1,I:VIX,2026-02-06,772,C:\Users\hkhat\OneDrive\Desktop\Project\Dissertation\data_extended_2023_2026\raw\index_minute_1\ticker=I_VIX\date=2026-02-06\data.parquet,ok,
index_minute_1,I:VIX,2026-02-09,755,C:\Users\hkhat\OneDrive\Desktop\Project\Dissertation\data_extended_2023_2026\raw\index_minute_1\ticker=I_VIX\date=2026-02-09\data.parquet,ok,
index_minute_1,I:VIX,2026-02-10,740,C:\Users\hkhat\OneDrive\Desktop\Project\Dissertation\data_extended_2023_2026\raw\index_minute_1\ticker=I_VIX\date=2026-02-10\data.parquet,ok,
index_minute_1,I:VIX,2026-02-11,755,C:\Users\hkhat\OneDrive\Desktop\Project\Dissertation\data_extended_2023_2026\raw\index_minute_1\ticker=I_VIX\date=2026-02-11\data.parquet,ok,
index_minute_1,I:VIX,2026-02-12,730,C:\Users\hkhat\OneDrive\Desktop\Project\Dissertation\data_extended_2023_2026\raw\index_minute_1\ticker=I_VIX\date=2026-02-12\data.parquet,ok,
index_minute_1,I:VIX,2026-02-13,774,C:\Users\hkhat\OneDrive\Desktop\Project\Dissertation\data_extended_2023_2026\raw\index_minute_1\ticker=I_VIX\date=2026-02-13\data.parquet,ok,
index_minute_1,I:VIX,2026-02-16,470,C:\Users\hkhat\OneDrive\Desktop\Project\Dissertation\data_extended_2023_2026\raw\index_minute_1\ticker=I_VIX\date=2026-02-16\data.parquet,ok,
index_minute_1,I:VIX,2026-02-17,767,C:\Users\hkhat\OneDrive\Desktop\Project\Dissertation\data_extended_2023_2026\raw\index_minute_1\ticker=I_VIX\date=2026-02-17\data.parquet,ok,
index_minute_1,I:VIX,2026-02-18,743,C:\Users\hkhat\OneDrive\Desktop\Project\Dissertation\data_extended_2023_2026\raw\index_minute_1\ticker=I_VIX\date=2026-02-18\data.parquet,ok,
index_minute_1,I:VIX,2026-02-19,764,C:\Users\hkhat\OneDrive\Desktop\Project\Dissertation\data_extended_2023_2026\raw\index_minute_1\ticker=I_VIX\date=2026-02-19\data.parquet,ok,
index_minute_1,I:VIX,2026-02-20,755,C:\Users\hkhat\OneDrive\Desktop\Project\Dissertation\data_extended_2023_2026\raw\index_minute_1\ticker=I_VIX\date=2026-02-20\data.parquet,ok,
index_minute_1,I:VIX,2026-02-23,754,C:\Users\hkhat\OneDrive\Desktop\Project\Dissertation\data_extended_2023_2026\raw\index_minute_1\ticker=I_VIX\date=2026-02-23\data.parquet,ok,
index_minute_1,I:VIX,2026-02-24,764,C:\Users\hkhat\OneDrive\Desktop\Project\Dissertation\data_extended_2023_2026\raw\index_minute_1\ticker=I_VIX\date=2026-02-24\data.parquet,ok,
index_minute_1,I:VIX,2026-02-25,734,C:\Users\hkhat\OneDrive\Desktop\Project\Dissertation\data_extended_2023_2026\raw\index_minute_1\ticker=I_VIX\date=2026-02-25\data.parquet,ok,
index_minute_1,I:VIX,2026-02-26,744,C:\Users\hkhat\OneDrive\Desktop\Project\Dissertation\data_extended_2023_2026\raw\index_minute_1\ticker=I_VIX\date=2026-02-26\data.parquet,ok,
index_minute_1,I:VIX,2026-02-27,771,C:\Users\hkhat\OneDrive\Desktop\Project\Dissertation\data_extended_2023_2026\raw\index_minute_1\ticker=I_VIX\date=2026-02-27\data.parquet,ok,
index_minute_1,I:VIX,2026-03-02,775,C:\Users\hkhat\OneDrive\Desktop\Project\Dissertation\data_extended_2023_2026\raw\index_minute_1\ticker=I_VIX\date=2026-03-02\data.parquet,ok,
index_minute_1,I:VIX,2026-03-03,774,C:\Users\hkhat\OneDrive\Desktop\Project\Dissertation\data_extended_2023_2026\raw\index_minute_1\ticker=I_VIX\date=2026-03-03\data.parquet,ok,
index_minute_1,I:VIX,2026-03-04,776,C:\Users\hkhat\OneDrive\Desktop\Project\Dissertation\data_extended_2023_2026\raw\index_minute_1\ticker=I_VIX\date=2026-03-04\data.parquet,ok,
index_minute_1,I:VIX,2026-03-05,775,C:\Users\hkhat\OneDrive\Desktop\Project\Dissertation\data_extended_2023_2026\raw\index_minute_1\ticker=I_VIX\date=2026-03-05\data.parquet,ok,
index_minute_1,I:VIX,2026-03-06,771,C:\Users\hkhat\OneDrive\Desktop\Project\Dissertation\data_extended_2023_2026\raw\index_minute_1\ticker=I_VIX\date=2026-03-06\data.parquet,ok,
index_minute_1,I:VIX,2026-03-09,774,C:\Users\hkhat\OneDrive\Desktop\Project\Dissertation\data_extended_2023_2026\raw\index_minute_1\ticker=I_VIX\date=2026-03-09\data.parquet,ok,
index_minute_1,I:VIX,2026-03-10,774,C:\Users\hkhat\OneDrive\Desktop\Project\Dissertation\data_extended_2023_2026\raw\index_minute_1\ticker=I_VIX\date=2026-03-10\data.parquet,ok,
index_minute_1,I:VIX,2026-03-11,775,C:\Users\hkhat\OneDrive\Desktop\Project\Dissertation\data_extended_2023_2026\raw\index_minute_1\ticker=I_VIX\date=2026-03-11\data.parquet,ok,
index_minute_1,I:VIX,2026-03-12,775,C:\Users\hkhat\OneDrive\Desktop\Project\Dissertation\data_extended_2023_2026\raw\index_minute_1\ticker=I_VIX\date=2026-03-12\data.parquet,ok,
index_minute_1,I:VIX,2026-03-13,774,C:\Users\hkhat\OneDrive\Desktop\Project\Dissertation\data_extended_2023_2026\raw\index_minute_1\ticker=I_VIX\date=2026-03-13\data.parquet,ok,
index_minute_1,I:VIX,2026-03-16,768,C:\Users\hkhat\OneDrive\Desktop\Project\Dissertation\data_extended_2023_2026\raw\index_minute_1\ticker=I_VIX\date=2026-03-16\data.parquet,ok,
index_minute_1,I:VIX,2026-03-17,760,C:\Users\hkhat\OneDrive\Desktop\Project\Dissertation\data_extended_2023_2026\raw\index_minute_1\ticker=I_VIX\date=2026-03-17\data.parquet,ok,
index_minute_1,I:VIX,2026-03-18,740,C:\Users\hkhat\OneDrive\Desktop\Project\Dissertation\data_extended_2023_2026\raw\index_minute_1\ticker=I_VIX\date=2026-03-18\data.parquet,ok,
index_minute_1,I:VIX,2026-03-19,773,C:\Users\hkhat\OneDrive\Desktop\Project\Dissertation\data_extended_2023_2026\raw\index_minute_1\ticker=I_VIX\date=2026-03-19\data.parquet,ok,
index_minute_1,I:VIX,2026-03-20,762,C:\Users\hkhat\OneDrive\Desktop\Project\Dissertation\data_extended_2023_2026\raw\index_minute_1\ticker=I_VIX\date=2026-03-20\data.parquet,ok,
index_minute_1,I:VIX,2026-03-23,761,C:\Users\hkhat\OneDrive\Desktop\Project\Dissertation\data_extended_2023_2026\raw\index_minute_1\ticker=I_VIX\date=2026-03-23\data.parquet,ok,
index_minute_1,I:VIX,2026-03-24,776,C:\Users\hkhat\OneDrive\Desktop\Project\Dissertation\data_extended_2023_2026\raw\index_minute_1\ticker=I_VIX\date=2026-03-24\data.parquet,ok,
index_minute_1,I:VIX,2026-03-25,773,C:\Users\hkhat\OneDrive\Desktop\Project\Dissertation\data_extended_2023_2026\raw\index_minute_1\ticker=I_VIX\date=2026-03-25\data.parquet,ok,
index_minute_1,I:VIX,2026-03-26,773,C:\Users\hkhat\OneDrive\Desktop\Project\Dissertation\data_extended_2023_2026\raw\index_minute_1\ticker=I_VIX\date=2026-03-26\data.parquet,ok,
index_minute_1,I:VIX,2026-03-27,776,C:\Users\hkhat\OneDrive\Desktop\Project\Dissertation\data_extended_2023_2026\raw\index_minute_1\ticker=I_VIX\date=2026-03-27\data.parquet,ok,
index_minute_1,I:VIX,2026-03-30,764,C:\Users\hkhat\OneDrive\Desktop\Project\Dissertation\data_extended_2023_2026\raw\index_minute_1\ticker=I_VIX\date=2026-03-30\data.parquet,ok,
index_minute_1,I:VIX,2026-03-31,769,C:\Users\hkhat\OneDrive\Desktop\Project\Dissertation\data_extended_2023_2026\raw\index_minute_1\ticker=I_VIX\date=2026-03-31\data.parquet,ok,
index_minute_1,I:VIX,2026-04-01,770,C:\Users\hkhat\OneDrive\Desktop\Project\Dissertation\data_extended_2023_2026\raw\index_minute_1\ticker=I_VIX\date=2026-04-01\data.parquet,ok,
index_minute_1,I:VIX,2026-04-02,771,C:\Users\hkhat\OneDrive\Desktop\Project\Dissertation\data_extended_2023_2026\raw\index_minute_1\ticker=I_VIX\date=2026-04-02\data.parquet,ok,
index_minute_1,I:VIX,2026-04-03,0,,empty,No qualifying bars
index_minute_1,I:VIX,2026-04-06,758,C:\Users\hkhat\OneDrive\Desktop\Project\Dissertation\data_extended_2023_2026\raw\index_minute_1\ticker=I_VIX\date=2026-04-06\data.parquet,ok,
index_minute_1,I:VIX,2026-04-07,771,C:\Users\hkhat\OneDrive\Desktop\Project\Dissertation\data_extended_2023_2026\raw\index_minute_1\ticker=I_VIX\date=2026-04-07\data.parquet,ok,
index_minute_1,I:VIX,2026-04-08,770,C:\Users\hkhat\OneDrive\Desktop\Project\Dissertation\data_extended_2023_2026\raw\index_minute_1\ticker=I_VIX\date=2026-04-08\data.parquet,ok,
index_minute_1,I:VIX,2026-04-09,757,C:\Users\hkhat\OneDrive\Desktop\Project\Dissertation\data_extended_2023_2026\raw\index_minute_1\ticker=I_VIX\date=2026-04-09\data.parquet,ok,
index_minute_1,I:VIX,2026-04-10,718,C:\Users\hkhat\OneDrive\Desktop\Project\Dissertation\data_extended_2023_2026\raw\index_minute_1\ticker=I_VIX\date=2026-04-10\data.parquet,ok,
index_minute_1,I:VIX,2026-04-13,706,C:\Users\hkhat\OneDrive\Desktop\Project\Dissertation\data_extended_2023_2026\raw\index_minute_1\ticker=I_VIX\date=2026-04-13\data.parquet,ok,
index_minute_1,I:VIX,2026-04-14,637,C:\Users\hkhat\OneDrive\Desktop\Project\Dissertation\data_extended_2023_2026\raw\index_minute_1\ticker=I_VIX\date=2026-04-14\data.parquet,ok,
index_minute_1,I:VIX,2026-04-15,647,C:\Users\hkhat\OneDrive\Desktop\Project\Dissertation\data_extended_2023_2026\raw\index_minute_1\ticker=I_VIX\date=2026-04-15\data.parquet,ok,
index_minute_1,I:VIX,2026-04-16,608,C:\Users\hkhat\OneDrive\Desktop\Project\Dissertation\data_extended_2023_2026\raw\index_minute_1\ticker=I_VIX\date=2026-04-16\data.parquet,ok,
index_minute_1,I:VIX,2026-04-17,620,C:\Users\hkhat\OneDrive\Desktop\Project\Dissertation\data_extended_2023_2026\raw\index_minute_1\ticker=I_VIX\date=2026-04-17\data.parquet,ok,
index_minute_1,I:VIX,2026-04-20,705,C:\Users\hkhat\OneDrive\Desktop\Project\Dissertation\data_extended_2023_2026\raw\index_minute_1\ticker=I_VIX\date=2026-04-20\data.parquet,ok,
index_minute_1,I:VIX,2026-04-21,692,C:\Users\hkhat\OneDrive\Desktop\Project\Dissertation\data_extended_2023_2026\raw\index_minute_1\ticker=I_VIX\date=2026-04-21\data.parquet,ok,
index_minute_1,I:VIX,2026-04-22,709,C:\Users\hkhat\OneDrive\Desktop\Project\Dissertation\data_extended_2023_2026\raw\index_minute_1\ticker=I_VIX\date=2026-04-22\data.parquet,ok,
index_minute_1,I:VIX,2026-04-23,763,C:\Users\hkhat\OneDrive\Desktop\Project\Dissertation\data_extended_2023_2026\raw\index_minute_1\ticker=I_VIX\date=2026-04-23\data.parquet,ok,
index_minute_1,I:VIX,2026-04-24,751,C:\Users\hkhat\OneDrive\Desktop\Project\Dissertation\data_extended_2023_2026\raw\index_minute_1\ticker=I_VIX\date=2026-04-24\data.parquet,ok,
index_minute_1,I:VIX,2026-04-27,661,C:\Users\hkhat\OneDrive\Desktop\Project\Dissertation\data_extended_2023_2026\raw\index_minute_1\ticker=I_VIX\date=2026-04-27\data.parquet,ok,
index_minute_1,I:VIX,2026-04-28,734,C:\Users\hkhat\OneDrive\Desktop\Project\Dissertation\data_extended_2023_2026\raw\index_minute_1\ticker=I_VIX\date=2026-04-28\data.parquet,ok,
index_minute_1,I:VIX,2026-04-29,737,C:\Users\hkhat\OneDrive\Desktop\Project\Dissertation\data_extended_2023_2026\raw\index_minute_1\ticker=I_VIX\date=2026-04-29\data.parquet,ok,
index_minute_1,I:VIX,2026-04-30,752,C:\Users\hkhat\OneDrive\Desktop\Project\Dissertation\data_extended_2023_2026\raw\index_minute_1\ticker=I_VIX\date=2026-04-30\data.parquet,ok,
index_minute_1,I:VIX,2026-05-01,628,C:\Users\hkhat\OneDrive\Desktop\Project\Dissertation\data_extended_2023_2026\raw\index_minute_1\ticker=I_VIX\date=2026-05-01\data.parquet,ok,
index_minute_1,I:VIX,2026-05-04,725,C:\Users\hkhat\OneDrive\Desktop\Project\Dissertation\data_extended_2023_2026\raw\index_minute_1\ticker=I_VIX\date=2026-05-04\data.parquet,ok,
index_minute_1,I:VIX,2026-05-05,648,C:\Users\hkhat\OneDrive\Desktop\Project\Dissertation\data_extended_2023_2026\raw\index_minute_1\ticker=I_VIX\date=2026-05-05\data.parquet,ok,
index_minute_1,I:VIX,2026-05-06,698,C:\Users\hkhat\OneDrive\Desktop\Project\Dissertation\data_extended_2023_2026\raw\index_minute_1\ticker=I_VIX\date=2026-05-06\data.parquet,ok,
index_minute_1,I:VIX,2026-05-07,676,C:\Users\hkhat\OneDrive\Desktop\Project\Dissertation\data_extended_2023_2026\raw\index_minute_1\ticker=I_VIX\date=2026-05-07\data.parquet,ok,
index_minute_1,I:VIX,2026-05-08,626,C:\Users\hkhat\OneDrive\Desktop\Project\Dissertation\data_extended_2023_2026\raw\index_minute_1\ticker=I_VIX\date=2026-05-08\data.parquet,ok,
index_minute_1,I:VIX,2026-05-11,560,C:\Users\hkhat\OneDrive\Desktop\Project\Dissertation\data_extended_2023_2026\raw\index_minute_1\ticker=I_VIX\date=2026-05-11\data.parquet,ok,
index_minute_1,I:VIX,2026-05-12,662,C:\Users\hkhat\OneDrive\Desktop\Project\Dissertation\data_extended_2023_2026\raw\index_minute_1\ticker=I_VIX\date=2026-05-12\data.parquet,ok,
index_minute_1,I:VIX,2026-05-13,598,C:\Users\hkhat\OneDrive\Desktop\Project\Dissertation\data_extended_2023_2026\raw\index_minute_1\ticker=I_VIX\date=2026-05-13\data.parquet,ok,
index_minute_1,I:VIX,2026-05-14,572,C:\Users\hkhat\OneDrive\Desktop\Project\Dissertation\data_extended_2023_2026\raw\index_minute_1\ticker=I_VIX\date=2026-05-14\data.parquet,ok,
index_minute_1,I:VIX,2026-05-15,746,C:\Users\hkhat\OneDrive\Desktop\Project\Dissertation\data_extended_2023_2026\raw\index_minute_1\ticker=I_VIX\date=2026-05-15\data.parquet,ok,
index_minute_1,I:VIX,2026-05-18,703,C:\Users\hkhat\OneDrive\Desktop\Project\Dissertation\data_extended_2023_2026\raw\index_minute_1\ticker=I_VIX\date=2026-05-18\data.parquet,ok,
index_minute_1,I:VIX,2026-05-19,717,C:\Users\hkhat\OneDrive\Desktop\Project\Dissertation\data_extended_2023_2026\raw\index_minute_1\ticker=I_VIX\date=2026-05-19\data.parquet,ok,
index_minute_1,I:VIX,2026-05-20,627,C:\Users\hkhat\OneDrive\Desktop\Project\Dissertation\data_extended_2023_2026\raw\index_minute_1\ticker=I_VIX\date=2026-05-20\data.parquet,ok,
index_minute_1,I:VIX,2026-05-21,696,C:\Users\hkhat\OneDrive\Desktop\Project\Dissertation\data_extended_2023_2026\raw\index_minute_1\ticker=I_VIX\date=2026-05-21\data.parquet,ok,
index_minute_1,I:VIX,2026-05-22,602,C:\Users\hkhat\OneDrive\Desktop\Project\Dissertation\data_extended_2023_2026\raw\index_minute_1\ticker=I_VIX\date=2026-05-22\data.parquet,ok,
index_minute_1,I:VIX,2026-05-25,206,C:\Users\hkhat\OneDrive\Desktop\Project\Dissertation\data_extended_2023_2026\raw\index_minute_1\ticker=I_VIX\date=2026-05-25\data.parquet,ok,
index_minute_1,I:VIX,2026-05-26,576,C:\Users\hkhat\OneDrive\Desktop\Project\Dissertation\data_extended_2023_2026\raw\index_minute_1\ticker=I_VIX\date=2026-05-26\data.parquet,ok,
index_minute_1,I:VIX,2026-05-27,549,C:\Users\hkhat\OneDrive\Desktop\Project\Dissertation\data_extended_2023_2026\raw\index_minute_1\ticker=I_VIX\date=2026-05-27\data.parquet,ok,
index_minute_1,I:VIX,2026-05-28,588,C:\Users\hkhat\OneDrive\Desktop\Project\Dissertation\data_extended_2023_2026\raw\index_minute_1\ticker=I_VIX\date=2026-05-28\data.parquet,ok,
index_minute_1,I:VIX,2026-05-29,561,C:\Users\hkhat\OneDrive\Desktop\Project\Dissertation\data_extended_2023_2026\raw\index_minute_1\ticker=I_VIX\date=2026-05-29\data.parquet,ok,
index_minute_1,I:VIX,2026-06-01,554,C:\Users\hkhat\OneDrive\Desktop\Project\Dissertation\data_extended_2023_2026\raw\index_minute_1\ticker=I_VIX\date=2026-06-01\data.parquet,ok,
index_minute_1,I:VIX,2026-06-02,545,C:\Users\hkhat\OneDrive\Desktop\Project\Dissertation\data_extended_2023_2026\raw\index_minute_1\ticker=I_VIX\date=2026-06-02\data.parquet,ok,
index_minute_1,I:VIX,2026-06-03,632,C:\Users\hkhat\OneDrive\Desktop\Project\Dissertation\data_extended_2023_2026\raw\index_minute_1\ticker=I_VIX\date=2026-06-03\data.parquet,ok,
index_minute_1,I:VIX,2026-06-04,686,C:\Users\hkhat\OneDrive\Desktop\Project\Dissertation\data_extended_2023_2026\raw\index_minute_1\ticker=I_VIX\date=2026-06-04\data.parquet,ok,
index_minute_1,I:VIX,2026-06-05,687,C:\Users\hkhat\OneDrive\Desktop\Project\Dissertation\data_extended_2023_2026\raw\index_minute_1\ticker=I_VIX\date=2026-06-05\data.parquet,ok,
index_minute_1,I:VIX,2026-06-08,761,C:\Users\hkhat\OneDrive\Desktop\Project\Dissertation\data_extended_2023_2026\raw\index_minute_1\ticker=I_VIX\date=2026-06-08\data.parquet,ok,
index_minute_1,I:VIX,2026-06-09,747,C:\Users\hkhat\OneDrive\Desktop\Project\Dissertation\data_extended_2023_2026\raw\index_minute_1\ticker=I_VIX\date=2026-06-09\data.parquet,ok,
index_minute_1,I:VIX,2026-06-10,772,C:\Users\hkhat\OneDrive\Desktop\Project\Dissertation\data_extended_2023_2026\raw\index_minute_1\ticker=I_VIX\date=2026-06-10\data.parquet,ok,
index_minute_1,I:VIX,2026-06-11,751,C:\Users\hkhat\OneDrive\Desktop\Project\Dissertation\data_extended_2023_2026\raw\index_minute_1\ticker=I_VIX\date=2026-06-11\data.parquet,ok,
index_minute_1,I:VIX,2026-06-12,745,C:\Users\hkhat\OneDrive\Desktop\Project\Dissertation\data_extended_2023_2026\raw\index_minute_1\ticker=I_VIX\date=2026-06-12\data.parquet,ok,
index_minute_1,I:VIX,2026-06-15,614,C:\Users\hkhat\OneDrive\Desktop\Project\Dissertation\data_extended_2023_2026\raw\index_minute_1\ticker=I_VIX\date=2026-06-15\data.parquet,ok,
index_minute_1,I:VIX,2026-06-16,568,C:\Users\hkhat\OneDrive\Desktop\Project\Dissertation\data_extended_2023_2026\raw\index_minute_1\ticker=I_VIX\date=2026-06-16\data.parquet,ok,
index_minute_1,I:VIX,2026-06-17,663,C:\Users\hkhat\OneDrive\Desktop\Project\Dissertation\data_extended_2023_2026\raw\index_minute_1\ticker=I_VIX\date=2026-06-17\data.parquet,ok,
index_minute_1,I:VIX,2026-06-18,728,C:\Users\hkhat\OneDrive\Desktop\Project\Dissertation\data_extended_2023_2026\raw\index_minute_1\ticker=I_VIX\date=2026-06-18\data.parquet,ok,
index_minute_1,I:VIX,2026-06-19,362,C:\Users\hkhat\OneDrive\Desktop\Project\Dissertation\data_extended_2023_2026\raw\index_minute_1\ticker=I_VIX\date=2026-06-19\data.parquet,ok,
index_minute_1,I:VIX,2026-06-22,704,C:\Users\hkhat\OneDrive\Desktop\Project\Dissertation\data_extended_2023_2026\raw\index_minute_1\ticker=I_VIX\date=2026-06-22\data.parquet,ok,
index_minute_1,I:VIX,2026-06-23,767,C:\Users\hkhat\OneDrive\Desktop\Project\Dissertation\data_extended_2023_2026\raw\index_minute_1\ticker=I_VIX\date=2026-06-23\data.parquet,ok,
index_minute_1,I:VIX,2026-06-24,757,C:\Users\hkhat\OneDrive\Desktop\Project\Dissertation\data_extended_2023_2026\raw\index_minute_1\ticker=I_VIX\date=2026-06-24\data.parquet,ok,
index_minute_1,I:VIX,2026-06-25,746,C:\Users\hkhat\OneDrive\Desktop\Project\Dissertation\data_extended_2023_2026\raw\index_minute_1\ticker=I_VIX\date=2026-06-25\data.parquet,ok,
index_minute_1,I:VIX,2026-06-26,763,C:\Users\hkhat\OneDrive\Desktop\Project\Dissertation\data_extended_2023_2026\raw\index_minute_1\ticker=I_VIX\date=2026-06-26\data.parquet,ok,
index_minute_1,I:VIX,2026-06-29,740,C:\Users\hkhat\OneDrive\Desktop\Project\Dissertation\data_extended_2023_2026\raw\index_minute_1\ticker=I_VIX\date=2026-06-29\data.parquet,ok,
index_minute_1,I:VIX,2026-06-30,685,C:\Users\hkhat\OneDrive\Desktop\Project\Dissertation\data_extended_2023_2026\raw\index_minute_1\ticker=I_VIX\date=2026-06-30\data.parquet,ok,
index_minute_1,I:VIX,2026-07-01,683,C:\Users\hkhat\OneDrive\Desktop\Project\Dissertation\data_extended_2023_2026\raw\index_minute_1\ticker=I_VIX\date=2026-07-01\data.parquet,ok,
index_minute_1,I:VIX,2026-07-02,733,C:\Users\hkhat\OneDrive\Desktop\Project\Dissertation\data_extended_2023_2026\raw\index_minute_1\ticker=I_VIX\date=2026-07-02\data.parquet,ok,
index_minute_1,I:VIX,2026-07-03,321,C:\Users\hkhat\OneDrive\Desktop\Project\Dissertation\data_extended_2023_2026\raw\index_minute_1\ticker=I_VIX\date=2026-07-03\data.parquet,ok,
index_minute_1,I:VIX,2026-07-06,632,C:\Users\hkhat\OneDrive\Desktop\Project\Dissertation\data_extended_2023_2026\raw\index_minute_1\ticker=I_VIX\date=2026-07-06\data.parquet,ok,
index_minute_1,I:VIX,2026-07-07,656,C:\Users\hkhat\OneDrive\Desktop\Project\Dissertation\data_extended_2023_2026\raw\index_minute_1\ticker=I_VIX\date=2026-07-07\data.parquet,ok,
index_minute_1,I:VIX,2026-07-08,772,C:\Users\hkhat\OneDrive\Desktop\Project\Dissertation\data_extended_2023_2026\raw\index_minute_1\ticker=I_VIX\date=2026-07-08\data.parquet,ok,
index_minute_1,I:VIX,2026-07-09,726,C:\Users\hkhat\OneDrive\Desktop\Project\Dissertation\data_extended_2023_2026\raw\index_minute_1\ticker=I_VIX\date=2026-07-09\data.parquet,ok,
index_minute_1,I:VIX,2026-07-10,619,C:\Users\hkhat\OneDrive\Desktop\Project\Dissertation\data_extended_2023_2026\raw\index_minute_1\ticker=I_VIX\date=2026-07-10\data.parquet,ok,
index_minute_1,I:VIX,2026-07-13,687,C:\Users\hkhat\OneDrive\Desktop\Project\Dissertation\data_extended_2023_2026\raw\index_minute_1\ticker=I_VIX\date=2026-07-13\data.parquet,ok,
index_minute_1,I:VIX,2026-07-14,734,C:\Users\hkhat\OneDrive\Desktop\Project\Dissertation\data_extended_2023_2026\raw\index_minute_1\ticker=I_VIX\date=2026-07-14\data.parquet,ok,
index_minute_1,I:VIX,2026-07-15,698,C:\Users\hkhat\OneDrive\Desktop\Project\Dissertation\data_extended_2023_2026\raw\index_minute_1\ticker=I_VIX\date=2026-07-15\data.parquet,ok,
index_minute_1,I:VIX,2026-07-16,732,C:\Users\hkhat\OneDrive\Desktop\Project\Dissertation\data_extended_2023_2026\raw\index_minute_1\ticker=I_VIX\date=2026-07-16\data.parquet,ok,
index_minute_1,I:VIX,2026-07-17,761,C:\Users\hkhat\OneDrive\Desktop\Project\Dissertation\data_extended_2023_2026\raw\index_minute_1\ticker=I_VIX\date=2026-07-17\data.parquet,ok,
