research_question,outer_fold,session_date,y_true,score,prediction,threshold,ret_last_15m,ret_last_60m
RQ1 Direction,1,2023-10-17,1.0,0.4939081370830536,1.0,0.4287287354469299,-0.0018616217404445745,-0.0005800676822056428
RQ1 Direction,1,2023-10-18,0.0,0.47727373242378235,1.0,0.4287287354469299,-0.0007186298432417804,-0.003056827953147101
RQ1 Direction,1,2023-10-19,0.0,0.4951024353504181,1.0,0.4287287354469299,-3.502986880155046e-05,-0.005896951925912108
RQ1 Direction,1,2023-10-20,0.0,0.45814403891563416,1.0,0.4287287354469299,-0.00024298126213428972,-0.003681552740711469
RQ1 Direction,1,2023-10-23,0.0,0.5621164441108704,1.0,0.4287287354469299,0.0006279286616386326,-0.0006200724282319214
RQ1 Direction,1,2023-10-24,1.0,0.5802761912345886,1.0,0.4287287354469299,-2.590026983384508e-05,0.003222065003507746
RQ1 Direction,1,2023-10-25,0.0,0.5211033821105957,1.0,0.4287287354469299,0.0009703076305376257,-2.3875978617526883e-06
RQ1 Direction,1,2023-10-26,0.0,0.5404934287071228,1.0,0.4287287354469299,0.0022491207982333616,0.004561663222916401
RQ1 Direction,1,2023-10-27,1.0,0.4682728350162506,1.0,0.4287287354469299,-0.0033467705726885066,-0.0019564239971806563
RQ1 Direction,1,2023-10-30,0.0,0.6036625504493713,1.0,0.4287287354469299,-0.0003548998966474981,0.0003407490239459854
RQ1 Direction,1,2023-10-31,1.0,0.5825331807136536,1.0,0.4287287354469299,0.0011129128942661826,0.0006540737575582156
RQ1 Direction,1,2023-11-01,1.0,0.475892573595047,1.0,0.4287287354469299,0.003821283694668054,0.003015631418605169
RQ1 Direction,1,2023-11-02,1.0,0.5068971514701843,1.0,0.4287287354469299,-0.0002317765673890415,-2.3182492581708125e-05
RQ1 Direction,1,2023-11-03,0.0,0.4887126088142395,1.0,0.4287287354469299,0.0003958810068651619,0.0010487388800477504
RQ1 Direction,1,2023-11-06,1.0,0.4837832748889923,1.0,0.4287287354469299,0.00028899281417071876,0.001789389540225672
RQ1 Direction,1,2023-11-08,1.0,0.4887648820877075,1.0,0.4287287354469299,-0.0009384697235055306,-0.00017138508858327572
RQ1 Direction,1,2023-11-09,0.0,0.4030061662197113,0.0,0.4287287354469299,-5.7498625782859136e-05,-0.003698594350820983
RQ1 Direction,1,2023-11-10,1.0,0.5138245820999146,1.0,0.4287287354469299,-0.00030635447254823145,0.00029518552410201515
RQ1 Direction,1,2023-11-13,0.0,0.48231637477874756,1.0,0.4287287354469299,-0.0008938694135990355,0.00020842206374083183
RQ1 Direction,1,2023-11-14,0.0,0.4572344720363617,1.0,0.4287287354469299,0.001064967461797961,0.002569560725355302
RQ1 Direction,1,2023-11-15,0.0,0.4283469319343567,0.0,0.4287287354469299,-0.00020838413620349883,0.00011753148402338098
RQ1 Direction,1,2023-11-16,1.0,0.4690747857093811,1.0,0.4287287354469299,-2.221220205100849e-05,0.001434774484593282
RQ1 Direction,1,2023-11-20,0.0,0.49194422364234924,1.0,0.4287287354469299,0.0002878867791842321,0.0012912904985658002
RQ1 Direction,1,2023-11-22,1.0,0.4845180809497833,1.0,0.4287287354469299,0.0007602724675894734,-0.0008818729050035223
RQ1 Direction,1,2023-12-14,1.0,0.3793257474899292,0.0,0.4287287354469299,0.0006534727408513685,0.002857798984460702
RQ1 Direction,1,2023-12-21,1.0,0.4397396445274353,1.0,0.4287287354469299,-0.0007888470144360449,4.0215895862116824e-05
RQ1 Direction,1,2023-12-29,0.0,0.4426281750202179,1.0,0.4287287354469299,0.0006015283430933493,0.0011491914766901257
RQ1 Direction,1,2024-01-04,0.0,0.4737038314342499,1.0,0.4287287354469299,0.0006594594134641252,-0.0009366378312479773
RQ1 Direction,1,2024-01-05,1.0,0.39882275462150574,0.0,0.4287287354469299,-0.0020150897417873237,-0.0033228810782982565
RQ1 Direction,1,2024-01-09,1.0,0.5088358521461487,1.0,0.4287287354469299,0.00065666238713602,-0.0010820305195636815
RQ1 Direction,1,2024-01-11,0.0,0.4516496956348419,1.0,0.4287287354469299,0.0014358553595499313,0.0020944601528956053
RQ1 Direction,1,2024-01-12,1.0,0.4506423771381378,1.0,0.4287287354469299,-0.00023011300640563004,-0.001439600505636185
RQ1 Direction,1,2024-01-16,1.0,0.4219234585762024,0.0,0.4287287354469299,0.0012053362951371938,0.0005865287588293633
RQ1 Direction,1,2024-01-17,1.0,0.4681870639324188,1.0,0.4287287354469299,-0.0004753735379622315,0.0018063078897325724
RQ1 Direction,1,2024-01-24,0.0,0.414672315120697,0.0,0.4287287354469299,-0.0005139872097047471,-0.0016445349893228212
RQ1 Direction,1,2024-01-26,0.0,0.4503278434276581,1.0,0.4287287354469299,0.0004741515854445044,0.0020387651960673825
RQ1 Direction,1,2024-01-31,0.0,0.39870351552963257,0.0,0.4287287354469299,-0.00429899105312026,-0.0018775847469760798
RQ1 Direction,1,2024-02-01,1.0,0.46751704812049866,1.0,0.4287287354469299,0.0013119578211691074,0.0026232594305357626
RQ1 Direction,1,2024-02-02,0.0,0.4741886854171753,1.0,0.4287287354469299,0.0003782833181080747,0.002773323651912518
RQ1 Direction,1,2024-02-07,0.0,0.48469847440719604,1.0,0.4287287354469299,0.0006046263929431195,0.0004664188441219075
RQ1 Direction,1,2024-02-08,1.0,0.5636250376701355,1.0,0.4287287354469299,0.0005787176098361879,0.0003042939479538376
RQ1 Direction,1,2024-02-13,1.0,0.4006599187850952,0.0,0.4287287354469299,-0.002292602508900954,-0.004574717010107254
RQ1 Direction,1,2024-02-14,1.0,0.4955732226371765,1.0,0.4287287354469299,0.00015058426695579996,0.0006669304925845942
RQ1 Direction,1,2024-02-20,0.0,0.488972932100296,1.0,0.4287287354469299,0.0011748422814472637,0.0016423269518732742
RQ1 Direction,1,2024-02-21,1.0,0.5367973446846008,1.0,0.4287287354469299,0.0012405619301043558,-0.0015212389130899728
RQ1 Direction,1,2024-03-05,1.0,0.4051162302494049,0.0,0.4287287354469299,-0.0007063791164341193,-0.0020748564053555407
RQ1 Direction,1,2024-03-06,1.0,0.4048888385295868,0.0,0.4287287354469299,-0.0009795297865212715,-0.001945422483525694
RQ1 Direction,1,2024-03-08,0.0,0.40541237592697144,0.0,0.4287287354469299,-0.0008816150255163135,0.004233508542162534
RQ1 Direction,1,2024-03-14,1.0,0.4088011085987091,0.0,0.4287287354469299,-0.0016574574912614493,-0.0011902773948264667
RQ1 Direction,1,2024-03-15,0.0,0.4282345771789551,0.0,0.4287287354469299,-0.00038446301055994336,0.00054890853152334
RQ1 Direction,1,2024-03-18,0.0,0.4658912420272827,1.0,0.4287287354469299,0.0005081734461918064,-2.5201270919539276e-05
RQ1 Direction,1,2024-04-01,1.0,0.47713702917099,1.0,0.4287287354469299,-0.00037025232505094596,0.0002559014893848133
RQ1 Direction,1,2024-04-02,1.0,0.4845024049282074,1.0,0.4287287354469299,-0.0004193275371240368,0.00013087141114009881
RQ1 Direction,1,2024-04-05,1.0,0.5681650638580322,1.0,0.4287287354469299,-0.0007249470231022181,0.00013087166301306574
RQ1 Direction,1,2024-04-08,0.0,0.5629397630691528,1.0,0.4287287354469299,0.0007067382111072273,-0.00010170343661686232
RQ1 Direction,1,2024-04-09,1.0,0.48708608746528625,1.0,0.4287287354469299,6.368123873512488e-05,-0.00032792640559864417
RQ1 Direction,1,2024-04-10,1.0,0.4153582751750946,0.0,0.4287287354469299,-0.00246675600253643,-0.002282945601110975
RQ1 Direction,1,2024-04-11,0.0,0.48319104313850403,1.0,0.4287287354469299,-0.00104988992470334,0.0014643091481800763
RQ1 Direction,1,2024-04-12,1.0,0.4126606285572052,0.0,0.4287287354469299,-0.0006509080460443961,-0.0017377721370691601
RQ1 Direction,1,2024-04-15,0.0,0.4950500428676605,1.0,0.4287287354469299,-0.00075323179821285,-0.002431097576579666
RQ1 Direction,1,2024-04-16,0.0,0.5502749681472778,1.0,0.4287287354469299,0.0028761591118895424,0.0034156693584594944
RQ1 Direction,1,2024-04-17,0.0,0.4065549075603485,0.0,0.4287287354469299,-0.0044103156670083354,-0.0015834118755889692
RQ1 Direction,1,2024-04-18,1.0,0.45685693621635437,1.0,0.4287287354469299,-0.0010836506454008354,-0.0013068739574937371
RQ1 Direction,1,2024-04-19,1.0,0.4551857113838196,1.0,0.4287287354469299,0.001097132531189482,-0.004865589834986972
RQ1 Direction,1,2024-04-22,0.0,0.6017802953720093,1.0,0.4287287354469299,0.00027251913104198167,-0.00017695842272391626
RQ1 Direction,1,2024-04-23,0.0,0.5879591703414917,1.0,0.4287287354469299,-0.0006185961020566122,-0.0005339291273115387
RQ1 Direction,1,2024-04-24,1.0,0.4857995808124542,1.0,0.4287287354469299,-0.0014268037819181734,-0.003856580105243923
RQ1 Direction,1,2024-04-25,1.0,0.5756696462631226,1.0,0.4287287354469299,0.001052719392680368,-0.002142277308095797
RQ1 Direction,1,2024-04-26,0.0,0.579082727432251,1.0,0.4287287354469299,0.0006756756756756133,-9.589153688704943e-05
RQ1 Direction,1,2024-04-29,1.0,0.6006032824516296,1.0,0.4287287354469299,0.00014285322906992803,-0.00122139015696332
RQ1 Direction,1,2024-04-30,0.0,0.41007259488105774,0.0,0.4287287354469299,-0.0010949985202722834,-0.00257878188509153
RQ1 Direction,1,2024-05-01,0.0,0.5265353322029114,1.0,0.4287287354469299,0.0008480028647150917,0.012425339492597276
RQ1 Direction,1,2024-05-02,0.0,0.5294672250747681,1.0,0.4287287354469299,0.001366997287735039,0.003130633705961783
RQ1 Direction,1,2024-05-23,1.0,0.4403030574321747,1.0,0.4287287354469299,-0.0012040596180434848,-0.0033353674020898394
RQ1 Direction,1,2024-05-24,1.0,0.641792893409729,1.0,0.4287287354469299,-0.0006579790804128738,-0.0008557689951500524
RQ1 Direction,1,2024-05-28,1.0,0.6687687635421753,1.0,0.4287287354469299,0.0014837328750920697,-0.0010590060822059932
RQ1 Direction,1,2024-05-29,0.0,0.5735116004943848,1.0,0.4287287354469299,-0.0008852358954625217,-0.001621420940575602
RQ1 Direction,1,2024-05-30,0.0,0.6428945064544678,1.0,0.4287287354469299,0.0002877560743210772,-0.0013223083889526421
RQ1 Direction,1,2024-05-31,1.0,0.5260534882545471,1.0,0.4287287354469299,-0.0004938016410291901,0.001157942160405545
RQ1 Direction,1,2024-06-03,1.0,0.5455521941184998,1.0,0.4287287354469299,5.69809227868312e-06,0.0011256828730774604
RQ1 Direction,1,2024-06-04,0.0,0.590823233127594,1.0,0.4287287354469299,-0.0011175356828011518,0.002960671591010211
RQ1 Direction,1,2024-06-06,1.0,0.6293833255767822,1.0,0.4287287354469299,0.0010268342270596253,0.00045237027067446256
RQ1 Direction,1,2024-06-07,0.0,0.6005210280418396,1.0,0.4287287354469299,-0.0003787652625609761,-0.0016454479047093296
RQ1 Direction,1,2024-06-10,1.0,0.6048845052719116,1.0,0.4287287354469299,-9.893707975083821e-05,-0.000473973446290743
RQ1 Direction,1,2024-06-12,0.0,0.5441171526908875,1.0,0.4287287354469299,0.0007424862418956568,-0.00015830357471569023
RQ1 Direction,1,2024-06-13,1.0,0.6126691699028015,1.0,0.4287287354469299,0.00014915286695749153,0.0015267738604514136
RQ1 Direction,1,2024-06-14,1.0,0.5936318635940552,1.0,0.4287287354469299,0.0006159486438988004,0.0005384523183875611
RQ1 Direction,1,2024-06-20,0.0,0.4887111485004425,1.0,0.4287287354469299,-0.0004125638469936188,0.00031238753592011115
RQ1 Direction,1,2024-06-21,1.0,0.5458565354347229,1.0,0.4287287354469299,-9.516297574629906e-05,0.0005292167957662297
RQ1 Direction,1,2024-06-24,0.0,0.5695436596870422,1.0,0.4287287354469299,0.0004266610022687356,0.0005439191849636593
RQ1 Direction,1,2024-06-25,1.0,0.5077542066574097,1.0,0.4287287354469299,-0.0003420016423394401,0.0007689857078514439
RQ1 Direction,1,2024-06-26,1.0,0.5998886823654175,1.0,0.4287287354469299,-0.0001975229163161396,-0.0005722361269303589
RQ1 Direction,1,2024-06-27,1.0,0.6331477761268616,1.0,0.4287287354469299,0.0012545491121229713,-0.0007610697318735093
RQ1 Direction,1,2024-06-28,0.0,0.477369099855423,1.0,0.4287287354469299,-0.0001735958834021556,-0.0016822515166720065
RQ1 Direction,1,2024-07-01,1.0,0.6134371161460876,1.0,0.4287287354469299,-0.0003363642678776424,-0.0002486388849276544
RQ1 Direction,1,2024-07-05,1.0,0.5893407464027405,1.0,0.4287287354469299,0.0005376856499073046,0.0001977435661433269
RQ1 Direction,1,2024-07-11,0.0,0.5209067463874817,1.0,0.4287287354469299,-0.00011447828311184072,0.0022249992380141137
RQ1 Direction,1,2024-07-17,0.0,0.5491190552711487,1.0,0.4287287354469299,-0.0005504059243691684,0.00031121166864900296
RQ1 Direction,1,2024-07-18,1.0,0.5106517672538757,1.0,0.4287287354469299,0.0005506428981507661,-0.0021947276125181547
RQ1 Direction,1,2024-07-19,0.0,0.5249531269073486,1.0,0.4287287354469299,0.0017421127572481154,-0.000566061355970926
RQ1 Direction,1,2024-07-22,0.0,0.5975191593170166,1.0,0.4287287354469299,-0.00040225044759334416,0.0006255673698307707
RQ1 Direction,1,2024-07-23,0.0,0.6735393404960632,1.0,0.4287287354469299,0.00016882790330097208,-0.00024416078705957744
RQ1 Direction,1,2024-07-24,0.0,0.5082058310508728,1.0,0.4287287354469299,-0.00027006768226822686,-0.002635635329243713
RQ1 Direction,1,2024-07-25,0.0,0.5280264616012573,1.0,0.4287287354469299,-0.0026488629741896474,-0.006929598500600487
RQ1 Direction,1,2024-07-26,1.0,0.5452859997749329,1.0,0.4287287354469299,-0.0013862666210071595,-0.002485946809152817
RQ1 Direction,1,2024-07-29,0.0,0.636692225933075,1.0,0.4287287354469299,0.00044642693784058274,-0.000603140718212547
RQ1 Direction,1,2024-07-30,1.0,0.5759819149971008,1.0,0.4287287354469299,-0.0010191392136806865,0.00010681714378324436
RQ1 Direction,1,2024-07-31,0.0,0.5955090522766113,1.0,0.4287287354469299,0.0010935193639542984,0.005052618611535387
RQ1 Direction,1,2024-08-01,1.0,0.445090651512146,1.0,0.4287287354469299,0.00023272652048000886,-0.004807497932555305
RQ1 Direction,1,2024-08-02,1.0,0.6288148164749146,1.0,0.4287287354469299,-0.0006267909989809972,0.0013256015974909552
RQ1 Direction,1,2024-08-05,1.0,0.6459876894950867,1.0,0.4287287354469299,-0.0018064615740920331,-0.00643926878184109
RQ1 Direction,1,2024-08-06,0.0,0.6156797409057617,1.0,0.4287287354469299,-0.003326508277656015,-0.0005911973919318081
RQ1 Direction,1,2024-08-07,0.0,0.6791691780090332,1.0,0.4287287354469299,-0.0010815371634579352,-0.0049208010819650205
RQ1 Direction,1,2024-08-08,1.0,0.6387585401535034,1.0,0.4287287354469299,0.0007246567761995948,-0.00016360825789174527
RQ1 Direction,1,2024-08-09,1.0,0.6821237206459045,1.0,0.4287287354469299,3.184546333279137e-05,-0.00044936667384409823
RQ1 Direction,1,2024-08-12,0.0,0.6378423571586609,1.0,0.4287287354469299,0.0005689804581414659,0.0014199143930240243
RQ1 Direction,1,2024-08-13,1.0,0.5786935687065125,1.0,0.4287287354469299,0.0003169525382002991,0.0012671699686253035
RQ1 Direction,1,2024-08-14,0.0,0.5719635486602783,1.0,0.4287287354469299,0.0012293668210408004,0.0018323088560370238
RQ1 Direction,1,2024-08-15,1.0,0.5680357813835144,1.0,0.4287287354469299,-0.00022187788057925761,0.0004928126968768431
RQ1 Direction,1,2024-08-16,0.0,0.5560927987098694,1.0,0.4287287354469299,0.0011040171455845016,9.35578241327839e-05
RQ1 Direction,1,2024-08-20,0.0,0.6451359391212463,1.0,0.4287287354469299,-0.000333648544971199,0.0014746415280504355
RQ1 Direction,1,2024-08-21,1.0,0.6198936700820923,1.0,0.4287287354469299,0.00013527777332789093,0.000571619874564222
RQ1 Direction,1,2024-08-23,1.0,0.5768259763717651,1.0,0.4287287354469299,-0.00038784238654721026,0.0006375688325011009
RQ1 Direction,1,2024-08-26,0.0,0.6421304941177368,1.0,0.4287287354469299,8.008770493561634e-05,0.002420741671007365
RQ1 Direction,1,2024-08-27,0.0,0.6368359327316284,1.0,0.4287287354469299,-0.00043523908837839187,-0.0006589288410134841
RQ1 Direction,1,2024-08-28,1.0,0.67801833152771,1.0,0.4287287354469299,0.004211845973960182,0.004993439145830614
RQ1 Direction,1,2024-08-29,0.0,0.5604296326637268,1.0,0.4287287354469299,0.000659936152518581,-0.007742782152230898
RQ1 Direction,1,2024-08-30,1.0,0.6070376038551331,1.0,0.4287287354469299,0.0007377193779634084,0.00321720894173283
RQ1 Direction,1,2024-09-03,0.0,0.4651883542537689,1.0,0.4287287354469299,-0.000794315588804384,-0.0030242716260638902
RQ1 Direction,1,2024-09-04,1.0,0.662814736366272,1.0,0.4287287354469299,-0.0006058890968987374,-0.0015694433369337624
RQ1 Direction,1,2024-09-05,0.0,0.6045122146606445,1.0,0.4287287354469299,-0.0002177273617977038,-0.0007888108540373695
RQ1 Direction,1,2024-09-06,0.0,0.6213768124580383,1.0,0.4287287354469299,0.0003752088601045589,-0.00023459348827581383
RQ1 Direction,1,2024-09-09,1.0,0.6335614919662476,1.0,0.4287287354469299,-0.0002381192244638175,-0.001200429665983993
RQ1 Direction,1,2024-09-10,1.0,0.587047278881073,1.0,0.4287287354469299,-8.379420144122296e-05,0.002324498534634678
RQ1 Direction,1,2024-09-11,1.0,0.5475276112556458,1.0,0.4287287354469299,-0.0010108901258276681,0.0030795881050909024
RQ1 Direction,1,2024-09-12,1.0,0.5545697808265686,1.0,0.4287287354469299,-0.0007913328510311679,-0.0009180440303917514
RQ1 Direction,1,2024-09-13,1.0,0.6202995181083679,1.0,0.4287287354469299,-9.428491121199478e-05,-0.002034732493044422
RQ1 Direction,1,2024-09-16,1.0,0.6198200583457947,1.0,0.4287287354469299,0.0010095372835627892,0.00030726658839963505
RQ1 Direction,1,2024-09-17,1.0,0.5888129472732544,1.0,0.4287287354469299,-0.0012250854896614927,-0.0011133543929555678
RQ1 Direction,1,2024-09-18,0.0,0.41211530566215515,0.0,0.4287287354469299,0.0004430487424504914,0.001428021507245747
RQ1 Direction,1,2024-09-19,0.0,0.5703402757644653,1.0,0.4287287354469299,-0.00034053343252471446,-0.0010174182705985357
RQ1 Direction,1,2024-09-20,1.0,0.5111345052719116,1.0,0.4287287354469299,0.0017423256795245923,-0.0009678725914964437
RQ1 Direction,1,2024-09-23,1.0,0.6399734616279602,1.0,0.4287287354469299,0.00035518073975571163,0.00032892722485144965
RQ1 Direction,2,2024-09-24,1.0,0.53658127784729,1.0,0.5057180953025818,-6.285552657214755e-05,-8.730406784396294e-06
RQ1 Direction,2,2024-09-25,1.0,0.627087414264679,1.0,0.5057180953025818,-5.591414383221416e-05,-0.00040523592765850935
RQ1 Direction,2,2024-09-26,1.0,0.609306812286377,1.0,0.5057180953025818,0.0003622216726979488,0.0012793964874118213
RQ1 Direction,2,2024-09-27,0.0,0.5550253391265869,1.0,0.5057180953025818,0.001555380798021977,-0.0004037471916076285
RQ1 Direction,2,2024-09-30,1.0,0.4938954710960388,0.0,0.5057180953025818,-0.00020773616459679456,-0.001760400743899937
RQ1 Direction,2,2024-10-01,0.0,0.44769322872161865,0.0,0.5057180953025818,2.7945304053700326e-05,0.0019897589539152882
RQ1 Direction,2,2024-10-02,0.0,0.546597421169281,1.0,0.5057180953025818,2.101601946091769e-05,-0.00026787683968354514
RQ1 Direction,2,2024-10-03,1.0,0.5972500443458557,1.0,0.5057180953025818,-0.00044452878192080547,-0.0005024816620546879
RQ1 Direction,2,2024-10-04,1.0,0.6009387969970703,1.0,0.5057180953025818,0.0011032749109698425,0.002156445395097961
RQ1 Direction,2,2024-10-07,1.0,0.4956887364387512,0.0,0.5057180953025818,-0.002731909864509219,-0.006496546471531417
RQ1 Direction,2,2024-10-08,1.0,0.5430921316146851,1.0,0.5057180953025818,0.000692950017062488,0.001769097098157868
RQ1 Direction,2,2024-10-09,1.0,0.5423766374588013,1.0,0.5057180953025818,-0.0002005841147756371,0.0007044106142737316
RQ1 Direction,2,2024-10-10,1.0,0.5944520235061646,1.0,0.5057180953025818,0.0004679846501034479,-0.0015326121176687524
RQ1 Direction,2,2024-10-11,0.0,0.5377238392829895,1.0,0.5057180953025818,0.0006313978494623118,0.000980987768631314
RQ1 Direction,2,2024-10-15,0.0,0.5942115187644958,1.0,0.5057180953025818,-0.0007812754880396344,-0.0015493395146775057
RQ1 Direction,2,2024-10-16,0.0,0.531532883644104,1.0,0.5057180953025818,-0.00012492833734079056,0.0013024805399124428
RQ1 Direction,2,2024-10-17,0.0,0.6321916580200195,1.0,0.5057180953025818,0.0009424441973830966,-0.0018302022603764456
RQ1 Direction,2,2024-10-18,0.0,0.5481287240982056,1.0,0.5057180953025818,-0.00023002842128949652,0.0005252020237329624
RQ1 Direction,2,2024-10-21,1.0,0.6220377087593079,1.0,0.5057180953025818,-2.7386287001385234e-05,-0.0015603343524783764
RQ1 Direction,2,2024-10-23,1.0,0.5498579740524292,1.0,0.5057180953025818,0.0005530160979529963,0.002161961932853007
RQ1 Direction,2,2024-10-24,1.0,0.6124483942985535,1.0,0.5057180953025818,0.00033077214622889706,0.0006289990987218275
RQ1 Direction,2,2024-10-25,0.0,0.5997379422187805,1.0,0.5057180953025818,0.0006722082298229459,0.00170031734667897
RQ1 Direction,2,2024-10-28,0.0,0.5898765921592712,1.0,0.5057180953025818,0.00010292301358583167,-0.0008072103939906761
RQ1 Direction,2,2024-10-29,0.0,0.5292553901672363,1.0,0.5057180953025818,-0.0003353683576532429,0.0007742589724966109
RQ1 Direction,2,2024-10-30,0.0,0.6039952039718628,1.0,0.5057180953025818,-9.090207445394682e-05,0.0009271150240706127
RQ1 Direction,2,2024-10-31,0.0,0.49984297156333923,0.0,0.5057180953025818,0.0004597042161693654,0.000552395403231154
RQ1 Direction,2,2024-11-01,0.0,0.5554081201553345,1.0,0.5057180953025818,9.409895027401305e-05,0.0008283299299145508
RQ1 Direction,2,2024-11-04,0.0,0.5716450810432434,1.0,0.5057180953025818,-0.00032670032670045757,-0.000211418706886346
RQ1 Direction,2,2024-11-05,1.0,0.5045587420463562,0.0,0.5057180953025818,-0.0012486426855689015,-0.0003466769283037019
RQ1 Direction,2,2024-11-06,1.0,0.5393067598342896,1.0,0.5057180953025818,0.00040708221709473413,0.0005084820206839868
RQ1 Direction,2,2024-11-07,0.0,0.4235610365867615,0.0,0.5057180953025818,0.0021074197269239647,0.0019310423438025914
RQ1 Direction,2,2024-11-12,0.0,0.6078044772148132,1.0,0.5057180953025818,-0.00023342553642013986,0.0010651351870247794
RQ1 Direction,2,2024-11-14,0.0,0.6085737943649292,1.0,0.5057180953025818,-3.183731467326645e-05,0.0022858428898697714
RQ1 Direction,2,2024-11-15,1.0,0.5728467702865601,1.0,0.5057180953025818,-0.0005182248072851392,0.0007851785598460559
RQ1 Direction,2,2024-11-18,1.0,0.5967068672180176,1.0,0.5057180953025818,0.0005975632322059443,-0.00043075305470074987
RQ1 Direction,2,2024-11-19,1.0,0.42942696809768677,0.0,0.5057180953025818,0.00042318727729773187,-0.002039806623630347
RQ1 Direction,2,2024-11-20,1.0,0.6144734621047974,1.0,0.5057180953025818,-0.00021564605520529856,0.0011681408706474272
RQ1 Direction,2,2024-11-21,0.0,0.5389910340309143,1.0,0.5057180953025818,0.00015612383137941777,0.0001712351764058262
RQ1 Direction,2,2024-11-22,1.0,0.5726393461227417,1.0,0.5057180953025818,0.0003873414792419094,-3.855004885811031e-05
RQ1 Direction,2,2024-11-25,1.0,0.6432475447654724,1.0,0.5057180953025818,-0.00015542638638665895,-0.00042438368294872575
RQ1 Direction,2,2024-11-27,1.0,0.6255730986595154,1.0,0.5057180953025818,-0.00040825848594416847,-0.00029331329025839015
RQ1 Direction,2,2024-12-03,0.0,0.5884441137313843,1.0,0.5057180953025818,0.0004480760836496067,0.0009660956666308618
RQ1 Direction,2,2024-12-05,0.0,0.6382448077201843,1.0,0.5057180953025818,-1.4797350287865108e-05,-0.00021205351638975412
RQ1 Direction,2,2024-12-06,1.0,0.6226308941841125,1.0,0.5057180953025818,-5.588823667668219e-05,-0.0011690625333519167
RQ1 Direction,2,2024-12-09,0.0,0.59164959192276,1.0,0.5057180953025818,0.00015353197839984567,-0.0016281652818472825
RQ1 Direction,2,2024-12-12,0.0,0.622883141040802,1.0,0.5057180953025818,-0.00025408264615522924,-0.0010880173027720819
RQ1 Direction,2,2024-12-13,1.0,0.6396512389183044,1.0,0.5057180953025818,-0.00030237887908313166,0.00026948607517507384
RQ1 Direction,2,2024-12-17,1.0,0.6077166199684143,1.0,0.5057180953025818,-0.0004980796629605599,-0.0013705900150284833
RQ1 Direction,2,2024-12-18,0.0,0.43686413764953613,0.0,0.5057180953025818,-0.005416437580180289,-0.015158039221509045
RQ1 Direction,2,2024-12-19,0.0,0.5232766270637512,1.0,0.5057180953025818,-0.0010012320244910944,-0.005308992845870275
RQ1 Direction,2,2024-12-20,0.0,0.4886033236980438,0.0,0.5057180953025818,-0.001270535000973405,0.0006474178956397125
RQ1 Direction,2,2024-12-23,1.0,0.4945616126060486,0.0,0.5057180953025818,-0.000776835210265614,-0.0011823899371069535
RQ1 Direction,2,2024-12-26,0.0,0.553307294845581,1.0,0.5057180953025818,0.0005199278062026913,0.0006872806705211509
RQ1 Direction,2,2024-12-27,0.0,0.4701557159423828,0.0,0.5057180953025818,0.0006596935606206777,0.00208753915183868
RQ1 Direction,2,2024-12-30,0.0,0.4490602910518646,0.0,0.5057180953025818,0.0006358490693330054,-0.0003588891622212653
RQ1 Direction,2,2024-12-31,0.0,0.5467956066131592,1.0,0.5057180953025818,0.002136610263560712,0.0015159687142169975
RQ1 Direction,2,2025-01-02,1.0,0.454201877117157,0.0,0.5057180953025818,-0.0010084108299903694,0.0005220957780425195
RQ1 Direction,2,2025-01-03,0.0,0.49483048915863037,0.0,0.5057180953025818,-0.00048595031872611383,0.0012363396262009552
RQ1 Direction,2,2025-01-06,1.0,0.5811634659767151,1.0,0.5057180953025818,-0.0014642390976939978,-0.0020904583120803233
RQ1 Direction,2,2025-01-07,0.0,0.6043732166290283,1.0,0.5057180953025818,-0.000883833272611878,-0.0016096328520164294
RQ1 Direction,2,2025-01-08,1.0,0.4569035768508911,0.0,0.5057180953025818,6.770984975146277e-06,0.00115238611713675
RQ1 Direction,2,2025-01-10,0.0,0.4169532358646393,0.0,0.5057180953025818,0.00029961033535808035,-0.003922818837713615
RQ1 Direction,2,2025-01-13,1.0,0.4711805284023285,0.0,0.5057180953025818,-0.00040832222456699263,0.0008589072981353141
RQ1 Direction,2,2025-01-14,1.0,0.47614678740501404,0.0,0.5057180953025818,-0.004261732580552513,-0.004918083177081756
RQ1 Direction,2,2025-01-15,0.0,0.5055283308029175,0.0,0.5057180953025818,0.00039816207044274243,0.0015204316411243646
RQ1 Direction,2,2025-01-16,0.0,0.5786718726158142,1.0,0.5057180953025818,0.0006474113634986622,0.0025659688174977102
RQ1 Direction,2,2025-01-17,0.0,0.5740787982940674,1.0,0.5057180953025818,-0.0003530109166962614,-0.0005859947260475895
RQ1 Direction,2,2025-01-21,1.0,0.5795243382453918,1.0,0.5057180953025818,0.00048175856776988546,-0.0007688581051699117
RQ1 Direction,2,2025-01-22,0.0,0.5784274339675903,1.0,0.5057180953025818,0.0006072113735613449,0.0008190882021752444
RQ1 Direction,2,2025-01-24,1.0,0.6224479079246521,1.0,0.5057180953025818,-0.0001443787448237588,-0.00014765959541285234
RQ1 Direction,2,2025-01-27,1.0,0.4867408275604248,0.0,0.5057180953025818,-0.0012024201833148451,0.0005780568934954378
RQ1 Direction,2,2025-01-28,0.0,0.4917469024658203,0.0,0.5057180953025818,0.000519009762326661,0.0022496315258708766
RQ1 Direction,2,2025-01-29,0.0,0.3317592740058899,0.0,0.5057180953025818,-0.0002233376236213669,0.0013222143611038017
RQ1 Direction,2,2025-01-30,0.0,0.5886130928993225,1.0,0.5057180953025818,0.0012504448222687703,0.0012718894312908624
RQ1 Direction,2,2025-01-31,0.0,0.41469472646713257,0.0,0.5057180953025818,0.001402012085740978,-0.002838247859378251
RQ1 Direction,2,2025-02-03,0.0,0.46311646699905396,0.0,0.5057180953025818,-0.00031902961824448184,0.0013781509807673231
RQ1 Direction,2,2025-02-04,1.0,0.4493514597415924,0.0,0.5057180953025818,-0.0009255304001137832,0.001184659161613144
RQ1 Direction,2,2025-02-05,1.0,0.5461581349372864,1.0,0.5057180953025818,-0.0002462345938120114,9.257590811184713e-05
RQ1 Direction,2,2025-02-06,1.0,0.5602879524230957,1.0,0.5057180953025818,0.0006063309542692075,-0.00238841568974979
RQ1 Direction,2,2025-02-07,0.0,0.614181399345398,1.0,0.5057180953025818,-0.0005303562668221851,-0.0001956343693111373
RQ1 Direction,2,2025-02-10,0.0,0.5888025760650635,1.0,0.5057180953025818,-9.393044532912675e-05,-0.00034103152976527884
RQ1 Direction,2,2025-02-12,0.0,0.46264514327049255,0.0,0.5057180953025818,0.0004675290347093686,0.0010678621432951285
RQ1 Direction,2,2025-02-13,1.0,0.47926080226898193,0.0,0.5057180953025818,0.0005243546341480165,0.0027376023726981558
RQ1 Direction,2,2025-02-18,1.0,0.6223861575126648,1.0,0.5057180953025818,0.0008102454307068463,0.0003763144418029718
RQ1 Direction,2,2025-02-19,0.0,0.5269122123718262,1.0,0.5057180953025818,0.0004117845243889473,0.0026017156642859085
RQ1 Direction,2,2025-02-20,1.0,0.5993695259094238,1.0,0.5057180953025818,0.0012414466292594017,0.0020538189066077184
RQ1 Direction,2,2025-02-21,0.0,0.38418713212013245,0.0,0.5057180953025818,4.156787368692072e-05,-0.0027887712991992997
RQ1 Direction,2,2025-02-24,0.0,0.6120611429214478,1.0,0.5057180953025818,-0.000284380051487787,-0.0014451659199975486
RQ1 Direction,2,2025-02-25,0.0,0.4942589998245239,0.0,0.5057180953025818,-0.0002128451191428793,0.0007918413498881893
RQ1 Direction,2,2025-02-26,1.0,0.5462693572044373,1.0,0.5057180953025818,-0.0024582649082685037,0.00017509183903663406
RQ1 Direction,2,2025-02-27,0.0,0.4032450020313263,0.0,0.5057180953025818,0.0003539709100268684,-0.007434332027620116
RQ1 Direction,2,2025-02-28,1.0,0.5077718496322632,1.0,0.5057180953025818,0.001112690962401297,0.007475916539161798
RQ1 Direction,2,2025-03-03,0.0,0.310899943113327,0.0,0.5057180953025818,-0.007059376542917661,-0.005278197959525888
RQ1 Direction,2,2025-03-04,0.0,0.4876643717288971,0.0,0.5057180953025818,0.001220488435357714,0.0045715111269342135
RQ1 Direction,2,2025-03-05,0.0,0.4750935733318329,0.0,0.5057180953025818,0.0003561302340870931,0.0028527193521477034
RQ1 Direction,2,2025-03-06,1.0,0.2581162750720978,0.0,0.5057180953025818,-0.0012708299147775604,-0.0019415985304559458
RQ1 Direction,2,2025-03-07,1.0,0.5226842164993286,1.0,0.5057180953025818,-0.0008878268876292283,3.471167614010895e-06
RQ1 Direction,2,2025-03-10,1.0,0.47340428829193115,0.0,0.5057180953025818,-0.003530212152001,-0.00569451324027781
RQ1 Direction,2,2025-03-11,0.0,0.4193725883960724,0.0,0.5057180953025818,0.0016368827625024007,0.013301619907382545
RQ1 Direction,2,2025-03-12,0.0,0.5156780481338501,1.0,0.5057180953025818,0.0001192162333363278,0.00590041770017935
RQ1 Direction,2,2025-03-13,0.0,0.46244457364082336,0.0,0.5057180953025818,-0.0002775609958312053,0.007110136301821335
RQ1 Direction,2,2025-03-14,1.0,0.49722257256507874,0.0,0.5057180953025818,-0.0004087588127511532,0.002039892821002587
RQ1 Direction,2,2025-03-17,0.0,0.4761945307254791,0.0,0.5057180953025818,0.0004353794999454319,0.003682796882567896
RQ1 Direction,2,2025-03-18,0.0,0.5006824135780334,0.0,0.5057180953025818,0.0011970415971955806,0.0011043110879958018
RQ1 Direction,2,2025-03-19,0.0,0.3578929007053375,0.0,0.5057180953025818,0.0023680482630787925,0.008974177071509493
RQ1 Direction,2,2025-03-20,1.0,0.4515540599822998,0.0,0.5057180953025818,0.0005436437946693129,-0.0011685134246458562
RQ1 Direction,2,2025-03-21,1.0,0.5422125458717346,1.0,0.5057180953025818,-0.0011672078266591335,-0.0006776662095810959
RQ1 Direction,2,2025-03-24,1.0,0.48167893290519714,0.0,0.5057180953025818,0.00044475021021406214,0.0009072927566056155
RQ1 Direction,2,2025-03-25,1.0,0.6109966039657593,1.0,0.5057180953025818,-0.00036431958113658514,-0.0003885981149522877
RQ1 Direction,2,2025-03-26,1.0,0.5775365233421326,1.0,0.5057180953025818,-0.0013533744955525062,-0.001102961161388305
RQ1 Direction,2,2025-03-27,0.0,0.4446234405040741,0.0,0.5057180953025818,-0.001618933816443735,0.0017016668600380314
RQ1 Direction,2,2025-03-28,0.0,0.3735826313495636,0.0,0.5057180953025818,0.0010595214405191289,-0.0003365689303909125
RQ1 Direction,2,2025-03-31,1.0,0.4213961660861969,0.0,0.5057180953025818,-0.0017317982463977977,0.005877893250687549
RQ1 Direction,2,2025-04-01,1.0,0.5023838877677917,0.0,0.5057180953025818,0.0008528106098935062,-0.002498191394960214
RQ1 Direction,2,2025-04-02,1.0,0.4555223286151886,0.0,0.5057180953025818,-0.0038232194266231145,-0.005033734854639871
RQ1 Direction,2,2025-04-03,0.0,0.45783284306526184,0.0,0.5057180953025818,-7.53711108046895e-05,-5.515344607909256e-06
RQ1 Direction,2,2025-04-04,0.0,0.3771677315235138,0.0,0.5057180953025818,0.0038253723434640285,-0.012995942399504301
RQ1 Direction,2,2025-04-07,1.0,0.4782866835594177,0.0,0.5057180953025818,-0.0068213333857850555,-0.01165995294522948
RQ1 Direction,2,2025-04-08,0.0,0.4154743254184723,0.0,0.5057180953025818,0.00035559263784179507,-0.009798504366361427
RQ1 Direction,2,2025-04-09,1.0,0.28162580728530884,0.0,0.5057180953025818,-0.003047856397130677,-0.007339996460407949
RQ1 Direction,2,2025-04-10,0.0,0.3805185556411743,0.0,0.5057180953025818,-0.005928924452812345,0.0036249997623885033
RQ1 Direction,2,2025-04-11,1.0,0.4933900535106659,0.0,0.5057180953025818,-0.002693061910542527,-0.004529880433526423
RQ1 Direction,2,2025-04-14,0.0,0.5001558065414429,0.0,0.5057180953025818,-0.0009464988748816294,0.003200760342376041
RQ1 Direction,2,2025-04-15,0.0,0.5020637512207031,0.0,0.5057180953025818,0.00010732254310008571,0.000657249180752828
RQ1 Direction,2,2025-04-16,1.0,0.49673303961753845,0.0,0.5057180953025818,-0.0021535528866550857,-0.002559631230543702
RQ1 Direction,2,2025-04-17,0.0,0.5003007650375366,0.0,0.5057180953025818,-0.003302358451556797,-0.0018202215889198126
RQ1 Direction,2,2025-04-21,1.0,0.46709075570106506,0.0,0.5057180953025818,-0.0011740626088453388,-0.00021740961342209264
RQ1 Direction,2,2025-04-22,1.0,0.5329464077949524,1.0,0.5057180953025818,0.0012713943842643793,0.009261080733170335
RQ1 Direction,2,2025-04-23,0.0,0.5027317404747009,0.0,0.5057180953025818,0.000583915544240865,-0.0036368551942773664
RQ1 Direction,2,2025-04-24,1.0,0.49680671095848083,0.0,0.5057180953025818,-0.0003175147717362492,0.0014477917519741812
RQ1 Direction,2,2025-04-25,1.0,0.5117984414100647,1.0,0.5057180953025818,-0.0013378447122548431,0.0036588183708705646
RQ1 Direction,2,2025-04-28,1.0,0.5130289793014526,1.0,0.5057180953025818,0.00030708735817652766,0.001958411066114607
RQ1 Direction,2,2025-04-29,0.0,0.5155963897705078,1.0,0.5057180953025818,-0.0012859472546103978,-0.0008067979465284925
RQ1 Direction,2,2025-04-30,1.0,0.5063995718955994,1.0,0.5057180953025818,0.0004191342971608947,-0.001636877547435911
RQ1 Direction,2,2025-05-01,0.0,0.5306215286254883,1.0,0.5057180953025818,-0.0008688698131575912,0.0018705248315726841
RQ1 Direction,2,2025-05-02,0.0,0.49643081426620483,0.0,0.5057180953025818,-0.0017059096078514413,-0.0002829659755384517
RQ1 Direction,2,2025-05-05,0.0,0.507146954536438,1.0,0.5057180953025818,-0.0014217567493854943,7.048917726781845e-05
RQ1 Direction,2,2025-05-06,0.0,0.49889513850212097,0.0,0.5057180953025818,0.0013577043941221945,0.004526914254603165
RQ1 Direction,2,2025-05-07,1.0,0.3251054883003235,0.0,0.5057180953025818,0.002203765463770546,0.002603869624729027
RQ1 Direction,2,2025-05-08,0.0,0.5335354208946228,1.0,0.5057180953025818,-0.0012019251827853905,0.0010905374365171028
RQ1 Direction,2,2025-05-09,0.0,0.5721562504768372,1.0,0.5057180953025818,0.0005405204894359805,-0.0006563173188377514
RQ1 Direction,2,2025-05-12,1.0,0.5761457681655884,1.0,0.5057180953025818,-0.001134021854759526,-5.3161205353036145e-05
RQ1 Direction,2,2025-05-14,0.0,0.5410032272338867,1.0,0.5057180953025818,-0.00040040651441031194,0.00042790700833572615
RQ1 Direction,3,2025-05-15,1.0,0.5410032868385315,1.0,0.48874443918466565,-0.0005967636139868615,-0.0003449587824984057
RQ1 Direction,3,2025-05-16,1.0,0.5907366275787354,1.0,0.48874443918466565,-0.0001562825588664607,0.0012992017986876991
RQ1 Direction,3,2025-05-19,1.0,0.5384448766708374,1.0,0.48874443918466565,0.0002854686387512295,4.7007155160594394e-05
RQ1 Direction,3,2025-05-21,0.0,0.4901474118232727,1.0,0.48874443918466565,-0.0031033948277887635,-0.003529411764705781
RQ1 Direction,3,2025-05-22,0.0,0.5686972141265869,1.0,0.48874443918466565,0.0011477355671825062,0.0007773756412070565
RQ1 Direction,3,2025-05-23,0.0,0.5947063565254211,1.0,0.48874443918466565,-0.00037964811258195397,-0.0002731695919293564
RQ1 Direction,3,2025-05-27,1.0,0.5767225623130798,1.0,0.48874443918466565,-0.00027376981028759406,-0.0009558518058168097
RQ1 Direction,3,2025-05-28,0.0,0.46440303325653076,0.0,0.48874443918466565,-0.0006747375879567752,7.954035827006933e-05
RQ1 Direction,3,2025-05-29,1.0,0.5639487504959106,1.0,0.48874443918466565,-0.0006606396007703408,0.00034591338939171656
RQ1 Direction,3,2025-05-30,1.0,0.537693440914154,1.0,0.48874443918466565,0.0014109113876337176,0.004867494100910585
RQ1 Direction,3,2025-06-02,1.0,0.5777251124382019,1.0,0.48874443918466565,0.0003914508484528234,0.0032013157204568987
RQ1 Direction,3,2025-06-03,0.0,0.5619312524795532,1.0,0.48874443918466565,-4.686937672093716e-05,0.00030810809905679193
RQ1 Direction,3,2025-06-04,0.0,0.5567804574966431,1.0,0.48874443918466565,-0.0007001069375752733,-0.0009304765309430252
RQ1 Direction,3,2025-06-05,0.0,0.5785953402519226,1.0,0.48874443918466565,-0.0006386017136650324,-0.001062209630589006
RQ1 Direction,3,2025-06-06,0.0,0.5297971367835999,1.0,0.48874443918466565,-0.00017144065074203851,0.0013168905380580576
RQ1 Direction,3,2025-06-10,1.0,0.4906114637851715,1.0,0.48874443918466565,0.001838168141739871,0.001906378230090544
RQ1 Direction,3,2025-06-11,1.0,0.500952422618866,1.0,0.48874443918466565,-0.001960611936510759,-0.0027876620266403807
RQ1 Direction,3,2025-06-12,1.0,0.5541539788246155,1.0,0.48874443918466565,0.0009989447300282617,0.00046691988515767946
RQ1 Direction,3,2025-06-13,0.0,0.4520723223686218,0.0,0.48874443918466565,0.0015980595469820003,-0.004428992920271546
RQ1 Direction,3,2025-06-16,1.0,0.5723204612731934,1.0,0.48874443918466565,0.00037315103661361704,0.00033333499171650516
RQ1 Direction,3,2025-06-17,0.0,0.4373399615287781,0.0,0.48874443918466565,0.0015103668368268153,3.340286696795758e-05
RQ1 Direction,3,2025-06-18,1.0,0.440844863653183,0.0,0.48874443918466565,-0.005282545471485878,-0.003945160930244995
RQ1 Direction,3,2025-06-20,1.0,0.557079017162323,1.0,0.48874443918466565,-0.0017655030092278423,-0.0007511850447105006
RQ1 Direction,3,2025-06-23,1.0,0.5819089412689209,1.0,0.48874443918466565,-9.652252636060954e-05,-5.492027406883704e-05
RQ1 Direction,3,2025-06-24,0.0,0.502926230430603,1.0,0.48874443918466565,0.00024281083067556608,0.0001985054671029829
RQ1 Direction,3,2025-06-25,1.0,0.5535479784011841,1.0,0.48874443918466565,0.00020372755710940105,0.00030397883650046253
RQ1 Direction,3,2025-06-27,1.0,0.41653603315353394,0.0,0.48874443918466565,-0.0008061377208938847,-0.004833550680914178
RQ1 Direction,3,2025-06-30,1.0,0.5003357529640198,1.0,0.48874443918466565,0.0019029310964182589,0.0016905965621840657
RQ1 Direction,3,2025-07-01,0.0,0.5662440061569214,1.0,0.48874443918466565,-0.0005559172150642055,-0.0009326224570332942
RQ1 Direction,3,2025-07-02,1.0,0.5114614963531494,1.0,0.48874443918466565,-0.00011572195229370141,0.0006063705905439143
RQ1 Direction,3,2025-07-07,1.0,0.4535015821456909,0.0,0.48874443918466565,0.0011131074840393662,0.00019766911154950328
RQ1 Direction,3,2025-07-08,0.0,0.5753825306892395,1.0,0.48874443918466565,0.00016543181719619326,-0.0010411235792835427
RQ1 Direction,3,2025-07-09,1.0,0.5469585061073303,1.0,0.48874443918466565,0.0007054103856882765,0.0015256397120975151
RQ1 Direction,3,2025-07-11,0.0,0.5276769399642944,1.0,0.48874443918466565,-0.0006922876917946352,-0.00021065902761707722
RQ1 Direction,3,2025-07-15,0.0,0.554868757724762,1.0,0.48874443918466565,-0.0018179931845208053,-0.0020823991791677487
RQ1 Direction,3,2025-07-16,0.0,0.5051543116569519,1.0,0.48874443918466565,0.0007253207227644332,0.0019130245622116515
RQ1 Direction,3,2025-07-18,1.0,0.5311329364776611,1.0,0.48874443918466565,-0.00023038875321546026,0.00017484851760252162
RQ1 Direction,3,2025-07-22,0.0,0.5407599806785583,1.0,0.48874443918466565,0.0003580515657626293,0.0016275535617407133
RQ1 Direction,3,2025-07-23,1.0,0.5349400043487549,1.0,0.48874443918466565,-0.00022503631267767332,0.0011961213519480207
RQ1 Direction,3,2025-07-25,0.0,0.5536676049232483,1.0,0.48874443918466565,-0.00039409175144067277,2.972586494442986e-05
RQ1 Direction,3,2025-07-28,1.0,0.556361973285675,1.0,0.48874443918466565,9.718020658633364e-05,-0.00011126381591008982
RQ1 Direction,3,2025-07-29,0.0,0.5888127088546753,1.0,0.48874443918466565,-0.0005457051592658857,-0.00046733588747549515
RQ1 Direction,3,2025-07-30,1.0,0.4180390536785126,0.0,0.48874443918466565,-0.005648283899101436,-0.006011051315494731
RQ1 Direction,3,2025-07-31,0.0,0.561201274394989,1.0,0.48874443918466565,-0.0008371854860623751,0.001155196021341176
RQ1 Direction,3,2025-08-01,1.0,0.5077286958694458,1.0,0.48874443918466565,-0.0025410927338828104,0.0013397461229289753
RQ1 Direction,3,2025-08-04,1.0,0.5808164477348328,1.0,0.48874443918466565,-0.00023105104487297634,9.497533015823123e-06
RQ1 Direction,3,2025-08-05,0.0,0.46758919954299927,0.0,0.48874443918466565,-9.99370238119468e-05,-0.002762308568535654
RQ1 Direction,3,2025-08-06,0.0,0.5740793943405151,1.0,0.48874443918466565,-0.00038912099614973883,0.0006134408195190844
RQ1 Direction,3,2025-08-07,1.0,0.44149938225746155,0.0,0.48874443918466565,0.0015170325702775767,-0.0003666905858514813
RQ1 Direction,3,2025-08-08,0.0,0.5271092057228088,1.0,0.48874443918466565,-0.00021901624161879685,3.129586800643125e-05
RQ1 Direction,3,2025-08-11,0.0,0.4908667504787445,1.0,0.48874443918466565,0.0011417780998177474,-0.00033670297316545916
RQ1 Direction,3,2025-08-12,1.0,0.5396038889884949,1.0,0.48874443918466565,-0.00016616016286796764,0.0
RQ1 Direction,3,2025-08-13,1.0,0.4739587903022766,0.0,0.48874443918466565,0.0002199293128601898,0.0006523258282291611
RQ1 Direction,3,2025-08-14,1.0,0.5353308320045471,1.0,0.48874443918466565,-8.972813920860023e-05,-0.00020882510356168282
RQ1 Direction,3,2025-08-18,0.0,0.5608432292938232,1.0,0.48874443918466565,0.00047157372217476734,0.0009016516831088506
RQ1 Direction,3,2025-08-19,1.0,0.5000705122947693,1.0,0.48874443918466565,0.0003825811579560856,-0.0011646779829087572
RQ1 Direction,3,2025-08-20,1.0,0.5487724542617798,1.0,0.48874443918466565,-7.207523400953875e-05,-0.0007406259150174455
RQ1 Direction,3,2025-08-21,0.0,0.5001571178436279,1.0,0.48874443918466565,0.0008477210432620286,0.00042211108896816896
RQ1 Direction,3,2025-08-22,0.0,0.4393262267112732,0.0,0.48874443918466565,9.276194039431473e-05,-0.0004959842273924986
RQ1 Direction,3,2025-08-25,0.0,0.5757086277008057,1.0,0.48874443918466565,-0.0001161949410272145,-0.0007926874581981602
RQ1 Direction,3,2025-08-26,1.0,0.52817702293396,1.0,0.48874443918466565,0.0002697398405746565,0.0016159602855640998
RQ1 Direction,3,2025-08-29,1.0,0.5262106657028198,1.0,0.48874443918466565,0.00027572191121771894,-0.00030033284309927133
RQ1 Direction,3,2025-09-02,1.0,0.5305154323577881,1.0,0.48874443918466565,0.0008737015823705452,-0.00046128706910719686
RQ1 Direction,3,2025-09-03,1.0,0.5321683287620544,1.0,0.48874443918466565,-0.00030830460494979395,-0.000185316977682648
RQ1 Direction,3,2025-09-05,1.0,0.4936668872833252,1.0,0.48874443918466565,0.0003832293875130066,0.001861719002688167
RQ1 Direction,3,2025-09-09,1.0,0.5476515293121338,1.0,0.48874443918466565,0.00022897854056158629,0.0001382966463063795
RQ1 Direction,3,2025-09-10,1.0,0.4823251962661743,0.0,0.48874443918466565,0.0002282395074928445,-0.000551021532696927
RQ1 Direction,3,2025-09-11,1.0,0.5147795677185059,1.0,0.48874443918466565,1.2149339683409366e-05,-8.351871958212076e-05
RQ1 Direction,3,2025-09-15,1.0,0.5231645107269287,1.0,0.48874443918466565,0.000687515238154468,-0.0009403938466190365
RQ1 Direction,3,2025-09-17,1.0,0.5247622728347778,1.0,0.48874443918466565,0.001565126130305572,-0.002854464700796089
RQ1 Direction,3,2025-09-18,0.0,0.48726382851600647,0.0,0.48874443918466565,0.0012166532236788097,0.0006810818955775844
RQ1 Direction,3,2025-09-23,1.0,0.5615766048431396,1.0,0.48874443918466565,-0.0007937092528761402,-0.0017151138778545016
RQ1 Direction,3,2025-09-24,0.0,0.5162779688835144,1.0,0.48874443918466565,0.000556279170736973,0.0008142769898893398
RQ1 Direction,3,2025-09-25,0.0,0.5002409815788269,1.0,0.48874443918466565,0.000130227853314846,0.003502177275503726
RQ1 Direction,3,2025-09-26,0.0,0.5405795574188232,1.0,0.48874443918466565,-4.515066777788235e-06,0.000825436705724325
RQ1 Direction,3,2025-09-29,1.0,0.5187488794326782,1.0,0.48874443918466565,6.15774644503464e-05,0.0005484565081503856
RQ1 Direction,3,2025-09-30,1.0,0.5512927770614624,1.0,0.48874443918466565,0.00016796489533676962,0.002908340651805119
RQ1 Direction,3,2025-10-02,0.0,0.5346139669418335,1.0,0.48874443918466565,-0.0002038481167857542,0.00072828222202026
RQ1 Direction,3,2025-10-03,0.0,0.50245600938797,1.0,0.48874443918466565,-9.816330506917659e-05,0.0009841845561937568
RQ1 Direction,3,2025-10-07,0.0,0.5298320651054382,1.0,0.48874443918466565,0.000326273509570818,0.0010675111335745058
RQ1 Direction,3,2025-10-09,1.0,0.4965991675853729,1.0,0.48874443918466565,0.00021572020048576945,-0.00046236896448692555
RQ1 Direction,3,2025-10-10,0.0,0.5162839889526367,1.0,0.48874443918466565,-0.0010966822332935111,-0.003605128166385918
RQ1 Direction,3,2025-10-13,1.0,0.5663278698921204,1.0,0.48874443918466565,-0.0015450003907587773,-0.0017880378763518445
RQ1 Direction,3,2025-10-14,0.0,0.5676230192184448,1.0,0.48874443918466565,0.0002653736821274233,-0.00033264257555243315
RQ1 Direction,3,2025-10-15,0.0,0.5313170552253723,1.0,0.48874443918466565,0.0010925538483672614,0.0020972883771519513
RQ1 Direction,3,2025-10-16,1.0,0.4483918845653534,0.0,0.48874443918466565,0.0009712286722411978,-0.0019428266772694158
RQ1 Direction,3,2025-10-17,0.0,0.5708393454551697,1.0,0.48874443918466565,0.00018756236448624897,0.0023262353332138552
RQ1 Direction,3,2025-10-21,0.0,0.540147602558136,1.0,0.48874443918466565,0.0002136191082291461,-0.0003187754279004862
RQ1 Direction,3,2025-10-23,0.0,0.5748757123947144,1.0,0.48874443918466565,0.0001452480184020999,0.0002327136036666122
RQ1 Direction,3,2025-10-24,0.0,0.5349872708320618,1.0,0.48874443918466565,0.0001808081684133711,0.00019257031388963952
RQ1 Direction,3,2025-10-29,1.0,0.38792940974235535,0.0,0.48874443918466565,0.0038458677704029665,-0.0029636968859454438
RQ1 Direction,3,2025-10-30,0.0,0.5245414972305298,1.0,0.48874443918466565,-1.0223709366208311e-05,-0.002770260625886589
RQ1 Direction,3,2025-10-31,0.0,0.4792512357234955,0.0,0.48874443918466565,0.00041200482717718145,0.0026018979066215753
RQ1 Direction,3,2025-11-03,0.0,0.5303022265434265,1.0,0.48874443918466565,0.0004976474846183354,-0.00016625855538809908
RQ1 Direction,3,2025-11-04,1.0,0.49545323848724365,1.0,0.48874443918466565,0.0004254464232953392,-0.0014626608632057891
RQ1 Direction,3,2025-11-05,0.0,0.5734350085258484,1.0,0.48874443918466565,-6.008241548893789e-05,-0.0006151367580827793
RQ1 Direction,3,2025-11-06,0.0,0.4884193539619446,0.0,0.48874443918466565,0.0002192923967769822,0.002265708516451026
RQ1 Direction,3,2025-11-07,1.0,0.47338882088661194,0.0,0.48874443918466565,0.0008355500481074252,0.006556340791913584
RQ1 Direction,3,2025-11-10,0.0,0.5998291373252869,1.0,0.48874443918466565,0.000442229068800426,0.0020577791532159218
RQ1 Direction,3,2025-11-11,0.0,0.5720977783203125,1.0,0.48874443918466565,0.0002657337756388767,-0.00018826427634277554
RQ1 Direction,3,2025-11-12,1.0,0.5407133102416992,1.0,0.48874443918466565,-0.00020003124575662667,-0.0012558031670742986
RQ1 Direction,3,2025-11-13,1.0,0.4480273127555847,0.0,0.48874443918466565,-0.0010129112820224107,-0.0013017261956829174
RQ1 Direction,3,2025-11-14,0.0,0.44802919030189514,0.0,0.48874443918466565,0.0008211504687956062,0.002112561295388282
RQ1 Direction,3,2025-11-17,1.0,0.5076586008071899,1.0,0.48874443918466565,-0.002644922858918375,-0.005744778596322719
RQ1 Direction,3,2025-11-18,0.0,0.4561010003089905,0.0,0.48874443918466565,0.0014750992421508347,0.0020552015707397953
RQ1 Direction,3,2025-11-19,1.0,0.5306153297424316,1.0,0.48874443918466565,0.0022576333107520163,-0.0018808711339740602
RQ1 Direction,3,2025-11-20,0.0,0.5566065311431885,1.0,0.48874443918466565,0.0023859819759577405,0.004668590968980091
RQ1 Direction,3,2025-11-21,0.0,0.4658294916152954,0.0,0.48874443918466565,-0.0011370944300446162,-0.0007819362187130308
RQ1 Direction,3,2025-11-24,1.0,0.5865799188613892,1.0,0.48874443918466565,-0.00040297605277506143,-0.0014745040507861962
RQ1 Direction,3,2025-11-25,1.0,0.4990059435367584,1.0,0.48874443918466565,0.0012971572243503093,0.00014215251484084312
RQ1 Direction,3,2025-11-26,0.0,0.5652763247489929,1.0,0.48874443918466565,0.00014511681903939255,0.0006907809344463001
RQ1 Direction,3,2025-12-01,0.0,0.5506413578987122,1.0,0.48874443918466565,-0.00015843931407510947,-0.003960534949894123
RQ1 Direction,3,2025-12-02,0.0,0.5336936712265015,1.0,0.48874443918466565,0.0012813716387791718,0.0018432801595360537
RQ1 Direction,3,2025-12-03,0.0,0.5227071046829224,1.0,0.48874443918466565,0.00011517663576343651,0.0010565363702430552
RQ1 Direction,3,2025-12-04,1.0,0.5308772325515747,1.0,0.48874443918466565,-0.0003037636018184964,-0.0012634939254538846
RQ1 Direction,3,2025-12-05,0.0,0.523677408695221,1.0,0.48874443918466565,0.0006419363478624707,9.310973418608093e-05
RQ1 Direction,3,2025-12-08,1.0,0.5529669523239136,1.0,0.48874443918466565,-0.0004709330470683559,0.00028833628499924657
RQ1 Direction,3,2025-12-09,0.0,0.5681318640708923,1.0,0.48874443918466565,0.000410522824922932,-0.0006158821709408846
RQ1 Direction,3,2025-12-10,0.0,0.44390618801116943,0.0,0.48874443918466565,0.005142284458046875,0.007376022152921324
RQ1 Direction,3,2025-12-11,1.0,0.48600536584854126,0.0,0.48874443918466565,-0.00026080644249870666,0.0012973575409995775
RQ1 Direction,3,2025-12-12,0.0,0.4747670590877533,0.0,0.48874443918466565,0.00026068210842034034,-0.0008587031096169984
RQ1 Direction,3,2025-12-15,0.0,0.4471304714679718,0.0,0.48874443918466565,0.0016434866569428053,0.0008827031243585637
RQ1 Direction,3,2025-12-16,1.0,0.5208751559257507,1.0,0.48874443918466565,3.0935489193195664e-05,0.00012228000648240034
RQ1 Direction,3,2025-12-17,0.0,0.4826491177082062,0.0,0.48874443918466565,0.0006458049401851795,0.0009177377319404822
RQ1 Direction,3,2025-12-18,1.0,0.5279483795166016,1.0,0.48874443918466565,-0.0008343103870905866,-0.0037647342895592573
RQ1 Direction,3,2025-12-19,0.0,0.5147618651390076,1.0,0.48874443918466565,-0.00036271415491984094,0.0004757297328155108
RQ1 Direction,3,2025-12-29,0.0,0.5090512037277222,1.0,0.48874443918466565,0.0005675516805030423,0.0015942537298290205
RQ1 Direction,3,2025-12-31,0.0,0.486240029335022,0.0,0.48874443918466565,-0.0005907344895821343,-0.002403675081223966
RQ1 Direction,3,2026-01-02,1.0,0.5185892581939697,1.0,0.48874443918466565,-0.0006033551794545344,0.0038749703558178528
RQ1 Direction,3,2026-01-05,1.0,0.5048331022262573,1.0,0.48874443918466565,-4.490846640492485e-05,-0.0013137144262627132
RQ1 Direction,3,2026-01-07,0.0,0.5160208940505981,1.0,0.48874443918466565,-0.0002519736737905953,-0.0015544495939882053
RQ1 Direction,3,2026-01-08,1.0,0.5206155180931091,1.0,0.48874443918466565,0.00015478286278880482,-8.821925811941522e-05
RQ1 Direction,3,2026-01-09,0.0,0.5250827670097351,1.0,0.48874443918466565,8.460321807679527e-05,0.0004102440521784878
RQ1 Direction,3,2026-01-13,1.0,0.5336430668830872,1.0,0.48874443918466565,0.0,0.00011938083060281102
RQ1 Direction,3,2026-01-14,1.0,0.5742242932319641,1.0,0.48874443918466565,-0.0001940431644675833,-0.00013467974460090737
RQ1 Direction,3,2026-01-15,0.0,0.5005139708518982,1.0,0.48874443918466565,-0.0008823182841065647,-0.002776757848356848
RQ1 Direction,3,2026-01-16,0.0,0.49829795956611633,1.0,0.48874443918466565,-3.452676039716884e-05,0.00010359458833386626
RQ1 Direction,3,2026-01-20,0.0,0.5087334513664246,1.0,0.48874443918466565,0.0,-0.0013243652370277248
RQ1 Direction,3,2026-01-21,0.0,0.3894062042236328,0.0,0.48874443918466565,0.001640052667297054,0.010876453035294276
RQ1 Direction,3,2026-01-22,1.0,0.52756667137146,1.0,0.48874443918466565,-0.0014159312493136067,-0.0017764965177778924
RQ1 Direction,3,2026-01-23,0.0,0.5271525382995605,1.0,0.48874443918466565,9.540412319264391e-05,0.0008375754577372163
RQ1 Direction,3,2026-01-26,0.0,0.5127272605895996,1.0,0.48874443918466565,-0.00046967440217060563,-4.167091757922847e-05
RQ1 Direction,3,2026-01-28,1.0,0.429595023393631,0.0,0.48874443918466565,0.0002238060806392106,-0.00028678440122287263
RQ2 Magnitude,1,2023-10-17,32.002532958984375,11.84066390991211,11.84066390991211,,,
RQ2 Magnitude,1,2023-10-18,25.366683959960938,12.015287399291992,12.015287399291992,,,
RQ2 Magnitude,1,2023-10-19,10.112309455871582,11.621912002563477,11.621912002563477,,,
RQ2 Magnitude,1,2023-10-20,33.978450775146484,11.95676040649414,11.95676040649414,,,
RQ2 Magnitude,1,2023-10-23,50.0140380859375,11.879874229431152,11.879874229431152,,,
RQ2 Magnitude,1,2023-10-24,1.577602744102478,11.97330093383789,11.97330093383789,,,
RQ2 Magnitude,1,2023-10-25,3.1516366004943848,11.958647727966309,11.958647727966309,,,
RQ2 Magnitude,1,2023-10-26,72.50637817382812,12.04752254486084,12.04752254486084,,,
RQ2 Magnitude,1,2023-10-27,28.49072265625,11.953855514526367,11.953855514526367,,,
RQ2 Magnitude,1,2023-10-30,5.277411937713623,11.936478614807129,11.936478614807129,,,
RQ2 Magnitude,1,2023-10-31,3.530643939971924,11.914717674255371,11.914717674255371,,,
RQ2 Magnitude,1,2023-11-01,32.006893157958984,11.032173156738281,11.032173156738281,,,
RQ2 Magnitude,1,2023-11-02,10.339631080627441,11.861988067626953,11.861988067626953,,,
RQ2 Magnitude,1,2023-11-03,31.154714584350586,11.96945571899414,11.96945571899414,,,
RQ2 Magnitude,1,2023-11-06,12.61112117767334,12.016619682312012,12.016619682312012,,,
RQ2 Magnitude,1,2023-11-08,17.41571044921875,11.932577133178711,11.932577133178711,,,
RQ2 Magnitude,1,2023-11-09,0.5750192999839783,11.99143123626709,11.99143123626709,,,
RQ2 Magnitude,1,2023-11-10,24.01647186279297,11.925420761108398,11.925420761108398,,,
RQ2 Magnitude,1,2023-11-13,8.878742218017578,11.69572639465332,11.69572639465332,,,
RQ2 Magnitude,1,2023-11-14,14.99140453338623,11.85528564453125,11.85528564453125,,,
RQ2 Magnitude,1,2023-11-15,14.057774543762207,12.023467063903809,12.023467063903809,,,
RQ2 Magnitude,1,2023-11-16,14.438252449035645,11.970807075500488,11.970807075500488,,,
RQ2 Magnitude,1,2023-11-20,7.799266815185547,11.597225189208984,11.597225189208984,,,
RQ2 Magnitude,1,2023-11-22,3.886300563812256,11.90635871887207,11.90635871887207,,,
RQ2 Magnitude,1,2023-12-14,6.466851711273193,11.305752754211426,11.305752754211426,,,
RQ2 Magnitude,1,2023-12-21,48.341796875,12.06460952758789,12.06460952758789,,,
RQ2 Magnitude,1,2023-12-29,3.9379563331604004,12.123517036437988,12.123517036437988,,,
RQ2 Magnitude,1,2024-01-04,30.230106353759766,11.874319076538086,11.874319076538086,,,
RQ2 Magnitude,1,2024-01-05,24.63117218017578,11.953317642211914,11.953317642211914,,,
RQ2 Magnitude,1,2024-01-09,3.0497937202453613,11.94015884399414,11.94015884399414,,,
RQ2 Magnitude,1,2024-01-11,8.799247741699219,12.026664733886719,12.026664733886719,,,
RQ2 Magnitude,1,2024-01-12,8.327823638916016,11.915910720825195,11.915910720825195,,,
RQ2 Magnitude,1,2024-01-16,11.744709014892578,12.047672271728516,12.047672271728516,,,
RQ2 Magnitude,1,2024-01-17,17.184999465942383,12.03056526184082,12.03056526184082,,,
RQ2 Magnitude,1,2024-01-24,24.27840805053711,11.928658485412598,11.928658485412598,,,
RQ2 Magnitude,1,2024-01-26,10.622498512268066,11.985968589782715,11.985968589782715,,,
RQ2 Magnitude,1,2024-01-31,70.8799819946289,10.967166900634766,10.967166900634766,,,
RQ2 Magnitude,1,2024-02-01,12.408492088317871,11.948160171508789,11.948160171508789,,,
RQ2 Magnitude,1,2024-02-02,27.47551155090332,11.858356475830078,11.858356475830078,,,
RQ2 Magnitude,1,2024-02-07,5.802506446838379,11.798368453979492,11.798368453979492,,,
RQ2 Magnitude,1,2024-02-08,3.6624245643615723,11.908756256103516,11.908756256103516,,,
RQ2 Magnitude,1,2024-02-13,55.619834899902344,11.950271606445312,11.950271606445312,,,
RQ2 Magnitude,1,2024-02-14,38.08204650878906,12.008037567138672,12.008037567138672,,,
RQ2 Magnitude,1,2024-02-20,1.466829538345337,12.054128646850586,12.054128646850586,,,
RQ2 Magnitude,1,2024-02-21,53.27403259277344,11.885795593261719,11.885795593261719,,,
RQ2 Magnitude,1,2024-03-05,28.31462860107422,11.823080062866211,11.823080062866211,,,
RQ2 Magnitude,1,2024-03-06,12.236517906188965,11.833124160766602,11.833124160766602,,,
RQ2 Magnitude,1,2024-03-08,40.29076385498047,12.071575164794922,12.071575164794922,,,
RQ2 Magnitude,1,2024-03-14,14.580291748046875,11.969438552856445,11.969438552856445,,,
RQ2 Magnitude,1,2024-03-15,9.058855056762695,12.099849700927734,12.099849700927734,,,
RQ2 Magnitude,1,2024-03-18,17.29238510131836,11.905965805053711,11.905965805053711,,,
RQ2 Magnitude,1,2024-04-01,10.844392776489258,11.955455780029297,11.955455780029297,,,
RQ2 Magnitude,1,2024-04-02,17.800031661987305,12.02143669128418,12.02143669128418,,,
RQ2 Magnitude,1,2024-04-05,15.760274887084961,11.951489448547363,11.951489448547363,,,
RQ2 Magnitude,1,2024-04-08,13.58742618560791,11.935879707336426,11.935879707336426,,,
RQ2 Magnitude,1,2024-04-09,53.39235305786133,11.946739196777344,11.946739196777344,,,
RQ2 Magnitude,1,2024-04-10,31.066225051879883,11.821614265441895,11.821614265441895,,,
RQ2 Magnitude,1,2024-04-11,12.354455947875977,11.729793548583984,11.729793548583984,,,
RQ2 Magnitude,1,2024-04-12,21.515472412109375,11.798739433288574,11.798739433288574,,,
RQ2 Magnitude,1,2024-04-15,11.918715476989746,11.983177185058594,11.983177185058594,,,
RQ2 Magnitude,1,2024-04-16,44.92074203491211,11.879647254943848,11.879647254943848,,,
RQ2 Magnitude,1,2024-04-17,20.569303512573242,11.684233665466309,11.684233665466309,,,
RQ2 Magnitude,1,2024-04-18,9.549667358398438,11.868085861206055,11.868085861206055,,,
RQ2 Magnitude,1,2024-04-19,6.809271812438965,11.999869346618652,11.999869346618652,,,
RQ2 Magnitude,1,2024-04-22,33.92634963989258,11.825206756591797,11.825206756591797,,,
RQ2 Magnitude,1,2024-04-23,6.820596694946289,11.883682250976562,11.883682250976562,,,
RQ2 Magnitude,1,2024-04-24,24.051193237304688,11.826074600219727,11.826074600219727,,,
RQ2 Magnitude,1,2024-04-25,18.750446319580078,11.958369255065918,11.958369255065918,,,
RQ2 Magnitude,1,2024-04-26,21.059017181396484,11.90286636352539,11.90286636352539,,,
RQ2 Magnitude,1,2024-04-29,11.680985450744629,11.777420043945312,11.777420043945312,,,
RQ2 Magnitude,1,2024-04-30,52.736053466796875,11.989522933959961,11.989522933959961,,,
RQ2 Magnitude,1,2024-05-01,136.17491149902344,9.576011657714844,9.576011657714844,,,
RQ2 Magnitude,1,2024-05-02,7.3977484703063965,11.850828170776367,11.850828170776367,,,
RQ2 Magnitude,1,2024-05-23,17.398149490356445,11.67038345336914,11.67038345336914,,,
RQ2 Magnitude,1,2024-05-24,7.678332805633545,8.372825622558594,8.372825622558594,,,
RQ2 Magnitude,1,2024-05-28,28.9126033782959,11.476378440856934,11.476378440856934,,,
RQ2 Magnitude,1,2024-05-29,9.448352813720703,11.612789154052734,11.612789154052734,,,
RQ2 Magnitude,1,2024-05-30,24.461755752563477,11.573726654052734,11.573726654052734,,,
RQ2 Magnitude,1,2024-05-31,110.71983337402344,11.959197998046875,11.959197998046875,,,
RQ2 Magnitude,1,2024-06-03,33.941444396972656,11.948526382446289,11.948526382446289,,,
RQ2 Magnitude,1,2024-06-04,1.3417872190475464,0.3334210216999054,0.3334210216999054,,,
RQ2 Magnitude,1,2024-06-06,1.6629235744476318,3.714667797088623,3.714667797088623,,,
RQ2 Magnitude,1,2024-06-07,20.886646270751953,6.925845623016357,6.925845623016357,,,
RQ2 Magnitude,1,2024-06-10,7.934418678283691,0.0,0.0,,,
RQ2 Magnitude,1,2024-06-12,19.514925003051758,11.689714431762695,11.689714431762695,,,
RQ2 Magnitude,1,2024-06-13,2.44868803024292,11.452224731445312,11.452224731445312,,,
RQ2 Magnitude,1,2024-06-14,11.942785263061523,5.243076801300049,5.243076801300049,,,
RQ2 Magnitude,1,2024-06-20,5.880548000335693,11.776471138000488,11.776471138000488,,,
RQ2 Magnitude,1,2024-06-21,7.064692974090576,11.909517288208008,11.909517288208008,,,
RQ2 Magnitude,1,2024-06-24,26.37580680847168,11.717734336853027,11.717734336853027,,,
RQ2 Magnitude,1,2024-06-25,8.23280143737793,7.93784761428833,7.93784761428833,,,
RQ2 Magnitude,1,2024-06-26,21.896448135375977,1.3224942684173584,1.3224942684173584,,,
RQ2 Magnitude,1,2024-06-27,13.041191101074219,6.716817378997803,6.716817378997803,,,
RQ2 Magnitude,1,2024-06-28,22.60793685913086,11.878401756286621,11.878401756286621,,,
RQ2 Magnitude,1,2024-07-01,11.118385314941406,8.623541831970215,8.623541831970215,,,
RQ2 Magnitude,1,2024-07-05,5.08639669418335,1.8857507705688477,1.8857507705688477,,,
RQ2 Magnitude,1,2024-07-11,7.924951076507568,11.861581802368164,11.861581802368164,,,
RQ2 Magnitude,1,2024-07-17,8.224875450134277,11.873591423034668,11.873591423034668,,,
RQ2 Magnitude,1,2024-07-18,5.810145378112793,11.833730697631836,11.833730697631836,,,
RQ2 Magnitude,1,2024-07-19,5.300754070281982,12.006030082702637,12.006030082702637,,,
RQ2 Magnitude,1,2024-07-22,4.437314510345459,10.887542724609375,10.887542724609375,,,
RQ2 Magnitude,1,2024-07-23,22.39285659790039,1.5633561611175537,1.5633561611175537,,,
RQ2 Magnitude,1,2024-07-24,24.312658309936523,11.875686645507812,11.875686645507812,,,
RQ2 Magnitude,1,2024-07-25,48.547088623046875,11.738304138183594,11.738304138183594,,,
RQ2 Magnitude,1,2024-07-26,11.681343078613281,11.705598831176758,11.705598831176758,,,
RQ2 Magnitude,1,2024-07-29,8.010153770446777,10.511136054992676,10.511136054992676,,,
RQ2 Magnitude,1,2024-07-30,9.152146339416504,11.894604682922363,11.894604682922363,,,
RQ2 Magnitude,1,2024-07-31,48.39756393432617,11.500263214111328,11.500263214111328,,,
RQ2 Magnitude,1,2024-08-01,58.0388298034668,11.70014476776123,11.70014476776123,,,
RQ2 Magnitude,1,2024-08-02,37.800048828125,11.68878173828125,11.68878173828125,,,
RQ2 Magnitude,1,2024-08-05,31.65095329284668,11.133160591125488,11.133160591125488,,,
RQ2 Magnitude,1,2024-08-06,101.86705780029297,10.232314109802246,10.232314109802246,,,
RQ2 Magnitude,1,2024-08-07,15.261577606201172,11.368289947509766,11.368289947509766,,,
RQ2 Magnitude,1,2024-08-08,3.5360212326049805,11.463754653930664,11.463754653930664,,,
RQ2 Magnitude,1,2024-08-09,10.340080261230469,11.721023559570312,11.721023559570312,,,
RQ2 Magnitude,1,2024-08-12,1.7022294998168945,11.838294982910156,11.838294982910156,,,
RQ2 Magnitude,1,2024-08-13,10.610861778259277,11.585409164428711,11.585409164428711,,,
RQ2 Magnitude,1,2024-08-14,6.230917930603027,10.333793640136719,10.333793640136719,,,
RQ2 Magnitude,1,2024-08-15,0.9382284879684448,11.80213737487793,11.80213737487793,,,
RQ2 Magnitude,1,2024-08-16,7.8437299728393555,11.758254051208496,11.758254051208496,,,
RQ2 Magnitude,1,2024-08-20,11.458495140075684,8.29898738861084,8.29898738861084,,,
RQ2 Magnitude,1,2024-08-21,2.829770565032959,8.531850814819336,8.531850814819336,,,
RQ2 Magnitude,1,2024-08-23,26.073833465576172,11.874689102172852,11.874689102172852,,,
RQ2 Magnitude,1,2024-08-26,1.9575426578521729,11.763066291809082,11.763066291809082,,,
RQ2 Magnitude,1,2024-08-27,0.4443148970603943,0.5519916415214539,0.5519916415214539,,,
RQ2 Magnitude,1,2024-08-28,1.9674195051193237,11.33739185333252,11.33739185333252,,,
RQ2 Magnitude,1,2024-08-29,4.611144542694092,10.788688659667969,10.788688659667969,,,
RQ2 Magnitude,1,2024-08-30,55.074493408203125,11.822854042053223,11.822854042053223,,,
RQ2 Magnitude,1,2024-09-03,10.569182395935059,11.623542785644531,11.623542785644531,,,
RQ2 Magnitude,1,2024-09-04,17.915422439575195,11.597408294677734,11.597408294677734,,,
RQ2 Magnitude,1,2024-09-05,12.993894577026367,11.631799697875977,11.631799697875977,,,
RQ2 Magnitude,1,2024-09-06,4.988590717315674,11.826713562011719,11.826713562011719,,,
RQ2 Magnitude,1,2024-09-09,23.634382247924805,11.702522277832031,11.702522277832031,,,
RQ2 Magnitude,1,2024-09-10,11.003464698791504,11.76412582397461,11.76412582397461,,,
RQ2 Magnitude,1,2024-09-11,49.9982795715332,11.82186222076416,11.82186222076416,,,
RQ2 Magnitude,1,2024-09-12,5.845841407775879,11.200813293457031,11.200813293457031,,,
RQ2 Magnitude,1,2024-09-13,8.539815902709961,11.632939338684082,11.632939338684082,,,
RQ2 Magnitude,1,2024-09-16,3.267033815383911,9.642654418945312,9.642654418945312,,,
RQ2 Magnitude,1,2024-09-17,18.452152252197266,11.81010627746582,11.81010627746582,,,
RQ2 Magnitude,1,2024-09-18,46.64122772216797,9.182527542114258,9.182527542114258,,,
RQ2 Magnitude,1,2024-09-19,19.478160858154297,12.002245903015137,12.002245903015137,,,
RQ2 Magnitude,1,2024-09-20,8.424437522888184,12.010866165161133,12.010866165161133,,,
RQ2 Magnitude,1,2024-09-23,1.4517011642456055,1.804722785949707,1.804722785949707,,,
RQ2 Magnitude,2,2024-09-24,13.025880813598633,10.080541610717773,10.080541610717773,,,
RQ2 Magnitude,2,2024-09-25,0.3669570982456207,10.08946704864502,10.08946704864502,,,
RQ2 Magnitude,2,2024-09-26,0.1740819811820984,10.119744300842285,10.119744300842285,,,
RQ2 Magnitude,2,2024-09-27,11.473140716552734,10.1946382522583,10.1946382522583,,,
RQ2 Magnitude,2,2024-09-30,58.824249267578125,10.103222846984863,10.103222846984863,,,
RQ2 Magnitude,2,2024-10-01,29.970500946044922,10.318004608154297,10.318004608154297,,,
RQ2 Magnitude,2,2024-10-02,1.4886034727096558,10.108536720275879,10.108536720275879,,,
RQ2 Magnitude,2,2024-10-03,17.648433685302734,10.063881874084473,10.063881874084473,,,
RQ2 Magnitude,2,2024-10-04,25.99952507019043,10.10848331451416,10.10848331451416,,,
RQ2 Magnitude,2,2024-10-07,15.683819770812988,10.017447471618652,10.017447471618652,,,
RQ2 Magnitude,2,2024-10-08,5.480605602264404,9.963068008422852,9.963068008422852,,,
RQ2 Magnitude,2,2024-10-09,17.364383697509766,9.938377380371094,9.938377380371094,,,
RQ2 Magnitude,2,2024-10-10,14.119595527648926,10.15192699432373,10.15192699432373,,,
RQ2 Magnitude,2,2024-10-11,2.1663742065429688,10.038066864013672,10.038066864013672,,,
RQ2 Magnitude,2,2024-10-15,2.388619899749756,10.137513160705566,10.137513160705566,,,
RQ2 Magnitude,2,2024-10-16,0.4963526725769043,10.01281452178955,10.01281452178955,,,
RQ2 Magnitude,2,2024-10-17,17.993818283081055,10.116201400756836,10.116201400756836,,,
RQ2 Magnitude,2,2024-10-18,5.061789512634277,9.955976486206055,9.955976486206055,,,
RQ2 Magnitude,2,2024-10-21,21.567291259765625,10.081220626831055,10.081220626831055,,,
RQ2 Magnitude,2,2024-10-23,13.714127540588379,10.268157005310059,10.268157005310059,,,
RQ2 Magnitude,2,2024-10-24,4.7188334465026855,9.98496150970459,9.98496150970459,,,
RQ2 Magnitude,2,2024-10-25,21.57868003845215,10.184635162353516,10.184635162353516,,,
RQ2 Magnitude,2,2024-10-28,9.673768043518066,9.887068748474121,9.887068748474121,,,
RQ2 Magnitude,2,2024-10-29,12.97420883178711,9.933632850646973,9.933632850646973,,,
RQ2 Magnitude,2,2024-10-30,22.315916061401367,9.965813636779785,9.965813636779785,,,
RQ2 Magnitude,2,2024-10-31,35.67622375488281,10.249235153198242,10.249235153198242,,,
RQ2 Magnitude,2,2024-11-01,18.730897903442383,10.015969276428223,10.015969276428223,,,
RQ2 Magnitude,2,2024-11-04,14.627676010131836,9.978035926818848,9.978035926818848,,,
RQ2 Magnitude,2,2024-11-05,27.761112213134766,10.07939338684082,10.07939338684082,,,
RQ2 Magnitude,2,2024-11-06,8.79682731628418,10.161585807800293,10.161585807800293,,,
RQ2 Magnitude,2,2024-11-07,6.842657566070557,10.2744779586792,10.2744779586792,,,
RQ2 Magnitude,2,2024-11-12,20.09596061706543,10.079852104187012,10.079852104187012,,,
RQ2 Magnitude,2,2024-11-14,29.99505615234375,10.066191673278809,10.066191673278809,,,
RQ2 Magnitude,2,2024-11-15,11.273822784423828,10.263684272766113,10.263684272766113,,,
RQ2 Magnitude,2,2024-11-18,0.23752525448799133,9.979464530944824,9.979464530944824,,,
RQ2 Magnitude,2,2024-11-19,9.81379222869873,10.082642555236816,10.082642555236816,,,
RQ2 Magnitude,2,2024-11-20,48.94692611694336,10.166987419128418,10.166987419128418,,,
RQ2 Magnitude,2,2024-11-21,15.542806625366211,10.168177604675293,10.168177604675293,,,
RQ2 Magnitude,2,2024-11-22,3.7210612297058105,9.969027519226074,9.969027519226074,,,
RQ2 Magnitude,2,2024-11-25,7.588661193847656,10.091711044311523,10.091711044311523,,,
RQ2 Magnitude,2,2024-11-27,0.1166929230093956,9.99593734741211,9.99593734741211,,,
RQ2 Magnitude,2,2024-12-03,1.8509979248046875,9.910693168640137,9.910693168640137,,,
RQ2 Magnitude,2,2024-12-05,10.078788757324219,9.808991432189941,9.808991432189941,,,
RQ2 Magnitude,2,2024-12-06,9.09056568145752,9.851404190063477,9.851404190063477,,,
RQ2 Magnitude,2,2024-12-09,6.140336513519287,9.971403121948242,9.971403121948242,,,
RQ2 Magnitude,2,2024-12-12,12.839385986328125,9.851704597473145,9.851704597473145,,,
RQ2 Magnitude,2,2024-12-13,1.0743482112884521,10.04020881652832,10.04020881652832,,,
RQ2 Magnitude,2,2024-12-17,16.737855911254883,10.121953010559082,10.121953010559082,,,
RQ2 Magnitude,2,2024-12-18,168.135498046875,9.539441108703613,9.539441108703613,,,
RQ2 Magnitude,2,2024-12-19,35.28208541870117,10.186967849731445,10.186967849731445,,,
RQ2 Magnitude,2,2024-12-20,29.82917594909668,10.13443660736084,10.13443660736084,,,
RQ2 Magnitude,2,2024-12-23,28.175872802734375,10.056781768798828,10.056781768798828,,,
RQ2 Magnitude,2,2024-12-26,8.854039192199707,9.92621898651123,9.92621898651123,,,
RQ2 Magnitude,2,2024-12-27,6.960700511932373,10.243592262268066,10.243592262268066,,,
RQ2 Magnitude,2,2024-12-30,42.846187591552734,10.152266502380371,10.152266502380371,,,
RQ2 Magnitude,2,2024-12-31,3.9583170413970947,10.309085845947266,10.309085845947266,,,
RQ2 Magnitude,2,2025-01-02,40.9759635925293,9.939753532409668,9.939753532409668,,,
RQ2 Magnitude,2,2025-01-03,3.9365973472595215,10.020731925964355,10.020731925964355,,,
RQ2 Magnitude,2,2025-01-06,15.836971282958984,10.11397647857666,10.11397647857666,,,
RQ2 Magnitude,2,2025-01-07,23.533462524414062,10.160684585571289,10.160684585571289,,,
RQ2 Magnitude,2,2025-01-08,15.14997673034668,10.243385314941406,10.243385314941406,,,
RQ2 Magnitude,2,2025-01-10,27.675703048706055,10.27966022491455,10.27966022491455,,,
RQ2 Magnitude,2,2025-01-13,16.751482009887695,10.156424522399902,10.156424522399902,,,
RQ2 Magnitude,2,2025-01-14,27.749462127685547,10.034453392028809,10.034453392028809,,,
RQ2 Magnitude,2,2025-01-15,9.908106803894043,10.111899375915527,10.111899375915527,,,
RQ2 Magnitude,2,2025-01-16,22.233015060424805,10.172565460205078,10.172565460205078,,,
RQ2 Magnitude,2,2025-01-17,10.477465629577637,10.111254692077637,10.111254692077637,,,
RQ2 Magnitude,2,2025-01-21,9.845646858215332,10.060133934020996,10.060133934020996,,,
RQ2 Magnitude,2,2025-01-22,18.812129974365234,10.063477516174316,10.063477516174316,,,
RQ2 Magnitude,2,2025-01-24,10.862787246704102,9.99950122833252,9.99950122833252,,,
RQ2 Magnitude,2,2025-01-27,40.67436599731445,10.266214370727539,10.266214370727539,,,
RQ2 Magnitude,2,2025-01-28,8.958566665649414,10.050321578979492,10.050321578979492,,,
RQ2 Magnitude,2,2025-01-29,7.677911758422852,10.140997886657715,10.140997886657715,,,
RQ2 Magnitude,2,2025-01-30,12.785009384155273,10.063385963439941,10.063385963439941,,,
RQ2 Magnitude,2,2025-01-31,27.83588409423828,10.26077938079834,10.26077938079834,,,
RQ2 Magnitude,2,2025-02-03,35.32053756713867,10.17093276977539,10.17093276977539,,,
RQ2 Magnitude,2,2025-02-04,4.789375305175781,9.946088790893555,9.946088790893555,,,
RQ2 Magnitude,2,2025-02-05,20.232576370239258,9.900900840759277,9.900900840759277,,,
RQ2 Magnitude,2,2025-02-06,43.573238372802734,10.076939582824707,10.076939582824707,,,
RQ2 Magnitude,2,2025-02-07,7.5284223556518555,10.195621490478516,10.195621490478516,,,
RQ2 Magnitude,2,2025-02-10,1.7963825464248657,9.901251792907715,9.901251792907715,,,
RQ2 Magnitude,2,2025-02-12,8.124268531799316,10.120864868164062,10.120864868164062,,,
RQ2 Magnitude,2,2025-02-13,14.739745140075684,10.049295425415039,10.049295425415039,,,
RQ2 Magnitude,2,2025-02-18,24.827409744262695,9.994674682617188,9.994674682617188,,,
RQ2 Magnitude,2,2025-02-19,4.181227684020996,9.91004467010498,9.91004467010498,,,
RQ2 Magnitude,2,2025-02-20,7.606291770935059,10.103459358215332,10.103459358215332,,,
RQ2 Magnitude,2,2025-02-21,1.7457780838012695,10.266834259033203,10.266834259033203,,,
RQ2 Magnitude,2,2025-02-24,45.031333923339844,10.153950691223145,10.153950691223145,,,
RQ2 Magnitude,2,2025-02-25,16.075742721557617,10.319771766662598,10.319771766662598,,,
RQ2 Magnitude,2,2025-02-26,28.026622772216797,10.026413917541504,10.026413917541504,,,
RQ2 Magnitude,2,2025-02-27,74.05363464355469,10.248623847961426,10.248623847961426,,,
RQ2 Magnitude,2,2025-02-28,101.55807495117188,10.331181526184082,10.331181526184082,,,
RQ2 Magnitude,2,2025-03-03,35.82880401611328,10.178589820861816,10.178589820861816,,,
RQ2 Magnitude,2,2025-03-04,108.5629653930664,10.342299461364746,10.342299461364746,,,
RQ2 Magnitude,2,2025-03-05,2.8925280570983887,10.085999488830566,10.085999488830566,,,
RQ2 Magnitude,2,2025-03-06,30.11574363708496,9.373922348022461,9.373922348022461,,,
RQ2 Magnitude,2,2025-03-07,12.808564186096191,10.23812198638916,10.23812198638916,,,
RQ2 Magnitude,2,2025-03-10,61.89453887939453,10.056264877319336,10.056264877319336,,,
RQ2 Magnitude,2,2025-03-11,91.9886474609375,10.179007530212402,10.179007530212402,,,
RQ2 Magnitude,2,2025-03-12,39.90599060058594,10.277571678161621,10.277571678161621,,,
RQ2 Magnitude,2,2025-03-13,45.48576736450195,10.348441123962402,10.348441123962402,,,
RQ2 Magnitude,2,2025-03-14,21.993104934692383,10.181363105773926,10.181363105773926,,,
RQ2 Magnitude,2,2025-03-17,39.482967376708984,10.042803764343262,10.042803764343262,,,
RQ2 Magnitude,2,2025-03-18,9.233955383300781,10.253263473510742,10.253263473510742,,,
RQ2 Magnitude,2,2025-03-19,24.116716384887695,10.154383659362793,10.154383659362793,,,
RQ2 Magnitude,2,2025-03-20,21.096784591674805,10.008894920349121,10.008894920349121,,,
RQ2 Magnitude,2,2025-03-21,33.21576690673828,10.16408634185791,10.16408634185791,,,
RQ2 Magnitude,2,2025-03-24,11.374292373657227,10.201655387878418,10.201655387878418,,,
RQ2 Magnitude,2,2025-03-25,25.615795135498047,10.119216918945312,10.119216918945312,,,
RQ2 Magnitude,2,2025-03-26,27.332380294799805,10.162036895751953,10.162036895751953,,,
RQ2 Magnitude,2,2025-03-27,10.283913612365723,9.964598655700684,9.964598655700684,,,
RQ2 Magnitude,2,2025-03-28,6.482923984527588,10.284950256347656,10.284950256347656,,,
RQ2 Magnitude,2,2025-03-31,45.974952697753906,10.001627922058105,10.001627922058105,,,
RQ2 Magnitude,2,2025-04-01,62.30752182006836,10.353766441345215,10.353766441345215,,,
RQ2 Magnitude,2,2025-04-02,63.81694412231445,9.809797286987305,9.809797286987305,,,
RQ2 Magnitude,2,2025-04-03,81.71947479248047,10.383088111877441,10.383088111877441,,,
RQ2 Magnitude,2,2025-04-04,40.835548400878906,8.53697395324707,8.53697395324707,,,
RQ2 Magnitude,2,2025-04-07,20.77486801147461,4.494814395904541,4.494814395904541,,,
RQ2 Magnitude,2,2025-04-08,99.232666015625,6.7070183753967285,6.7070183753967285,,,
RQ2 Magnitude,2,2025-04-09,231.13662719726562,3.463538646697998,3.463538646697998,,,
RQ2 Magnitude,2,2025-04-10,21.932815551757812,8.79682445526123,8.79682445526123,,,
RQ2 Magnitude,2,2025-04-11,39.54996871948242,7.7873663902282715,7.7873663902282715,,,
RQ2 Magnitude,2,2025-04-14,36.56873321533203,10.1632661819458,10.1632661819458,,,
RQ2 Magnitude,2,2025-04-15,15.079049110412598,10.146693229675293,10.146693229675293,,,
RQ2 Magnitude,2,2025-04-16,59.388648986816406,10.113015174865723,10.113015174865723,,,
RQ2 Magnitude,2,2025-04-17,36.52738952636719,10.02956485748291,10.02956485748291,,,
RQ2 Magnitude,2,2025-04-21,104.51644134521484,6.763229846954346,6.763229846954346,,,
RQ2 Magnitude,2,2025-04-22,4.598458290100098,10.009636878967285,10.009636878967285,,,
RQ2 Magnitude,2,2025-04-23,15.25843620300293,10.139869689941406,10.139869689941406,,,
RQ2 Magnitude,2,2025-04-24,9.61973762512207,9.877074241638184,9.877074241638184,,,
RQ2 Magnitude,2,2025-04-25,12.87066650390625,10.090689659118652,10.090689659118652,,,
RQ2 Magnitude,2,2025-04-28,42.924537658691406,10.111474990844727,10.111474990844727,,,
RQ2 Magnitude,2,2025-04-29,0.7552978992462158,10.043654441833496,10.043654441833496,,,
RQ2 Magnitude,2,2025-04-30,84.31770324707031,10.145289421081543,10.145289421081543,,,
RQ2 Magnitude,2,2025-05-01,57.32428741455078,10.154650688171387,10.154650688171387,,,
RQ2 Magnitude,2,2025-05-02,4.20173978805542,10.181689262390137,10.181689262390137,,,
RQ2 Magnitude,2,2025-05-05,41.990966796875,10.00420093536377,10.00420093536377,,,
RQ2 Magnitude,2,2025-05-06,38.89889144897461,10.241866111755371,10.241866111755371,,,
RQ2 Magnitude,2,2025-05-07,7.572673797607422,10.122391700744629,10.122391700744629,,,
RQ2 Magnitude,2,2025-05-08,64.5364990234375,10.130030632019043,10.130030632019043,,,
RQ2 Magnitude,2,2025-05-09,9.039116859436035,10.014060020446777,10.014060020446777,,,
RQ2 Magnitude,2,2025-05-12,23.272125244140625,10.222969055175781,10.222969055175781,,,
RQ2 Magnitude,2,2025-05-14,0.23762443661689758,10.252669334411621,10.252669334411621,,,
RQ2 Magnitude,3,2025-05-15,9.692626953125,21.554189682006836,21.554189682006836,,,
RQ2 Magnitude,3,2025-05-16,14.403773307800293,14.26450252532959,14.26450252532959,,,
RQ2 Magnitude,3,2025-05-19,12.32201099395752,16.056604385375977,16.056604385375977,,,
RQ2 Magnitude,3,2025-05-21,14.693897247314453,24.750253677368164,24.750253677368164,,,
RQ2 Magnitude,3,2025-05-22,50.16651153564453,14.720345497131348,14.720345497131348,,,
RQ2 Magnitude,3,2025-05-23,25.45124053955078,22.841279983520508,22.841279983520508,,,
RQ2 Magnitude,3,2025-05-27,9.145063400268555,16.464597702026367,16.464597702026367,,,
RQ2 Magnitude,3,2025-05-28,33.708892822265625,16.5657901763916,16.5657901763916,,,
RQ2 Magnitude,3,2025-05-29,21.510406494140625,20.7330265045166,20.7330265045166,,,
RQ2 Magnitude,3,2025-05-30,15.15737247467041,12.576214790344238,12.576214790344238,,,
RQ2 Magnitude,3,2025-06-02,14.184540748596191,11.704754829406738,11.704754829406738,,,
RQ2 Magnitude,3,2025-06-03,5.423710823059082,14.780440330505371,14.780440330505371,,,
RQ2 Magnitude,3,2025-06-04,15.801063537597656,12.78870964050293,12.78870964050293,,,
RQ2 Magnitude,3,2025-06-05,38.02191925048828,20.33228874206543,20.33228874206543,,,
RQ2 Magnitude,3,2025-06-06,12.019551277160645,15.315447807312012,15.315447807312012,,,
RQ2 Magnitude,3,2025-06-10,10.707117080688477,13.422015190124512,13.422015190124512,,,
RQ2 Magnitude,3,2025-06-11,11.31810188293457,25.282094955444336,25.282094955444336,,,
RQ2 Magnitude,3,2025-06-12,4.633920192718506,10.460469245910645,10.460469245910645,,,
RQ2 Magnitude,3,2025-06-13,3.0103960037231445,16.30571174621582,16.30571174621582,,,
RQ2 Magnitude,3,2025-06-16,2.32096266746521,13.786603927612305,13.786603927612305,,,
RQ2 Magnitude,3,2025-06-17,9.435995101928711,10.055451393127441,10.055451393127441,,,
RQ2 Magnitude,3,2025-06-18,2.876922845840454,26.39118766784668,26.39118766784668,,,
RQ2 Magnitude,3,2025-06-20,14.951094627380371,23.433130264282227,23.433130264282227,,,
RQ2 Magnitude,3,2025-06-23,27.245281219482422,15.498080253601074,15.498080253601074,,,
RQ2 Magnitude,3,2025-06-24,5.707949638366699,7.746909141540527,7.746909141540527,,,
RQ2 Magnitude,3,2025-06-25,9.95433521270752,10.887551307678223,10.887551307678223,,,
RQ2 Magnitude,3,2025-06-27,59.53933334350586,22.436176300048828,22.436176300048828,,,
RQ2 Magnitude,3,2025-06-30,20.43057632446289,10.490998268127441,10.490998268127441,,,
RQ2 Magnitude,3,2025-07-01,7.948395252227783,13.055258750915527,13.055258750915527,,,
RQ2 Magnitude,3,2025-07-02,9.933950424194336,7.704934597015381,7.704934597015381,,,
RQ2 Magnitude,3,2025-07-07,11.2633056640625,9.978604316711426,9.978604316711426,,,
RQ2 Magnitude,3,2025-07-08,2.697859048843384,13.8999662399292,13.8999662399292,,,
RQ2 Magnitude,3,2025-07-09,9.878374099731445,8.841418266296387,8.841418266296387,,,
RQ2 Magnitude,3,2025-07-11,10.183998107910156,9.081997871398926,9.081997871398926,,,
RQ2 Magnitude,3,2025-07-15,17.045745849609375,23.74085807800293,23.74085807800293,,,
RQ2 Magnitude,3,2025-07-16,0.41508084535598755,6.4296064376831055,6.4296064376831055,,,
RQ2 Magnitude,3,2025-07-18,7.024503231048584,11.87092113494873,11.87092113494873,,,
RQ2 Magnitude,3,2025-07-22,8.029520988464355,7.058788299560547,7.058788299560547,,,
RQ2 Magnitude,3,2025-07-23,10.719176292419434,6.705846786499023,6.705846786499023,,,
RQ2 Magnitude,3,2025-07-25,3.6608660221099854,7.44970703125,7.44970703125,,,
RQ2 Magnitude,3,2025-07-28,14.199469566345215,15.763976097106934,15.763976097106934,,,
RQ2 Magnitude,3,2025-07-29,3.0751900672912598,11.709994316101074,11.709994316101074,,,
RQ2 Magnitude,3,2025-07-30,26.227989196777344,27.12447738647461,27.12447738647461,,,
RQ2 Magnitude,3,2025-07-31,30.96880531311035,19.756946563720703,19.756946563720703,,,
RQ2 Magnitude,3,2025-08-01,6.256617546081543,20.573305130004883,20.573305130004883,,,
RQ2 Magnitude,3,2025-08-04,19.074031829833984,14.766935348510742,14.766935348510742,,,
RQ2 Magnitude,3,2025-08-05,6.583811283111572,15.493266105651855,15.493266105651855,,,
RQ2 Magnitude,3,2025-08-06,0.6146407127380371,12.444668769836426,12.444668769836426,,,
RQ2 Magnitude,3,2025-08-07,26.152099609375,13.51014232635498,13.51014232635498,,,
RQ2 Magnitude,3,2025-08-08,0.9857890009880066,10.18497371673584,10.18497371673584,,,
RQ2 Magnitude,3,2025-08-11,13.80163860321045,15.754169464111328,15.754169464111328,,,
RQ2 Magnitude,3,2025-08-12,10.561466217041016,9.06084156036377,9.06084156036377,,,
RQ2 Magnitude,3,2025-08-13,13.549002647399902,14.195449829101562,14.195449829101562,,,
RQ2 Magnitude,3,2025-08-14,6.823044776916504,11.0785493850708,11.0785493850708,,,
RQ2 Magnitude,3,2025-08-18,0.465149462223053,6.003697395324707,6.003697395324707,,,
RQ2 Magnitude,3,2025-08-19,8.55405330657959,13.187935829162598,13.187935829162598,,,
RQ2 Magnitude,3,2025-08-20,20.558591842651367,19.11224937438965,19.11224937438965,,,
RQ2 Magnitude,3,2025-08-21,8.219066619873047,12.974288940429688,12.974288940429688,,,
RQ2 Magnitude,3,2025-08-22,3.741051197052002,12.855023384094238,12.855023384094238,,,
RQ2 Magnitude,3,2025-08-25,22.420482635498047,8.735926628112793,8.735926628112793,,,
RQ2 Magnitude,3,2025-08-26,20.612485885620117,5.475935935974121,5.475935935974121,,,
RQ2 Magnitude,3,2025-08-29,6.596919059753418,11.380025863647461,11.380025863647461,,,
RQ2 Magnitude,3,2025-09-02,35.59025192260742,24.272905349731445,24.272905349731445,,,
RQ2 Magnitude,3,2025-09-03,42.94232177734375,17.51862144470215,17.51862144470215,,,
RQ2 Magnitude,3,2025-09-05,12.913590431213379,10.970906257629395,10.970906257629395,,,
RQ2 Magnitude,3,2025-09-09,5.761563301086426,6.96505880355835,6.96505880355835,,,
RQ2 Magnitude,3,2025-09-10,3.338581085205078,13.06269359588623,13.06269359588623,,,
RQ2 Magnitude,3,2025-09-11,2.8854331970214844,5.942960739135742,5.942960739135742,,,
RQ2 Magnitude,3,2025-09-15,12.015684127807617,12.679949760437012,12.679949760437012,,,
RQ2 Magnitude,3,2025-09-17,24.374168395996094,16.930849075317383,16.930849075317383,,,
RQ2 Magnitude,3,2025-09-18,14.832058906555176,12.336508750915527,12.336508750915527,,,
RQ2 Magnitude,3,2025-09-23,16.639009475708008,17.988733291625977,17.988733291625977,,,
RQ2 Magnitude,3,2025-09-24,0.5574765801429749,11.245753288269043,11.245753288269043,,,
RQ2 Magnitude,3,2025-09-25,0.7116177082061768,17.447492599487305,17.447492599487305,,,
RQ2 Magnitude,3,2025-09-26,1.2792747020721436,8.710843086242676,8.710843086242676,,,
RQ2 Magnitude,3,2025-09-29,4.535426616668701,9.161876678466797,9.161876678466797,,,
RQ2 Magnitude,3,2025-09-30,26.809892654418945,8.9520902633667,8.9520902633667,,,
RQ2 Magnitude,3,2025-10-02,5.238625526428223,8.155875205993652,8.155875205993652,,,
RQ2 Magnitude,3,2025-10-03,10.367657661437988,15.260846138000488,15.260846138000488,,,
RQ2 Magnitude,3,2025-10-07,0.10425432026386261,11.005378723144531,11.005378723144531,,,
RQ2 Magnitude,3,2025-10-09,17.536500930786133,12.006386756896973,12.006386756896973,,,
RQ2 Magnitude,3,2025-10-10,63.219444274902344,14.024667739868164,14.024667739868164,,,
RQ2 Magnitude,3,2025-10-13,15.759907722473145,23.449214935302734,23.449214935302734,,,
RQ2 Magnitude,3,2025-10-14,41.51921463012695,18.89546012878418,18.89546012878418,,,
RQ2 Magnitude,3,2025-10-15,12.320857048034668,12.307888984680176,12.307888984680176,,,
RQ2 Magnitude,3,2025-10-16,3.1538076400756836,17.62357521057129,17.62357521057129,,,
RQ2 Magnitude,3,2025-10-17,4.185606956481934,17.567066192626953,17.567066192626953,,,
RQ2 Magnitude,3,2025-10-21,11.346091270446777,14.246689796447754,14.246689796447754,,,
RQ2 Magnitude,3,2025-10-23,14.6560640335083,8.3785982131958,8.3785982131958,,,
RQ2 Magnitude,3,2025-10-24,18.92998504638672,6.2653608322143555,6.2653608322143555,,,
RQ2 Magnitude,3,2025-10-29,13.206296920776367,26.05586814880371,26.05586814880371,,,
RQ2 Magnitude,3,2025-10-30,35.535057067871094,22.452116012573242,22.452116012573242,,,
RQ2 Magnitude,3,2025-10-31,10.4711275100708,12.532427787780762,12.532427787780762,,,
RQ2 Magnitude,3,2025-11-03,5.280316352844238,13.52515697479248,13.52515697479248,,,
RQ2 Magnitude,3,2025-11-04,0.2362586110830307,17.46397590637207,17.46397590637207,,,
RQ2 Magnitude,3,2025-11-05,40.44815444946289,14.531283378601074,14.531283378601074,,,
RQ2 Magnitude,3,2025-11-06,42.57487487792969,17.07750129699707,17.07750129699707,,,
RQ2 Magnitude,3,2025-11-07,13.795156478881836,18.83489418029785,18.83489418029785,,,
RQ2 Magnitude,3,2025-11-10,0.3512849807739258,13.973139762878418,13.973139762878418,,,
RQ2 Magnitude,3,2025-11-11,3.926560163497925,9.33719539642334,9.33719539642334,,,
RQ2 Magnitude,3,2025-11-12,6.484061241149902,18.717058181762695,18.717058181762695,,,
RQ2 Magnitude,3,2025-11-13,3.577732563018799,19.887279510498047,19.887279510498047,,,
RQ2 Magnitude,3,2025-11-14,43.256126403808594,20.64768409729004,20.64768409729004,,,
RQ2 Magnitude,3,2025-11-17,43.21062088012695,25.321496963500977,25.321496963500977,,,
RQ2 Magnitude,3,2025-11-18,64.9679183959961,20.498159408569336,20.498159408569336,,,
RQ2 Magnitude,3,2025-11-19,22.450042724609375,20.754972457885742,20.754972457885742,,,
RQ2 Magnitude,3,2025-11-20,85.8425064086914,11.346123695373535,11.346123695373535,,,
RQ2 Magnitude,3,2025-11-21,42.791358947753906,24.67445182800293,24.67445182800293,,,
RQ2 Magnitude,3,2025-11-24,10.780221939086914,22.84168815612793,22.84168815612793,,,
RQ2 Magnitude,3,2025-11-25,17.514846801757812,14.568475723266602,14.568475723266602,,,
RQ2 Magnitude,3,2025-11-26,16.590747833251953,18.60562515258789,18.60562515258789,,,
RQ2 Magnitude,3,2025-12-01,1.1151200532913208,21.78480339050293,21.78480339050293,,,
RQ2 Magnitude,3,2025-12-02,13.952733039855957,18.97751808166504,18.97751808166504,,,
RQ2 Magnitude,3,2025-12-03,13.571784973144531,7.479812145233154,7.479812145233154,,,
RQ2 Magnitude,3,2025-12-04,18.4212646484375,19.279376983642578,19.279376983642578,,,
RQ2 Magnitude,3,2025-12-05,7.535367488861084,12.991217613220215,12.991217613220215,,,
RQ2 Magnitude,3,2025-12-08,19.85581398010254,17.60078239440918,17.60078239440918,,,
RQ2 Magnitude,3,2025-12-09,10.835691452026367,16.044246673583984,16.044246673583984,,,
RQ2 Magnitude,3,2025-12-10,4.687830924987793,21.817869186401367,21.817869186401367,,,
RQ2 Magnitude,3,2025-12-11,3.231945037841797,9.817702293395996,9.817702293395996,,,
RQ2 Magnitude,3,2025-12-12,3.1185853481292725,14.146071434020996,14.146071434020996,,,
RQ2 Magnitude,3,2025-12-15,14.122514724731445,9.725969314575195,9.725969314575195,,,
RQ2 Magnitude,3,2025-12-16,14.701268196105957,20.359180450439453,20.359180450439453,,,
RQ2 Magnitude,3,2025-12-17,26.572187423706055,12.991963386535645,12.991963386535645,,,
RQ2 Magnitude,3,2025-12-18,11.734435081481934,24.903480529785156,24.903480529785156,,,
RQ2 Magnitude,3,2025-12-19,0.23409403860569,11.538994789123535,11.538994789123535,,,
RQ2 Magnitude,3,2025-12-29,5.5275959968566895,6.868154525756836,6.868154525756836,,,
RQ2 Magnitude,3,2025-12-31,33.44136047363281,16.698637008666992,16.698637008666992,,,
RQ2 Magnitude,3,2026-01-02,1.531172513961792,19.19085121154785,19.19085121154785,,,
RQ2 Magnitude,3,2026-01-05,0.173847034573555,11.88782787322998,11.88782787322998,,,
RQ2 Magnitude,3,2026-01-07,31.5262508392334,12.89563274383545,12.89563274383545,,,
RQ2 Magnitude,3,2026-01-08,10.297975540161133,18.40775489807129,18.40775489807129,,,
RQ2 Magnitude,3,2026-01-09,11.943817138671875,8.910442352294922,8.910442352294922,,,
RQ2 Magnitude,3,2026-01-13,13.820636749267578,14.683388710021973,14.683388710021973,,,
RQ2 Magnitude,3,2026-01-14,34.86212921142578,18.847549438476562,18.847549438476562,,,
RQ2 Magnitude,3,2026-01-15,11.261650085449219,21.669633865356445,21.669633865356445,,,
RQ2 Magnitude,3,2026-01-16,16.443937301635742,12.03264045715332,12.03264045715332,,,
RQ2 Magnitude,3,2026-01-20,7.395112037658691,16.54274559020996,16.54274559020996,,,
RQ2 Magnitude,3,2026-01-21,46.254539489746094,24.002431869506836,24.002431869506836,,,
RQ2 Magnitude,3,2026-01-22,1.5915641784667969,17.259611129760742,17.259611129760742,,,
RQ2 Magnitude,3,2026-01-23,4.972104072570801,15.367825508117676,15.367825508117676,,,
RQ2 Magnitude,3,2026-01-26,12.717344284057617,7.580432891845703,7.580432891845703,,,
RQ2 Magnitude,3,2026-01-28,6.311066627502441,22.6799373626709,22.6799373626709,,,
RQ3 Large Movement,1,2023-10-17,1.0,0.7010226249694824,1.0,0.23431027352809905,,
RQ3 Large Movement,1,2023-10-18,0.0,0.4549747407436371,1.0,0.23431027352809905,,
RQ3 Large Movement,1,2023-10-19,0.0,0.5474554896354675,1.0,0.23431027352809905,,
RQ3 Large Movement,1,2023-10-20,1.0,0.4809530973434448,1.0,0.23431027352809905,,
RQ3 Large Movement,1,2023-10-23,1.0,0.3551439940929413,1.0,0.23431027352809905,,
RQ3 Large Movement,1,2023-10-24,0.0,0.3353395164012909,1.0,0.23431027352809905,,
RQ3 Large Movement,1,2023-10-25,0.0,0.45701533555984497,1.0,0.23431027352809905,,
RQ3 Large Movement,1,2023-10-26,1.0,0.2564098834991455,1.0,0.23431027352809905,,
RQ3 Large Movement,1,2023-10-27,1.0,0.6301409602165222,1.0,0.23431027352809905,,
RQ3 Large Movement,1,2023-10-30,0.0,0.3539307415485382,1.0,0.23431027352809905,,
RQ3 Large Movement,1,2023-10-31,0.0,0.23296095430850983,0.0,0.23431027352809905,,
RQ3 Large Movement,1,2023-11-01,1.0,0.3572230637073517,1.0,0.23431027352809905,,
RQ3 Large Movement,1,2023-11-02,0.0,0.1981385201215744,0.0,0.23431027352809905,,
RQ3 Large Movement,1,2023-11-03,1.0,0.18166829645633698,0.0,0.23431027352809905,,
RQ3 Large Movement,1,2023-11-06,0.0,0.5391305685043335,1.0,0.23431027352809905,,
RQ3 Large Movement,1,2023-11-08,0.0,0.7409888505935669,1.0,0.23431027352809905,,
RQ3 Large Movement,1,2023-11-09,0.0,0.34876638650894165,1.0,0.23431027352809905,,
RQ3 Large Movement,1,2023-11-10,0.0,0.18647006154060364,0.0,0.23431027352809905,,
RQ3 Large Movement,1,2023-11-13,0.0,0.30009162425994873,1.0,0.23431027352809905,,
RQ3 Large Movement,1,2023-11-14,0.0,0.1953877955675125,0.0,0.23431027352809905,,
RQ3 Large Movement,1,2023-11-15,0.0,0.35168981552124023,1.0,0.23431027352809905,,
RQ3 Large Movement,1,2023-11-16,0.0,0.47068411111831665,1.0,0.23431027352809905,,
RQ3 Large Movement,1,2023-11-20,0.0,0.14329564571380615,0.0,0.23431027352809905,,
RQ3 Large Movement,1,2023-11-22,0.0,0.2919483780860901,1.0,0.23431027352809905,,
RQ3 Large Movement,1,2023-12-14,0.0,0.27848127484321594,1.0,0.23431027352809905,,
RQ3 Large Movement,1,2023-12-21,1.0,0.5858303308486938,1.0,0.23431027352809905,,
RQ3 Large Movement,1,2023-12-29,0.0,0.4725262224674225,1.0,0.23431027352809905,,
RQ3 Large Movement,1,2024-01-04,1.0,0.3955205976963043,1.0,0.23431027352809905,,
RQ3 Large Movement,1,2024-01-05,0.0,0.5199075937271118,1.0,0.23431027352809905,,
RQ3 Large Movement,1,2024-01-09,0.0,0.18923954665660858,0.0,0.23431027352809905,,
RQ3 Large Movement,1,2024-01-11,0.0,0.3776063024997711,1.0,0.23431027352809905,,
RQ3 Large Movement,1,2024-01-12,0.0,0.2700362503528595,1.0,0.23431027352809905,,
RQ3 Large Movement,1,2024-01-16,0.0,0.4669148027896881,1.0,0.23431027352809905,,
RQ3 Large Movement,1,2024-01-17,0.0,0.6215941309928894,1.0,0.23431027352809905,,
RQ3 Large Movement,1,2024-01-24,0.0,0.3644607663154602,1.0,0.23431027352809905,,
RQ3 Large Movement,1,2024-01-26,0.0,0.31583932042121887,1.0,0.23431027352809905,,
RQ3 Large Movement,1,2024-01-31,1.0,0.6929590106010437,1.0,0.23431027352809905,,
RQ3 Large Movement,1,2024-02-01,0.0,0.16813430190086365,0.0,0.23431027352809905,,
RQ3 Large Movement,1,2024-02-02,0.0,0.16971728205680847,0.0,0.23431027352809905,,
RQ3 Large Movement,1,2024-02-07,0.0,0.13777172565460205,0.0,0.23431027352809905,,
RQ3 Large Movement,1,2024-02-08,0.0,0.24057385325431824,1.0,0.23431027352809905,,
RQ3 Large Movement,1,2024-02-13,1.0,0.6074472069740295,1.0,0.23431027352809905,,
RQ3 Large Movement,1,2024-02-14,1.0,0.35358142852783203,1.0,0.23431027352809905,,
RQ3 Large Movement,1,2024-02-20,0.0,0.5185008645057678,1.0,0.23431027352809905,,
RQ3 Large Movement,1,2024-02-21,1.0,0.3743264377117157,1.0,0.23431027352809905,,
RQ3 Large Movement,1,2024-03-05,1.0,0.3094182014465332,1.0,0.23431027352809905,,
RQ3 Large Movement,1,2024-03-06,0.0,0.5224363803863525,1.0,0.23431027352809905,,
RQ3 Large Movement,1,2024-03-08,1.0,0.5113931894302368,1.0,0.23431027352809905,,
RQ3 Large Movement,1,2024-03-14,0.0,0.6258367300033569,1.0,0.23431027352809905,,
RQ3 Large Movement,1,2024-03-15,0.0,0.39419710636138916,1.0,0.23431027352809905,,
RQ3 Large Movement,1,2024-03-18,0.0,0.23335300385951996,0.0,0.23431027352809905,,
RQ3 Large Movement,1,2024-04-01,0.0,0.3343721032142639,1.0,0.23431027352809905,,
RQ3 Large Movement,1,2024-04-02,0.0,0.5602518916130066,1.0,0.23431027352809905,,
RQ3 Large Movement,1,2024-04-05,0.0,0.22176781296730042,0.0,0.23431027352809905,,
RQ3 Large Movement,1,2024-04-08,0.0,0.33432742953300476,1.0,0.23431027352809905,,
RQ3 Large Movement,1,2024-04-09,1.0,0.47835972905158997,1.0,0.23431027352809905,,
RQ3 Large Movement,1,2024-04-10,1.0,0.7792704105377197,1.0,0.23431027352809905,,
RQ3 Large Movement,1,2024-04-11,0.0,0.1861923784017563,0.0,0.23431027352809905,,
RQ3 Large Movement,1,2024-04-12,0.0,0.4499683678150177,1.0,0.23431027352809905,,
RQ3 Large Movement,1,2024-04-15,0.0,0.5360354781150818,1.0,0.23431027352809905,,
RQ3 Large Movement,1,2024-04-16,1.0,0.2848834991455078,1.0,0.23431027352809905,,
RQ3 Large Movement,1,2024-04-17,0.0,0.7168088555335999,1.0,0.23431027352809905,,
RQ3 Large Movement,1,2024-04-18,0.0,0.37909212708473206,1.0,0.23431027352809905,,
RQ3 Large Movement,1,2024-04-19,0.0,0.4826512336730957,1.0,0.23431027352809905,,
RQ3 Large Movement,1,2024-04-22,1.0,0.1964464634656906,0.0,0.23431027352809905,,
RQ3 Large Movement,1,2024-04-23,0.0,0.1493336260318756,0.0,0.23431027352809905,,
RQ3 Large Movement,1,2024-04-24,0.0,0.5917749404907227,1.0,0.23431027352809905,,
RQ3 Large Movement,1,2024-04-25,0.0,0.17116516828536987,0.0,0.23431027352809905,,
RQ3 Large Movement,1,2024-04-26,0.0,0.1237042173743248,0.0,0.23431027352809905,,
RQ3 Large Movement,1,2024-04-29,0.0,0.25138556957244873,1.0,0.23431027352809905,,
RQ3 Large Movement,1,2024-04-30,1.0,0.31804075837135315,1.0,0.23431027352809905,,
RQ3 Large Movement,1,2024-05-01,1.0,0.37441298365592957,1.0,0.23431027352809905,,
RQ3 Large Movement,1,2024-05-02,0.0,0.19288617372512817,0.0,0.23431027352809905,,
RQ3 Large Movement,1,2024-05-23,0.0,0.38963380455970764,1.0,0.23431027352809905,,
RQ3 Large Movement,1,2024-05-24,0.0,0.44637221097946167,1.0,0.23431027352809905,,
RQ3 Large Movement,1,2024-05-28,1.0,0.2283484786748886,0.0,0.23431027352809905,,
RQ3 Large Movement,1,2024-05-29,0.0,0.3946317434310913,1.0,0.23431027352809905,,
RQ3 Large Movement,1,2024-05-30,0.0,0.3112272322177887,1.0,0.23431027352809905,,
RQ3 Large Movement,1,2024-05-31,1.0,0.27119308710098267,1.0,0.23431027352809905,,
RQ3 Large Movement,1,2024-06-03,1.0,0.4427575170993805,1.0,0.23431027352809905,,
RQ3 Large Movement,1,2024-06-04,0.0,0.5709909796714783,1.0,0.23431027352809905,,
RQ3 Large Movement,1,2024-06-06,0.0,0.44655004143714905,1.0,0.23431027352809905,,
RQ3 Large Movement,1,2024-06-07,0.0,0.3291991353034973,1.0,0.23431027352809905,,
RQ3 Large Movement,1,2024-06-10,0.0,0.45311373472213745,1.0,0.23431027352809905,,
RQ3 Large Movement,1,2024-06-12,0.0,0.21062473952770233,0.0,0.23431027352809905,,
RQ3 Large Movement,1,2024-06-13,0.0,0.29973161220550537,1.0,0.23431027352809905,,
RQ3 Large Movement,1,2024-06-14,0.0,0.3482244908809662,1.0,0.23431027352809905,,
RQ3 Large Movement,1,2024-06-20,0.0,0.4874221384525299,1.0,0.23431027352809905,,
RQ3 Large Movement,1,2024-06-21,0.0,0.2749326825141907,1.0,0.23431027352809905,,
RQ3 Large Movement,1,2024-06-24,0.0,0.2393180876970291,1.0,0.23431027352809905,,
RQ3 Large Movement,1,2024-06-25,0.0,0.5488678812980652,1.0,0.23431027352809905,,
RQ3 Large Movement,1,2024-06-26,0.0,0.48205262422561646,1.0,0.23431027352809905,,
RQ3 Large Movement,1,2024-06-27,0.0,0.25848856568336487,1.0,0.23431027352809905,,
RQ3 Large Movement,1,2024-06-28,0.0,0.25607165694236755,1.0,0.23431027352809905,,
RQ3 Large Movement,1,2024-07-01,0.0,0.35613465309143066,1.0,0.23431027352809905,,
RQ3 Large Movement,1,2024-07-05,0.0,0.2764202058315277,1.0,0.23431027352809905,,
RQ3 Large Movement,1,2024-07-11,0.0,0.2898803949356079,1.0,0.23431027352809905,,
RQ3 Large Movement,1,2024-07-17,0.0,0.35518303513526917,1.0,0.23431027352809905,,
RQ3 Large Movement,1,2024-07-18,0.0,0.49172496795654297,1.0,0.23431027352809905,,
RQ3 Large Movement,1,2024-07-19,0.0,0.4508868455886841,1.0,0.23431027352809905,,
RQ3 Large Movement,1,2024-07-22,0.0,0.564847469329834,1.0,0.23431027352809905,,
RQ3 Large Movement,1,2024-07-23,0.0,0.41015687584877014,1.0,0.23431027352809905,,
RQ3 Large Movement,1,2024-07-24,0.0,0.44125425815582275,1.0,0.23431027352809905,,
RQ3 Large Movement,1,2024-07-25,1.0,0.641248345375061,1.0,0.23431027352809905,,
RQ3 Large Movement,1,2024-07-26,0.0,0.5769388675689697,1.0,0.23431027352809905,,
RQ3 Large Movement,1,2024-07-29,0.0,0.4392722249031067,1.0,0.23431027352809905,,
RQ3 Large Movement,1,2024-07-30,0.0,0.567324161529541,1.0,0.23431027352809905,,
RQ3 Large Movement,1,2024-07-31,1.0,0.2671853005886078,1.0,0.23431027352809905,,
RQ3 Large Movement,1,2024-08-01,1.0,0.5826511383056641,1.0,0.23431027352809905,,
RQ3 Large Movement,1,2024-08-02,1.0,0.47734498977661133,1.0,0.23431027352809905,,
RQ3 Large Movement,1,2024-08-05,1.0,0.6998395323753357,1.0,0.23431027352809905,,
RQ3 Large Movement,1,2024-08-06,1.0,0.7419505715370178,1.0,0.23431027352809905,,
RQ3 Large Movement,1,2024-08-07,0.0,0.632533073425293,1.0,0.23431027352809905,,
RQ3 Large Movement,1,2024-08-08,0.0,0.5767378807067871,1.0,0.23431027352809905,,
RQ3 Large Movement,1,2024-08-09,0.0,0.509917140007019,1.0,0.23431027352809905,,
RQ3 Large Movement,1,2024-08-12,0.0,0.5532936453819275,1.0,0.23431027352809905,,
RQ3 Large Movement,1,2024-08-13,0.0,0.3600567877292633,1.0,0.23431027352809905,,
RQ3 Large Movement,1,2024-08-14,0.0,0.41919368505477905,1.0,0.23431027352809905,,
RQ3 Large Movement,1,2024-08-15,0.0,0.19200977683067322,0.0,0.23431027352809905,,
RQ3 Large Movement,1,2024-08-16,0.0,0.1509656012058258,0.0,0.23431027352809905,,
RQ3 Large Movement,1,2024-08-20,0.0,0.5301036238670349,1.0,0.23431027352809905,,
RQ3 Large Movement,1,2024-08-21,0.0,0.4869145452976227,1.0,0.23431027352809905,,
RQ3 Large Movement,1,2024-08-23,0.0,0.47851091623306274,1.0,0.23431027352809905,,
RQ3 Large Movement,1,2024-08-26,0.0,0.3431556820869446,1.0,0.23431027352809905,,
RQ3 Large Movement,1,2024-08-27,0.0,0.5202347040176392,1.0,0.23431027352809905,,
RQ3 Large Movement,1,2024-08-28,0.0,0.47338539361953735,1.0,0.23431027352809905,,
RQ3 Large Movement,1,2024-08-29,0.0,0.5089535117149353,1.0,0.23431027352809905,,
RQ3 Large Movement,1,2024-08-30,1.0,0.5874584913253784,1.0,0.23431027352809905,,
RQ3 Large Movement,1,2024-09-03,0.0,0.645433247089386,1.0,0.23431027352809905,,
RQ3 Large Movement,1,2024-09-04,0.0,0.6347834467887878,1.0,0.23431027352809905,,
RQ3 Large Movement,1,2024-09-05,0.0,0.6826701164245605,1.0,0.23431027352809905,,
RQ3 Large Movement,1,2024-09-06,0.0,0.5451299548149109,1.0,0.23431027352809905,,
RQ3 Large Movement,1,2024-09-09,0.0,0.6501138210296631,1.0,0.23431027352809905,,
RQ3 Large Movement,1,2024-09-10,0.0,0.6616274118423462,1.0,0.23431027352809905,,
RQ3 Large Movement,1,2024-09-11,1.0,0.2936672568321228,1.0,0.23431027352809905,,
RQ3 Large Movement,1,2024-09-12,0.0,0.2947573661804199,1.0,0.23431027352809905,,
RQ3 Large Movement,1,2024-09-13,0.0,0.37336504459381104,1.0,0.23431027352809905,,
RQ3 Large Movement,1,2024-09-16,0.0,0.5457722544670105,1.0,0.23431027352809905,,
RQ3 Large Movement,1,2024-09-17,0.0,0.45294347405433655,1.0,0.23431027352809905,,
RQ3 Large Movement,1,2024-09-18,1.0,0.7754953503608704,1.0,0.23431027352809905,,
RQ3 Large Movement,1,2024-09-19,0.0,0.3179031014442444,1.0,0.23431027352809905,,
RQ3 Large Movement,1,2024-09-20,0.0,0.511513352394104,1.0,0.23431027352809905,,
RQ3 Large Movement,1,2024-09-23,0.0,0.5560564398765564,1.0,0.23431027352809905,,
RQ3 Large Movement,2,2024-09-24,0.0,0.18647193908691406,0.0,0.5345857453346252,,
RQ3 Large Movement,2,2024-09-25,0.0,0.2877497375011444,0.0,0.5345857453346252,,
RQ3 Large Movement,2,2024-09-26,0.0,0.26858630776405334,0.0,0.5345857453346252,,
RQ3 Large Movement,2,2024-09-27,0.0,0.4284377694129944,0.0,0.5345857453346252,,
RQ3 Large Movement,2,2024-09-30,1.0,0.3970208764076233,0.0,0.5345857453346252,,
RQ3 Large Movement,2,2024-10-01,1.0,0.35717320442199707,0.0,0.5345857453346252,,
RQ3 Large Movement,2,2024-10-02,0.0,0.3125576078891754,0.0,0.5345857453346252,,
RQ3 Large Movement,2,2024-10-03,0.0,0.5007990598678589,0.0,0.5345857453346252,,
RQ3 Large Movement,2,2024-10-04,0.0,0.3485303223133087,0.0,0.5345857453346252,,
RQ3 Large Movement,2,2024-10-07,0.0,0.4980236291885376,0.0,0.5345857453346252,,
RQ3 Large Movement,2,2024-10-08,0.0,0.36350834369659424,0.0,0.5345857453346252,,
RQ3 Large Movement,2,2024-10-09,0.0,0.3464979827404022,0.0,0.5345857453346252,,
RQ3 Large Movement,2,2024-10-10,0.0,0.47497087717056274,0.0,0.5345857453346252,,
RQ3 Large Movement,2,2024-10-11,0.0,0.28024983406066895,0.0,0.5345857453346252,,
RQ3 Large Movement,2,2024-10-15,0.0,0.46239399909973145,0.0,0.5345857453346252,,
RQ3 Large Movement,2,2024-10-16,0.0,0.2888912260532379,0.0,0.5345857453346252,,
RQ3 Large Movement,2,2024-10-17,0.0,0.43155547976493835,0.0,0.5345857453346252,,
RQ3 Large Movement,2,2024-10-18,0.0,0.3018573224544525,0.0,0.5345857453346252,,
RQ3 Large Movement,2,2024-10-21,0.0,0.38303858041763306,0.0,0.5345857453346252,,
RQ3 Large Movement,2,2024-10-23,0.0,0.4479478895664215,0.0,0.5345857453346252,,
RQ3 Large Movement,2,2024-10-24,0.0,0.3556201457977295,0.0,0.5345857453346252,,
RQ3 Large Movement,2,2024-10-25,0.0,0.46483951807022095,0.0,0.5345857453346252,,
RQ3 Large Movement,2,2024-10-28,0.0,0.4142058789730072,0.0,0.5345857453346252,,
RQ3 Large Movement,2,2024-10-29,0.0,0.3164704442024231,0.0,0.5345857453346252,,
RQ3 Large Movement,2,2024-10-30,0.0,0.4247014820575714,0.0,0.5345857453346252,,
RQ3 Large Movement,2,2024-10-31,1.0,0.41024714708328247,0.0,0.5345857453346252,,
RQ3 Large Movement,2,2024-11-01,0.0,0.5035148859024048,0.0,0.5345857453346252,,
RQ3 Large Movement,2,2024-11-04,0.0,0.44624558091163635,0.0,0.5345857453346252,,
RQ3 Large Movement,2,2024-11-05,1.0,0.3487381935119629,0.0,0.5345857453346252,,
RQ3 Large Movement,2,2024-11-06,0.0,0.17051556706428528,0.0,0.5345857453346252,,
RQ3 Large Movement,2,2024-11-07,0.0,0.16026484966278076,0.0,0.5345857453346252,,
RQ3 Large Movement,2,2024-11-12,0.0,0.1625184565782547,0.0,0.5345857453346252,,
RQ3 Large Movement,2,2024-11-14,1.0,0.3476032614707947,0.0,0.5345857453346252,,
RQ3 Large Movement,2,2024-11-15,0.0,0.5013861060142517,0.0,0.5345857453346252,,
RQ3 Large Movement,2,2024-11-18,0.0,0.18126605451107025,0.0,0.5345857453346252,,
RQ3 Large Movement,2,2024-11-19,0.0,0.2655842900276184,0.0,0.5345857453346252,,
RQ3 Large Movement,2,2024-11-20,1.0,0.4578661322593689,0.0,0.5345857453346252,,
RQ3 Large Movement,2,2024-11-21,0.0,0.20362092554569244,0.0,0.5345857453346252,,
RQ3 Large Movement,2,2024-11-22,0.0,0.1741582155227661,0.0,0.5345857453346252,,
RQ3 Large Movement,2,2024-11-25,0.0,0.34452688694000244,0.0,0.5345857453346252,,
RQ3 Large Movement,2,2024-11-27,0.0,0.25407660007476807,0.0,0.5345857453346252,,
RQ3 Large Movement,2,2024-12-03,0.0,0.12224972248077393,0.0,0.5345857453346252,,
RQ3 Large Movement,2,2024-12-05,0.0,0.264641135931015,0.0,0.5345857453346252,,
RQ3 Large Movement,2,2024-12-06,0.0,0.23376858234405518,0.0,0.5345857453346252,,
RQ3 Large Movement,2,2024-12-09,0.0,0.354300856590271,0.0,0.5345857453346252,,
RQ3 Large Movement,2,2024-12-12,0.0,0.3818504512310028,0.0,0.5345857453346252,,
RQ3 Large Movement,2,2024-12-13,0.0,0.23612786829471588,0.0,0.5345857453346252,,
RQ3 Large Movement,2,2024-12-17,0.0,0.3830193281173706,0.0,0.5345857453346252,,
RQ3 Large Movement,2,2024-12-18,1.0,0.6991118788719177,1.0,0.5345857453346252,,
RQ3 Large Movement,2,2024-12-19,1.0,0.4529684782028198,0.0,0.5345857453346252,,
RQ3 Large Movement,2,2024-12-20,1.0,0.5236550569534302,0.0,0.5345857453346252,,
RQ3 Large Movement,2,2024-12-23,1.0,0.2500268816947937,0.0,0.5345857453346252,,
RQ3 Large Movement,2,2024-12-26,0.0,0.13661828637123108,0.0,0.5345857453346252,,
RQ3 Large Movement,2,2024-12-27,0.0,0.40431755781173706,0.0,0.5345857453346252,,
RQ3 Large Movement,2,2024-12-30,1.0,0.2062177211046219,0.0,0.5345857453346252,,
RQ3 Large Movement,2,2024-12-31,0.0,0.4778482913970947,0.0,0.5345857453346252,,
RQ3 Large Movement,2,2025-01-02,1.0,0.6278564929962158,1.0,0.5345857453346252,,
RQ3 Large Movement,2,2025-01-03,0.0,0.20366376638412476,0.0,0.5345857453346252,,
RQ3 Large Movement,2,2025-01-06,0.0,0.4645768404006958,0.0,0.5345857453346252,,
RQ3 Large Movement,2,2025-01-07,0.0,0.5041525363922119,0.0,0.5345857453346252,,
RQ3 Large Movement,2,2025-01-08,0.0,0.3152564465999603,0.0,0.5345857453346252,,
RQ3 Large Movement,2,2025-01-10,1.0,0.39849263429641724,0.0,0.5345857453346252,,
RQ3 Large Movement,2,2025-01-13,0.0,0.3072831332683563,0.0,0.5345857453346252,,
RQ3 Large Movement,2,2025-01-14,1.0,0.5808740258216858,1.0,0.5345857453346252,,
RQ3 Large Movement,2,2025-01-15,0.0,0.18282677233219147,0.0,0.5345857453346252,,
RQ3 Large Movement,2,2025-01-16,0.0,0.2915710210800171,0.0,0.5345857453346252,,
RQ3 Large Movement,2,2025-01-17,0.0,0.263606458902359,0.0,0.5345857453346252,,
RQ3 Large Movement,2,2025-01-21,0.0,0.1362604796886444,0.0,0.5345857453346252,,
RQ3 Large Movement,2,2025-01-22,0.0,0.156102254986763,0.0,0.5345857453346252,,
RQ3 Large Movement,2,2025-01-24,0.0,0.4212320148944855,0.0,0.5345857453346252,,
RQ3 Large Movement,2,2025-01-27,1.0,0.496664434671402,0.0,0.5345857453346252,,
RQ3 Large Movement,2,2025-01-28,0.0,0.20131604373455048,0.0,0.5345857453346252,,
RQ3 Large Movement,2,2025-01-29,0.0,0.676795482635498,1.0,0.5345857453346252,,
RQ3 Large Movement,2,2025-01-30,0.0,0.13596579432487488,0.0,0.5345857453346252,,
RQ3 Large Movement,2,2025-01-31,1.0,0.5728729367256165,1.0,0.5345857453346252,,
RQ3 Large Movement,2,2025-02-03,1.0,0.41897764801979065,0.0,0.5345857453346252,,
RQ3 Large Movement,2,2025-02-04,0.0,0.28356343507766724,0.0,0.5345857453346252,,
RQ3 Large Movement,2,2025-02-05,0.0,0.14404504001140594,0.0,0.5345857453346252,,
RQ3 Large Movement,2,2025-02-06,1.0,0.43864792585372925,0.0,0.5345857453346252,,
RQ3 Large Movement,2,2025-02-07,0.0,0.49165380001068115,0.0,0.5345857453346252,,
RQ3 Large Movement,2,2025-02-10,0.0,0.1453571617603302,0.0,0.5345857453346252,,
RQ3 Large Movement,2,2025-02-12,0.0,0.2523145377635956,0.0,0.5345857453346252,,
RQ3 Large Movement,2,2025-02-13,0.0,0.20498616993427277,0.0,0.5345857453346252,,
RQ3 Large Movement,2,2025-02-18,0.0,0.23367087543010712,0.0,0.5345857453346252,,
RQ3 Large Movement,2,2025-02-19,0.0,0.1427556872367859,0.0,0.5345857453346252,,
RQ3 Large Movement,2,2025-02-20,0.0,0.31153419613838196,0.0,0.5345857453346252,,
RQ3 Large Movement,2,2025-02-21,0.0,0.3929441273212433,0.0,0.5345857453346252,,
RQ3 Large Movement,2,2025-02-24,1.0,0.3969317078590393,0.0,0.5345857453346252,,
RQ3 Large Movement,2,2025-02-25,0.0,0.580585241317749,1.0,0.5345857453346252,,
RQ3 Large Movement,2,2025-02-26,1.0,0.5643025636672974,1.0,0.5345857453346252,,
RQ3 Large Movement,2,2025-02-27,1.0,0.5574525594711304,1.0,0.5345857453346252,,
RQ3 Large Movement,2,2025-02-28,1.0,0.433032751083374,0.0,0.5345857453346252,,
RQ3 Large Movement,2,2025-03-03,1.0,0.6823737025260925,1.0,0.5345857453346252,,
RQ3 Large Movement,2,2025-03-04,1.0,0.6607236266136169,1.0,0.5345857453346252,,
RQ3 Large Movement,2,2025-03-05,0.0,0.6101811528205872,1.0,0.5345857453346252,,
RQ3 Large Movement,2,2025-03-06,1.0,0.7418830990791321,1.0,0.5345857453346252,,
RQ3 Large Movement,2,2025-03-07,0.0,0.627670168876648,1.0,0.5345857453346252,,
RQ3 Large Movement,2,2025-03-10,1.0,0.6633825302124023,1.0,0.5345857453346252,,
RQ3 Large Movement,2,2025-03-11,1.0,0.7489132881164551,1.0,0.5345857453346252,,
RQ3 Large Movement,2,2025-03-12,1.0,0.5843761563301086,1.0,0.5345857453346252,,
RQ3 Large Movement,2,2025-03-13,1.0,0.48347699642181396,0.0,0.5345857453346252,,
RQ3 Large Movement,2,2025-03-14,0.0,0.48627153038978577,0.0,0.5345857453346252,,
RQ3 Large Movement,2,2025-03-17,1.0,0.37690404057502747,0.0,0.5345857453346252,,
RQ3 Large Movement,2,2025-03-18,0.0,0.599709689617157,1.0,0.5345857453346252,,
RQ3 Large Movement,2,2025-03-19,0.0,0.5225156545639038,0.0,0.5345857453346252,,
RQ3 Large Movement,2,2025-03-20,0.0,0.6764231324195862,1.0,0.5345857453346252,,
RQ3 Large Movement,2,2025-03-21,1.0,0.4953652620315552,0.0,0.5345857453346252,,
RQ3 Large Movement,2,2025-03-24,0.0,0.31426578760147095,0.0,0.5345857453346252,,
RQ3 Large Movement,2,2025-03-25,0.0,0.49851158261299133,0.0,0.5345857453346252,,
RQ3 Large Movement,2,2025-03-26,0.0,0.48981669545173645,0.0,0.5345857453346252,,
RQ3 Large Movement,2,2025-03-27,0.0,0.5432398319244385,1.0,0.5345857453346252,,
RQ3 Large Movement,2,2025-03-28,0.0,0.37300634384155273,0.0,0.5345857453346252,,
RQ3 Large Movement,2,2025-03-31,1.0,0.6695126295089722,1.0,0.5345857453346252,,
RQ3 Large Movement,2,2025-04-01,1.0,0.4162595570087433,0.0,0.5345857453346252,,
RQ3 Large Movement,2,2025-04-02,1.0,0.6816211938858032,1.0,0.5345857453346252,,
RQ3 Large Movement,2,2025-04-03,1.0,0.6642381548881531,1.0,0.5345857453346252,,
RQ3 Large Movement,2,2025-04-04,1.0,0.4124348759651184,0.0,0.5345857453346252,,
RQ3 Large Movement,2,2025-04-07,0.0,0.7262727618217468,1.0,0.5345857453346252,,
RQ3 Large Movement,2,2025-04-08,1.0,0.6350712776184082,1.0,0.5345857453346252,,
RQ3 Large Movement,2,2025-04-09,1.0,0.7343497276306152,1.0,0.5345857453346252,,
RQ3 Large Movement,2,2025-04-10,0.0,0.6741613745689392,1.0,0.5345857453346252,,
RQ3 Large Movement,2,2025-04-11,1.0,0.6790575981140137,1.0,0.5345857453346252,,
RQ3 Large Movement,2,2025-04-14,1.0,0.40566766262054443,0.0,0.5345857453346252,,
RQ3 Large Movement,2,2025-04-15,0.0,0.44570815563201904,0.0,0.5345857453346252,,
RQ3 Large Movement,2,2025-04-16,1.0,0.4121423661708832,0.0,0.5345857453346252,,
RQ3 Large Movement,2,2025-04-17,1.0,0.6991029977798462,1.0,0.5345857453346252,,
RQ3 Large Movement,2,2025-04-21,1.0,0.2339116930961609,0.0,0.5345857453346252,,
RQ3 Large Movement,2,2025-04-22,0.0,0.5094885230064392,0.0,0.5345857453346252,,
RQ3 Large Movement,2,2025-04-23,0.0,0.4080868661403656,0.0,0.5345857453346252,,
RQ3 Large Movement,2,2025-04-24,0.0,0.5027331709861755,0.0,0.5345857453346252,,
RQ3 Large Movement,2,2025-04-25,0.0,0.543037474155426,1.0,0.5345857453346252,,
RQ3 Large Movement,2,2025-04-28,1.0,0.470022588968277,0.0,0.5345857453346252,,
RQ3 Large Movement,2,2025-04-29,0.0,0.5016930103302002,0.0,0.5345857453346252,,
RQ3 Large Movement,2,2025-04-30,1.0,0.6519253253936768,1.0,0.5345857453346252,,
RQ3 Large Movement,2,2025-05-01,1.0,0.5490642786026001,1.0,0.5345857453346252,,
RQ3 Large Movement,2,2025-05-02,0.0,0.47135141491889954,0.0,0.5345857453346252,,
RQ3 Large Movement,2,2025-05-05,1.0,0.4531272053718567,0.0,0.5345857453346252,,
RQ3 Large Movement,2,2025-05-06,1.0,0.36341729760169983,0.0,0.5345857453346252,,
RQ3 Large Movement,2,2025-05-07,0.0,0.4588318467140198,0.0,0.5345857453346252,,
RQ3 Large Movement,2,2025-05-08,1.0,0.5154183506965637,0.0,0.5345857453346252,,
RQ3 Large Movement,2,2025-05-09,0.0,0.5083397626876831,0.0,0.5345857453346252,,
RQ3 Large Movement,2,2025-05-12,0.0,0.4115041196346283,0.0,0.5345857453346252,,
RQ3 Large Movement,2,2025-05-14,0.0,0.48748043179512024,0.0,0.5345857453346252,,
RQ3 Large Movement,3,2025-05-15,0.0,0.6059477925300598,1.0,0.49271222352981564,,
RQ3 Large Movement,3,2025-05-16,0.0,0.5460150837898254,1.0,0.49271222352981564,,
RQ3 Large Movement,3,2025-05-19,0.0,0.3805251717567444,0.0,0.49271222352981564,,
RQ3 Large Movement,3,2025-05-21,0.0,0.6499776840209961,1.0,0.49271222352981564,,
RQ3 Large Movement,3,2025-05-22,1.0,0.6209226846694946,1.0,0.49271222352981564,,
RQ3 Large Movement,3,2025-05-23,0.0,0.6832196712493896,1.0,0.49271222352981564,,
RQ3 Large Movement,3,2025-05-27,0.0,0.38238945603370667,0.0,0.49271222352981564,,
RQ3 Large Movement,3,2025-05-28,1.0,0.48195382952690125,0.0,0.49271222352981564,,
RQ3 Large Movement,3,2025-05-29,0.0,0.6053574085235596,1.0,0.49271222352981564,,
RQ3 Large Movement,3,2025-05-30,0.0,0.5778753161430359,1.0,0.49271222352981564,,
RQ3 Large Movement,3,2025-06-02,0.0,0.4213721454143524,0.0,0.49271222352981564,,
RQ3 Large Movement,3,2025-06-03,0.0,0.38150855898857117,0.0,0.49271222352981564,,
RQ3 Large Movement,3,2025-06-04,0.0,0.5028225183486938,1.0,0.49271222352981564,,
RQ3 Large Movement,3,2025-06-05,1.0,0.6687970161437988,1.0,0.49271222352981564,,
RQ3 Large Movement,3,2025-06-06,0.0,0.4714580178260803,0.0,0.49271222352981564,,
RQ3 Large Movement,3,2025-06-10,0.0,0.3735000789165497,0.0,0.49271222352981564,,
RQ3 Large Movement,3,2025-06-11,0.0,0.7101722359657288,1.0,0.49271222352981564,,
RQ3 Large Movement,3,2025-06-12,0.0,0.46501657366752625,0.0,0.49271222352981564,,
RQ3 Large Movement,3,2025-06-13,0.0,0.527093768119812,1.0,0.49271222352981564,,
RQ3 Large Movement,3,2025-06-16,0.0,0.5226515531539917,1.0,0.49271222352981564,,
RQ3 Large Movement,3,2025-06-17,0.0,0.4791072607040405,0.0,0.49271222352981564,,
RQ3 Large Movement,3,2025-06-18,0.0,0.7459781765937805,1.0,0.49271222352981564,,
RQ3 Large Movement,3,2025-06-20,0.0,0.646252453327179,1.0,0.49271222352981564,,
RQ3 Large Movement,3,2025-06-23,0.0,0.6402184367179871,1.0,0.49271222352981564,,
RQ3 Large Movement,3,2025-06-24,0.0,0.218360036611557,0.0,0.49271222352981564,,
RQ3 Large Movement,3,2025-06-25,0.0,0.45489805936813354,0.0,0.49271222352981564,,
RQ3 Large Movement,3,2025-06-27,1.0,0.5689734816551208,1.0,0.49271222352981564,,
RQ3 Large Movement,3,2025-06-30,0.0,0.4712914228439331,0.0,0.49271222352981564,,
RQ3 Large Movement,3,2025-07-01,0.0,0.45777907967567444,0.0,0.49271222352981564,,
RQ3 Large Movement,3,2025-07-02,0.0,0.23989525437355042,0.0,0.49271222352981564,,
RQ3 Large Movement,3,2025-07-07,0.0,0.5189990401268005,1.0,0.49271222352981564,,
RQ3 Large Movement,3,2025-07-08,0.0,0.46108075976371765,0.0,0.49271222352981564,,
RQ3 Large Movement,3,2025-07-09,0.0,0.3965185284614563,0.0,0.49271222352981564,,
RQ3 Large Movement,3,2025-07-11,0.0,0.35266080498695374,0.0,0.49271222352981564,,
RQ3 Large Movement,3,2025-07-15,0.0,0.5924389958381653,1.0,0.49271222352981564,,
RQ3 Large Movement,3,2025-07-16,0.0,0.38768360018730164,0.0,0.49271222352981564,,
RQ3 Large Movement,3,2025-07-18,0.0,0.40957581996917725,0.0,0.49271222352981564,,
RQ3 Large Movement,3,2025-07-22,0.0,0.3731594681739807,0.0,0.49271222352981564,,
RQ3 Large Movement,3,2025-07-23,0.0,0.2167290300130844,0.0,0.49271222352981564,,
RQ3 Large Movement,3,2025-07-25,0.0,0.16189593076705933,0.0,0.49271222352981564,,
RQ3 Large Movement,3,2025-07-28,0.0,0.4748901128768921,0.0,0.49271222352981564,,
RQ3 Large Movement,3,2025-07-29,0.0,0.5518807768821716,1.0,0.49271222352981564,,
RQ3 Large Movement,3,2025-07-30,0.0,0.7920748591423035,1.0,0.49271222352981564,,
RQ3 Large Movement,3,2025-07-31,1.0,0.604123592376709,1.0,0.49271222352981564,,
RQ3 Large Movement,3,2025-08-01,0.0,0.6493660807609558,1.0,0.49271222352981564,,
RQ3 Large Movement,3,2025-08-04,0.0,0.32782623171806335,0.0,0.49271222352981564,,
RQ3 Large Movement,3,2025-08-05,0.0,0.5145754814147949,1.0,0.49271222352981564,,
RQ3 Large Movement,3,2025-08-06,0.0,0.2566838562488556,0.0,0.49271222352981564,,
RQ3 Large Movement,3,2025-08-07,0.0,0.5476029515266418,1.0,0.49271222352981564,,
RQ3 Large Movement,3,2025-08-08,0.0,0.19806700944900513,0.0,0.49271222352981564,,
RQ3 Large Movement,3,2025-08-11,0.0,0.47203269600868225,0.0,0.49271222352981564,,
RQ3 Large Movement,3,2025-08-12,0.0,0.17640149593353271,0.0,0.49271222352981564,,
RQ3 Large Movement,3,2025-08-13,0.0,0.4157600998878479,0.0,0.49271222352981564,,
RQ3 Large Movement,3,2025-08-14,0.0,0.27532699704170227,0.0,0.49271222352981564,,
RQ3 Large Movement,3,2025-08-18,0.0,0.2224598079919815,0.0,0.49271222352981564,,
RQ3 Large Movement,3,2025-08-19,0.0,0.5347577929496765,1.0,0.49271222352981564,,
RQ3 Large Movement,3,2025-08-20,0.0,0.6323036551475525,1.0,0.49271222352981564,,
RQ3 Large Movement,3,2025-08-21,0.0,0.4371517300605774,0.0,0.49271222352981564,,
RQ3 Large Movement,3,2025-08-22,0.0,0.15324531495571136,0.0,0.49271222352981564,,
RQ3 Large Movement,3,2025-08-25,0.0,0.2991744577884674,0.0,0.49271222352981564,,
RQ3 Large Movement,3,2025-08-26,0.0,0.1524585485458374,0.0,0.49271222352981564,,
RQ3 Large Movement,3,2025-08-29,0.0,0.48784810304641724,0.0,0.49271222352981564,,
RQ3 Large Movement,3,2025-09-02,1.0,0.6444015502929688,1.0,0.49271222352981564,,
RQ3 Large Movement,3,2025-09-03,1.0,0.552375316619873,1.0,0.49271222352981564,,
RQ3 Large Movement,3,2025-09-05,0.0,0.5119913816452026,1.0,0.49271222352981564,,
RQ3 Large Movement,3,2025-09-09,0.0,0.24367934465408325,0.0,0.49271222352981564,,
RQ3 Large Movement,3,2025-09-10,0.0,0.49975094199180603,1.0,0.49271222352981564,,
RQ3 Large Movement,3,2025-09-11,0.0,0.19094479084014893,0.0,0.49271222352981564,,
RQ3 Large Movement,3,2025-09-15,0.0,0.42717820405960083,0.0,0.49271222352981564,,
RQ3 Large Movement,3,2025-09-17,0.0,0.6300598978996277,1.0,0.49271222352981564,,
RQ3 Large Movement,3,2025-09-18,0.0,0.46017715334892273,0.0,0.49271222352981564,,
RQ3 Large Movement,3,2025-09-23,0.0,0.5574817657470703,1.0,0.49271222352981564,,
RQ3 Large Movement,3,2025-09-24,0.0,0.5363559126853943,1.0,0.49271222352981564,,
RQ3 Large Movement,3,2025-09-25,0.0,0.6180733442306519,1.0,0.49271222352981564,,
RQ3 Large Movement,3,2025-09-26,0.0,0.255730539560318,0.0,0.49271222352981564,,
RQ3 Large Movement,3,2025-09-29,0.0,0.4342869222164154,0.0,0.49271222352981564,,
RQ3 Large Movement,3,2025-09-30,0.0,0.3901553153991699,0.0,0.49271222352981564,,
RQ3 Large Movement,3,2025-10-02,0.0,0.42840173840522766,0.0,0.49271222352981564,,
RQ3 Large Movement,3,2025-10-03,0.0,0.4996638000011444,1.0,0.49271222352981564,,
RQ3 Large Movement,3,2025-10-07,0.0,0.5200523734092712,1.0,0.49271222352981564,,
RQ3 Large Movement,3,2025-10-09,0.0,0.5208343267440796,1.0,0.49271222352981564,,
RQ3 Large Movement,3,2025-10-10,1.0,0.5612332820892334,1.0,0.49271222352981564,,
RQ3 Large Movement,3,2025-10-13,0.0,0.687308669090271,1.0,0.49271222352981564,,
RQ3 Large Movement,3,2025-10-14,1.0,0.6261627674102783,1.0,0.49271222352981564,,
RQ3 Large Movement,3,2025-10-15,0.0,0.5686091184616089,1.0,0.49271222352981564,,
RQ3 Large Movement,3,2025-10-16,0.0,0.587500274181366,1.0,0.49271222352981564,,
RQ3 Large Movement,3,2025-10-17,0.0,0.6786351203918457,1.0,0.49271222352981564,,
RQ3 Large Movement,3,2025-10-21,0.0,0.42198121547698975,0.0,0.49271222352981564,,
RQ3 Large Movement,3,2025-10-23,0.0,0.1621605008840561,0.0,0.49271222352981564,,
RQ3 Large Movement,3,2025-10-24,0.0,0.20400826632976532,0.0,0.49271222352981564,,
RQ3 Large Movement,3,2025-10-29,0.0,0.7826083302497864,1.0,0.49271222352981564,,
RQ3 Large Movement,3,2025-10-30,1.0,0.6245296597480774,1.0,0.49271222352981564,,
RQ3 Large Movement,3,2025-10-31,0.0,0.46797889471054077,0.0,0.49271222352981564,,
RQ3 Large Movement,3,2025-11-03,0.0,0.491639107465744,0.0,0.49271222352981564,,
RQ3 Large Movement,3,2025-11-04,0.0,0.5641124248504639,1.0,0.49271222352981564,,
RQ3 Large Movement,3,2025-11-05,1.0,0.19247165322303772,0.0,0.49271222352981564,,
RQ3 Large Movement,3,2025-11-06,1.0,0.5456503033638,1.0,0.49271222352981564,,
RQ3 Large Movement,3,2025-11-07,0.0,0.6110328435897827,1.0,0.49271222352981564,,
RQ3 Large Movement,3,2025-11-10,0.0,0.5124373435974121,1.0,0.49271222352981564,,
RQ3 Large Movement,3,2025-11-11,0.0,0.29144689440727234,0.0,0.49271222352981564,,
RQ3 Large Movement,3,2025-11-12,0.0,0.5519230365753174,1.0,0.49271222352981564,,
RQ3 Large Movement,3,2025-11-13,0.0,0.5937848091125488,1.0,0.49271222352981564,,
RQ3 Large Movement,3,2025-11-14,1.0,0.6362240314483643,1.0,0.49271222352981564,,
RQ3 Large Movement,3,2025-11-17,1.0,0.6089851260185242,1.0,0.49271222352981564,,
RQ3 Large Movement,3,2025-11-18,1.0,0.6721464395523071,1.0,0.49271222352981564,,
RQ3 Large Movement,3,2025-11-19,0.0,0.6010105609893799,1.0,0.49271222352981564,,
RQ3 Large Movement,3,2025-11-20,1.0,0.5615816712379456,1.0,0.49271222352981564,,
RQ3 Large Movement,3,2025-11-21,1.0,0.7088496685028076,1.0,0.49271222352981564,,
RQ3 Large Movement,3,2025-11-24,0.0,0.6867930889129639,1.0,0.49271222352981564,,
RQ3 Large Movement,3,2025-11-25,0.0,0.5051181316375732,1.0,0.49271222352981564,,
RQ3 Large Movement,3,2025-11-26,0.0,0.5365363359451294,1.0,0.49271222352981564,,
RQ3 Large Movement,3,2025-12-01,0.0,0.6046062707901001,1.0,0.49271222352981564,,
RQ3 Large Movement,3,2025-12-02,0.0,0.5340074896812439,1.0,0.49271222352981564,,
RQ3 Large Movement,3,2025-12-03,0.0,0.1223595142364502,0.0,0.49271222352981564,,
RQ3 Large Movement,3,2025-12-04,0.0,0.6074314713478088,1.0,0.49271222352981564,,
RQ3 Large Movement,3,2025-12-05,0.0,0.41507774591445923,0.0,0.49271222352981564,,
RQ3 Large Movement,3,2025-12-08,0.0,0.5268672704696655,1.0,0.49271222352981564,,
RQ3 Large Movement,3,2025-12-09,0.0,0.4301999509334564,0.0,0.49271222352981564,,
RQ3 Large Movement,3,2025-12-10,0.0,0.733725905418396,1.0,0.49271222352981564,,
RQ3 Large Movement,3,2025-12-11,0.0,0.26737815141677856,0.0,0.49271222352981564,,
RQ3 Large Movement,3,2025-12-12,0.0,0.5259313583374023,1.0,0.49271222352981564,,
RQ3 Large Movement,3,2025-12-15,0.0,0.50307297706604,1.0,0.49271222352981564,,
RQ3 Large Movement,3,2025-12-16,0.0,0.624482274055481,1.0,0.49271222352981564,,
RQ3 Large Movement,3,2025-12-17,0.0,0.5499202013015747,1.0,0.49271222352981564,,
RQ3 Large Movement,3,2025-12-18,0.0,0.6972549557685852,1.0,0.49271222352981564,,
RQ3 Large Movement,3,2025-12-19,0.0,0.22397902607917786,0.0,0.49271222352981564,,
RQ3 Large Movement,3,2025-12-29,0.0,0.24139772355556488,0.0,0.49271222352981564,,
RQ3 Large Movement,3,2025-12-31,1.0,0.5325964093208313,1.0,0.49271222352981564,,
RQ3 Large Movement,3,2026-01-02,0.0,0.6220281720161438,1.0,0.49271222352981564,,
RQ3 Large Movement,3,2026-01-05,0.0,0.41490843892097473,0.0,0.49271222352981564,,
RQ3 Large Movement,3,2026-01-07,1.0,0.4938715398311615,1.0,0.49271222352981564,,
RQ3 Large Movement,3,2026-01-08,0.0,0.47317713499069214,0.0,0.49271222352981564,,
RQ3 Large Movement,3,2026-01-09,0.0,0.13141170144081116,0.0,0.49271222352981564,,
RQ3 Large Movement,3,2026-01-13,0.0,0.542357325553894,1.0,0.49271222352981564,,
RQ3 Large Movement,3,2026-01-14,1.0,0.5957828164100647,1.0,0.49271222352981564,,
RQ3 Large Movement,3,2026-01-15,0.0,0.616184651851654,1.0,0.49271222352981564,,
RQ3 Large Movement,3,2026-01-16,0.0,0.47641539573669434,0.0,0.49271222352981564,,
RQ3 Large Movement,3,2026-01-20,0.0,0.5604017972946167,1.0,0.49271222352981564,,
RQ3 Large Movement,3,2026-01-21,1.0,0.712946891784668,1.0,0.49271222352981564,,
RQ3 Large Movement,3,2026-01-22,0.0,0.632750928401947,1.0,0.49271222352981564,,
RQ3 Large Movement,3,2026-01-23,0.0,0.3746611177921295,0.0,0.49271222352981564,,
RQ3 Large Movement,3,2026-01-26,0.0,0.16070009768009186,0.0,0.49271222352981564,,
RQ3 Large Movement,3,2026-01-28,0.0,0.6665602326393127,1.0,0.49271222352981564,,
