research_question,dataset_variant,feature_set,model,outer_fold,session_date,y_true,prediction,score,threshold,confidence_raw,confidence_percentile,score_percentile,vix_regime,realized_vol_regime,intraday_trend_regime
RQ1 Direction,Relaxed,Full,Histogram Gradient Boosting,1,2024-12-16,0.0,0.0,0.08088223751742919,0.458544690212381,0.3776624526949518,0.8910891089108911,0.019801980198019802,Low,Low,Positive pre-15:00 return
RQ1 Direction,Relaxed,Full,Histogram Gradient Boosting,1,2024-12-17,1.0,1.0,0.5393245921381019,0.458544690212381,0.08077990192572093,0.22772277227722773,0.504950495049505,Low,Low,Negative pre-15:00 return
RQ1 Direction,Relaxed,Full,Histogram Gradient Boosting,1,2024-12-18,0.0,0.0,0.3997755325708605,0.458544690212381,0.058769157641520464,0.18316831683168316,0.30198019801980197,Medium,High,Negative pre-15:00 return
RQ1 Direction,Relaxed,Full,Histogram Gradient Boosting,1,2024-12-19,0.0,0.0,0.4053706407838903,0.458544690212381,0.05317404942849069,0.15841584158415842,0.31683168316831684,High,High,Negative pre-15:00 return
RQ1 Direction,Relaxed,Full,Histogram Gradient Boosting,1,2024-12-20,0.0,1.0,0.7894703341499534,0.458544690212381,0.3309256439375724,0.8316831683168316,0.8514851485148515,Medium,High,Positive pre-15:00 return
RQ1 Direction,Relaxed,Full,Histogram Gradient Boosting,1,2024-12-23,1.0,0.0,0.3677205583959783,0.458544690212381,0.0908241318164027,0.2376237623762376,0.27722772277227725,Medium,Medium,Positive pre-15:00 return
RQ1 Direction,Relaxed,Full,Histogram Gradient Boosting,1,2024-12-26,0.0,0.0,0.2321738518786277,0.458544690212381,0.22637083833375327,0.594059405940594,0.10891089108910891,Low,Low,Positive pre-15:00 return
RQ1 Direction,Relaxed,Full,Histogram Gradient Boosting,1,2024-12-27,0.0,1.0,0.8714266270750524,0.458544690212381,0.4128819368626714,0.9108910891089109,0.9207920792079208,Medium,Medium,Negative pre-15:00 return
RQ1 Direction,Relaxed,Full,Histogram Gradient Boosting,1,2024-12-30,0.0,0.0,0.23863101572531276,0.458544690212381,0.21991367448706822,0.5742574257425742,0.1188118811881188,Medium,High,Positive pre-15:00 return
RQ1 Direction,Relaxed,Full,Histogram Gradient Boosting,1,2024-12-31,0.0,0.0,0.4119666904366855,0.458544690212381,0.04657799977569549,0.12871287128712872,0.3465346534653465,Medium,High,Negative pre-15:00 return
RQ1 Direction,Relaxed,Full,Histogram Gradient Boosting,1,2025-01-02,1.0,1.0,0.7582249049866238,0.458544690212381,0.2996802147742428,0.7821782178217822,0.8316831683168316,Medium,High,Negative pre-15:00 return
RQ1 Direction,Relaxed,Full,Histogram Gradient Boosting,1,2025-01-03,0.0,1.0,0.5527448087166573,0.458544690212381,0.09420011850427634,0.24752475247524752,0.5148514851485149,Medium,Low,Positive pre-15:00 return
RQ1 Direction,Relaxed,Full,Histogram Gradient Boosting,1,2025-01-06,1.0,0.0,0.272733976709655,0.458544690212381,0.185810713502726,0.39603960396039606,0.22772277227722773,Medium,High,Negative pre-15:00 return
RQ1 Direction,Relaxed,Full,Histogram Gradient Boosting,1,2025-01-07,0.0,1.0,0.8911759290901998,0.458544690212381,0.43263123887781885,0.9504950495049505,0.9504950495049505,Medium,Medium,Negative pre-15:00 return
RQ1 Direction,Relaxed,Full,Histogram Gradient Boosting,1,2025-01-08,1.0,1.0,0.9173138698409806,0.458544690212381,0.45876917962859964,0.9702970297029703,0.9702970297029703,Medium,High,Negative pre-15:00 return
RQ1 Direction,Relaxed,Full,Histogram Gradient Boosting,1,2025-01-10,0.0,1.0,0.6808624519611095,0.458544690212381,0.22231776174872853,0.5841584158415841,0.693069306930693,Medium,High,Negative pre-15:00 return
RQ1 Direction,Relaxed,Full,Histogram Gradient Boosting,1,2025-01-13,1.0,0.0,0.329183669720418,0.458544690212381,0.12936102049196296,0.3069306930693069,0.24752475247524752,High,High,Positive pre-15:00 return
RQ1 Direction,Relaxed,Full,Histogram Gradient Boosting,1,2025-01-14,1.0,1.0,0.8567656403569008,0.458544690212381,0.39822095014451986,0.900990099009901,0.9108910891089109,High,High,Negative pre-15:00 return
RQ1 Direction,Relaxed,Full,Histogram Gradient Boosting,1,2025-01-15,0.0,1.0,0.7324882859936259,0.458544690212381,0.27394359578124494,0.7128712871287128,0.7821782178217822,Medium,Low,Positive pre-15:00 return
RQ1 Direction,Relaxed,Full,Histogram Gradient Boosting,1,2025-01-16,0.0,0.0,0.17238873317306494,0.458544690212381,0.28615595703931607,0.7524752475247525,0.0594059405940594,Medium,Medium,Negative pre-15:00 return
RQ1 Direction,Relaxed,Full,Histogram Gradient Boosting,1,2025-01-17,0.0,1.0,0.8110820596597771,0.458544690212381,0.3525373694473961,0.8415841584158416,0.8613861386138614,Low,Low,Positive pre-15:00 return
RQ1 Direction,Relaxed,Full,Histogram Gradient Boosting,1,2025-01-21,1.0,1.0,0.8332377220919014,0.458544690212381,0.3746930318795204,0.8811881188118812,0.900990099009901,Low,Medium,Positive pre-15:00 return
RQ1 Direction,Relaxed,Full,Histogram Gradient Boosting,1,2025-01-22,0.0,0.0,0.24257202155608687,0.458544690212381,0.2159726686562941,0.5544554455445545,0.12871287128712872,Low,Low,Positive pre-15:00 return
RQ1 Direction,Relaxed,Full,Histogram Gradient Boosting,1,2025-01-23,1.0,1.0,0.5606348798083186,0.458544690212381,0.10209018959593763,0.25742574257425743,0.5247524752475248,Low,Low,Positive pre-15:00 return
RQ1 Direction,Relaxed,Full,Histogram Gradient Boosting,1,2025-01-24,1.0,1.0,0.6504561566723578,0.458544690212381,0.1919114664599768,0.43564356435643564,0.6336633663366337,Low,Medium,Negative pre-15:00 return
RQ1 Direction,Relaxed,Full,Histogram Gradient Boosting,1,2025-01-27,1.0,1.0,0.4956587390470833,0.458544690212381,0.03711404883470232,0.10891089108910891,0.46534653465346537,Medium,High,Positive pre-15:00 return
RQ1 Direction,Relaxed,Full,Histogram Gradient Boosting,1,2025-01-28,0.0,0.0,0.4553657575621424,0.458544690212381,0.003178932650238553,0.009900990099009901,0.44554455445544555,Medium,Low,Positive pre-15:00 return
RQ1 Direction,Relaxed,Full,Histogram Gradient Boosting,1,2025-01-29,0.0,1.0,0.6396644865592742,0.458544690212381,0.18111979634689324,0.38613861386138615,0.6138613861386139,Medium,High,Negative pre-15:00 return
RQ1 Direction,Relaxed,Full,Histogram Gradient Boosting,1,2025-01-30,0.0,1.0,0.6160162957587243,0.458544690212381,0.15747160554634332,0.3564356435643564,0.5841584158415841,Low,Low,Positive pre-15:00 return
RQ1 Direction,Relaxed,Full,Histogram Gradient Boosting,1,2025-01-31,0.0,0.0,0.42585635263015886,0.458544690212381,0.032688337582222116,0.0594059405940594,0.39603960396039606,Medium,High,Negative pre-15:00 return
RQ1 Direction,Relaxed,Full,Histogram Gradient Boosting,1,2025-02-03,0.0,1.0,0.662234406231584,0.458544690212381,0.20368971601920305,0.5346534653465347,0.6732673267326733,Medium,Medium,Positive pre-15:00 return
RQ1 Direction,Relaxed,Full,Histogram Gradient Boosting,1,2025-02-04,1.0,0.0,0.3278894940914294,0.458544690212381,0.13065519612095156,0.31683168316831684,0.2376237623762376,Medium,Medium,Positive pre-15:00 return
RQ1 Direction,Relaxed,Full,Histogram Gradient Boosting,1,2025-02-05,1.0,0.0,0.3888261265311433,0.458544690212381,0.06971856368123769,0.19801980198019803,0.2871287128712871,Medium,Low,Positive pre-15:00 return
RQ1 Direction,Relaxed,Full,Histogram Gradient Boosting,1,2025-02-06,1.0,0.0,0.2638187599053089,0.458544690212381,0.19472593030707208,0.44554455445544555,0.19801980198019803,Low,High,Negative pre-15:00 return
RQ1 Direction,Relaxed,Full,Histogram Gradient Boosting,1,2025-02-07,0.0,1.0,0.6583993860829734,0.458544690212381,0.19985469587059246,0.504950495049505,0.6633663366336634,Medium,Medium,Negative pre-15:00 return
RQ1 Direction,Relaxed,Full,Histogram Gradient Boosting,1,2025-02-10,0.0,1.0,0.7470019422921563,0.458544690212381,0.28845725207977535,0.7623762376237624,0.8118811881188119,Low,Low,Positive pre-15:00 return
RQ1 Direction,Relaxed,Full,Histogram Gradient Boosting,1,2025-02-11,0.0,1.0,0.6019343300509828,0.458544690212381,0.14338963983860187,0.33663366336633666,0.5643564356435643,Low,Low,Positive pre-15:00 return
RQ1 Direction,Relaxed,Full,Histogram Gradient Boosting,1,2025-02-12,0.0,1.0,0.537401033640488,0.458544690212381,0.07885634342810699,0.21782178217821782,0.49504950495049505,Low,Medium,Positive pre-15:00 return
RQ1 Direction,Relaxed,Full,Histogram Gradient Boosting,1,2025-02-13,1.0,0.0,0.14205731812522168,0.458544690212381,0.31648737208715927,0.8217821782178217,0.0297029702970297,Low,Medium,Positive pre-15:00 return
RQ1 Direction,Relaxed,Full,Histogram Gradient Boosting,1,2025-02-14,0.0,1.0,0.5698098445252756,0.458544690212381,0.11126515431289463,0.2871287128712871,0.5445544554455446,Low,Low,Positive pre-15:00 return
RQ1 Direction,Relaxed,Full,Histogram Gradient Boosting,1,2025-02-18,1.0,0.0,0.17664252062778601,0.458544690212381,0.28190216958459496,0.7326732673267327,0.06930693069306931,Low,High,Negative pre-15:00 return
RQ1 Direction,Relaxed,Full,Histogram Gradient Boosting,1,2025-02-19,0.0,0.0,0.04548722535885078,0.458544690212381,0.4130574648535302,0.9207920792079208,0.009900990099009901,Low,Medium,Positive pre-15:00 return
RQ1 Direction,Relaxed,Full,Histogram Gradient Boosting,1,2025-02-20,1.0,1.0,0.9648457763723307,0.458544690212381,0.5063010861599497,1.0,1.0,Low,Low,Negative pre-15:00 return
RQ1 Direction,Relaxed,Full,Histogram Gradient Boosting,1,2025-02-21,0.0,0.0,0.22226820231642894,0.458544690212381,0.23627648789595204,0.6138613861386139,0.09900990099009901,Medium,High,Negative pre-15:00 return
RQ1 Direction,Relaxed,Full,Histogram Gradient Boosting,1,2025-02-24,0.0,1.0,0.8861748287663109,0.458544690212381,0.42763013855392995,0.9306930693069307,0.9306930693069307,Medium,Medium,Negative pre-15:00 return
RQ1 Direction,Relaxed,Full,Histogram Gradient Boosting,1,2025-02-25,0.0,1.0,0.6576440346085627,0.458544690212381,0.1990993443961817,0.49504950495049505,0.6534653465346535,High,High,Negative pre-15:00 return
RQ1 Direction,Relaxed,Full,Histogram Gradient Boosting,1,2025-02-26,1.0,1.0,0.7248061365712725,0.458544690212381,0.2662614463588915,0.693069306930693,0.7623762376237624,High,High,Negative pre-15:00 return
RQ1 Direction,Relaxed,Full,Histogram Gradient Boosting,1,2025-02-27,0.0,0.0,0.27091160375681916,0.458544690212381,0.18763308645556181,0.4158415841584158,0.2079207920792079,High,High,Negative pre-15:00 return
RQ1 Direction,Relaxed,Full,Histogram Gradient Boosting,1,2025-02-28,1.0,0.0,0.4059845056025735,0.458544690212381,0.05256018460980749,0.1485148514851485,0.32673267326732675,High,High,Positive pre-15:00 return
RQ1 Direction,Relaxed,Full,Histogram Gradient Boosting,1,2025-03-03,0.0,0.0,0.27262849755835344,0.458544690212381,0.18591619265402753,0.40594059405940597,0.21782178217821782,High,High,Negative pre-15:00 return
RQ1 Direction,Relaxed,Full,Histogram Gradient Boosting,1,2025-03-04,0.0,1.0,0.676116353291873,0.458544690212381,0.21757166307949205,0.5643564356435643,0.6831683168316832,High,High,Positive pre-15:00 return
RQ1 Direction,Relaxed,Full,Histogram Gradient Boosting,1,2025-03-05,0.0,0.0,0.4232955302156242,0.458544690212381,0.03524915999675676,0.0891089108910891,0.37623762376237624,High,High,Positive pre-15:00 return
RQ1 Direction,Relaxed,Full,Histogram Gradient Boosting,1,2025-03-06,1.0,0.0,0.33025497283734556,0.458544690212381,0.12828971737503542,0.297029702970297,0.25742574257425743,High,High,Negative pre-15:00 return
RQ1 Direction,Relaxed,Full,Histogram Gradient Boosting,1,2025-03-07,1.0,0.0,0.35100920231226257,0.458544690212381,0.10753548790011841,0.26732673267326734,0.26732673267326734,High,High,Positive pre-15:00 return
RQ1 Direction,Relaxed,Full,Histogram Gradient Boosting,1,2025-03-10,1.0,0.0,0.3997755325708605,0.458544690212381,0.058769157641520464,0.18316831683168316,0.30198019801980197,High,High,Negative pre-15:00 return
RQ1 Direction,Relaxed,Full,Histogram Gradient Boosting,1,2025-03-11,0.0,0.0,0.4232955302156242,0.458544690212381,0.03524915999675676,0.0891089108910891,0.37623762376237624,High,High,Positive pre-15:00 return
RQ1 Direction,Relaxed,Full,Histogram Gradient Boosting,1,2025-03-12,0.0,1.0,0.5994802565829113,0.458544690212381,0.14093556637053029,0.32673267326732675,0.5544554455445545,High,High,Negative pre-15:00 return
RQ1 Direction,Relaxed,Full,Histogram Gradient Boosting,1,2025-03-13,0.0,1.0,0.6180920761226805,0.458544690212381,0.1595473859102995,0.36633663366336633,0.594059405940594,High,High,Negative pre-15:00 return
RQ1 Direction,Relaxed,Full,Histogram Gradient Boosting,1,2025-03-14,1.0,0.0,0.4392480128210291,0.458544690212381,0.01929667739135188,0.019801980198019802,0.43564356435643564,High,High,Positive pre-15:00 return
RQ1 Direction,Relaxed,Full,Histogram Gradient Boosting,1,2025-03-17,0.0,0.0,0.42901339640036645,0.458544690212381,0.029531293812014525,0.04950495049504951,0.40594059405940597,High,High,Positive pre-15:00 return
RQ1 Direction,Relaxed,Full,Histogram Gradient Boosting,1,2025-03-18,0.0,1.0,0.8120492415100877,0.458544690212381,0.35350455129770675,0.8514851485148515,0.8712871287128713,High,High,Negative pre-15:00 return
RQ1 Direction,Relaxed,Full,Histogram Gradient Boosting,1,2025-03-19,0.0,0.0,0.4232955302156242,0.458544690212381,0.03524915999675676,0.0891089108910891,0.37623762376237624,High,High,Positive pre-15:00 return
RQ1 Direction,Relaxed,Full,Histogram Gradient Boosting,1,2025-03-20,1.0,0.0,0.2573893983077141,0.458544690212381,0.20115529190466686,0.5148514851485149,0.15841584158415842,High,High,Positive pre-15:00 return
RQ1 Direction,Relaxed,Full,Histogram Gradient Boosting,1,2025-03-21,1.0,1.0,0.7662555791984615,0.458544690212381,0.30771088898608057,0.801980198019802,0.8415841584158416,High,High,Positive pre-15:00 return
RQ1 Direction,Relaxed,Full,Histogram Gradient Boosting,1,2025-03-24,1.0,0.0,0.26077748016207136,0.458544690212381,0.19776721005030962,0.48514851485148514,0.16831683168316833,Medium,Medium,Positive pre-15:00 return
RQ1 Direction,Relaxed,Full,Histogram Gradient Boosting,1,2025-03-25,1.0,0.0,0.21418948050853662,0.458544690212381,0.24435520970384436,0.6435643564356436,0.0891089108910891,Medium,Medium,Negative pre-15:00 return
RQ1 Direction,Relaxed,Full,Histogram Gradient Boosting,1,2025-03-26,1.0,1.0,0.8287138128763706,0.458544690212381,0.3701691226639896,0.8613861386138614,0.8811881188118812,Medium,High,Negative pre-15:00 return
RQ1 Direction,Relaxed,Full,Histogram Gradient Boosting,1,2025-03-27,0.0,1.0,0.933231311814453,0.458544690212381,0.474686621602072,0.9801980198019802,0.9801980198019802,Medium,High,Positive pre-15:00 return
RQ1 Direction,Relaxed,Full,Histogram Gradient Boosting,1,2025-03-28,0.0,0.0,0.15666840888134892,0.458544690212381,0.30187628133103206,0.7920792079207921,0.04950495049504951,High,High,Negative pre-15:00 return
RQ1 Direction,Relaxed,Full,Histogram Gradient Boosting,1,2025-03-31,1.0,0.0,0.4390590523678021,0.458544690212381,0.01948563784457885,0.0297029702970297,0.42574257425742573,High,High,Positive pre-15:00 return
RQ1 Direction,Relaxed,Full,Histogram Gradient Boosting,1,2025-04-01,1.0,1.0,0.736190645439087,0.458544690212381,0.277645955226706,0.7227722772277227,0.7920792079207921,High,High,Positive pre-15:00 return
RQ1 Direction,Relaxed,Full,Histogram Gradient Boosting,1,2025-04-02,1.0,1.0,0.7439194119115309,0.458544690212381,0.2853747216991499,0.7425742574257426,0.801980198019802,High,High,Positive pre-15:00 return
RQ1 Direction,Relaxed,Full,Histogram Gradient Boosting,1,2025-04-03,0.0,1.0,0.49177787977472,0.458544690212381,0.033233189562339005,0.06930693069306931,0.45544554455445546,High,High,Negative pre-15:00 return
RQ1 Direction,Relaxed,Full,Histogram Gradient Boosting,1,2025-04-04,0.0,1.0,0.6285754432096932,0.458544690212381,0.17003075299731218,0.37623762376237624,0.6039603960396039,High,High,Negative pre-15:00 return
RQ1 Direction,Relaxed,Full,Histogram Gradient Boosting,1,2025-04-07,1.0,1.0,0.7171231209049305,0.458544690212381,0.2585784306925495,0.6831683168316832,0.7524752475247525,High,High,Positive pre-15:00 return
RQ1 Direction,Relaxed,Full,Histogram Gradient Boosting,1,2025-04-08,0.0,0.0,0.2567063076176401,0.458544690212381,0.2018383825947409,0.5247524752475248,0.1485148514851485,High,High,Negative pre-15:00 return
RQ1 Direction,Relaxed,Full,Histogram Gradient Boosting,1,2025-04-09,1.0,0.0,0.4385959981411662,0.458544690212381,0.019948692071214802,0.039603960396039604,0.4158415841584158,High,High,Positive pre-15:00 return
RQ1 Direction,Relaxed,Full,Histogram Gradient Boosting,1,2025-04-10,0.0,1.0,0.6483049440802428,0.458544690212381,0.18976025386786177,0.42574257425742573,0.6237623762376238,High,High,Negative pre-15:00 return
RQ1 Direction,Relaxed,Full,Histogram Gradient Boosting,1,2025-04-11,1.0,1.0,0.8328197279835341,0.458544690212381,0.3742750377711531,0.8712871287128713,0.8910891089108911,High,High,Positive pre-15:00 return
RQ1 Direction,Relaxed,Full,Histogram Gradient Boosting,1,2025-04-14,0.0,1.0,0.7257803275996954,0.458544690212381,0.2672356373873144,0.7029702970297029,0.7722772277227723,High,High,Negative pre-15:00 return
RQ1 Direction,Relaxed,Full,Histogram Gradient Boosting,1,2025-04-15,0.0,0.0,0.21055762674225856,0.458544690212381,0.24798706347012242,0.6633663366336634,0.07920792079207921,High,High,Negative pre-15:00 return
RQ1 Direction,Relaxed,Full,Histogram Gradient Boosting,1,2025-04-16,1.0,0.0,0.26195944238004676,0.458544690212381,0.19658524783233422,0.4752475247524752,0.1782178217821782,High,High,Negative pre-15:00 return
RQ1 Direction,Relaxed,Full,Histogram Gradient Boosting,1,2025-04-17,0.0,1.0,0.8862076227444124,0.458544690212381,0.42766293253203147,0.9405940594059405,0.9405940594059405,High,High,Negative pre-15:00 return
RQ1 Direction,Relaxed,Full,Histogram Gradient Boosting,1,2025-04-21,1.0,0.0,0.2631017671974427,0.458544690212381,0.19544292301493826,0.45544554455445546,0.18811881188118812,High,High,Negative pre-15:00 return
RQ1 Direction,Relaxed,Full,Histogram Gradient Boosting,1,2025-04-22,1.0,1.0,0.6097040311390611,0.458544690212381,0.15115934092668015,0.3465346534653465,0.5742574257425742,High,High,Positive pre-15:00 return
RQ1 Direction,Relaxed,Full,Histogram Gradient Boosting,1,2025-04-23,0.0,1.0,0.6550692634005301,0.458544690212381,0.1965245731881491,0.46534653465346537,0.6435643564356436,High,High,Negative pre-15:00 return
RQ1 Direction,Relaxed,Full,Histogram Gradient Boosting,1,2025-04-24,1.0,1.0,0.5289271341618318,0.458544690212381,0.07038244394945081,0.2079207920792079,0.48514851485148514,High,High,Positive pre-15:00 return
RQ1 Direction,Relaxed,Full,Histogram Gradient Boosting,1,2025-04-25,1.0,1.0,0.51668741533331,0.458544690212381,0.058142725120928995,0.16831683168316833,0.4752475247524752,High,High,Positive pre-15:00 return
RQ1 Direction,Relaxed,Full,Histogram Gradient Boosting,1,2025-04-28,1.0,1.0,0.7053507746657001,0.458544690212381,0.24680608445331909,0.6534653465346535,0.7326732673267327,High,High,Negative pre-15:00 return
RQ1 Direction,Relaxed,Full,Histogram Gradient Boosting,1,2025-04-29,0.0,1.0,0.9028483082331921,0.458544690212381,0.4443036180208111,0.9603960396039604,0.9603960396039604,High,High,Positive pre-15:00 return
RQ1 Direction,Relaxed,Full,Histogram Gradient Boosting,1,2025-04-30,1.0,1.0,0.7101334811900738,0.458544690212381,0.2515887909776928,0.6732673267326733,0.7425742574257426,High,High,Positive pre-15:00 return
RQ1 Direction,Relaxed,Full,Histogram Gradient Boosting,1,2025-05-01,0.0,1.0,0.9410061663949629,0.458544690212381,0.48246147618258195,0.9900990099009901,0.9900990099009901,High,High,Positive pre-15:00 return
RQ1 Direction,Relaxed,Full,Histogram Gradient Boosting,1,2025-05-02,0.0,1.0,0.6966649194492944,0.458544690212381,0.23812022923691345,0.6237623762376238,0.7128712871287128,High,High,Positive pre-15:00 return
RQ1 Direction,Relaxed,Full,Histogram Gradient Boosting,1,2025-05-05,0.0,1.0,0.6992199448823688,0.458544690212381,0.24067525466998785,0.6336633663366337,0.7227722772277227,High,Medium,Positive pre-15:00 return
RQ1 Direction,Relaxed,Full,Histogram Gradient Boosting,1,2025-05-06,0.0,1.0,0.6886920364187593,0.458544690212381,0.23014734620637833,0.6039603960396039,0.7029702970297029,High,High,Positive pre-15:00 return
RQ1 Direction,Relaxed,Full,Histogram Gradient Boosting,1,2025-05-07,1.0,1.0,0.7549342831258641,0.458544690212381,0.2963895929134831,0.7722772277227723,0.8217821782178217,High,High,Positive pre-15:00 return
RQ1 Direction,Relaxed,Full,Histogram Gradient Boosting,1,2025-05-08,0.0,1.0,0.5667509800697004,0.458544690212381,0.1082062898573194,0.27722772277227725,0.5346534653465347,High,Medium,Positive pre-15:00 return
RQ1 Direction,Relaxed,Full,Histogram Gradient Boosting,1,2025-05-09,0.0,0.0,0.14752839116765276,0.458544690212381,0.3110162990447282,0.8118811881188119,0.039603960396039604,High,Medium,Negative pre-15:00 return
RQ1 Direction,Relaxed,Full,Histogram Gradient Boosting,1,2025-05-12,1.0,0.0,0.41046893281156943,0.458544690212381,0.04807575740081155,0.13861386138613863,0.33663366336633666,Medium,Medium,Positive pre-15:00 return
RQ1 Direction,Relaxed,Full,Histogram Gradient Boosting,1,2025-05-13,0.0,0.0,0.253870866496452,0.458544690212381,0.20467382371592896,0.5445544554455446,0.13861386138613863,Medium,Medium,Positive pre-15:00 return
RQ1 Direction,Relaxed,Full,Histogram Gradient Boosting,1,2025-05-14,0.0,0.0,0.42058554753795035,0.458544690212381,0.037959142674430624,0.1188118811881188,0.3564356435643564,Medium,High,Negative pre-15:00 return
RQ1 Direction,Relaxed,Full,Histogram Gradient Boosting,2,2025-05-15,1.0,0.0,0.37155167610073914,0.5205916006132401,0.14903992451250092,0.5346534653465347,0.37623762376237624,Medium,Medium,Positive pre-15:00 return
RQ1 Direction,Relaxed,Full,Histogram Gradient Boosting,2,2025-05-16,1.0,0.0,0.486143211656109,0.5205916006132401,0.03444838895713104,0.13861386138613863,0.6534653465346535,Medium,Low,Positive pre-15:00 return
RQ1 Direction,Relaxed,Full,Histogram Gradient Boosting,2,2025-05-19,1.0,0.0,0.46984448874723106,0.5205916006132401,0.050747111866009,0.22772277227722773,0.5841584158415841,Medium,Medium,Positive pre-15:00 return
RQ1 Direction,Relaxed,Full,Histogram Gradient Boosting,2,2025-05-20,1.0,0.0,0.39121208548592024,0.5205916006132401,0.12937951512731982,0.46534653465346537,0.42574257425742573,Medium,High,Negative pre-15:00 return
RQ1 Direction,Relaxed,Full,Histogram Gradient Boosting,2,2025-05-21,0.0,0.0,0.5159308114144358,0.5205916006132401,0.004660789198804305,0.0297029702970297,0.7128712871287128,High,High,Negative pre-15:00 return
RQ1 Direction,Relaxed,Full,Histogram Gradient Boosting,2,2025-05-22,0.0,0.0,0.20592640484397715,0.5205916006132401,0.3146651957692629,0.9405940594059405,0.0594059405940594,Medium,Medium,Positive pre-15:00 return
RQ1 Direction,Relaxed,Full,Histogram Gradient Boosting,2,2025-05-23,0.0,1.0,0.5402634464283284,0.5205916006132401,0.019671845815088296,0.0891089108910891,0.7623762376237624,High,Medium,Positive pre-15:00 return
RQ1 Direction,Relaxed,Full,Histogram Gradient Boosting,2,2025-05-27,1.0,1.0,0.7889024452172754,0.5205916006132401,0.2683108446040353,0.8712871287128713,0.9900990099009901,Medium,Low,Positive pre-15:00 return
RQ1 Direction,Relaxed,Full,Histogram Gradient Boosting,2,2025-05-28,0.0,1.0,0.5492646213408581,0.5205916006132401,0.028673020727618015,0.1188118811881188,0.7722772277227723,Medium,Medium,Negative pre-15:00 return
RQ1 Direction,Relaxed,Full,Histogram Gradient Boosting,2,2025-05-29,1.0,0.0,0.4432341745286988,0.5205916006132401,0.07735742608454127,0.33663366336633666,0.5346534653465347,Medium,Medium,Negative pre-15:00 return
RQ1 Direction,Relaxed,Full,Histogram Gradient Boosting,2,2025-05-30,1.0,0.0,0.4172082000584705,0.5205916006132401,0.10338340055476958,0.4158415841584158,0.46534653465346537,Medium,High,Negative pre-15:00 return
RQ1 Direction,Relaxed,Full,Histogram Gradient Boosting,2,2025-06-02,1.0,0.0,0.19162694868737581,0.5205916006132401,0.3289646519258642,0.9801980198019802,0.0297029702970297,Medium,Medium,Positive pre-15:00 return
RQ1 Direction,Relaxed,Full,Histogram Gradient Boosting,2,2025-06-03,0.0,1.0,0.7498270230968009,0.5205916006132401,0.22923542248356088,0.7821782178217822,0.9801980198019802,Medium,Medium,Positive pre-15:00 return
RQ1 Direction,Relaxed,Full,Histogram Gradient Boosting,2,2025-06-04,0.0,0.0,0.5007630808608684,0.5205916006132401,0.019828519752371654,0.09900990099009901,0.6732673267326733,Medium,Low,Positive pre-15:00 return
RQ1 Direction,Relaxed,Full,Histogram Gradient Boosting,2,2025-06-05,0.0,0.0,0.5006285412921089,0.5205916006132401,0.019963059321131182,0.10891089108910891,0.6633663366336634,Medium,High,Negative pre-15:00 return
RQ1 Direction,Relaxed,Full,Histogram Gradient Boosting,2,2025-06-06,0.0,1.0,0.5750335522001919,0.5205916006132401,0.054441951586951864,0.2376237623762376,0.8118811881188119,Medium,Medium,Positive pre-15:00 return
RQ1 Direction,Relaxed,Full,Histogram Gradient Boosting,2,2025-06-09,0.0,0.0,0.4650220507586072,0.5205916006132401,0.05556954985463286,0.25742574257425743,0.5742574257425742,Medium,Low,Positive pre-15:00 return
RQ1 Direction,Relaxed,Full,Histogram Gradient Boosting,2,2025-06-10,1.0,0.0,0.45791931060107294,0.5205916006132401,0.06267229001216712,0.27722772277227725,0.5643564356435643,Medium,Medium,Positive pre-15:00 return
RQ1 Direction,Relaxed,Full,Histogram Gradient Boosting,2,2025-06-11,1.0,1.0,0.5706310747812725,0.5205916006132401,0.05003947416803245,0.21782178217821782,0.801980198019802,Medium,High,Negative pre-15:00 return
RQ1 Direction,Relaxed,Full,Histogram Gradient Boosting,2,2025-06-12,1.0,1.0,0.6926136342924573,0.5205916006132401,0.1720220336792172,0.6633663366336634,0.9405940594059405,Medium,Low,Positive pre-15:00 return
RQ1 Direction,Relaxed,Full,Histogram Gradient Boosting,2,2025-06-13,0.0,0.0,0.26508307839113227,0.5205916006132401,0.2555085222221078,0.8415841584158416,0.1485148514851485,High,High,Negative pre-15:00 return
RQ1 Direction,Relaxed,Full,Histogram Gradient Boosting,2,2025-06-16,1.0,1.0,0.8467622933166759,0.5205916006132401,0.3261706927034358,0.9603960396039604,1.0,Medium,Low,Positive pre-15:00 return
RQ1 Direction,Relaxed,Full,Histogram Gradient Boosting,2,2025-06-17,0.0,0.0,0.327673175871428,0.5205916006132401,0.19291842474181203,0.7128712871287128,0.24752475247524752,High,Medium,Negative pre-15:00 return
RQ1 Direction,Relaxed,Full,Histogram Gradient Boosting,2,2025-06-18,1.0,0.0,0.4109811959640002,0.5205916006132401,0.10961040464923988,0.42574257425742573,0.45544554455445546,High,High,Negative pre-15:00 return
RQ1 Direction,Relaxed,Full,Histogram Gradient Boosting,2,2025-06-20,1.0,1.0,0.5845031569862292,0.5205916006132401,0.06391155637298918,0.297029702970297,0.8514851485148515,High,Medium,Negative pre-15:00 return
RQ1 Direction,Relaxed,Full,Histogram Gradient Boosting,2,2025-06-23,1.0,0.0,0.3442268559230765,0.5205916006132401,0.17636474469016356,0.6732673267326733,0.27722772277227725,High,Medium,Positive pre-15:00 return
RQ1 Direction,Relaxed,Full,Histogram Gradient Boosting,2,2025-06-24,0.0,0.0,0.3853497209837964,0.5205916006132401,0.13524187962944367,0.48514851485148514,0.4158415841584158,Medium,Low,Positive pre-15:00 return
RQ1 Direction,Relaxed,Full,Histogram Gradient Boosting,2,2025-06-25,1.0,1.0,0.5836439288854645,0.5205916006132401,0.0630523282722244,0.2871287128712871,0.8415841584158416,Medium,Low,Negative pre-15:00 return
RQ1 Direction,Relaxed,Full,Histogram Gradient Boosting,2,2025-06-26,1.0,1.0,0.5335103817106656,0.5205916006132401,0.012918781097425502,0.0594059405940594,0.7524752475247525,Low,Low,Positive pre-15:00 return
RQ1 Direction,Relaxed,Full,Histogram Gradient Boosting,2,2025-06-27,1.0,1.0,0.682627360385387,0.5205916006132401,0.1620357597721469,0.6039603960396039,0.9306930693069307,Medium,High,Negative pre-15:00 return
RQ1 Direction,Relaxed,Full,Histogram Gradient Boosting,2,2025-06-30,1.0,0.0,0.28554007104578844,0.5205916006132401,0.23505152956745162,0.801980198019802,0.18811881188118812,Medium,Low,Negative pre-15:00 return
RQ1 Direction,Relaxed,Full,Histogram Gradient Boosting,2,2025-07-01,0.0,1.0,0.6673588100521132,0.5205916006132401,0.14676720943887311,0.5148514851485149,0.900990099009901,Medium,Low,Positive pre-15:00 return
RQ1 Direction,Relaxed,Full,Histogram Gradient Boosting,2,2025-07-02,1.0,0.0,0.3292499087277034,0.5205916006132401,0.19134169188553668,0.693069306930693,0.26732673267326734,Medium,Low,Positive pre-15:00 return
RQ1 Direction,Relaxed,Full,Histogram Gradient Boosting,2,2025-07-07,1.0,0.0,0.4247777815919359,0.5205916006132401,0.09581381902130415,0.39603960396039606,0.48514851485148514,Medium,Medium,Negative pre-15:00 return
RQ1 Direction,Relaxed,Full,Histogram Gradient Boosting,2,2025-07-08,0.0,0.0,0.47280591149659956,0.5205916006132401,0.047785689116640495,0.18811881188118812,0.6039603960396039,Medium,Low,Negative pre-15:00 return
RQ1 Direction,Relaxed,Full,Histogram Gradient Boosting,2,2025-07-09,1.0,1.0,0.6029953141089466,0.5205916006132401,0.08240371349570652,0.36633663366336633,0.8712871287128713,Low,Low,Positive pre-15:00 return
RQ1 Direction,Relaxed,Full,Histogram Gradient Boosting,2,2025-07-11,0.0,0.0,0.37266429724939154,0.5205916006132401,0.14792730336384852,0.5247524752475248,0.38613861386138615,Low,Low,Positive pre-15:00 return
RQ1 Direction,Relaxed,Full,Histogram Gradient Boosting,2,2025-07-14,0.0,0.0,0.30672682117208483,0.5205916006132401,0.21386477944115523,0.7722772277227723,0.2079207920792079,Medium,Low,Positive pre-15:00 return
RQ1 Direction,Relaxed,Full,Histogram Gradient Boosting,2,2025-07-15,0.0,0.0,0.501072998031541,0.5205916006132401,0.01951860258169902,0.07920792079207921,0.6831683168316832,Medium,Low,Negative pre-15:00 return
RQ1 Direction,Relaxed,Full,Histogram Gradient Boosting,2,2025-07-16,0.0,0.0,0.5172667716270554,0.5205916006132401,0.0033248289861846914,0.019801980198019802,0.7227722772277227,Medium,Low,Positive pre-15:00 return
RQ1 Direction,Relaxed,Full,Histogram Gradient Boosting,2,2025-07-18,1.0,0.0,0.35694650223695523,0.5205916006132401,0.16364509837628483,0.6237623762376238,0.31683168316831684,Medium,Low,Negative pre-15:00 return
RQ1 Direction,Relaxed,Full,Histogram Gradient Boosting,2,2025-07-22,0.0,0.0,0.48022940607364306,0.5205916006132401,0.040362194539596996,0.16831683168316833,0.6237623762376238,Medium,Low,Positive pre-15:00 return
RQ1 Direction,Relaxed,Full,Histogram Gradient Boosting,2,2025-07-23,1.0,0.0,0.20638233366906195,0.5205916006132401,0.3142092669441781,0.9306930693069307,0.06930693069306931,Low,Low,Positive pre-15:00 return
RQ1 Direction,Relaxed,Full,Histogram Gradient Boosting,2,2025-07-25,0.0,0.0,0.32355709176193315,0.5205916006132401,0.1970345088513069,0.7326732673267327,0.2376237623762376,Low,Low,Positive pre-15:00 return
RQ1 Direction,Relaxed,Full,Histogram Gradient Boosting,2,2025-07-28,1.0,1.0,0.5820822741536766,0.5205916006132401,0.06149067354043658,0.26732673267326734,0.8316831683168316,Low,Low,Negative pre-15:00 return
RQ1 Direction,Relaxed,Full,Histogram Gradient Boosting,2,2025-07-29,0.0,0.0,0.3652686894512468,0.5205916006132401,0.15532291116199326,0.5643564356435643,0.36633663366336633,Low,Low,Negative pre-15:00 return
RQ1 Direction,Relaxed,Full,Histogram Gradient Boosting,2,2025-07-30,1.0,0.0,0.4748148240465544,0.5205916006132401,0.04577677656668566,0.1782178217821782,0.6138613861386139,Medium,High,Negative pre-15:00 return
RQ1 Direction,Relaxed,Full,Histogram Gradient Boosting,2,2025-07-31,0.0,0.0,0.43049369353053096,0.5205916006132401,0.0900979070827091,0.38613861386138615,0.49504950495049505,Low,High,Negative pre-15:00 return
RQ1 Direction,Relaxed,Full,Histogram Gradient Boosting,2,2025-08-01,1.0,1.0,0.6403089578532725,0.5205916006132401,0.11971735724003241,0.45544554455445546,0.8811881188118812,High,High,Negative pre-15:00 return
RQ1 Direction,Relaxed,Full,Histogram Gradient Boosting,2,2025-08-04,1.0,1.0,0.6538449705647951,0.5205916006132401,0.133253369951555,0.4752475247524752,0.8910891089108911,Medium,Low,Positive pre-15:00 return
RQ1 Direction,Relaxed,Full,Histogram Gradient Boosting,2,2025-08-05,0.0,0.0,0.2314383284486831,0.5205916006132401,0.289153272164557,0.900990099009901,0.09900990099009901,Medium,Medium,Negative pre-15:00 return
RQ1 Direction,Relaxed,Full,Histogram Gradient Boosting,2,2025-08-06,0.0,1.0,0.5284504620201537,0.5205916006132401,0.007858861406913609,0.04950495049504951,0.7425742574257426,Medium,Low,Positive pre-15:00 return
RQ1 Direction,Relaxed,Full,Histogram Gradient Boosting,2,2025-08-07,1.0,0.0,0.22310108373499635,0.5205916006132401,0.2974905168782437,0.9108910891089109,0.0891089108910891,Medium,Medium,Negative pre-15:00 return
RQ1 Direction,Relaxed,Full,Histogram Gradient Boosting,2,2025-08-08,0.0,0.0,0.4196001839039304,0.5205916006132401,0.10099141670930967,0.40594059405940597,0.4752475247524752,Low,Low,Positive pre-15:00 return
RQ1 Direction,Relaxed,Full,Histogram Gradient Boosting,2,2025-08-11,0.0,0.0,0.288514265373697,0.5205916006132401,0.23207733523954305,0.7920792079207921,0.19801980198019803,Low,Medium,Negative pre-15:00 return
RQ1 Direction,Relaxed,Full,Histogram Gradient Boosting,2,2025-08-12,1.0,0.0,0.5018227533590952,0.5205916006132401,0.01876884725414485,0.06930693069306931,0.693069306930693,Low,Low,Positive pre-15:00 return
RQ1 Direction,Relaxed,Full,Histogram Gradient Boosting,2,2025-08-13,1.0,0.0,0.37465667593258617,0.5205916006132401,0.1459349246806539,0.49504950495049505,0.40594059405940597,Low,Medium,Negative pre-15:00 return
RQ1 Direction,Relaxed,Full,Histogram Gradient Boosting,2,2025-08-14,1.0,0.0,0.48406185144277974,0.5205916006132401,0.03652974917046031,0.1485148514851485,0.6435643564356436,Low,Low,Positive pre-15:00 return
RQ1 Direction,Relaxed,Full,Histogram Gradient Boosting,2,2025-08-15,0.0,1.0,0.7225599941887803,0.5205916006132401,0.2019683935755402,0.7524752475247525,0.9702970297029703,Low,Low,Negative pre-15:00 return
RQ1 Direction,Relaxed,Full,Histogram Gradient Boosting,2,2025-08-18,0.0,0.0,0.3159988328175051,0.5205916006132401,0.20459276779573493,0.7623762376237624,0.21782178217821782,Low,Low,Positive pre-15:00 return
RQ1 Direction,Relaxed,Full,Histogram Gradient Boosting,2,2025-08-19,1.0,1.0,0.6741694900565468,0.5205916006132401,0.15357788944330675,0.5445544554455446,0.9108910891089109,Low,Medium,Negative pre-15:00 return
RQ1 Direction,Relaxed,Full,Histogram Gradient Boosting,2,2025-08-20,1.0,0.0,0.24972093084134953,0.5205916006132401,0.27087066977189056,0.8811881188118812,0.1188118811881188,Low,Medium,Negative pre-15:00 return
RQ1 Direction,Relaxed,Full,Histogram Gradient Boosting,2,2025-08-21,0.0,0.0,0.17119903188914604,0.5205916006132401,0.349392568724094,0.9900990099009901,0.019801980198019802,Medium,Medium,Negative pre-15:00 return
RQ1 Direction,Relaxed,Full,Histogram Gradient Boosting,2,2025-08-22,0.0,0.0,0.5142747157252617,0.5205916006132401,0.006316884887978325,0.039603960396039604,0.7029702970297029,Low,Low,Positive pre-15:00 return
RQ1 Direction,Relaxed,Full,Histogram Gradient Boosting,2,2025-08-25,0.0,0.0,0.2745376043263079,0.5205916006132401,0.24605399628693214,0.8217821782178217,0.16831683168316833,Low,Low,Negative pre-15:00 return
RQ1 Direction,Relaxed,Full,Histogram Gradient Boosting,2,2025-08-26,1.0,0.0,0.3194643587586752,0.5205916006132401,0.20112724185456488,0.7425742574257426,0.22772277227722773,Low,Low,Positive pre-15:00 return
RQ1 Direction,Relaxed,Full,Histogram Gradient Boosting,2,2025-08-27,0.0,0.0,0.3610030773284054,0.5205916006132401,0.15958852328483464,0.5742574257425742,0.3564356435643564,Low,Low,Positive pre-15:00 return
RQ1 Direction,Relaxed,Full,Histogram Gradient Boosting,2,2025-08-28,0.0,1.0,0.568682003574475,0.5205916006132401,0.0480904029612349,0.19801980198019803,0.7920792079207921,Low,Low,Positive pre-15:00 return
RQ1 Direction,Relaxed,Full,Histogram Gradient Boosting,2,2025-08-29,1.0,1.0,0.71554322797312,0.5205916006132401,0.19495162735987992,0.7227722772277227,0.9603960396039604,Low,Low,Negative pre-15:00 return
RQ1 Direction,Relaxed,Full,Histogram Gradient Boosting,2,2025-09-02,1.0,0.0,0.2675508462885999,0.5205916006132401,0.2530407543246402,0.8316831683168316,0.15841584158415842,Medium,Medium,Negative pre-15:00 return
RQ1 Direction,Relaxed,Full,Histogram Gradient Boosting,2,2025-09-03,1.0,0.0,0.3525533211158305,0.5205916006132401,0.16803827949740957,0.6534653465346535,0.2871287128712871,Medium,Medium,Negative pre-15:00 return
RQ1 Direction,Relaxed,Full,Histogram Gradient Boosting,2,2025-09-04,1.0,0.0,0.3559192648400769,0.5205916006132401,0.16467233577316315,0.6435643564356436,0.297029702970297,Low,Low,Positive pre-15:00 return
RQ1 Direction,Relaxed,Full,Histogram Gradient Boosting,2,2025-09-05,1.0,0.0,0.19532180361031132,0.5205916006132401,0.32526979700292874,0.9504950495049505,0.04950495049504951,Low,Medium,Negative pre-15:00 return
RQ1 Direction,Relaxed,Full,Histogram Gradient Boosting,2,2025-09-08,1.0,0.0,0.3570563464021553,0.5205916006132401,0.16353525421108478,0.6138613861386139,0.32673267326732675,Low,Low,Negative pre-15:00 return
RQ1 Direction,Relaxed,Full,Histogram Gradient Boosting,2,2025-09-09,1.0,0.0,0.433168182211041,0.5205916006132401,0.08742341840219908,0.37623762376237624,0.504950495049505,Low,Low,Positive pre-15:00 return
RQ1 Direction,Relaxed,Full,Histogram Gradient Boosting,2,2025-09-10,1.0,1.0,0.575541739963085,0.5205916006132401,0.05495013934984494,0.24752475247524752,0.8217821782178217,Low,Low,Negative pre-15:00 return
RQ1 Direction,Relaxed,Full,Histogram Gradient Boosting,2,2025-09-11,1.0,1.0,0.5224712467059924,0.5205916006132401,0.001879646092752374,0.009900990099009901,0.7326732673267327,Low,Low,Positive pre-15:00 return
RQ1 Direction,Relaxed,Full,Histogram Gradient Boosting,2,2025-09-12,0.0,0.0,0.35652344549690257,0.5205916006132401,0.1640681551163375,0.6336633663366337,0.3069306930693069,Low,Low,Positive pre-15:00 return
RQ1 Direction,Relaxed,Full,Histogram Gradient Boosting,2,2025-09-15,1.0,1.0,0.5957109779259517,0.5205916006132401,0.07511937731271168,0.32673267326732675,0.8613861386138614,Low,Low,Positive pre-15:00 return
RQ1 Direction,Relaxed,Full,Histogram Gradient Boosting,2,2025-09-16,0.0,0.0,0.3289443906235263,0.5205916006132401,0.19164720998971374,0.7029702970297029,0.25742574257425743,Low,Low,Negative pre-15:00 return
RQ1 Direction,Relaxed,Full,Histogram Gradient Boosting,2,2025-09-17,1.0,0.0,0.19437770438055496,0.5205916006132401,0.3262138962326851,0.9702970297029703,0.039603960396039604,Low,High,Negative pre-15:00 return
RQ1 Direction,Relaxed,Full,Histogram Gradient Boosting,2,2025-09-18,0.0,1.0,0.7099028449715206,0.5205916006132401,0.1893112443582805,0.6831683168316832,0.9504950495049505,Low,Low,Positive pre-15:00 return
RQ1 Direction,Relaxed,Full,Histogram Gradient Boosting,2,2025-09-19,1.0,0.0,0.3601224516239726,0.5205916006132401,0.16046914898926745,0.5841584158415841,0.3465346534653465,Low,Low,Positive pre-15:00 return
RQ1 Direction,Relaxed,Full,Histogram Gradient Boosting,2,2025-09-22,0.0,0.0,0.2835045531244621,0.5205916006132401,0.23708704748877796,0.8118811881188119,0.1782178217821782,Low,Low,Positive pre-15:00 return
RQ1 Direction,Relaxed,Full,Histogram Gradient Boosting,2,2025-09-23,1.0,0.0,0.4486122274393707,0.5205916006132401,0.07197937317386938,0.31683168316831684,0.5445544554455446,Medium,Medium,Negative pre-15:00 return
RQ1 Direction,Relaxed,Full,Histogram Gradient Boosting,2,2025-09-24,0.0,0.0,0.4396996555647658,0.5205916006132401,0.08089194504847425,0.3465346534653465,0.5247524752475248,Medium,Low,Negative pre-15:00 return
RQ1 Direction,Relaxed,Full,Histogram Gradient Boosting,2,2025-09-25,0.0,0.0,0.2480557844389055,0.5205916006132401,0.27253581617433453,0.8910891089108911,0.10891089108910891,Medium,Medium,Negative pre-15:00 return
RQ1 Direction,Relaxed,Full,Histogram Gradient Boosting,2,2025-09-26,0.0,0.0,0.2599577001074321,0.5205916006132401,0.260633900505808,0.8514851485148515,0.13861386138613863,Low,Low,Positive pre-15:00 return
RQ1 Direction,Relaxed,Full,Histogram Gradient Boosting,2,2025-09-29,1.0,0.0,0.37384461566043364,0.5205916006132401,0.14674698495280641,0.504950495049505,0.39603960396039606,Low,Low,Negative pre-15:00 return
RQ1 Direction,Relaxed,Full,Histogram Gradient Boosting,2,2025-09-30,1.0,0.0,0.4708215542823036,0.5205916006132401,0.04977004633093646,0.2079207920792079,0.594059405940594,Low,Low,Positive pre-15:00 return
RQ1 Direction,Relaxed,Full,Histogram Gradient Boosting,2,2025-10-02,0.0,0.0,0.4068706596270522,0.5205916006132401,0.11372094098618785,0.43564356435643564,0.44554455445544555,Medium,Low,Negative pre-15:00 return
RQ1 Direction,Relaxed,Full,Histogram Gradient Boosting,2,2025-10-03,0.0,0.0,0.3590092690843147,0.5205916006132401,0.16158233152892537,0.594059405940594,0.33663366336633666,Medium,Medium,Positive pre-15:00 return
RQ1 Direction,Relaxed,Full,Histogram Gradient Boosting,2,2025-10-06,0.0,0.0,0.2538718976474936,0.5205916006132401,0.26671970296574643,0.8613861386138614,0.12871287128712872,Medium,Low,Positive pre-15:00 return
RQ1 Direction,Relaxed,Full,Histogram Gradient Boosting,2,2025-10-07,0.0,0.0,0.48195225575404976,0.5205916006132401,0.038639344859190294,0.15841584158415842,0.6336633663366337,Medium,Low,Negative pre-15:00 return
RQ1 Direction,Relaxed,Full,Histogram Gradient Boosting,2,2025-10-08,1.0,0.0,0.4034788129351493,0.5205916006132401,0.11711278767809075,0.44554455445544555,0.43564356435643564,Medium,Low,Positive pre-15:00 return
RQ1 Direction,Relaxed,Full,Histogram Gradient Boosting,2,2025-10-09,1.0,1.0,0.6758452009027991,0.5205916006132401,0.15525360028955904,0.5544554455445545,0.9207920792079208,Medium,Low,Negative pre-15:00 return
RQ1 Direction,Relaxed,Full,Histogram Gradient Boosting,2,2025-10-10,0.0,0.0,0.4392337409244072,0.5205916006132401,0.08135785968883286,0.3564356435643564,0.5148514851485149,High,High,Negative pre-15:00 return
RQ1 Direction,Relaxed,Full,Histogram Gradient Boosting,2,2025-10-13,1.0,1.0,0.550560035289378,0.5205916006132401,0.029968434676137967,0.12871287128712872,0.7821782178217822,Medium,Medium,Positive pre-15:00 return
RQ1 Direction,Relaxed,Full,Histogram Gradient Boosting,2,2025-10-14,0.0,0.0,0.45266684568203647,0.5205916006132401,0.06792475493120359,0.3069306930693069,0.5544554455445545,Medium,Medium,Positive pre-15:00 return
RQ1 Direction,Relaxed,Full,Histogram Gradient Boosting,2,2025-10-15,0.0,0.0,0.10652019689829488,0.5205916006132401,0.41407140371494516,1.0,0.009900990099009901,High,Medium,Negative pre-15:00 return
RQ1 Direction,Relaxed,Full,Histogram Gradient Boosting,2,2025-10-16,1.0,0.0,0.21704159184873148,0.5205916006132401,0.30355000876450855,0.9207920792079208,0.07920792079207921,High,High,Negative pre-15:00 return
RQ1 Direction,Relaxed,Full,Histogram Gradient Boosting,3,2025-10-17,0.0,1.0,0.49902688147275187,0.4958745327232828,0.0031523487494690694,0.009900990099009901,0.5544554455445545,High,High,Positive pre-15:00 return
RQ1 Direction,Relaxed,Full,Histogram Gradient Boosting,3,2025-10-20,0.0,1.0,0.5815083827857658,0.4958745327232828,0.08563385006248297,0.36633663366336633,0.7425742574257426,Medium,Low,Positive pre-15:00 return
RQ1 Direction,Relaxed,Full,Histogram Gradient Boosting,3,2025-10-21,0.0,0.0,0.3236886420220648,0.4958745327232828,0.17218589070121798,0.7524752475247525,0.1782178217821782,Medium,Low,Positive pre-15:00 return
RQ1 Direction,Relaxed,Full,Histogram Gradient Boosting,3,2025-10-23,0.0,0.0,0.38058479927413563,0.4958745327232828,0.11528973344914717,0.4752475247524752,0.31683168316831684,Medium,Low,Positive pre-15:00 return
RQ1 Direction,Relaxed,Full,Histogram Gradient Boosting,3,2025-10-24,0.0,0.0,0.40954099725652615,0.4958745327232828,0.08633353546675665,0.37623762376237624,0.37623762376237624,Medium,Low,Positive pre-15:00 return
RQ1 Direction,Relaxed,Full,Histogram Gradient Boosting,3,2025-10-28,0.0,0.0,0.28488833718378165,0.4958745327232828,0.21098619553950115,0.8217821782178217,0.12871287128712872,Low,Low,Positive pre-15:00 return
RQ1 Direction,Relaxed,Full,Histogram Gradient Boosting,3,2025-10-29,1.0,1.0,0.6060958993357469,0.4958745327232828,0.11022136661246412,0.46534653465346537,0.7821782178217822,Medium,High,Negative pre-15:00 return
RQ1 Direction,Relaxed,Full,Histogram Gradient Boosting,3,2025-10-30,0.0,1.0,0.5327086444537166,0.4958745327232828,0.03683411173043377,0.1782178217821782,0.6237623762376238,Medium,Medium,Negative pre-15:00 return
RQ1 Direction,Relaxed,Full,Histogram Gradient Boosting,3,2025-10-31,0.0,1.0,0.5359092146984872,0.4958745327232828,0.04003468197520438,0.2079207920792079,0.6435643564356436,Medium,Medium,Negative pre-15:00 return
RQ1 Direction,Relaxed,Full,Histogram Gradient Boosting,3,2025-11-03,0.0,1.0,0.6252697564847219,0.4958745327232828,0.12939522376143914,0.5643564356435643,0.8217821782178217,Medium,Medium,Negative pre-15:00 return
RQ1 Direction,Relaxed,Full,Histogram Gradient Boosting,3,2025-11-04,1.0,1.0,0.7312417419175711,0.4958745327232828,0.23536720919428827,0.8910891089108911,0.9702970297029703,Medium,High,Negative pre-15:00 return
RQ1 Direction,Relaxed,Full,Histogram Gradient Boosting,3,2025-11-05,0.0,1.0,0.5618973215576517,0.4958745327232828,0.0660227888343689,0.31683168316831684,0.7227722772277227,Medium,Medium,Positive pre-15:00 return
RQ1 Direction,Relaxed,Full,Histogram Gradient Boosting,3,2025-11-06,0.0,0.0,0.24567709858310843,0.4958745327232828,0.25019743414017437,0.9108910891089109,0.06930693069306931,Medium,High,Negative pre-15:00 return
RQ1 Direction,Relaxed,Full,Histogram Gradient Boosting,3,2025-11-07,1.0,1.0,0.524269338781665,0.4958745327232828,0.028394806058382238,0.12871287128712872,0.6039603960396039,High,High,Positive pre-15:00 return
RQ1 Direction,Relaxed,Full,Histogram Gradient Boosting,3,2025-11-10,0.0,0.0,0.4872115703826341,0.4958745327232828,0.008662962340648728,0.039603960396039604,0.5346534653465347,Medium,Medium,Positive pre-15:00 return
RQ1 Direction,Relaxed,Full,Histogram Gradient Boosting,3,2025-11-11,0.0,1.0,0.6045776572214173,0.4958745327232828,0.10870312449813452,0.45544554455445546,0.7722772277227723,Medium,Medium,Positive pre-15:00 return
RQ1 Direction,Relaxed,Full,Histogram Gradient Boosting,3,2025-11-12,1.0,0.0,0.34510429643525553,0.4958745327232828,0.15077023628802727,0.6534653465346535,0.22772277227722773,Medium,Medium,Negative pre-15:00 return
RQ1 Direction,Relaxed,Full,Histogram Gradient Boosting,3,2025-11-13,1.0,1.0,0.6249652520258233,0.4958745327232828,0.1290907193025405,0.5544554455445545,0.8118811881188119,High,High,Negative pre-15:00 return
RQ1 Direction,Relaxed,Full,Histogram Gradient Boosting,3,2025-11-14,0.0,1.0,0.5585116363230573,0.4958745327232828,0.06263710359977454,0.26732673267326734,0.6831683168316832,High,High,Positive pre-15:00 return
RQ1 Direction,Relaxed,Full,Histogram Gradient Boosting,3,2025-11-17,1.0,1.0,0.5704301645824688,0.4958745327232828,0.07455563185918596,0.32673267326732675,0.7326732673267327,High,High,Negative pre-15:00 return
RQ1 Direction,Relaxed,Full,Histogram Gradient Boosting,3,2025-11-18,0.0,0.0,0.34281043688509566,0.4958745327232828,0.15306409583818714,0.6633663366336634,0.21782178217821782,High,High,Positive pre-15:00 return
RQ1 Direction,Relaxed,Full,Histogram Gradient Boosting,3,2025-11-19,1.0,0.0,0.36894507198750986,0.4958745327232828,0.12692946073577294,0.5445544554455446,0.26732673267326734,High,High,Positive pre-15:00 return
RQ1 Direction,Relaxed,Full,Histogram Gradient Boosting,3,2025-11-20,0.0,0.0,0.31265551100718986,0.4958745327232828,0.18321902171609294,0.7722772277227723,0.15841584158415842,High,High,Negative pre-15:00 return
RQ1 Direction,Relaxed,Full,Histogram Gradient Boosting,3,2025-11-21,0.0,1.0,0.6207490993961146,0.4958745327232828,0.12487456667283175,0.5346534653465347,0.801980198019802,High,High,Positive pre-15:00 return
RQ1 Direction,Relaxed,Full,Histogram Gradient Boosting,3,2025-11-24,1.0,1.0,0.5866514209128371,0.4958745327232828,0.09077688818955426,0.38613861386138615,0.7524752475247525,High,Medium,Positive pre-15:00 return
RQ1 Direction,Relaxed,Full,Histogram Gradient Boosting,3,2025-11-25,1.0,0.0,0.4172447626889811,0.4958745327232828,0.07862977003430172,0.3465346534653465,0.39603960396039606,Medium,Medium,Positive pre-15:00 return
RQ1 Direction,Relaxed,Full,Histogram Gradient Boosting,3,2025-11-26,0.0,0.0,0.489340737692618,0.4958745327232828,0.006533795030664813,0.0297029702970297,0.5445544554455446,Medium,Medium,Positive pre-15:00 return
RQ1 Direction,Relaxed,Full,Histogram Gradient Boosting,3,2025-12-01,0.0,0.0,0.4847530351740299,0.4958745327232828,0.011121497549252901,0.04950495049504951,0.5247524752475248,Medium,Medium,Positive pre-15:00 return
RQ1 Direction,Relaxed,Full,Histogram Gradient Boosting,3,2025-12-02,0.0,0.0,0.33940977770634445,0.4958745327232828,0.15646475501693835,0.6831683168316832,0.2079207920792079,Medium,Medium,Positive pre-15:00 return
RQ1 Direction,Relaxed,Full,Histogram Gradient Boosting,3,2025-12-03,0.0,0.0,0.26635786527454214,0.4958745327232828,0.22951666744874066,0.8613861386138614,0.10891089108910891,Low,Low,Positive pre-15:00 return
RQ1 Direction,Relaxed,Full,Histogram Gradient Boosting,3,2025-12-04,1.0,1.0,0.6368125769421862,0.4958745327232828,0.14093804421890338,0.6237623762376238,0.8613861386138614,Low,High,Negative pre-15:00 return
RQ1 Direction,Relaxed,Full,Histogram Gradient Boosting,3,2025-12-05,0.0,0.0,0.4628373818922008,0.4958745327232828,0.033037150831081996,0.1485148514851485,0.4752475247524752,Low,Low,Positive pre-15:00 return
RQ1 Direction,Relaxed,Full,Histogram Gradient Boosting,3,2025-12-08,1.0,1.0,0.6140483960469392,0.4958745327232828,0.11817386332365637,0.49504950495049505,0.7920792079207921,Medium,Low,Negative pre-15:00 return
RQ1 Direction,Relaxed,Full,Histogram Gradient Boosting,3,2025-12-09,0.0,1.0,0.7020152526788582,0.4958745327232828,0.20614071995557542,0.801980198019802,0.9306930693069307,Medium,Low,Positive pre-15:00 return
RQ1 Direction,Relaxed,Full,Histogram Gradient Boosting,3,2025-12-10,0.0,0.0,0.4716665286180269,0.4958745327232828,0.02420800410525592,0.07920792079207921,0.504950495049505,Low,High,Positive pre-15:00 return
RQ1 Direction,Relaxed,Full,Histogram Gradient Boosting,3,2025-12-11,1.0,0.0,0.3798455627984936,0.4958745327232828,0.11602896992478923,0.48514851485148514,0.3069306930693069,Low,Low,Positive pre-15:00 return
RQ1 Direction,Relaxed,Full,Histogram Gradient Boosting,3,2025-12-12,0.0,0.0,0.2493875734467384,0.4958745327232828,0.2464869592765444,0.900990099009901,0.07920792079207921,Low,Medium,Negative pre-15:00 return
RQ1 Direction,Relaxed,Full,Histogram Gradient Boosting,3,2025-12-15,0.0,0.0,0.26123462760966115,0.4958745327232828,0.23463990511362165,0.8811881188118812,0.0891089108910891,Medium,Medium,Negative pre-15:00 return
RQ1 Direction,Relaxed,Full,Histogram Gradient Boosting,3,2025-12-16,1.0,0.0,0.4036139372894466,0.4958745327232828,0.09226059543383619,0.40594059405940597,0.3564356435643564,Medium,Medium,Negative pre-15:00 return
RQ1 Direction,Relaxed,Full,Histogram Gradient Boosting,3,2025-12-17,0.0,0.0,0.1043873502499402,0.4958745327232828,0.3914871824733426,1.0,0.009900990099009901,Medium,Medium,Negative pre-15:00 return
RQ1 Direction,Relaxed,Full,Histogram Gradient Boosting,3,2025-12-18,1.0,1.0,0.589411045332674,0.4958745327232828,0.09353651260939116,0.4158415841584158,0.7623762376237624,Medium,High,Negative pre-15:00 return
RQ1 Direction,Relaxed,Full,Histogram Gradient Boosting,3,2025-12-19,0.0,1.0,0.5232478190021685,0.4958745327232828,0.027373286278885745,0.1188118811881188,0.594059405940594,Low,Low,Positive pre-15:00 return
RQ1 Direction,Relaxed,Full,Histogram Gradient Boosting,3,2025-12-22,1.0,1.0,0.5355426858296612,0.4958745327232828,0.039668153106378445,0.19801980198019803,0.6336633663366337,Low,Low,Positive pre-15:00 return
RQ1 Direction,Relaxed,Full,Histogram Gradient Boosting,3,2025-12-26,1.0,0.0,0.4134807275975627,0.4958745327232828,0.08239380512572009,0.3564356435643564,0.38613861386138615,Low,Low,Negative pre-15:00 return
RQ1 Direction,Relaxed,Full,Histogram Gradient Boosting,3,2025-12-29,0.0,1.0,0.5544170577602974,0.4958745327232828,0.05854252503701457,0.25742574257425743,0.6732673267326733,Low,Low,Positive pre-15:00 return
RQ1 Direction,Relaxed,Full,Histogram Gradient Boosting,3,2025-12-30,0.0,0.0,0.42068016873470454,0.4958745327232828,0.07519436398857826,0.33663366336633666,0.40594059405940597,Low,Low,Positive pre-15:00 return
RQ1 Direction,Relaxed,Full,Histogram Gradient Boosting,3,2025-12-31,0.0,0.0,0.3880760458396353,0.4958745327232828,0.10779848688364752,0.44554455445544555,0.32673267326732675,Low,Medium,Negative pre-15:00 return
RQ1 Direction,Relaxed,Full,Histogram Gradient Boosting,3,2026-01-02,1.0,0.0,0.4411377344393033,0.4958745327232828,0.05473679828397948,0.2376237623762376,0.43564356435643564,Low,Medium,Negative pre-15:00 return
RQ1 Direction,Relaxed,Full,Histogram Gradient Boosting,3,2026-01-05,1.0,1.0,0.7111133393100483,0.4958745327232828,0.21523880658676547,0.8415841584158416,0.9603960396039604,Low,Low,Positive pre-15:00 return
RQ1 Direction,Relaxed,Full,Histogram Gradient Boosting,3,2026-01-06,1.0,0.0,0.4595933299082087,0.4958745327232828,0.036281202815074076,0.16831683168316833,0.45544554455445546,Low,Low,Positive pre-15:00 return
RQ1 Direction,Relaxed,Full,Histogram Gradient Boosting,3,2026-01-07,0.0,1.0,0.7106932755578118,0.4958745327232828,0.214818742834529,0.8316831683168316,0.9504950495049505,Low,Medium,Negative pre-15:00 return
RQ1 Direction,Relaxed,Full,Histogram Gradient Boosting,3,2026-01-08,1.0,1.0,0.7745033204587218,0.4958745327232828,0.27862878773543903,0.9801980198019802,0.9900990099009901,Low,Medium,Negative pre-15:00 return
RQ1 Direction,Relaxed,Full,Histogram Gradient Boosting,3,2026-01-09,0.0,0.0,0.43050344162184756,0.4958745327232828,0.06537109110143524,0.3069306930693069,0.4158415841584158,Low,Low,Positive pre-15:00 return
RQ1 Direction,Relaxed,Full,Histogram Gradient Boosting,3,2026-01-12,0.0,0.0,0.47082393079005364,0.4958745327232828,0.025050601933229166,0.0891089108910891,0.49504950495049505,Low,Low,Positive pre-15:00 return
RQ1 Direction,Relaxed,Full,Histogram Gradient Boosting,3,2026-01-13,1.0,1.0,0.8093046765209029,0.4958745327232828,0.3134301437976201,0.9900990099009901,1.0,Low,Medium,Negative pre-15:00 return
RQ1 Direction,Relaxed,Full,Histogram Gradient Boosting,3,2026-01-14,1.0,1.0,0.6357929019072909,0.4958745327232828,0.13991836918400807,0.6138613861386139,0.8514851485148515,Medium,Medium,Negative pre-15:00 return
RQ1 Direction,Relaxed,Full,Histogram Gradient Boosting,3,2026-01-15,0.0,0.0,0.4625479953448599,0.4958745327232828,0.033326537378422894,0.15841584158415842,0.46534653465346537,Low,Medium,Negative pre-15:00 return
RQ1 Direction,Relaxed,Full,Histogram Gradient Boosting,3,2026-01-16,0.0,1.0,0.6442521878785651,0.4958745327232828,0.14837765515528228,0.6435643564356436,0.8712871287128713,Low,Medium,Negative pre-15:00 return
RQ1 Direction,Relaxed,Full,Histogram Gradient Boosting,3,2026-01-20,0.0,0.0,0.37485484995909685,0.4958745327232828,0.12101968276418595,0.504950495049505,0.297029702970297,High,Medium,Negative pre-15:00 return
RQ1 Direction,Relaxed,Full,Histogram Gradient Boosting,3,2026-01-21,0.0,0.0,0.46892111359289207,0.4958745327232828,0.026953419130390732,0.10891089108910891,0.48514851485148514,Medium,High,Positive pre-15:00 return
RQ1 Direction,Relaxed,Full,Histogram Gradient Boosting,3,2026-01-22,1.0,1.0,0.6609467371885561,0.4958745327232828,0.16507220446527332,0.7227722772277227,0.9108910891089109,Low,Medium,Negative pre-15:00 return
RQ1 Direction,Relaxed,Full,Histogram Gradient Boosting,3,2026-01-23,0.0,0.0,0.4567365908633336,0.4958745327232828,0.03913794185994918,0.18811881188118812,0.44554455445544555,Low,Medium,Positive pre-15:00 return
RQ1 Direction,Relaxed,Full,Histogram Gradient Boosting,3,2026-01-26,0.0,0.0,0.3092675503508694,0.4958745327232828,0.1866069823724134,0.7821782178217822,0.1485148514851485,Low,Low,Positive pre-15:00 return
RQ1 Direction,Relaxed,Full,Histogram Gradient Boosting,3,2026-01-27,0.0,0.0,0.26661310522811926,0.4958745327232828,0.22926142749516354,0.8514851485148515,0.1188118811881188,Low,Low,Positive pre-15:00 return
RQ1 Direction,Relaxed,Full,Histogram Gradient Boosting,3,2026-01-28,1.0,1.0,0.6666249747586648,0.4958745327232828,0.17075044203538198,0.7425742574257426,0.9207920792079208,Low,High,Negative pre-15:00 return
RQ1 Direction,Relaxed,Full,Histogram Gradient Boosting,3,2026-01-29,1.0,0.0,0.4016368089996217,0.4958745327232828,0.09423772372366113,0.42574257425742573,0.3465346534653465,Medium,High,Negative pre-15:00 return
RQ1 Direction,Relaxed,Full,Histogram Gradient Boosting,3,2026-01-30,1.0,1.0,0.5117015624450665,0.4958745327232828,0.01582702972178368,0.0594059405940594,0.5742574257425742,Medium,High,Negative pre-15:00 return
RQ1 Direction,Relaxed,Full,Histogram Gradient Boosting,3,2026-02-02,1.0,1.0,0.6532151363598789,0.4958745327232828,0.15734060363659613,0.693069306930693,0.8910891089108911,Medium,Medium,Positive pre-15:00 return
RQ1 Direction,Relaxed,Full,Histogram Gradient Boosting,3,2026-02-03,1.0,1.0,0.55907924326152,0.4958745327232828,0.06320471053823723,0.27722772277227725,0.693069306930693,High,High,Negative pre-15:00 return
RQ1 Direction,Relaxed,Full,Histogram Gradient Boosting,3,2026-02-04,0.0,0.0,0.31633167609339663,0.4958745327232828,0.17954285662988617,0.7623762376237624,0.16831683168316833,Medium,High,Negative pre-15:00 return
RQ1 Direction,Relaxed,Full,Histogram Gradient Boosting,3,2026-02-05,0.0,0.0,0.21993791785451475,0.4958745327232828,0.2759366148687681,0.9702970297029703,0.019801980198019802,High,High,Negative pre-15:00 return
RQ1 Direction,Relaxed,Full,Histogram Gradient Boosting,3,2026-02-06,1.0,0.0,0.34830673594718825,0.4958745327232828,0.14756779677609455,0.6336633663366337,0.2376237623762376,Medium,Low,Positive pre-15:00 return
RQ1 Direction,Relaxed,Full,Histogram Gradient Boosting,3,2026-02-09,0.0,0.0,0.36347940282805635,0.4958745327232828,0.13239512989522645,0.5742574257425742,0.25742574257425743,Medium,Low,Positive pre-15:00 return
RQ1 Direction,Relaxed,Full,Histogram Gradient Boosting,3,2026-02-10,0.0,1.0,0.7508149311973678,0.4958745327232828,0.25494039847408495,0.9306930693069307,0.9801980198019802,Medium,Medium,Negative pre-15:00 return
RQ1 Direction,Relaxed,Full,Histogram Gradient Boosting,3,2026-02-11,0.0,1.0,0.7038698738557492,0.4958745327232828,0.20799534113246637,0.8118811881188119,0.9405940594059405,Medium,High,Negative pre-15:00 return
RQ1 Direction,Relaxed,Full,Histogram Gradient Boosting,3,2026-02-12,0.0,1.0,0.525254316844406,0.4958745327232828,0.029379784121123242,0.13861386138613863,0.6138613861386139,High,High,Negative pre-15:00 return
RQ1 Direction,Relaxed,Full,Histogram Gradient Boosting,3,2026-02-13,0.0,1.0,0.49987844949247984,0.4958745327232828,0.004003916769197036,0.019801980198019802,0.5643564356435643,High,High,Positive pre-15:00 return
RQ1 Direction,Relaxed,Full,Histogram Gradient Boosting,3,2026-02-17,0.0,0.0,0.33678439547751177,0.4958745327232828,0.15909013724577103,0.7029702970297029,0.19801980198019803,High,Medium,Positive pre-15:00 return
RQ1 Direction,Relaxed,Full,Histogram Gradient Boosting,3,2026-02-18,1.0,1.0,0.651328388686042,0.4958745327232828,0.15545385596275924,0.6732673267326733,0.8811881188118812,High,High,Positive pre-15:00 return
RQ1 Direction,Relaxed,Full,Histogram Gradient Boosting,3,2026-02-19,1.0,0.0,0.4036731626343402,0.4958745327232828,0.09220137008894258,0.39603960396039606,0.36633663366336633,High,Medium,Negative pre-15:00 return
RQ1 Direction,Relaxed,Full,Histogram Gradient Boosting,3,2026-02-20,1.0,1.0,0.5611012848065821,0.4958745327232828,0.06522675208329926,0.297029702970297,0.7128712871287128,High,Medium,Positive pre-15:00 return
RQ1 Direction,Relaxed,Full,Histogram Gradient Boosting,3,2026-02-23,1.0,0.0,0.4373441670311722,0.4958745327232828,0.05853036569211062,0.24752475247524752,0.42574257425742573,High,Medium,Negative pre-15:00 return
RQ1 Direction,Relaxed,Full,Histogram Gradient Boosting,3,2026-02-24,1.0,1.0,0.5425664097870471,0.4958745327232828,0.046691877063764264,0.21782178217821782,0.6534653465346535,High,Low,Positive pre-15:00 return
RQ1 Direction,Relaxed,Full,Histogram Gradient Boosting,3,2026-02-25,0.0,0.0,0.39623357982230517,0.4958745327232828,0.09964095290097763,0.43564356435643564,0.33663366336633666,Medium,Low,Positive pre-15:00 return
RQ1 Direction,Relaxed,Full,Histogram Gradient Boosting,3,2026-02-26,1.0,0.0,0.3721108214735151,0.4958745327232828,0.1237637112497677,0.5148514851485149,0.2871287128712871,Medium,Medium,Negative pre-15:00 return
RQ1 Direction,Relaxed,Full,Histogram Gradient Boosting,3,2026-02-27,1.0,1.0,0.5610063492933342,0.4958745327232828,0.06513181657005135,0.2871287128712871,0.7029702970297029,High,Medium,Negative pre-15:00 return
RQ1 Direction,Relaxed,Full,Histogram Gradient Boosting,3,2026-03-02,0.0,0.0,0.3582454369747333,0.4958745327232828,0.13762909574854948,0.6039603960396039,0.24752475247524752,High,Medium,Positive pre-15:00 return
RQ1 Direction,Relaxed,Full,Histogram Gradient Boosting,3,2026-03-03,0.0,1.0,0.6566342511877843,0.4958745327232828,0.1607597184645015,0.7128712871287128,0.900990099009901,High,High,Positive pre-15:00 return
RQ1 Direction,Relaxed,Full,Histogram Gradient Boosting,3,2026-03-04,0.0,1.0,0.5224978916725235,0.4958745327232828,0.026623358949240672,0.09900990099009901,0.5841584158415841,High,Low,Positive pre-15:00 return
RQ1 Direction,Relaxed,Full,Histogram Gradient Boosting,3,2026-03-05,1.0,0.0,0.24525821095503253,0.4958745327232828,0.25061632176825027,0.9207920792079208,0.0594059405940594,High,High,Negative pre-15:00 return
RQ1 Direction,Relaxed,Full,Histogram Gradient Boosting,3,2026-03-06,0.0,0.0,0.2331195844957357,0.4958745327232828,0.2627549482275471,0.9504950495049505,0.039603960396039604,High,High,Negative pre-15:00 return
RQ1 Direction,Relaxed,Full,Histogram Gradient Boosting,3,2026-03-09,1.0,0.0,0.2637244573885853,0.4958745327232828,0.2321500753346975,0.8712871287128713,0.09900990099009901,High,Medium,Positive pre-15:00 return
RQ1 Direction,Relaxed,Full,Histogram Gradient Boosting,3,2026-03-10,0.0,1.0,0.6321312308809924,0.4958745327232828,0.13625669815770963,0.594059405940594,0.8415841584158416,High,High,Positive pre-15:00 return
RQ1 Direction,Relaxed,Full,Histogram Gradient Boosting,3,2026-03-11,1.0,0.0,0.3257382616280332,0.4958745327232828,0.1701362710952496,0.7326732673267327,0.18811881188118812,High,Medium,Negative pre-15:00 return
RQ1 Direction,Relaxed,Full,Histogram Gradient Boosting,3,2026-03-12,0.0,0.0,0.3711916664467204,0.4958745327232828,0.12468286627656239,0.5247524752475248,0.27722772277227725,High,High,Negative pre-15:00 return
RQ1 Direction,Relaxed,Full,Histogram Gradient Boosting,3,2026-03-13,0.0,0.0,0.22277490950990678,0.4958745327232828,0.273099623213376,0.9603960396039604,0.0297029702970297,High,Medium,Negative pre-15:00 return
RQ1 Direction,Relaxed,Full,Histogram Gradient Boosting,3,2026-03-16,0.0,0.0,0.47728239311904486,0.4958745327232828,0.018592139604237945,0.06930693069306931,0.5148514851485149,High,Medium,Positive pre-15:00 return
RQ1 Direction,Relaxed,Full,Histogram Gradient Boosting,3,2026-03-17,0.0,1.0,0.6297757688402694,0.4958745327232828,0.13390123611698662,0.5841584158415841,0.8316831683168316,High,Medium,Negative pre-15:00 return
RQ1 Direction,Relaxed,Full,Histogram Gradient Boosting,3,2026-03-18,0.0,1.0,0.5491659616847778,0.4958745327232828,0.053291428961495024,0.22772277227722773,0.6633663366336634,High,High,Negative pre-15:00 return
RQ1 Direction,Relaxed,Full,Histogram Gradient Boosting,3,2026-03-19,1.0,0.0,0.23894307292648112,0.4958745327232828,0.25693145979680165,0.9405940594059405,0.04950495049504951,High,High,Positive pre-15:00 return
RQ1 Direction,Relaxed,Full,Histogram Gradient Boosting,3,2026-03-20,1.0,0.0,0.30847266747223323,0.4958745327232828,0.18740186525104957,0.7920792079207921,0.13861386138613863,High,High,Negative pre-15:00 return
RQ2 Magnitude,Relaxed,Reduced,RBF SVR,1,2024-12-16,11.855257338009295,9.163009191592145,9.163009191592145,,,,0.12871287128712872,Low,Low,Positive pre-15:00 return
RQ2 Magnitude,Relaxed,Reduced,RBF SVR,1,2024-12-17,16.737856362372128,11.41111820210401,11.41111820210401,,,,0.24752475247524752,Low,Low,Negative pre-15:00 return
RQ2 Magnitude,Relaxed,Reduced,RBF SVR,1,2024-12-18,168.13550009297074,34.468544015610505,34.468544015610505,,,,0.9603960396039604,Medium,High,Negative pre-15:00 return
RQ2 Magnitude,Relaxed,Reduced,RBF SVR,1,2024-12-19,35.282086824171,16.446858381611058,16.446858381611058,,,,0.49504950495049505,High,High,Negative pre-15:00 return
RQ2 Magnitude,Relaxed,Reduced,RBF SVR,1,2024-12-20,29.829175454370027,23.505084037647265,23.505084037647265,,,,0.7623762376237624,Medium,High,Positive pre-15:00 return
RQ2 Magnitude,Relaxed,Reduced,RBF SVR,1,2024-12-23,28.175872520128653,13.798440715374582,13.798440715374582,,,,0.36633663366336633,Medium,Medium,Positive pre-15:00 return
RQ2 Magnitude,Relaxed,Reduced,RBF SVR,1,2024-12-26,8.854039096789501,8.250187052935907,8.250187052935907,,,,0.07920792079207921,Low,Low,Positive pre-15:00 return
RQ2 Magnitude,Relaxed,Reduced,RBF SVR,1,2024-12-27,6.960700487416149,9.002961622233485,9.002961622233485,,,,0.10891089108910891,Medium,Medium,Negative pre-15:00 return
RQ2 Magnitude,Relaxed,Reduced,RBF SVR,1,2024-12-30,42.846186908483965,10.538718588611633,10.538718588611633,,,,0.16831683168316833,Medium,High,Positive pre-15:00 return
RQ2 Magnitude,Relaxed,Reduced,RBF SVR,1,2024-12-31,3.9583170527013323,12.413794491923795,12.413794491923795,,,,0.3069306930693069,Medium,High,Negative pre-15:00 return
RQ2 Magnitude,Relaxed,Reduced,RBF SVR,1,2025-01-02,40.97596361950284,20.517258974943097,20.517258974943097,,,,0.6534653465346535,Medium,High,Negative pre-15:00 return
RQ2 Magnitude,Relaxed,Reduced,RBF SVR,1,2025-01-03,3.9365972322691345,12.968195489654736,12.968195489654736,,,,0.33663366336633666,Medium,Low,Positive pre-15:00 return
RQ2 Magnitude,Relaxed,Reduced,RBF SVR,1,2025-01-06,15.836971367761965,16.919998359245,16.919998359245,,,,0.5148514851485149,Medium,High,Negative pre-15:00 return
RQ2 Magnitude,Relaxed,Reduced,RBF SVR,1,2025-01-07,23.533463437034328,13.964624932896232,13.964624932896232,,,,0.37623762376237624,Medium,Medium,Negative pre-15:00 return
RQ2 Magnitude,Relaxed,Reduced,RBF SVR,1,2025-01-08,15.149976301713775,16.826635207760877,16.826635207760877,,,,0.504950495049505,Medium,High,Negative pre-15:00 return
RQ2 Magnitude,Relaxed,Reduced,RBF SVR,1,2025-01-10,27.675703060415778,11.416350694157448,11.416350694157448,,,,0.25742574257425743,Medium,High,Negative pre-15:00 return
RQ2 Magnitude,Relaxed,Reduced,RBF SVR,1,2025-01-13,16.751482489034686,17.007399860040927,17.007399860040927,,,,0.5247524752475248,High,High,Positive pre-15:00 return
RQ2 Magnitude,Relaxed,Reduced,RBF SVR,1,2025-01-14,27.7494620002261,22.37737767520894,22.37737767520894,,,,0.7326732673267327,High,High,Negative pre-15:00 return
RQ2 Magnitude,Relaxed,Reduced,RBF SVR,1,2025-01-15,9.908106510466697,10.800965903536834,10.800965903536834,,,,0.18811881188118812,Medium,Low,Positive pre-15:00 return
RQ2 Magnitude,Relaxed,Reduced,RBF SVR,1,2025-01-16,22.233014766552817,11.68498318472206,11.68498318472206,,,,0.26732673267326734,Medium,Medium,Negative pre-15:00 return
RQ2 Magnitude,Relaxed,Reduced,RBF SVR,1,2025-01-17,10.477465952399845,11.042476297424948,11.042476297424948,,,,0.2376237623762376,Low,Low,Positive pre-15:00 return
RQ2 Magnitude,Relaxed,Reduced,RBF SVR,1,2025-01-21,9.845646734887303,8.676523221036465,8.676523221036465,,,,0.0891089108910891,Low,Medium,Positive pre-15:00 return
RQ2 Magnitude,Relaxed,Reduced,RBF SVR,1,2025-01-22,18.812129641323505,6.099622555649191,6.099622555649191,,,,0.009900990099009901,Low,Low,Positive pre-15:00 return
RQ2 Magnitude,Relaxed,Reduced,RBF SVR,1,2025-01-23,31.250204946255966,7.803479942511949,7.803479942511949,,,,0.039603960396039604,Low,Low,Positive pre-15:00 return
RQ2 Magnitude,Relaxed,Reduced,RBF SVR,1,2025-01-24,10.862787568508558,11.027458130127137,11.027458130127137,,,,0.22772277227722773,Low,Medium,Negative pre-15:00 return
RQ2 Magnitude,Relaxed,Reduced,RBF SVR,1,2025-01-27,40.67436629971999,21.627445754669097,21.627445754669097,,,,0.6831683168316832,Medium,High,Positive pre-15:00 return
RQ2 Magnitude,Relaxed,Reduced,RBF SVR,1,2025-01-28,8.958566629340137,10.87635844550811,10.87635844550811,,,,0.2079207920792079,Medium,Low,Positive pre-15:00 return
RQ2 Magnitude,Relaxed,Reduced,RBF SVR,1,2025-01-29,7.6779116080427645,26.920205904687258,26.920205904687258,,,,0.8613861386138614,Medium,High,Negative pre-15:00 return
RQ2 Magnitude,Relaxed,Reduced,RBF SVR,1,2025-01-30,12.785009453009089,7.838085996523965,7.838085996523965,,,,0.04950495049504951,Low,Low,Positive pre-15:00 return
RQ2 Magnitude,Relaxed,Reduced,RBF SVR,1,2025-01-31,27.83588385535385,14.097701961977986,14.097701961977986,,,,0.38613861386138615,Medium,High,Negative pre-15:00 return
RQ2 Magnitude,Relaxed,Reduced,RBF SVR,1,2025-02-03,35.320535941346655,18.326771749633494,18.326771749633494,,,,0.5742574257425742,Medium,Medium,Positive pre-15:00 return
RQ2 Magnitude,Relaxed,Reduced,RBF SVR,1,2025-02-04,4.789375210259017,14.558627878236031,14.558627878236031,,,,0.40594059405940597,Medium,Medium,Positive pre-15:00 return
RQ2 Magnitude,Relaxed,Reduced,RBF SVR,1,2025-02-05,20.23257543824819,9.693270370783956,9.693270370783956,,,,0.13861386138613863,Medium,Low,Positive pre-15:00 return
RQ2 Magnitude,Relaxed,Reduced,RBF SVR,1,2025-02-06,43.57323655528545,10.901585796973254,10.901585796973254,,,,0.21782178217821782,Low,High,Negative pre-15:00 return
RQ2 Magnitude,Relaxed,Reduced,RBF SVR,1,2025-02-07,7.528422281476432,14.778928850908656,14.778928850908656,,,,0.43564356435643564,Medium,Medium,Negative pre-15:00 return
RQ2 Magnitude,Relaxed,Reduced,RBF SVR,1,2025-02-10,1.7963825141120715,7.895128493875372,7.895128493875372,,,,0.0594059405940594,Low,Low,Positive pre-15:00 return
RQ2 Magnitude,Relaxed,Reduced,RBF SVR,1,2025-02-11,5.12184557717843,10.82036398328384,10.82036398328384,,,,0.19801980198019803,Low,Low,Positive pre-15:00 return
RQ2 Magnitude,Relaxed,Reduced,RBF SVR,1,2025-02-12,8.124268279190439,10.72961626739733,10.72961626739733,,,,0.1782178217821782,Low,Medium,Positive pre-15:00 return
RQ2 Magnitude,Relaxed,Reduced,RBF SVR,1,2025-02-13,14.739745231693302,14.593008693678009,14.593008693678009,,,,0.4158415841584158,Low,Medium,Positive pre-15:00 return
RQ2 Magnitude,Relaxed,Reduced,RBF SVR,1,2025-02-14,7.92666284225696,6.7930400078082265,6.7930400078082265,,,,0.019801980198019802,Low,Low,Positive pre-15:00 return
RQ2 Magnitude,Relaxed,Reduced,RBF SVR,1,2025-02-18,24.827410245968906,9.037159820522973,9.037159820522973,,,,0.1188118811881188,Low,High,Negative pre-15:00 return
RQ2 Magnitude,Relaxed,Reduced,RBF SVR,1,2025-02-19,4.181227751639538,9.732530191665816,9.732530191665816,,,,0.1485148514851485,Low,Medium,Positive pre-15:00 return
RQ2 Magnitude,Relaxed,Reduced,RBF SVR,1,2025-02-20,7.606291793711417,7.083181024284141,7.083181024284141,,,,0.0297029702970297,Low,Low,Negative pre-15:00 return
RQ2 Magnitude,Relaxed,Reduced,RBF SVR,1,2025-02-21,1.7457781265639571,12.34880334950326,12.34880334950326,,,,0.27722772277227725,Medium,High,Negative pre-15:00 return
RQ2 Magnitude,Relaxed,Reduced,RBF SVR,1,2025-02-24,45.031332291972646,12.750647491836126,12.750647491836126,,,,0.31683168316831684,Medium,Medium,Negative pre-15:00 return
RQ2 Magnitude,Relaxed,Reduced,RBF SVR,1,2025-02-25,16.075742057259923,17.383400812498444,17.383400812498444,,,,0.5346534653465347,High,High,Negative pre-15:00 return
RQ2 Magnitude,Relaxed,Reduced,RBF SVR,1,2025-02-26,28.026622766708087,25.685143293910258,25.685143293910258,,,,0.8118811881188119,High,High,Negative pre-15:00 return
RQ2 Magnitude,Relaxed,Reduced,RBF SVR,1,2025-02-27,74.05363216643201,14.706409175394011,14.706409175394011,,,,0.42574257425742573,High,High,Negative pre-15:00 return
RQ2 Magnitude,Relaxed,Reduced,RBF SVR,1,2025-02-28,101.55807221228442,22.772606313514444,22.772606313514444,,,,0.7524752475247525,High,High,Positive pre-15:00 return
RQ2 Magnitude,Relaxed,Reduced,RBF SVR,1,2025-03-03,35.828805065075684,37.23106735005497,37.23106735005497,,,,0.9900990099009901,High,High,Negative pre-15:00 return
RQ2 Magnitude,Relaxed,Reduced,RBF SVR,1,2025-03-04,108.56296600666005,22.34573284248919,22.34573284248919,,,,0.7227722772277227,High,High,Positive pre-15:00 return
RQ2 Magnitude,Relaxed,Reduced,RBF SVR,1,2025-03-05,2.8925280352720684,25.842508599312644,25.842508599312644,,,,0.8217821782178217,High,High,Positive pre-15:00 return
RQ2 Magnitude,Relaxed,Reduced,RBF SVR,1,2025-03-06,30.115743734770994,28.860072329633383,28.860072329633383,,,,0.900990099009901,High,High,Negative pre-15:00 return
RQ2 Magnitude,Relaxed,Reduced,RBF SVR,1,2025-03-07,12.808564035009518,24.83343252719095,24.83343252719095,,,,0.7821782178217822,High,High,Positive pre-15:00 return
RQ2 Magnitude,Relaxed,Reduced,RBF SVR,1,2025-03-10,61.89453915985466,28.470322586093495,28.470322586093495,,,,0.8910891089108911,High,High,Negative pre-15:00 return
RQ2 Magnitude,Relaxed,Reduced,RBF SVR,1,2025-03-11,91.98864767974601,32.185345200316554,32.185345200316554,,,,0.9405940594059405,High,High,Positive pre-15:00 return
RQ2 Magnitude,Relaxed,Reduced,RBF SVR,1,2025-03-12,39.905990524329304,21.790838197585195,21.790838197585195,,,,0.693069306930693,High,High,Negative pre-15:00 return
RQ2 Magnitude,Relaxed,Reduced,RBF SVR,1,2025-03-13,45.48576744387245,27.549046805808686,27.549046805808686,,,,0.8811881188118812,High,High,Negative pre-15:00 return
RQ2 Magnitude,Relaxed,Reduced,RBF SVR,1,2025-03-14,21.99310515264452,20.131312419562676,20.131312419562676,,,,0.6336633663366337,High,High,Positive pre-15:00 return
RQ2 Magnitude,Relaxed,Reduced,RBF SVR,1,2025-03-17,39.482966170995006,17.794694003063768,17.794694003063768,,,,0.5544554455445545,High,High,Positive pre-15:00 return
RQ2 Magnitude,Relaxed,Reduced,RBF SVR,1,2025-03-18,9.233955335412602,12.381785656351006,12.381785656351006,,,,0.297029702970297,High,High,Negative pre-15:00 return
RQ2 Magnitude,Relaxed,Reduced,RBF SVR,1,2025-03-19,24.116716470381494,24.122621852662043,24.122621852662043,,,,0.7722772277227723,High,High,Positive pre-15:00 return
RQ2 Magnitude,Relaxed,Reduced,RBF SVR,1,2025-03-20,21.096785041103683,14.943889933098156,14.943889933098156,,,,0.45544554455445546,High,High,Positive pre-15:00 return
RQ2 Magnitude,Relaxed,Reduced,RBF SVR,1,2025-03-21,33.21576792872483,18.31054188259293,18.31054188259293,,,,0.5643564356435643,High,High,Positive pre-15:00 return
RQ2 Magnitude,Relaxed,Reduced,RBF SVR,1,2025-03-24,11.374292362726912,12.348878871331667,12.348878871331667,,,,0.2871287128712871,Medium,Medium,Positive pre-15:00 return
RQ2 Magnitude,Relaxed,Reduced,RBF SVR,1,2025-03-25,25.615794323914365,12.948711654017853,12.948711654017853,,,,0.32673267326732675,Medium,Medium,Negative pre-15:00 return
RQ2 Magnitude,Relaxed,Reduced,RBF SVR,1,2025-03-26,27.33238070828925,16.262735049713967,16.262735049713967,,,,0.48514851485148514,Medium,High,Negative pre-15:00 return
RQ2 Magnitude,Relaxed,Reduced,RBF SVR,1,2025-03-27,10.283913222024488,19.063846948666693,19.063846948666693,,,,0.6138613861386139,Medium,High,Positive pre-15:00 return
RQ2 Magnitude,Relaxed,Reduced,RBF SVR,1,2025-03-28,6.4829241211350475,10.061212223641068,10.061212223641068,,,,0.15841584158415842,High,High,Negative pre-15:00 return
RQ2 Magnitude,Relaxed,Reduced,RBF SVR,1,2025-03-31,45.97495367593574,31.595491171807915,31.595491171807915,,,,0.9306930693069307,High,High,Positive pre-15:00 return
RQ2 Magnitude,Relaxed,Reduced,RBF SVR,1,2025-04-01,62.30752191838551,15.55439128048354,15.55439128048354,,,,0.46534653465346537,High,High,Positive pre-15:00 return
RQ2 Magnitude,Relaxed,Reduced,RBF SVR,1,2025-04-02,63.816945662400485,26.98281836496217,26.98281836496217,,,,0.8712871287128713,High,High,Positive pre-15:00 return
RQ2 Magnitude,Relaxed,Reduced,RBF SVR,1,2025-04-03,81.71947331845342,22.55256314145003,22.55256314145003,,,,0.7425742574257426,High,High,Negative pre-15:00 return
RQ2 Magnitude,Relaxed,Reduced,RBF SVR,1,2025-04-04,40.83554910175646,25.187976623193713,25.187976623193713,,,,0.801980198019802,High,High,Negative pre-15:00 return
RQ2 Magnitude,Relaxed,Reduced,RBF SVR,1,2025-04-07,20.774868944046787,35.73040106907943,35.73040106907943,,,,0.9702970297029703,High,High,Positive pre-15:00 return
RQ2 Magnitude,Relaxed,Reduced,RBF SVR,1,2025-04-08,99.23266953157928,33.389750648538474,33.389750648538474,,,,0.9504950495049505,High,High,Negative pre-15:00 return
RQ2 Magnitude,Relaxed,Reduced,RBF SVR,1,2025-04-09,231.13663448094624,26.901749517281353,26.901749517281353,,,,0.8514851485148515,High,High,Positive pre-15:00 return
RQ2 Magnitude,Relaxed,Reduced,RBF SVR,1,2025-04-10,21.932815127960748,50.2025332551877,50.2025332551877,,,,1.0,High,High,Negative pre-15:00 return
RQ2 Magnitude,Relaxed,Reduced,RBF SVR,1,2025-04-11,39.54996928885013,36.36815059506786,36.36815059506786,,,,0.9801980198019802,High,High,Positive pre-15:00 return
RQ2 Magnitude,Relaxed,Reduced,RBF SVR,1,2025-04-14,36.56873225937329,26.30699902796927,26.30699902796927,,,,0.8316831683168316,High,High,Negative pre-15:00 return
RQ2 Magnitude,Relaxed,Reduced,RBF SVR,1,2025-04-15,15.079049372324071,20.288924766137747,20.288924766137747,,,,0.6435643564356436,High,High,Negative pre-15:00 return
RQ2 Magnitude,Relaxed,Reduced,RBF SVR,1,2025-04-16,59.388649618408174,31.58301136004164,31.58301136004164,,,,0.9207920792079208,High,High,Negative pre-15:00 return
RQ2 Magnitude,Relaxed,Reduced,RBF SVR,1,2025-04-17,36.527389885099296,31.33421171201565,31.33421171201565,,,,0.9108910891089109,High,High,Negative pre-15:00 return
RQ2 Magnitude,Relaxed,Reduced,RBF SVR,1,2025-04-21,104.51644248363311,21.797955617547622,21.797955617547622,,,,0.7029702970297029,High,High,Negative pre-15:00 return
RQ2 Magnitude,Relaxed,Reduced,RBF SVR,1,2025-04-22,4.598458097260227,26.457378833528708,26.457378833528708,,,,0.8415841584158416,High,High,Positive pre-15:00 return
RQ2 Magnitude,Relaxed,Reduced,RBF SVR,1,2025-04-23,15.258436279766974,20.523446638086185,20.523446638086185,,,,0.6633663366336634,High,High,Negative pre-15:00 return
RQ2 Magnitude,Relaxed,Reduced,RBF SVR,1,2025-04-24,9.619737437756015,18.785993676380535,18.785993676380535,,,,0.6039603960396039,High,High,Positive pre-15:00 return
RQ2 Magnitude,Relaxed,Reduced,RBF SVR,1,2025-04-25,12.870666120419205,24.979556410058386,24.979556410058386,,,,0.7920792079207921,High,High,Positive pre-15:00 return
RQ2 Magnitude,Relaxed,Reduced,RBF SVR,1,2025-04-28,42.92453601355773,13.462393090065454,13.462393090065454,,,,0.3465346534653465,High,High,Negative pre-15:00 return
RQ2 Magnitude,Relaxed,Reduced,RBF SVR,1,2025-04-29,0.7552978750957617,18.77231627505379,18.77231627505379,,,,0.594059405940594,High,High,Positive pre-15:00 return
RQ2 Magnitude,Relaxed,Reduced,RBF SVR,1,2025-04-30,84.31770490435531,20.732404683640375,20.732404683640375,,,,0.6732673267326733,High,High,Positive pre-15:00 return
RQ2 Magnitude,Relaxed,Reduced,RBF SVR,1,2025-05-01,57.32428686279878,17.754768299524244,17.754768299524244,,,,0.5445544554455446,High,High,Positive pre-15:00 return
RQ2 Magnitude,Relaxed,Reduced,RBF SVR,1,2025-05-02,4.201739766389601,19.60847379074078,19.60847379074078,,,,0.6237623762376238,High,High,Positive pre-15:00 return
RQ2 Magnitude,Relaxed,Reduced,RBF SVR,1,2025-05-05,41.990967448629625,14.098776006580124,14.098776006580124,,,,0.39603960396039606,High,Medium,Positive pre-15:00 return
RQ2 Magnitude,Relaxed,Reduced,RBF SVR,1,2025-05-06,38.8988895424347,13.741919231995414,13.741919231995414,,,,0.3564356435643564,High,High,Positive pre-15:00 return
RQ2 Magnitude,Relaxed,Reduced,RBF SVR,1,2025-05-07,7.572673669316021,22.27818685210461,22.27818685210461,,,,0.7128712871287128,High,High,Positive pre-15:00 return
RQ2 Magnitude,Relaxed,Reduced,RBF SVR,1,2025-05-08,64.53650022365976,18.529517145867445,18.529517145867445,,,,0.5841584158415841,High,Medium,Positive pre-15:00 return
RQ2 Magnitude,Relaxed,Reduced,RBF SVR,1,2025-05-09,9.039117132481067,7.973511461322996,7.973511461322996,,,,0.06930693069306931,High,Medium,Negative pre-15:00 return
RQ2 Magnitude,Relaxed,Reduced,RBF SVR,1,2025-05-12,23.2721260982216,15.724552241036665,15.724552241036665,,,,0.4752475247524752,Medium,Medium,Positive pre-15:00 return
RQ2 Magnitude,Relaxed,Reduced,RBF SVR,1,2025-05-13,29.547753337253457,8.83394606526966,8.83394606526966,,,,0.09900990099009901,Medium,Medium,Positive pre-15:00 return
RQ2 Magnitude,Relaxed,Reduced,RBF SVR,1,2025-05-14,0.23762443458141824,14.805960376171623,14.805960376171623,,,,0.44554455445544555,Medium,High,Negative pre-15:00 return
RQ2 Magnitude,Relaxed,Reduced,RBF SVR,2,2025-05-15,9.692627006399057,15.487120550205095,15.487120550205095,,,,0.6534653465346535,Medium,Medium,Positive pre-15:00 return
RQ2 Magnitude,Relaxed,Reduced,RBF SVR,2,2025-05-16,14.403772880906551,15.129486790915202,15.129486790915202,,,,0.6237623762376238,Medium,Low,Positive pre-15:00 return
RQ2 Magnitude,Relaxed,Reduced,RBF SVR,2,2025-05-19,12.322010737273459,13.77908130839026,13.77908130839026,,,,0.5346534653465347,Medium,Medium,Positive pre-15:00 return
RQ2 Magnitude,Relaxed,Reduced,RBF SVR,2,2025-05-20,31.813630215518085,20.200203212130617,20.200203212130617,,,,0.7821782178217822,Medium,High,Negative pre-15:00 return
RQ2 Magnitude,Relaxed,Reduced,RBF SVR,2,2025-05-21,14.693897077794338,38.31563221117128,38.31563221117128,,,,0.9603960396039604,High,High,Negative pre-15:00 return
RQ2 Magnitude,Relaxed,Reduced,RBF SVR,2,2025-05-22,50.16651193690436,12.521377382074412,12.521377382074412,,,,0.36633663366336633,Medium,Medium,Positive pre-15:00 return
RQ2 Magnitude,Relaxed,Reduced,RBF SVR,2,2025-05-23,25.45123965237872,19.928282181386102,19.928282181386102,,,,0.7722772277227723,High,Medium,Positive pre-15:00 return
RQ2 Magnitude,Relaxed,Reduced,RBF SVR,2,2025-05-27,9.145063356186256,12.226402314912178,12.226402314912178,,,,0.32673267326732675,Medium,Low,Positive pre-15:00 return
RQ2 Magnitude,Relaxed,Reduced,RBF SVR,2,2025-05-28,33.708891904788985,20.53461053080942,20.53461053080942,,,,0.8118811881188119,Medium,Medium,Negative pre-15:00 return
RQ2 Magnitude,Relaxed,Reduced,RBF SVR,2,2025-05-29,21.510406867057963,23.916119279719375,23.916119279719375,,,,0.8712871287128713,Medium,Medium,Negative pre-15:00 return
RQ2 Magnitude,Relaxed,Reduced,RBF SVR,2,2025-05-30,15.157372179610551,20.252174212824556,20.252174212824556,,,,0.801980198019802,Medium,High,Negative pre-15:00 return
RQ2 Magnitude,Relaxed,Reduced,RBF SVR,2,2025-06-02,14.184540705921567,19.888370764957415,19.888370764957415,,,,0.7623762376237624,Medium,Medium,Positive pre-15:00 return
RQ2 Magnitude,Relaxed,Reduced,RBF SVR,2,2025-06-03,5.423710655081404,17.775013520084382,17.775013520084382,,,,0.7524752475247525,Medium,Medium,Positive pre-15:00 return
RQ2 Magnitude,Relaxed,Reduced,RBF SVR,2,2025-06-04,15.801063771087032,13.505588787559521,13.505588787559521,,,,0.4752475247524752,Medium,Low,Positive pre-15:00 return
RQ2 Magnitude,Relaxed,Reduced,RBF SVR,2,2025-06-05,38.02192088689927,22.97603306343403,22.97603306343403,,,,0.8514851485148515,Medium,High,Negative pre-15:00 return
RQ2 Magnitude,Relaxed,Reduced,RBF SVR,2,2025-06-06,12.019550914951216,13.712716177279653,13.712716177279653,,,,0.504950495049505,Medium,Medium,Positive pre-15:00 return
RQ2 Magnitude,Relaxed,Reduced,RBF SVR,2,2025-06-09,24.820821579163432,7.950424984393898,7.950424984393898,,,,0.009900990099009901,Medium,Low,Positive pre-15:00 return
RQ2 Magnitude,Relaxed,Reduced,RBF SVR,2,2025-06-10,10.707117249564302,14.28996137872867,14.28996137872867,,,,0.594059405940594,Medium,Medium,Positive pre-15:00 return
RQ2 Magnitude,Relaxed,Reduced,RBF SVR,2,2025-06-11,11.318101816382153,35.83577922210675,35.83577922210675,,,,0.9405940594059405,Medium,High,Negative pre-15:00 return
RQ2 Magnitude,Relaxed,Reduced,RBF SVR,2,2025-06-12,4.633920296570615,9.689957236570635,9.689957236570635,,,,0.0891089108910891,Medium,Low,Positive pre-15:00 return
RQ2 Magnitude,Relaxed,Reduced,RBF SVR,2,2025-06-13,3.0103959005089997,27.078926753945602,27.078926753945602,,,,0.900990099009901,High,High,Negative pre-15:00 return
RQ2 Magnitude,Relaxed,Reduced,RBF SVR,2,2025-06-16,2.320962602659904,12.183426005105801,12.183426005105801,,,,0.31683168316831684,Medium,Low,Positive pre-15:00 return
RQ2 Magnitude,Relaxed,Reduced,RBF SVR,2,2025-06-17,9.435994729203312,17.26777084564473,17.26777084564473,,,,0.7029702970297029,High,Medium,Negative pre-15:00 return
RQ2 Magnitude,Relaxed,Reduced,RBF SVR,2,2025-06-18,2.8769228967950866,38.71411885915589,38.71411885915589,,,,0.9702970297029703,High,High,Negative pre-15:00 return
RQ2 Magnitude,Relaxed,Reduced,RBF SVR,2,2025-06-20,14.951094316066893,26.208433106449924,26.208433106449924,,,,0.8811881188118812,High,Medium,Negative pre-15:00 return
RQ2 Magnitude,Relaxed,Reduced,RBF SVR,2,2025-06-23,27.245280757874912,14.809101194234245,14.809101194234245,,,,0.6039603960396039,High,Medium,Positive pre-15:00 return
RQ2 Magnitude,Relaxed,Reduced,RBF SVR,2,2025-06-24,5.707949796286416,10.233149996871326,10.233149996871326,,,,0.1485148514851485,Medium,Low,Positive pre-15:00 return
RQ2 Magnitude,Relaxed,Reduced,RBF SVR,2,2025-06-25,9.954334899306971,10.36390016935438,10.36390016935438,,,,0.18811881188118812,Medium,Low,Negative pre-15:00 return
RQ2 Magnitude,Relaxed,Reduced,RBF SVR,2,2025-06-26,7.266021087752872,15.372787845591183,15.372787845591183,,,,0.6336633663366337,Low,Low,Positive pre-15:00 return
RQ2 Magnitude,Relaxed,Reduced,RBF SVR,2,2025-06-27,59.53933214243756,26.450708209239416,26.450708209239416,,,,0.8910891089108911,Medium,High,Negative pre-15:00 return
RQ2 Magnitude,Relaxed,Reduced,RBF SVR,2,2025-06-30,20.43057641681667,13.334311940640958,13.334311940640958,,,,0.45544554455445546,Medium,Low,Negative pre-15:00 return
RQ2 Magnitude,Relaxed,Reduced,RBF SVR,2,2025-07-01,7.948395085215498,13.573765258523263,13.573765258523263,,,,0.48514851485148514,Medium,Low,Positive pre-15:00 return
RQ2 Magnitude,Relaxed,Reduced,RBF SVR,2,2025-07-02,9.93395048134671,13.006828216834066,13.006828216834066,,,,0.39603960396039606,Medium,Low,Positive pre-15:00 return
RQ2 Magnitude,Relaxed,Reduced,RBF SVR,2,2025-07-07,11.26330588471669,17.101385057536923,17.101385057536923,,,,0.693069306930693,Medium,Medium,Negative pre-15:00 return
RQ2 Magnitude,Relaxed,Reduced,RBF SVR,2,2025-07-08,2.6978590561332894,10.908760088448545,10.908760088448545,,,,0.2079207920792079,Medium,Low,Negative pre-15:00 return
RQ2 Magnitude,Relaxed,Reduced,RBF SVR,2,2025-07-09,9.878374511875787,11.79654128722219,11.79654128722219,,,,0.297029702970297,Low,Low,Positive pre-15:00 return
RQ2 Magnitude,Relaxed,Reduced,RBF SVR,2,2025-07-11,10.183998352683021,14.076292701850626,14.076292701850626,,,,0.5544554455445545,Low,Low,Positive pre-15:00 return
RQ2 Magnitude,Relaxed,Reduced,RBF SVR,2,2025-07-14,4.385363411079091,10.361780529201553,10.361780529201553,,,,0.1782178217821782,Medium,Low,Positive pre-15:00 return
RQ2 Magnitude,Relaxed,Reduced,RBF SVR,2,2025-07-15,17.045745279639092,21.331694869976836,21.331694869976836,,,,0.8415841584158416,Medium,Low,Negative pre-15:00 return
RQ2 Magnitude,Relaxed,Reduced,RBF SVR,2,2025-07-16,0.4150808449776555,15.403436580014485,15.403436580014485,,,,0.6435643564356436,Medium,Low,Positive pre-15:00 return
RQ2 Magnitude,Relaxed,Reduced,RBF SVR,2,2025-07-18,7.024503119705816,11.55684541233958,11.55684541233958,,,,0.25742574257425743,Medium,Low,Negative pre-15:00 return
RQ2 Magnitude,Relaxed,Reduced,RBF SVR,2,2025-07-22,8.029520762724562,13.72210916700304,13.72210916700304,,,,0.5148514851485149,Medium,Low,Positive pre-15:00 return
RQ2 Magnitude,Relaxed,Reduced,RBF SVR,2,2025-07-23,10.719176465032731,14.199057785885536,14.199057785885536,,,,0.5643564356435643,Low,Low,Positive pre-15:00 return
RQ2 Magnitude,Relaxed,Reduced,RBF SVR,2,2025-07-25,3.6608661233772377,9.708012678823895,9.708012678823895,,,,0.09900990099009901,Low,Low,Positive pre-15:00 return
RQ2 Magnitude,Relaxed,Reduced,RBF SVR,2,2025-07-28,14.199469635702844,13.327652029859799,13.327652029859799,,,,0.44554455445544555,Low,Low,Negative pre-15:00 return
RQ2 Magnitude,Relaxed,Reduced,RBF SVR,2,2025-07-29,3.075189963583913,17.434356117364857,17.434356117364857,,,,0.7227722772277227,Low,Low,Negative pre-15:00 return
RQ2 Magnitude,Relaxed,Reduced,RBF SVR,2,2025-07-30,26.227989754543657,39.39456981861179,39.39456981861179,,,,0.9801980198019802,Medium,High,Negative pre-15:00 return
RQ2 Magnitude,Relaxed,Reduced,RBF SVR,2,2025-07-31,30.968804824216267,33.758118064665894,33.758118064665894,,,,0.9306930693069307,Low,High,Negative pre-15:00 return
RQ2 Magnitude,Relaxed,Reduced,RBF SVR,2,2025-08-01,6.256617576281265,44.72793047977143,44.72793047977143,,,,1.0,High,High,Negative pre-15:00 return
RQ2 Magnitude,Relaxed,Reduced,RBF SVR,2,2025-08-04,19.07403098382554,15.127688550844631,15.127688550844631,,,,0.6138613861386139,Medium,Low,Positive pre-15:00 return
RQ2 Magnitude,Relaxed,Reduced,RBF SVR,2,2025-08-05,6.583811122357064,16.591279030739607,16.591279030739607,,,,0.6831683168316832,Medium,Medium,Negative pre-15:00 return
RQ2 Magnitude,Relaxed,Reduced,RBF SVR,2,2025-08-06,0.6146407424867384,16.141018465605278,16.141018465605278,,,,0.6633663366336634,Medium,Low,Positive pre-15:00 return
RQ2 Magnitude,Relaxed,Reduced,RBF SVR,2,2025-08-07,26.152099599339174,13.442914980590594,13.442914980590594,,,,0.46534653465346537,Medium,Medium,Negative pre-15:00 return
RQ2 Magnitude,Relaxed,Reduced,RBF SVR,2,2025-08-08,0.9857889910824813,11.611524962250073,11.611524962250073,,,,0.26732673267326734,Low,Low,Positive pre-15:00 return
RQ2 Magnitude,Relaxed,Reduced,RBF SVR,2,2025-08-11,13.801638650855486,10.337763123094945,10.337763123094945,,,,0.16831683168316833,Low,Medium,Negative pre-15:00 return
RQ2 Magnitude,Relaxed,Reduced,RBF SVR,2,2025-08-12,10.561466180010193,13.183009824373471,13.183009824373471,,,,0.40594059405940597,Low,Low,Positive pre-15:00 return
RQ2 Magnitude,Relaxed,Reduced,RBF SVR,2,2025-08-13,13.549002483725925,9.365736189023348,9.365736189023348,,,,0.07920792079207921,Low,Medium,Negative pre-15:00 return
RQ2 Magnitude,Relaxed,Reduced,RBF SVR,2,2025-08-14,6.823044872736883,12.860398030027806,12.860398030027806,,,,0.38613861386138615,Low,Low,Positive pre-15:00 return
RQ2 Magnitude,Relaxed,Reduced,RBF SVR,2,2025-08-15,12.928758668849794,13.250098006875028,13.250098006875028,,,,0.4158415841584158,Low,Low,Negative pre-15:00 return
RQ2 Magnitude,Relaxed,Reduced,RBF SVR,2,2025-08-18,0.46514945251985296,8.066301006678458,8.066301006678458,,,,0.0297029702970297,Low,Low,Positive pre-15:00 return
RQ2 Magnitude,Relaxed,Reduced,RBF SVR,2,2025-08-19,8.554052872788986,11.552659406473673,11.552659406473673,,,,0.24752475247524752,Low,Medium,Negative pre-15:00 return
RQ2 Magnitude,Relaxed,Reduced,RBF SVR,2,2025-08-20,20.558591987163144,17.585419462930115,17.585419462930115,,,,0.7425742574257426,Low,Medium,Negative pre-15:00 return
RQ2 Magnitude,Relaxed,Reduced,RBF SVR,2,2025-08-21,8.219066351706772,8.452489013556814,8.452489013556814,,,,0.039603960396039604,Medium,Medium,Negative pre-15:00 return
RQ2 Magnitude,Relaxed,Reduced,RBF SVR,2,2025-08-22,3.7410512353974745,13.276339784974105,13.276339784974105,,,,0.42574257425742573,Low,Low,Positive pre-15:00 return
RQ2 Magnitude,Relaxed,Reduced,RBF SVR,2,2025-08-25,22.420482435481226,13.964885045630972,13.964885045630972,,,,0.5445544554455446,Low,Low,Negative pre-15:00 return
RQ2 Magnitude,Relaxed,Reduced,RBF SVR,2,2025-08-26,20.612485276794157,11.6767538757769,11.6767538757769,,,,0.27722772277227725,Low,Low,Positive pre-15:00 return
RQ2 Magnitude,Relaxed,Reduced,RBF SVR,2,2025-08-27,4.904357320986152,9.287760535749555,9.287760535749555,,,,0.06930693069306931,Low,Low,Positive pre-15:00 return
RQ2 Magnitude,Relaxed,Reduced,RBF SVR,2,2025-08-28,1.737541977784307,10.009469732772246,10.009469732772246,,,,0.1188118811881188,Low,Low,Positive pre-15:00 return
RQ2 Magnitude,Relaxed,Reduced,RBF SVR,2,2025-08-29,6.596918960102283,10.280324249743146,10.280324249743146,,,,0.15841584158415842,Low,Low,Negative pre-15:00 return
RQ2 Magnitude,Relaxed,Reduced,RBF SVR,2,2025-09-02,35.59025061794063,8.717813129692097,8.717813129692097,,,,0.04950495049504951,Medium,Medium,Negative pre-15:00 return
RQ2 Magnitude,Relaxed,Reduced,RBF SVR,2,2025-09-03,42.942319913275014,17.33463901732378,17.33463901732378,,,,0.7128712871287128,Medium,Medium,Negative pre-15:00 return
RQ2 Magnitude,Relaxed,Reduced,RBF SVR,2,2025-09-04,21.82712791375163,8.032777541665581,8.032777541665581,,,,0.019801980198019802,Low,Low,Positive pre-15:00 return
RQ2 Magnitude,Relaxed,Reduced,RBF SVR,2,2025-09-05,12.91359016342808,20.234064732175106,20.234064732175106,,,,0.7920792079207921,Low,Medium,Negative pre-15:00 return
RQ2 Magnitude,Relaxed,Reduced,RBF SVR,2,2025-09-08,5.329143948495929,13.768056727253565,13.768056727253565,,,,0.5247524752475248,Low,Low,Negative pre-15:00 return
RQ2 Magnitude,Relaxed,Reduced,RBF SVR,2,2025-09-09,5.761563457860053,8.866896489086578,8.866896489086578,,,,0.0594059405940594,Low,Low,Positive pre-15:00 return
RQ2 Magnitude,Relaxed,Reduced,RBF SVR,2,2025-09-10,3.338581133647267,14.28638410136277,14.28638410136277,,,,0.5841584158415841,Low,Low,Negative pre-15:00 return
RQ2 Magnitude,Relaxed,Reduced,RBF SVR,2,2025-09-11,2.885433118697822,11.19733124572906,11.19733124572906,,,,0.22772277227722773,Low,Low,Positive pre-15:00 return
RQ2 Magnitude,Relaxed,Reduced,RBF SVR,2,2025-09-12,20.780031768743434,12.820808334998926,12.820808334998926,,,,0.37623762376237624,Low,Low,Positive pre-15:00 return
RQ2 Magnitude,Relaxed,Reduced,RBF SVR,2,2025-09-15,12.015683948167766,10.017779447440159,10.017779447440159,,,,0.12871287128712872,Low,Low,Positive pre-15:00 return
RQ2 Magnitude,Relaxed,Reduced,RBF SVR,2,2025-09-16,11.550765918587613,9.792407423676963,9.792407423676963,,,,0.10891089108910891,Low,Low,Negative pre-15:00 return
RQ2 Magnitude,Relaxed,Reduced,RBF SVR,2,2025-09-17,24.374168544718522,43.65740913319441,43.65740913319441,,,,0.9900990099009901,Low,High,Negative pre-15:00 return
RQ2 Magnitude,Relaxed,Reduced,RBF SVR,2,2025-09-18,14.83205893070716,10.65471079034971,10.65471079034971,,,,0.19801980198019803,Low,Low,Positive pre-15:00 return
RQ2 Magnitude,Relaxed,Reduced,RBF SVR,2,2025-09-19,8.411894418709487,12.42617351567403,12.42617351567403,,,,0.3564356435643564,Low,Low,Positive pre-15:00 return
RQ2 Magnitude,Relaxed,Reduced,RBF SVR,2,2025-09-22,0.8066564091835371,11.720146851070755,11.720146851070755,,,,0.2871287128712871,Low,Low,Positive pre-15:00 return
RQ2 Magnitude,Relaxed,Reduced,RBF SVR,2,2025-09-23,16.639010204557714,20.88807017879895,20.88807017879895,,,,0.8316831683168316,Medium,Medium,Negative pre-15:00 return
RQ2 Magnitude,Relaxed,Reduced,RBF SVR,2,2025-09-24,0.5574765897498057,12.419552382242841,12.419552382242841,,,,0.3465346534653465,Medium,Low,Negative pre-15:00 return
RQ2 Magnitude,Relaxed,Reduced,RBF SVR,2,2025-09-25,0.711617688696764,30.214945959213455,30.214945959213455,,,,0.9108910891089109,Medium,Medium,Negative pre-15:00 return
RQ2 Magnitude,Relaxed,Reduced,RBF SVR,2,2025-09-26,1.2792746963985469,14.247548190006796,14.247548190006796,,,,0.5742574257425742,Low,Low,Positive pre-15:00 return
RQ2 Magnitude,Relaxed,Reduced,RBF SVR,2,2025-09-29,4.535426637972684,13.65562823385909,13.65562823385909,,,,0.49504950495049505,Low,Low,Negative pre-15:00 return
RQ2 Magnitude,Relaxed,Reduced,RBF SVR,2,2025-09-30,26.809892670462965,17.54862102846782,17.54862102846782,,,,0.7326732673267327,Low,Low,Positive pre-15:00 return
RQ2 Magnitude,Relaxed,Reduced,RBF SVR,2,2025-10-02,5.238625337087299,12.290788583906256,12.290788583906256,,,,0.33663366336633666,Medium,Low,Negative pre-15:00 return
RQ2 Magnitude,Relaxed,Reduced,RBF SVR,2,2025-10-03,10.36765766797565,23.063839407596674,23.063839407596674,,,,0.8613861386138614,Medium,Medium,Positive pre-15:00 return
RQ2 Magnitude,Relaxed,Reduced,RBF SVR,2,2025-10-06,7.738480856155361,10.091278168824331,10.091278168824331,,,,0.13861386138613863,Medium,Low,Positive pre-15:00 return
RQ2 Magnitude,Relaxed,Reduced,RBF SVR,2,2025-10-07,0.10425432097060927,12.118428223172614,12.118428223172614,,,,0.3069306930693069,Medium,Low,Negative pre-15:00 return
RQ2 Magnitude,Relaxed,Reduced,RBF SVR,2,2025-10-08,10.420140664486599,11.17849025849393,11.17849025849393,,,,0.21782178217821782,Medium,Low,Positive pre-15:00 return
RQ2 Magnitude,Relaxed,Reduced,RBF SVR,2,2025-10-09,17.53650091029124,11.32702159011026,11.32702159011026,,,,0.2376237623762376,Medium,Low,Negative pre-15:00 return
RQ2 Magnitude,Relaxed,Reduced,RBF SVR,2,2025-10-10,63.219445324808056,37.11168174034484,37.11168174034484,,,,0.9504950495049505,High,High,Negative pre-15:00 return
RQ2 Magnitude,Relaxed,Reduced,RBF SVR,2,2025-10-13,15.75990751779166,20.59249626361546,20.59249626361546,,,,0.8217821782178217,Medium,Medium,Positive pre-15:00 return
RQ2 Magnitude,Relaxed,Reduced,RBF SVR,2,2025-10-14,41.519213503188325,13.30286531293212,13.30286531293212,,,,0.43564356435643564,Medium,Medium,Positive pre-15:00 return
RQ2 Magnitude,Relaxed,Reduced,RBF SVR,2,2025-10-15,12.320857280160302,16.15168330322747,16.15168330322747,,,,0.6732673267326733,High,Medium,Negative pre-15:00 return
RQ2 Magnitude,Relaxed,Reduced,RBF SVR,2,2025-10-16,3.1538077324122504,32.29214857101567,32.29214857101567,,,,0.9207920792079208,High,High,Negative pre-15:00 return
RQ2 Magnitude,Relaxed,Reduced,RBF SVR,3,2025-10-17,4.18560691300196,20.34276030242922,20.34276030242922,,,,0.693069306930693,High,High,Positive pre-15:00 return
RQ2 Magnitude,Relaxed,Reduced,RBF SVR,3,2025-10-20,6.2620659772449905,7.095291093937082,7.095291093937082,,,,0.04950495049504951,Medium,Low,Positive pre-15:00 return
RQ2 Magnitude,Relaxed,Reduced,RBF SVR,3,2025-10-21,11.346091382754553,8.12529212777346,8.12529212777346,,,,0.10891089108910891,Medium,Low,Positive pre-15:00 return
RQ2 Magnitude,Relaxed,Reduced,RBF SVR,3,2025-10-23,14.656064113242051,8.984075364447538,8.984075364447538,,,,0.1782178217821782,Medium,Low,Positive pre-15:00 return
RQ2 Magnitude,Relaxed,Reduced,RBF SVR,3,2025-10-24,18.929985508566727,6.720051468199635,6.720051468199635,,,,0.019801980198019802,Medium,Low,Positive pre-15:00 return
RQ2 Magnitude,Relaxed,Reduced,RBF SVR,3,2025-10-28,19.523866768437202,7.773948957732479,7.773948957732479,,,,0.07920792079207921,Low,Low,Positive pre-15:00 return
RQ2 Magnitude,Relaxed,Reduced,RBF SVR,3,2025-10-29,13.206297180914373,21.07115336371261,21.07115336371261,,,,0.7326732673267327,Medium,High,Negative pre-15:00 return
RQ2 Magnitude,Relaxed,Reduced,RBF SVR,3,2025-10-30,35.5350559972889,16.443644588508704,16.443644588508704,,,,0.5544554455445545,Medium,Medium,Negative pre-15:00 return
RQ2 Magnitude,Relaxed,Reduced,RBF SVR,3,2025-10-31,10.471127727312846,13.519565221191415,13.519565221191415,,,,0.43564356435643564,Medium,Medium,Negative pre-15:00 return
RQ2 Magnitude,Relaxed,Reduced,RBF SVR,3,2025-11-03,5.280316235515281,8.708038330842424,8.708038330842424,,,,0.13861386138613863,Medium,Medium,Negative pre-15:00 return
RQ2 Magnitude,Relaxed,Reduced,RBF SVR,3,2025-11-04,0.2362586086745999,15.143897790395556,15.143897790395556,,,,0.49504950495049505,Medium,High,Negative pre-15:00 return
RQ2 Magnitude,Relaxed,Reduced,RBF SVR,3,2025-11-05,40.44815382022615,9.97505381652551,9.97505381652551,,,,0.25742574257425743,Medium,Medium,Positive pre-15:00 return
RQ2 Magnitude,Relaxed,Reduced,RBF SVR,3,2025-11-06,42.574876378794755,20.014872004243294,20.014872004243294,,,,0.6732673267326733,Medium,High,Negative pre-15:00 return
RQ2 Magnitude,Relaxed,Reduced,RBF SVR,3,2025-11-07,13.795156069795755,26.675226174472535,26.675226174472535,,,,0.8811881188118812,High,High,Positive pre-15:00 return
RQ2 Magnitude,Relaxed,Reduced,RBF SVR,3,2025-11-10,0.35128497115177737,11.81830681603536,11.81830681603536,,,,0.3465346534653465,Medium,Medium,Positive pre-15:00 return
RQ2 Magnitude,Relaxed,Reduced,RBF SVR,3,2025-11-11,3.926560187306194,9.840876024052676,9.840876024052676,,,,0.24752475247524752,Medium,Medium,Positive pre-15:00 return
RQ2 Magnitude,Relaxed,Reduced,RBF SVR,3,2025-11-12,6.484061475910963,13.073410843601296,13.073410843601296,,,,0.4158415841584158,Medium,Medium,Negative pre-15:00 return
RQ2 Magnitude,Relaxed,Reduced,RBF SVR,3,2025-11-13,3.5777325489050327,26.924155267158618,26.924155267158618,,,,0.8910891089108911,High,High,Negative pre-15:00 return
RQ2 Magnitude,Relaxed,Reduced,RBF SVR,3,2025-11-14,43.25612474794349,18.620692409089997,18.620692409089997,,,,0.6336633663366337,High,High,Positive pre-15:00 return
RQ2 Magnitude,Relaxed,Reduced,RBF SVR,3,2025-11-17,43.21061978868723,30.209855779612553,30.209855779612553,,,,0.9801980198019802,High,High,Negative pre-15:00 return
RQ2 Magnitude,Relaxed,Reduced,RBF SVR,3,2025-11-18,64.96792143190655,24.49743474416404,24.49743474416404,,,,0.8316831683168316,High,High,Positive pre-15:00 return
RQ2 Magnitude,Relaxed,Reduced,RBF SVR,3,2025-11-19,22.450041867518866,16.106215476776008,16.106215476776008,,,,0.5346534653465347,High,High,Positive pre-15:00 return
RQ2 Magnitude,Relaxed,Reduced,RBF SVR,3,2025-11-20,85.84250583704711,28.797777892989263,28.797777892989263,,,,0.9504950495049505,High,High,Negative pre-15:00 return
RQ2 Magnitude,Relaxed,Reduced,RBF SVR,3,2025-11-21,42.7913597037477,30.70985181475979,30.70985181475979,,,,0.9900990099009901,High,High,Positive pre-15:00 return
RQ2 Magnitude,Relaxed,Reduced,RBF SVR,3,2025-11-24,10.780222323421018,16.496777507701594,16.496777507701594,,,,0.5643564356435643,High,Medium,Positive pre-15:00 return
RQ2 Magnitude,Relaxed,Reduced,RBF SVR,3,2025-11-25,17.5148461639818,10.739116619583498,10.739116619583498,,,,0.297029702970297,Medium,Medium,Positive pre-15:00 return
RQ2 Magnitude,Relaxed,Reduced,RBF SVR,3,2025-11-26,16.590747873393987,12.412530193061023,12.412530193061023,,,,0.36633663366336633,Medium,Medium,Positive pre-15:00 return
RQ2 Magnitude,Relaxed,Reduced,RBF SVR,3,2025-12-01,1.1151200001158212,19.14761817742313,19.14761817742313,,,,0.6534653465346535,Medium,Medium,Positive pre-15:00 return
RQ2 Magnitude,Relaxed,Reduced,RBF SVR,3,2025-12-02,13.952733287798669,9.407464501134655,9.407464501134655,,,,0.21782178217821782,Medium,Medium,Positive pre-15:00 return
RQ2 Magnitude,Relaxed,Reduced,RBF SVR,3,2025-12-03,13.571784682395727,8.941802952522767,8.941802952522767,,,,0.16831683168316833,Low,Low,Positive pre-15:00 return
RQ2 Magnitude,Relaxed,Reduced,RBF SVR,3,2025-12-04,18.42126406977007,16.731250946566732,16.731250946566732,,,,0.594059405940594,Low,High,Negative pre-15:00 return
RQ2 Magnitude,Relaxed,Reduced,RBF SVR,3,2025-12-05,7.535367494636569,6.830803474127581,6.830803474127581,,,,0.039603960396039604,Low,Low,Positive pre-15:00 return
RQ2 Magnitude,Relaxed,Reduced,RBF SVR,3,2025-12-08,19.855814885860745,13.972665964093277,13.972665964093277,,,,0.46534653465346537,Medium,Low,Negative pre-15:00 return
RQ2 Magnitude,Relaxed,Reduced,RBF SVR,3,2025-12-09,10.835691775681333,7.444482994068441,7.444482994068441,,,,0.0594059405940594,Medium,Low,Positive pre-15:00 return
RQ2 Magnitude,Relaxed,Reduced,RBF SVR,3,2025-12-10,4.6878310871423245,24.62718986554761,24.62718986554761,,,,0.8415841584158416,Low,High,Positive pre-15:00 return
RQ2 Magnitude,Relaxed,Reduced,RBF SVR,3,2025-12-11,3.231944949688703,12.642993512848172,12.642993512848172,,,,0.39603960396039606,Low,Low,Positive pre-15:00 return
RQ2 Magnitude,Relaxed,Reduced,RBF SVR,3,2025-12-12,3.118585304289212,13.01954152970266,13.01954152970266,,,,0.40594059405940597,Low,Medium,Negative pre-15:00 return
RQ2 Magnitude,Relaxed,Reduced,RBF SVR,3,2025-12-15,14.122514276339038,9.242636030745608,9.242636030745608,,,,0.2079207920792079,Medium,Medium,Negative pre-15:00 return
RQ2 Magnitude,Relaxed,Reduced,RBF SVR,3,2025-12-16,14.701268168513248,18.312173145669114,18.312173145669114,,,,0.6138613861386139,Medium,Medium,Negative pre-15:00 return
RQ2 Magnitude,Relaxed,Reduced,RBF SVR,3,2025-12-17,26.572187776793264,14.956564975710016,14.956564975710016,,,,0.48514851485148514,Medium,Medium,Negative pre-15:00 return
RQ2 Magnitude,Relaxed,Reduced,RBF SVR,3,2025-12-18,11.734435247052755,23.22089265715286,23.22089265715286,,,,0.7920792079207921,Medium,High,Negative pre-15:00 return
RQ2 Magnitude,Relaxed,Reduced,RBF SVR,3,2025-12-19,0.23409404143026613,9.46381236352445,9.46381236352445,,,,0.22772277227722773,Low,Low,Positive pre-15:00 return
RQ2 Magnitude,Relaxed,Reduced,RBF SVR,3,2025-12-22,0.34902744955322973,7.82499189573965,7.82499189573965,,,,0.0891089108910891,Low,Low,Positive pre-15:00 return
RQ2 Magnitude,Relaxed,Reduced,RBF SVR,3,2025-12-26,1.082287002309723,6.328431229194123,6.328431229194123,,,,0.009900990099009901,Low,Low,Negative pre-15:00 return
RQ2 Magnitude,Relaxed,Reduced,RBF SVR,3,2025-12-29,5.527596016657865,11.777361450403845,11.777361450403845,,,,0.33663366336633666,Low,Low,Positive pre-15:00 return
RQ2 Magnitude,Relaxed,Reduced,RBF SVR,3,2025-12-30,9.792545786670992,8.906800453057986,8.906800453057986,,,,0.15841584158415842,Low,Low,Positive pre-15:00 return
RQ2 Magnitude,Relaxed,Reduced,RBF SVR,3,2025-12-31,33.44135896831024,14.744380613034787,14.744380613034787,,,,0.4752475247524752,Low,Medium,Negative pre-15:00 return
RQ2 Magnitude,Relaxed,Reduced,RBF SVR,3,2026-01-02,1.5311724843924956,21.791169602117687,21.791169602117687,,,,0.7524752475247525,Low,Medium,Negative pre-15:00 return
RQ2 Magnitude,Relaxed,Reduced,RBF SVR,3,2026-01-05,0.17384703199674334,9.177277225373135,9.177277225373135,,,,0.19801980198019803,Low,Low,Positive pre-15:00 return
RQ2 Magnitude,Relaxed,Reduced,RBF SVR,3,2026-01-06,0.21600231554508298,7.726744472011266,7.726744472011266,,,,0.06930693069306931,Low,Low,Positive pre-15:00 return
RQ2 Magnitude,Relaxed,Reduced,RBF SVR,3,2026-01-07,31.526250752511586,12.538789536916973,12.538789536916973,,,,0.38613861386138615,Low,Medium,Negative pre-15:00 return
RQ2 Magnitude,Relaxed,Reduced,RBF SVR,3,2026-01-08,10.297975984887575,9.055144721677152,9.055144721677152,,,,0.18811881188118812,Low,Medium,Negative pre-15:00 return
RQ2 Magnitude,Relaxed,Reduced,RBF SVR,3,2026-01-09,11.943816744858227,7.885130412794663,7.885130412794663,,,,0.09900990099009901,Low,Low,Positive pre-15:00 return
RQ2 Magnitude,Relaxed,Reduced,RBF SVR,3,2026-01-12,11.982665935585946,8.306372599805588,8.306372599805588,,,,0.1188118811881188,Low,Low,Positive pre-15:00 return
RQ2 Magnitude,Relaxed,Reduced,RBF SVR,3,2026-01-13,13.820636612176251,10.414886651827455,10.414886651827455,,,,0.27722772277227725,Low,Medium,Negative pre-15:00 return
RQ2 Magnitude,Relaxed,Reduced,RBF SVR,3,2026-01-14,34.86213019636919,12.51352967412469,12.51352967412469,,,,0.37623762376237624,Medium,Medium,Negative pre-15:00 return
RQ2 Magnitude,Relaxed,Reduced,RBF SVR,3,2026-01-15,11.261649982741151,16.42000302556532,16.42000302556532,,,,0.5445544554455446,Low,Medium,Negative pre-15:00 return
RQ2 Magnitude,Relaxed,Reduced,RBF SVR,3,2026-01-16,16.443937395067554,10.460688624197363,10.460688624197363,,,,0.2871287128712871,Low,Medium,Negative pre-15:00 return
RQ2 Magnitude,Relaxed,Reduced,RBF SVR,3,2026-01-20,7.395112169001905,18.468661862247593,18.468661862247593,,,,0.6237623762376238,High,Medium,Negative pre-15:00 return
RQ2 Magnitude,Relaxed,Reduced,RBF SVR,3,2026-01-21,46.25454040069865,28.9755467153557,28.9755467153557,,,,0.9603960396039604,Medium,High,Positive pre-15:00 return
RQ2 Magnitude,Relaxed,Reduced,RBF SVR,3,2026-01-22,1.591564131353529,15.85927364971681,15.85927364971681,,,,0.5148514851485149,Low,Medium,Negative pre-15:00 return
RQ2 Magnitude,Relaxed,Reduced,RBF SVR,3,2026-01-23,4.972104182927595,9.487435726513233,9.487435726513233,,,,0.2376237623762376,Low,Medium,Positive pre-15:00 return
RQ2 Magnitude,Relaxed,Reduced,RBF SVR,3,2026-01-26,12.717344446040446,8.6711849571989,8.6711849571989,,,,0.12871287128712872,Low,Low,Positive pre-15:00 return
RQ2 Magnitude,Relaxed,Reduced,RBF SVR,3,2026-01-27,7.903666900531681,6.793800781822679,6.793800781822679,,,,0.0297029702970297,Low,Low,Positive pre-15:00 return
RQ2 Magnitude,Relaxed,Reduced,RBF SVR,3,2026-01-28,6.3110667423993405,13.779015501428175,13.779015501428175,,,,0.45544554455445546,Low,High,Negative pre-15:00 return
RQ2 Magnitude,Relaxed,Reduced,RBF SVR,3,2026-01-29,47.45167213058066,20.89698404181457,20.89698404181457,,,,0.7128712871287128,Medium,High,Negative pre-15:00 return
RQ2 Magnitude,Relaxed,Reduced,RBF SVR,3,2026-01-30,15.143618964026384,24.944534843626542,24.944534843626542,,,,0.8514851485148515,Medium,High,Negative pre-15:00 return
RQ2 Magnitude,Relaxed,Reduced,RBF SVR,3,2026-02-02,0.08600707838368749,16.687259190453577,16.687259190453577,,,,0.5841584158415841,Medium,Medium,Positive pre-15:00 return
RQ2 Magnitude,Relaxed,Reduced,RBF SVR,3,2026-02-03,38.76244614109847,19.829706752566544,19.829706752566544,,,,0.6633663366336634,High,High,Negative pre-15:00 return
RQ2 Magnitude,Relaxed,Reduced,RBF SVR,3,2026-02-04,31.992005619239094,21.864479917945822,21.864479917945822,,,,0.7623762376237624,Medium,High,Negative pre-15:00 return
RQ2 Magnitude,Relaxed,Reduced,RBF SVR,3,2026-02-05,18.275390315365403,23.235087840985816,23.235087840985816,,,,0.801980198019802,High,High,Negative pre-15:00 return
RQ2 Magnitude,Relaxed,Reduced,RBF SVR,3,2026-02-06,21.488241478091474,10.864175419777553,10.864175419777553,,,,0.3069306930693069,Medium,Low,Positive pre-15:00 return
RQ2 Magnitude,Relaxed,Reduced,RBF SVR,3,2026-02-09,18.06252213017445,11.027035895158413,11.027035895158413,,,,0.31683168316831684,Medium,Low,Positive pre-15:00 return
RQ2 Magnitude,Relaxed,Reduced,RBF SVR,3,2026-02-10,26.500154488426908,10.36834779609634,10.36834779609634,,,,0.26732673267326734,Medium,Medium,Negative pre-15:00 return
RQ2 Magnitude,Relaxed,Reduced,RBF SVR,3,2026-02-11,14.762717375977896,20.791810367770744,20.791810367770744,,,,0.7029702970297029,Medium,High,Negative pre-15:00 return
RQ2 Magnitude,Relaxed,Reduced,RBF SVR,3,2026-02-12,54.22949292658852,20.19373289726203,20.19373289726203,,,,0.6831683168316832,High,High,Negative pre-15:00 return
RQ2 Magnitude,Relaxed,Reduced,RBF SVR,3,2026-02-13,11.311126114671444,29.203974557112105,29.203974557112105,,,,0.9702970297029703,High,High,Positive pre-15:00 return
RQ2 Magnitude,Relaxed,Reduced,RBF SVR,3,2026-02-17,11.059864801179486,25.68389750699235,25.68389750699235,,,,0.8613861386138614,High,Medium,Positive pre-15:00 return
RQ2 Magnitude,Relaxed,Reduced,RBF SVR,3,2026-02-18,24.026798112242176,21.004179260456326,21.004179260456326,,,,0.7227722772277227,High,High,Positive pre-15:00 return
RQ2 Magnitude,Relaxed,Reduced,RBF SVR,3,2026-02-19,27.86960473973421,16.087196344445964,16.087196344445964,,,,0.5247524752475248,High,Medium,Negative pre-15:00 return
RQ2 Magnitude,Relaxed,Reduced,RBF SVR,3,2026-02-20,18.83364771074758,22.38446824052279,22.38446824052279,,,,0.7821782178217822,High,Medium,Positive pre-15:00 return
RQ2 Magnitude,Relaxed,Reduced,RBF SVR,3,2026-02-23,19.13124237350461,17.16021568263311,17.16021568263311,,,,0.6039603960396039,High,Medium,Negative pre-15:00 return
RQ2 Magnitude,Relaxed,Reduced,RBF SVR,3,2026-02-24,4.907327016723251,11.58289922534907,11.58289922534907,,,,0.32673267326732675,High,Low,Positive pre-15:00 return
RQ2 Magnitude,Relaxed,Reduced,RBF SVR,3,2026-02-25,1.2090279846799223,8.906220440450156,8.906220440450156,,,,0.1485148514851485,Medium,Low,Positive pre-15:00 return
RQ2 Magnitude,Relaxed,Reduced,RBF SVR,3,2026-02-26,3.7646186658490954,16.544382627610318,16.544382627610318,,,,0.5742574257425742,Medium,Medium,Negative pre-15:00 return
RQ2 Magnitude,Relaxed,Reduced,RBF SVR,3,2026-02-27,42.400350416118556,13.563375870381408,13.563375870381408,,,,0.44554455445544555,High,Medium,Negative pre-15:00 return
RQ2 Magnitude,Relaxed,Reduced,RBF SVR,3,2026-03-02,24.575902566332797,21.272306661356858,21.272306661356858,,,,0.7425742574257426,High,Medium,Positive pre-15:00 return
RQ2 Magnitude,Relaxed,Reduced,RBF SVR,3,2026-03-03,15.131274425362884,28.74760117699106,28.74760117699106,,,,0.9405940594059405,High,High,Positive pre-15:00 return
RQ2 Magnitude,Relaxed,Reduced,RBF SVR,3,2026-03-04,20.209622162881136,12.303849414452117,12.303849414452117,,,,0.3564356435643564,High,Low,Positive pre-15:00 return
RQ2 Magnitude,Relaxed,Reduced,RBF SVR,3,2026-03-05,66.24946941470533,23.950568686776982,23.950568686776982,,,,0.8217821782178217,High,High,Negative pre-15:00 return
RQ2 Magnitude,Relaxed,Reduced,RBF SVR,3,2026-03-06,36.56726128513199,23.794925561468887,23.794925561468887,,,,0.8118811881188119,High,High,Negative pre-15:00 return
RQ2 Magnitude,Relaxed,Reduced,RBF SVR,3,2026-03-09,124.29984507210001,30.974074471672438,30.974074471672438,,,,1.0,High,Medium,Positive pre-15:00 return
RQ2 Magnitude,Relaxed,Reduced,RBF SVR,3,2026-03-10,22.980963464387383,26.46898550558234,26.46898550558234,,,,0.8712871287128713,High,High,Positive pre-15:00 return
RQ2 Magnitude,Relaxed,Reduced,RBF SVR,3,2026-03-11,15.611602258951418,19.02428495912409,19.02428495912409,,,,0.6435643564356436,High,Medium,Negative pre-15:00 return
RQ2 Magnitude,Relaxed,Reduced,RBF SVR,3,2026-03-12,18.80503502194597,28.09973034012971,28.09973034012971,,,,0.9207920792079208,High,High,Negative pre-15:00 return
RQ2 Magnitude,Relaxed,Reduced,RBF SVR,3,2026-03-13,30.441377423472417,27.093483832836462,27.093483832836462,,,,0.900990099009901,High,Medium,Negative pre-15:00 return
RQ2 Magnitude,Relaxed,Reduced,RBF SVR,3,2026-03-16,8.664322378407752,22.168588166529464,22.168588166529464,,,,0.7722772277227723,High,Medium,Positive pre-15:00 return
RQ2 Magnitude,Relaxed,Reduced,RBF SVR,3,2026-03-17,4.493907184447421,15.256977271566843,15.256977271566843,,,,0.504950495049505,High,Medium,Negative pre-15:00 return
RQ2 Magnitude,Relaxed,Reduced,RBF SVR,3,2026-03-18,28.554870660134625,28.198971629058082,28.198971629058082,,,,0.9306930693069307,High,High,Negative pre-15:00 return
RQ2 Magnitude,Relaxed,Reduced,RBF SVR,3,2026-03-19,20.705189949259406,13.466014637843694,13.466014637843694,,,,0.42574257425742573,High,High,Positive pre-15:00 return
RQ2 Magnitude,Relaxed,Reduced,RBF SVR,3,2026-03-20,3.458308933041998,27.887925862748187,27.887925862748187,,,,0.9108910891089109,High,High,Negative pre-15:00 return
RQ3 Large Movement,Strict,Full,RBF SVC,1,2024-12-17,0.0,0.0,-0.7944115397247101,-0.6053669575419826,0.18904458218272757,0.15217391304347827,0.11956521739130435,Low,Low,Negative pre-15:00 return
RQ3 Large Movement,Strict,Full,RBF SVC,1,2024-12-18,1.0,1.0,1.748778467244482,-0.6053669575419826,2.3541454247864646,0.8369565217391305,0.8369565217391305,Medium,High,Negative pre-15:00 return
RQ3 Large Movement,Strict,Full,RBF SVC,1,2024-12-19,1.0,1.0,0.0044168263796157126,-0.6053669575419826,0.6097837839215983,0.3804347826086957,0.41304347826086957,High,High,Negative pre-15:00 return
RQ3 Large Movement,Strict,Full,RBF SVC,1,2024-12-20,1.0,1.0,0.9277341405427245,-0.6053669575419826,1.533101098084707,0.6956521739130435,0.6956521739130435,Medium,High,Positive pre-15:00 return
RQ3 Large Movement,Strict,Full,RBF SVC,1,2024-12-23,1.0,0.0,-0.7262197183204281,-0.6053669575419826,0.12085276077844553,0.10869565217391304,0.16304347826086957,Medium,Medium,Positive pre-15:00 return
RQ3 Large Movement,Strict,Full,RBF SVC,1,2024-12-26,0.0,0.0,-1.0062904780239532,-0.6053669575419826,0.40092352048197066,0.2826086956521739,0.06521739130434782,Low,Low,Positive pre-15:00 return
RQ3 Large Movement,Strict,Full,RBF SVC,1,2024-12-27,0.0,1.0,-0.3370501035876773,-0.6053669575419826,0.26831685395430527,0.1956521739130435,0.2717391304347826,Low,Medium,Negative pre-15:00 return
RQ3 Large Movement,Strict,Full,RBF SVC,1,2024-12-30,1.0,1.0,-0.5565635836577544,-0.6053669575419826,0.048803373884228174,0.03260869565217391,0.25,Medium,Medium,Positive pre-15:00 return
RQ3 Large Movement,Strict,Full,RBF SVC,1,2024-12-31,0.0,1.0,0.20128072962495958,-0.6053669575419826,0.8066476871669421,0.5217391304347826,0.5217391304347826,Medium,High,Negative pre-15:00 return
RQ3 Large Movement,Strict,Full,RBF SVC,1,2025-01-02,1.0,1.0,0.8171154102666834,-0.6053669575419826,1.422482367808666,0.6521739130434783,0.6521739130434783,Medium,High,Negative pre-15:00 return
RQ3 Large Movement,Strict,Full,RBF SVC,1,2025-01-03,0.0,0.0,-0.7999517222667448,-0.6053669575419826,0.19458476472476227,0.16304347826086957,0.10869565217391304,Medium,Low,Positive pre-15:00 return
RQ3 Large Movement,Strict,Full,RBF SVC,1,2025-01-06,0.0,1.0,-0.11835676410025775,-0.6053669575419826,0.4870101934417248,0.32608695652173914,0.358695652173913,Medium,High,Negative pre-15:00 return
RQ3 Large Movement,Strict,Full,RBF SVC,1,2025-01-07,0.0,1.0,-0.2887609970905777,-0.6053669575419826,0.3166059604514049,0.21739130434782608,0.29347826086956524,Medium,Medium,Negative pre-15:00 return
RQ3 Large Movement,Strict,Full,RBF SVC,1,2025-01-08,0.0,1.0,-0.0616297040413768,-0.6053669575419826,0.5437372535006058,0.34782608695652173,0.3804347826086957,Medium,High,Negative pre-15:00 return
RQ3 Large Movement,Strict,Full,RBF SVC,1,2025-01-10,1.0,1.0,-0.2610406745593702,-0.6053669575419826,0.34432628298261236,0.2391304347826087,0.31521739130434784,Medium,High,Negative pre-15:00 return
RQ3 Large Movement,Strict,Full,RBF SVC,1,2025-01-13,0.0,1.0,-0.15983440031875473,-0.6053669575419826,0.4455325572232278,0.30434782608695654,0.34782608695652173,High,High,Positive pre-15:00 return
RQ3 Large Movement,Strict,Full,RBF SVC,1,2025-01-14,1.0,1.0,-0.05850033313505654,-0.6053669575419826,0.546866624406926,0.358695652173913,0.391304347826087,High,High,Negative pre-15:00 return
RQ3 Large Movement,Strict,Full,RBF SVC,1,2025-01-15,0.0,0.0,-0.7826073535489885,-0.6053669575419826,0.17724039600700592,0.13043478260869565,0.14130434782608695,Low,Low,Positive pre-15:00 return
RQ3 Large Movement,Strict,Full,RBF SVC,1,2025-01-16,0.0,1.0,-0.5287397228877962,-0.6053669575419826,0.0766272346541863,0.06521739130434782,0.2608695652173913,Low,Medium,Negative pre-15:00 return
RQ3 Large Movement,Strict,Full,RBF SVC,1,2025-01-17,0.0,0.0,-0.7198951121192719,-0.6053669575419826,0.11452815457728938,0.08695652173913043,0.18478260869565216,Low,Low,Positive pre-15:00 return
RQ3 Large Movement,Strict,Full,RBF SVC,1,2025-01-21,0.0,0.0,-1.0500669475506546,-0.6053669575419826,0.444699990008672,0.29347826086956524,0.05434782608695652,Low,Medium,Positive pre-15:00 return
RQ3 Large Movement,Strict,Full,RBF SVC,1,2025-01-22,0.0,0.0,-1.2699386241535326,-0.6053669575419826,0.6645716666115501,0.44565217391304346,0.021739130434782608,Low,Low,Positive pre-15:00 return
RQ3 Large Movement,Strict,Full,RBF SVC,1,2025-01-24,0.0,0.0,-0.791573716230071,-0.6053669575419826,0.18620675868808845,0.14130434782608695,0.13043478260869565,Low,Medium,Negative pre-15:00 return
RQ3 Large Movement,Strict,Full,RBF SVC,1,2025-01-27,1.0,1.0,0.409572445213349,-0.6053669575419826,1.0149394027553316,0.5760869565217391,0.5760869565217391,Medium,High,Positive pre-15:00 return
RQ3 Large Movement,Strict,Full,RBF SVC,1,2025-01-28,0.0,0.0,-0.6995492824317259,-0.6053669575419826,0.09418232488974332,0.07608695652173914,0.1956521739130435,Medium,Low,Positive pre-15:00 return
RQ3 Large Movement,Strict,Full,RBF SVC,1,2025-01-29,0.0,1.0,1.944515252642819,-0.6053669575419826,2.5498822101848018,0.8804347826086957,0.8804347826086957,Medium,High,Negative pre-15:00 return
RQ3 Large Movement,Strict,Full,RBF SVC,1,2025-01-30,0.0,0.0,-1.0884477889154103,-0.6053669575419826,0.4830808313734277,0.31521739130434784,0.043478260869565216,Low,Low,Positive pre-15:00 return
RQ3 Large Movement,Strict,Full,RBF SVC,1,2025-01-31,1.0,1.0,0.5007756818879366,-0.6053669575419826,1.1061426394299192,0.5978260869565217,0.5978260869565217,Medium,High,Negative pre-15:00 return
RQ3 Large Movement,Strict,Full,RBF SVC,1,2025-02-03,1.0,1.0,0.0827912561380083,-0.6053669575419826,0.6881582136799909,0.4673913043478261,0.4782608695652174,Medium,Medium,Positive pre-15:00 return
RQ3 Large Movement,Strict,Full,RBF SVC,1,2025-02-04,0.0,0.0,-0.7202278010111615,-0.6053669575419826,0.11486084346917891,0.09782608695652174,0.17391304347826086,Medium,Medium,Positive pre-15:00 return
RQ3 Large Movement,Strict,Full,RBF SVC,1,2025-02-05,0.0,0.0,-1.2459578440412877,-0.6053669575419826,0.6405908864993052,0.42391304347826086,0.03260869565217391,Low,Low,Positive pre-15:00 return
RQ3 Large Movement,Strict,Full,RBF SVC,1,2025-02-06,1.0,0.0,-0.6777755905185808,-0.6053669575419826,0.07240863297659828,0.05434782608695652,0.20652173913043478,Low,High,Negative pre-15:00 return
RQ3 Large Movement,Strict,Full,RBF SVC,1,2025-02-07,0.0,1.0,0.059608947779041244,-0.6053669575419826,0.6649759053210238,0.45652173913043476,0.4673913043478261,Medium,Medium,Negative pre-15:00 return
RQ3 Large Movement,Strict,Full,RBF SVC,1,2025-02-10,0.0,0.0,-1.3871324943520205,-0.6053669575419826,0.7817655368100379,0.5108695652173914,0.010869565217391304,Low,Low,Positive pre-15:00 return
RQ3 Large Movement,Strict,Full,RBF SVC,1,2025-02-12,0.0,0.0,-0.6623783354789611,-0.6053669575419826,0.057011377936978525,0.043478260869565216,0.21739130434782608,Low,Medium,Positive pre-15:00 return
RQ3 Large Movement,Strict,Full,RBF SVC,1,2025-02-13,0.0,1.0,-0.2832843542776159,-0.6053669575419826,0.32208260326436666,0.22826086956521738,0.30434782608695654,Low,Medium,Positive pre-15:00 return
RQ3 Large Movement,Strict,Full,RBF SVC,1,2025-02-18,0.0,0.0,-0.8436637960164971,-0.6053669575419826,0.23829683847451455,0.17391304347826086,0.09782608695652174,Low,Medium,Negative pre-15:00 return
RQ3 Large Movement,Strict,Full,RBF SVC,1,2025-02-19,0.0,0.0,-0.9540008524479037,-0.6053669575419826,0.3486338949059211,0.25,0.07608695652173914,Low,Medium,Positive pre-15:00 return
RQ3 Large Movement,Strict,Full,RBF SVC,1,2025-02-20,0.0,0.0,-0.8540401168715862,-0.6053669575419826,0.24867315932960365,0.18478260869565216,0.08695652173913043,Low,Low,Negative pre-15:00 return
RQ3 Large Movement,Strict,Full,RBF SVC,1,2025-02-21,0.0,1.0,0.5437943112755613,-0.6053669575419826,1.1491612688175439,0.6086956521739131,0.6086956521739131,Medium,High,Negative pre-15:00 return
RQ3 Large Movement,Strict,Full,RBF SVC,1,2025-02-24,1.0,0.0,-0.6089940638835915,-0.6053669575419826,0.003627106341608899,0.021739130434782608,0.22826086956521738,Medium,Medium,Negative pre-15:00 return
RQ3 Large Movement,Strict,Full,RBF SVC,1,2025-02-25,0.0,1.0,0.628500811883803,-0.6053669575419826,1.2338677694257856,0.6195652173913043,0.6195652173913043,High,High,Negative pre-15:00 return
RQ3 Large Movement,Strict,Full,RBF SVC,1,2025-02-26,1.0,1.0,0.8196751173127831,-0.6053669575419826,1.4250420748547656,0.6630434782608695,0.6630434782608695,High,High,Negative pre-15:00 return
RQ3 Large Movement,Strict,Full,RBF SVC,1,2025-02-27,1.0,1.0,0.38754872620312975,-0.6053669575419826,0.9929156837451123,0.5543478260869565,0.5543478260869565,High,High,Negative pre-15:00 return
RQ3 Large Movement,Strict,Full,RBF SVC,1,2025-02-28,1.0,1.0,1.4603311187459531,-0.6053669575419826,2.065698076287936,0.782608695652174,0.782608695652174,High,High,Positive pre-15:00 return
RQ3 Large Movement,Strict,Full,RBF SVC,1,2025-03-03,1.0,1.0,2.1644706521252455,-0.6053669575419826,2.769837609667228,0.9456521739130435,0.9456521739130435,High,High,Negative pre-15:00 return
RQ3 Large Movement,Strict,Full,RBF SVC,1,2025-03-04,1.0,1.0,1.5271777134735003,-0.6053669575419826,2.132544671015483,0.8043478260869565,0.8043478260869565,High,High,Positive pre-15:00 return
RQ3 Large Movement,Strict,Full,RBF SVC,1,2025-03-05,0.0,1.0,1.300746885875721,-0.6053669575419826,1.9061138434177036,0.7608695652173914,0.7608695652173914,High,High,Positive pre-15:00 return
RQ3 Large Movement,Strict,Full,RBF SVC,1,2025-03-06,1.0,1.0,2.3573661273885,-0.6053669575419826,2.9627330849304827,0.9565217391304348,0.9565217391304348,High,High,Negative pre-15:00 return
RQ3 Large Movement,Strict,Full,RBF SVC,1,2025-03-07,0.0,1.0,1.000643270128975,-0.6053669575419826,1.6060102276709576,0.7065217391304348,0.7065217391304348,High,High,Positive pre-15:00 return
RQ3 Large Movement,Strict,Full,RBF SVC,1,2025-03-10,1.0,1.0,1.8696619258340195,-0.6053669575419826,2.475028883376002,0.8695652173913043,0.8695652173913043,High,High,Negative pre-15:00 return
RQ3 Large Movement,Strict,Full,RBF SVC,1,2025-03-11,1.0,1.0,3.066482667899805,-0.6053669575419826,3.6718496254417876,0.9891304347826086,0.9891304347826086,High,High,Positive pre-15:00 return
RQ3 Large Movement,Strict,Full,RBF SVC,1,2025-03-12,1.0,1.0,1.1959569972570665,-0.6053669575419826,1.8013239547990492,0.7391304347826086,0.7391304347826086,High,High,Negative pre-15:00 return
RQ3 Large Movement,Strict,Full,RBF SVC,1,2025-03-13,1.0,1.0,2.0235012990331245,-0.6053669575419826,2.628868256575107,0.9347826086956522,0.9347826086956522,High,High,Negative pre-15:00 return
RQ3 Large Movement,Strict,Full,RBF SVC,1,2025-03-14,0.0,1.0,0.4951152262844912,-0.6053669575419826,1.1004821838264738,0.5869565217391305,0.5869565217391305,High,High,Positive pre-15:00 return
RQ3 Large Movement,Strict,Full,RBF SVC,1,2025-03-17,1.0,1.0,0.02744775151490708,-0.6053669575419826,0.6328147090568896,0.41304347826086957,0.44565217391304346,High,High,Positive pre-15:00 return
RQ3 Large Movement,Strict,Full,RBF SVC,1,2025-03-18,0.0,1.0,0.016541299121855757,-0.6053669575419826,0.6219082566638383,0.40217391304347827,0.43478260869565216,High,High,Negative pre-15:00 return
RQ3 Large Movement,Strict,Full,RBF SVC,1,2025-03-19,0.0,1.0,1.97113192999258,-0.6053669575419826,2.5764988875345627,0.9021739130434783,0.9021739130434783,High,High,Positive pre-15:00 return
RQ3 Large Movement,Strict,Full,RBF SVC,1,2025-03-20,0.0,1.0,0.2843831031575158,-0.6053669575419826,0.8897500606994984,0.532608695652174,0.532608695652174,High,High,Positive pre-15:00 return
RQ3 Large Movement,Strict,Full,RBF SVC,1,2025-03-21,1.0,1.0,0.3909496762576813,-0.6053669575419826,0.9963166337996638,0.5652173913043478,0.5652173913043478,High,High,Positive pre-15:00 return
RQ3 Large Movement,Strict,Full,RBF SVC,1,2025-03-24,0.0,1.0,-0.21535318680686244,-0.6053669575419826,0.3900137707351201,0.2608695652173913,0.32608695652173914,Medium,Medium,Positive pre-15:00 return
RQ3 Large Movement,Strict,Full,RBF SVC,1,2025-03-25,0.0,1.0,-0.6031033182923947,-0.6053669575419826,0.0022636392495878344,0.010869565217391304,0.2391304347826087,Medium,Medium,Negative pre-15:00 return
RQ3 Large Movement,Strict,Full,RBF SVC,1,2025-03-26,0.0,1.0,0.04382363818869395,-0.6053669575419826,0.6491905957306765,0.43478260869565216,0.45652173913043476,Medium,High,Negative pre-15:00 return
RQ3 Large Movement,Strict,Full,RBF SVC,1,2025-03-27,0.0,1.0,0.09461543568262643,-0.6053669575419826,0.699982393224609,0.4782608695652174,0.4891304347826087,Medium,High,Positive pre-15:00 return
RQ3 Large Movement,Strict,Full,RBF SVC,1,2025-03-28,0.0,1.0,0.13505480428610228,-0.6053669575419826,0.7404217618280848,0.5,0.5108695652173914,High,Medium,Negative pre-15:00 return
RQ3 Large Movement,Strict,Full,RBF SVC,1,2025-03-31,1.0,1.0,1.7504362126816022,-0.6053669575419826,2.355803170223585,0.8478260869565217,0.8478260869565217,High,High,Positive pre-15:00 return
RQ3 Large Movement,Strict,Full,RBF SVC,1,2025-04-01,1.0,1.0,0.2848168239310732,-0.6053669575419826,0.8901837814730558,0.5434782608695652,0.5434782608695652,High,High,Positive pre-15:00 return
RQ3 Large Movement,Strict,Full,RBF SVC,1,2025-04-02,1.0,1.0,0.9212340109695928,-0.6053669575419826,1.5266009685115753,0.6847826086956522,0.6847826086956522,High,High,Positive pre-15:00 return
RQ3 Large Movement,Strict,Full,RBF SVC,1,2025-04-03,1.0,1.0,1.9708957359248749,-0.6053669575419826,2.5762626934668575,0.8913043478260869,0.8913043478260869,High,High,Negative pre-15:00 return
RQ3 Large Movement,Strict,Full,RBF SVC,1,2025-04-04,1.0,1.0,2.675365238479035,-0.6053669575419826,3.2807321960210176,0.967391304347826,0.967391304347826,High,High,Negative pre-15:00 return
RQ3 Large Movement,Strict,Full,RBF SVC,1,2025-04-07,0.0,1.0,1.7116549873278761,-0.6053669575419826,2.317021944869859,0.8260869565217391,0.8260869565217391,High,High,Positive pre-15:00 return
RQ3 Large Movement,Strict,Full,RBF SVC,1,2025-04-08,1.0,1.0,3.066062392733311,-0.6053669575419826,3.6714293502752935,0.9782608695652174,0.9782608695652174,High,High,Negative pre-15:00 return
RQ3 Large Movement,Strict,Full,RBF SVC,1,2025-04-09,1.0,1.0,1.065305004587362,-0.6053669575419826,1.6706719621293447,0.717391304347826,0.717391304347826,High,High,Positive pre-15:00 return
RQ3 Large Movement,Strict,Full,RBF SVC,1,2025-04-10,0.0,1.0,3.3663508322774063,-0.6053669575419826,3.971717789819389,1.0,1.0,High,High,Negative pre-15:00 return
RQ3 Large Movement,Strict,Full,RBF SVC,1,2025-04-11,1.0,1.0,2.016712352879719,-0.6053669575419826,2.6220793104217015,0.9239130434782609,0.9239130434782609,High,High,Positive pre-15:00 return
RQ3 Large Movement,Strict,Full,RBF SVC,1,2025-04-14,1.0,1.0,1.1750548985693974,-0.6053669575419826,1.78042185611138,0.7282608695652174,0.7282608695652174,High,High,Negative pre-15:00 return
RQ3 Large Movement,Strict,Full,RBF SVC,1,2025-04-15,0.0,1.0,0.7948959026725747,-0.6053669575419826,1.4002628602145573,0.6413043478260869,0.6413043478260869,High,High,Negative pre-15:00 return
RQ3 Large Movement,Strict,Full,RBF SVC,1,2025-04-16,1.0,1.0,2.004852763534443,-0.6053669575419826,2.6102197210764255,0.9130434782608695,0.9130434782608695,High,High,Negative pre-15:00 return
RQ3 Large Movement,Strict,Full,RBF SVC,1,2025-04-17,1.0,1.0,1.5172489257214177,-0.6053669575419826,2.1226158832634003,0.7934782608695652,0.7934782608695652,High,High,Negative pre-15:00 return
RQ3 Large Movement,Strict,Full,RBF SVC,1,2025-04-21,1.0,1.0,1.2640330590137565,-0.6053669575419826,1.8694000165557392,0.75,0.75,High,High,Negative pre-15:00 return
RQ3 Large Movement,Strict,Full,RBF SVC,1,2025-04-22,0.0,1.0,1.604731097321261,-0.6053669575419826,2.2100980548632436,0.8152173913043478,0.8152173913043478,High,High,Positive pre-15:00 return
RQ3 Large Movement,Strict,Full,RBF SVC,1,2025-04-23,0.0,1.0,1.3336470017210913,-0.6053669575419826,1.939013959263074,0.7717391304347826,0.7717391304347826,High,High,Negative pre-15:00 return
RQ3 Large Movement,Strict,Full,RBF SVC,1,2025-04-24,0.0,1.0,0.13122599607827234,-0.6053669575419826,0.7365929536202549,0.4891304347826087,0.5,High,High,Positive pre-15:00 return
RQ3 Large Movement,Strict,Full,RBF SVC,1,2025-04-25,0.0,1.0,0.9034180526367089,-0.6053669575419826,1.5087850101786915,0.6739130434782609,0.6739130434782609,High,High,Positive pre-15:00 return
RQ3 Large Movement,Strict,Full,RBF SVC,1,2025-04-28,1.0,1.0,-0.2101415628750699,-0.6053669575419826,0.39522539466691264,0.2717391304347826,0.33695652173913043,High,High,Negative pre-15:00 return
RQ3 Large Movement,Strict,Full,RBF SVC,1,2025-04-29,0.0,1.0,-0.3197251260502748,-0.6053669575419826,0.28564183149170774,0.20652173913043478,0.2826086956521739,High,High,Positive pre-15:00 return
RQ3 Large Movement,Strict,Full,RBF SVC,1,2025-04-30,1.0,1.0,0.6890277617745392,-0.6053669575419826,1.2943947193165217,0.6304347826086957,0.6304347826086957,High,High,Positive pre-15:00 return
RQ3 Large Movement,Strict,Full,RBF SVC,1,2025-05-01,1.0,1.0,0.006334237365226314,-0.6053669575419826,0.6117011949072089,0.391304347826087,0.42391304347826086,High,High,Positive pre-15:00 return
RQ3 Large Movement,Strict,Full,RBF SVC,1,2025-05-02,0.0,1.0,-0.009671726876364972,-0.6053669575419826,0.5956952306656176,0.3695652173913043,0.40217391304347827,High,High,Positive pre-15:00 return
RQ3 Large Movement,Strict,Full,RBF SVC,1,2025-05-05,1.0,0.0,-0.7625154474006598,-0.6053669575419826,0.15714848985867724,0.11956521739130435,0.15217391304347827,High,Low,Positive pre-15:00 return
RQ3 Large Movement,Strict,Full,RBF SVC,1,2025-05-06,1.0,1.0,-0.09098295230903075,-0.6053669575419826,0.5143840052329518,0.33695652173913043,0.3695652173913043,High,High,Positive pre-15:00 return
RQ3 Large Movement,Strict,Full,RBF SVC,1,2025-05-07,0.0,1.0,1.7637519222664948,-0.6053669575419826,2.3691188798084775,0.8586956521739131,0.8586956521739131,High,High,Positive pre-15:00 return
RQ3 Large Movement,Strict,Full,RBF SVC,2,2025-05-08,1.0,0.0,-0.5366285618062685,0.3480706519542133,0.8846992137604818,0.33695652173913043,0.6739130434782609,High,Medium,Positive pre-15:00 return
RQ3 Large Movement,Strict,Full,RBF SVC,2,2025-05-09,0.0,0.0,-0.8198288056803025,0.3480706519542133,1.1678994576345159,0.9347826086956522,0.07608695652173914,High,Medium,Negative pre-15:00 return
RQ3 Large Movement,Strict,Full,RBF SVC,2,2025-05-12,0.0,0.0,-0.5566190604949257,0.3480706519542133,0.904689712449139,0.3804347826086957,0.6304347826086957,Medium,Low,Positive pre-15:00 return
RQ3 Large Movement,Strict,Full,RBF SVC,2,2025-05-13,1.0,0.0,-0.7396952474047596,0.3480706519542133,1.0877658993589727,0.7065217391304348,0.30434782608695654,Medium,Medium,Positive pre-15:00 return
RQ3 Large Movement,Strict,Full,RBF SVC,2,2025-05-14,0.0,0.0,-0.6216113529086196,0.3480706519542133,0.9696820048628328,0.43478260869565216,0.5760869565217391,Medium,Medium,Negative pre-15:00 return
RQ3 Large Movement,Strict,Full,RBF SVC,2,2025-05-15,0.0,0.0,-0.626863288221349,0.3480706519542133,0.9749339401755622,0.44565217391304346,0.5652173913043478,Medium,Medium,Positive pre-15:00 return
RQ3 Large Movement,Strict,Full,RBF SVC,2,2025-05-16,0.0,0.0,-0.6834222613252119,0.3480706519542133,1.031492913279425,0.5652173913043478,0.44565217391304346,Medium,Low,Positive pre-15:00 return
RQ3 Large Movement,Strict,Full,RBF SVC,2,2025-05-19,0.0,0.0,-0.6771528071528501,0.3480706519542133,1.0252234591070635,0.5434782608695652,0.4673913043478261,Medium,Medium,Positive pre-15:00 return
RQ3 Large Movement,Strict,Full,RBF SVC,2,2025-05-21,0.0,0.0,0.22260733418314024,0.3480706519542133,0.12546331777107303,0.05434782608695652,0.9456521739130435,High,High,Negative pre-15:00 return
RQ3 Large Movement,Strict,Full,RBF SVC,2,2025-05-22,1.0,0.0,-0.606542501447225,0.3480706519542133,0.9546131534014383,0.40217391304347827,0.6086956521739131,Medium,Medium,Positive pre-15:00 return
RQ3 Large Movement,Strict,Full,RBF SVC,2,2025-05-23,0.0,0.0,-0.4105133441977929,0.3480706519542133,0.7585839961520062,0.1956521739130435,0.8152173913043478,High,Medium,Positive pre-15:00 return
RQ3 Large Movement,Strict,Full,RBF SVC,2,2025-05-27,0.0,0.0,-0.6733727611318046,0.3480706519542133,1.021443413086018,0.5108695652173914,0.5,Medium,Low,Positive pre-15:00 return
RQ3 Large Movement,Strict,Full,RBF SVC,2,2025-05-28,1.0,0.0,-0.47413376036379057,0.3480706519542133,0.8222044123180039,0.25,0.7608695652173914,Medium,Medium,Negative pre-15:00 return
RQ3 Large Movement,Strict,Full,RBF SVC,2,2025-05-29,0.0,0.0,-0.4607244319468437,0.3480706519542133,0.8087950839010569,0.21739130434782608,0.7934782608695652,Medium,Medium,Negative pre-15:00 return
RQ3 Large Movement,Strict,Full,RBF SVC,2,2025-05-30,0.0,0.0,-0.5062184544803419,0.3480706519542133,0.8542891064345551,0.2826086956521739,0.7282608695652174,Medium,Medium,Negative pre-15:00 return
RQ3 Large Movement,Strict,Full,RBF SVC,2,2025-06-02,0.0,0.0,-0.61804526995787,0.3480706519542133,0.9661159219120833,0.42391304347826086,0.5869565217391305,Medium,Low,Positive pre-15:00 return
RQ3 Large Movement,Strict,Full,RBF SVC,2,2025-06-03,0.0,0.0,-0.6330776600509127,0.3480706519542133,0.981148312005126,0.45652173913043476,0.5543478260869565,Medium,Medium,Positive pre-15:00 return
RQ3 Large Movement,Strict,Full,RBF SVC,2,2025-06-04,0.0,0.0,-0.7203247682672016,0.3480706519542133,1.0683954202214148,0.6630434782608695,0.34782608695652173,Medium,Low,Positive pre-15:00 return
RQ3 Large Movement,Strict,Full,RBF SVC,2,2025-06-05,1.0,0.0,-0.2773923090267119,0.3480706519542133,0.6254629609809252,0.14130434782608695,0.8695652173913043,Medium,High,Negative pre-15:00 return
RQ3 Large Movement,Strict,Full,RBF SVC,2,2025-06-06,0.0,0.0,-0.6375772112092586,0.3480706519542133,0.9856478631634719,0.4673913043478261,0.5434782608695652,Medium,Medium,Positive pre-15:00 return
RQ3 Large Movement,Strict,Full,RBF SVC,2,2025-06-10,0.0,0.0,-0.6790161354903743,0.3480706519542133,1.0270867874445875,0.5543478260869565,0.45652173913043476,Medium,Medium,Positive pre-15:00 return
RQ3 Large Movement,Strict,Full,RBF SVC,2,2025-06-11,0.0,0.0,0.026041811463152653,0.3480706519542133,0.3220288404910606,0.08695652173913043,0.9239130434782609,Medium,High,Negative pre-15:00 return
RQ3 Large Movement,Strict,Full,RBF SVC,2,2025-06-12,0.0,0.0,-0.7507505520420468,0.3480706519542133,1.09882120399626,0.7391304347826086,0.2717391304347826,Medium,Low,Positive pre-15:00 return
RQ3 Large Movement,Strict,Full,RBF SVC,2,2025-06-13,0.0,0.0,-0.03108359400137392,0.3480706519542133,0.3791542459555872,0.09782608695652174,0.9130434782608695,High,High,Negative pre-15:00 return
RQ3 Large Movement,Strict,Full,RBF SVC,2,2025-06-16,0.0,0.0,-0.7070703941032068,0.3480706519542133,1.05514104605742,0.6195652173913043,0.391304347826087,Medium,Low,Positive pre-15:00 return
RQ3 Large Movement,Strict,Full,RBF SVC,2,2025-06-17,0.0,0.0,-0.5133943471015678,0.3480706519542133,0.8614649990557811,0.29347826086956524,0.717391304347826,High,Medium,Negative pre-15:00 return
RQ3 Large Movement,Strict,Full,RBF SVC,2,2025-06-18,0.0,1.0,0.3820033846132763,0.3480706519542133,0.03393273265906305,0.021739130434782608,0.9782608695652174,High,High,Negative pre-15:00 return
RQ3 Large Movement,Strict,Full,RBF SVC,2,2025-06-20,0.0,0.0,-0.2242937487658832,0.3480706519542133,0.5723644007200965,0.13043478260869565,0.8804347826086957,High,Medium,Negative pre-15:00 return
RQ3 Large Movement,Strict,Full,RBF SVC,2,2025-06-23,0.0,0.0,-0.4446751996739294,0.3480706519542133,0.7927458516281427,0.20652173913043478,0.8043478260869565,High,Low,Positive pre-15:00 return
RQ3 Large Movement,Strict,Full,RBF SVC,2,2025-06-24,0.0,0.0,-0.8214856702744462,0.3480706519542133,1.1695563222286594,0.9456521739130435,0.06521739130434782,Medium,Low,Positive pre-15:00 return
RQ3 Large Movement,Strict,Full,RBF SVC,2,2025-06-25,0.0,0.0,-0.8473195018665025,0.3480706519542133,1.195390153820716,0.9565217391304348,0.05434782608695652,Medium,Low,Negative pre-15:00 return
RQ3 Large Movement,Strict,Full,RBF SVC,2,2025-06-27,1.0,0.0,-0.10098985758011264,0.3480706519542133,0.4490605095343259,0.10869565217391304,0.9021739130434783,Medium,Medium,Negative pre-15:00 return
RQ3 Large Movement,Strict,Full,RBF SVC,2,2025-06-30,0.0,0.0,-0.6766139292913458,0.3480706519542133,1.024684581245559,0.5217391304347826,0.4891304347826087,Medium,Low,Negative pre-15:00 return
RQ3 Large Movement,Strict,Full,RBF SVC,2,2025-07-01,0.0,0.0,-0.6901977969890289,0.3480706519542133,1.038268448943242,0.5869565217391305,0.42391304347826086,Low,Low,Positive pre-15:00 return
RQ3 Large Movement,Strict,Full,RBF SVC,2,2025-07-02,0.0,0.0,-0.7645726814403766,0.3480706519542133,1.11264333339459,0.7934782608695652,0.21739130434782608,Low,Low,Positive pre-15:00 return
RQ3 Large Movement,Strict,Full,RBF SVC,2,2025-07-07,0.0,0.0,-0.5390843928872757,0.3480706519542133,0.887155044841489,0.358695652173913,0.6521739130434783,Medium,Medium,Negative pre-15:00 return
RQ3 Large Movement,Strict,Full,RBF SVC,2,2025-07-08,0.0,0.0,-0.7708123911093216,0.3480706519542133,1.1188830430635348,0.8043478260869565,0.20652173913043478,Medium,Low,Negative pre-15:00 return
RQ3 Large Movement,Strict,Full,RBF SVC,2,2025-07-09,0.0,0.0,-0.7870821547612608,0.3480706519542133,1.1351528067154741,0.8586956521739131,0.15217391304347827,Low,Low,Positive pre-15:00 return
RQ3 Large Movement,Strict,Full,RBF SVC,2,2025-07-11,0.0,0.0,-0.7513936412104243,0.3480706519542133,1.0994642931646377,0.75,0.2608695652173913,Low,Low,Positive pre-15:00 return
RQ3 Large Movement,Strict,Full,RBF SVC,2,2025-07-15,0.0,0.0,-0.3798113284443256,0.3480706519542133,0.7278819803985388,0.18478260869565216,0.8260869565217391,Medium,Low,Negative pre-15:00 return
RQ3 Large Movement,Strict,Full,RBF SVC,2,2025-07-16,0.0,0.0,-0.580986360733456,0.3480706519542133,0.9290570126876693,0.391304347826087,0.6195652173913043,Medium,Low,Positive pre-15:00 return
RQ3 Large Movement,Strict,Full,RBF SVC,2,2025-07-18,0.0,0.0,-0.8043609515926207,0.3480706519542133,1.1524316035468338,0.9130434782608695,0.09782608695652174,Low,Low,Negative pre-15:00 return
RQ3 Large Movement,Strict,Full,RBF SVC,2,2025-07-22,0.0,0.0,-0.7557648211480299,0.3480706519542133,1.1038354731022433,0.7608695652173914,0.25,Low,Low,Positive pre-15:00 return
RQ3 Large Movement,Strict,Full,RBF SVC,2,2025-07-23,0.0,0.0,-0.7369469080658473,0.3480706519542133,1.0850175600200607,0.6847826086956522,0.32608695652173914,Low,Low,Positive pre-15:00 return
RQ3 Large Movement,Strict,Full,RBF SVC,2,2025-07-25,0.0,0.0,-0.8865171981442348,0.3480706519542133,1.234587850098448,0.9891304347826086,0.021739130434782608,Low,Low,Positive pre-15:00 return
RQ3 Large Movement,Strict,Full,RBF SVC,2,2025-07-28,0.0,0.0,-0.8171876846326551,0.3480706519542133,1.1652583365868683,0.9239130434782609,0.08695652173913043,Low,Low,Negative pre-15:00 return
RQ3 Large Movement,Strict,Full,RBF SVC,2,2025-07-29,0.0,0.0,-0.6688468206756528,0.3480706519542133,1.0169174726298662,0.5,0.5108695652173914,Low,Low,Negative pre-15:00 return
RQ3 Large Movement,Strict,Full,RBF SVC,2,2025-07-30,0.0,1.0,0.4278872391227394,0.3480706519542133,0.07981658716852613,0.043478260869565216,0.9891304347826086,Medium,High,Negative pre-15:00 return
RQ3 Large Movement,Strict,Full,RBF SVC,2,2025-07-31,1.0,0.0,-0.1705557865872872,0.3480706519542133,0.5186264385415005,0.11956521739130435,0.8913043478260869,Low,High,Negative pre-15:00 return
RQ3 Large Movement,Strict,Full,RBF SVC,2,2025-08-01,0.0,0.0,0.2901725589877241,0.3480706519542133,0.05789809296648918,0.03260869565217391,0.9565217391304348,High,High,Negative pre-15:00 return
RQ3 Large Movement,Strict,Full,RBF SVC,2,2025-08-04,0.0,0.0,-0.6945945496011623,0.3480706519542133,1.0426652015553755,0.5978260869565217,0.41304347826086957,Medium,Low,Positive pre-15:00 return
RQ3 Large Movement,Strict,Full,RBF SVC,2,2025-08-05,0.0,0.0,-0.47700539559702454,0.3480706519542133,0.8250760475512378,0.2608695652173913,0.75,Medium,Medium,Negative pre-15:00 return
RQ3 Large Movement,Strict,Full,RBF SVC,2,2025-08-06,0.0,0.0,-0.6769707946346497,0.3480706519542133,1.025041446588863,0.532608695652174,0.4782608695652174,Medium,Low,Positive pre-15:00 return
RQ3 Large Movement,Strict,Full,RBF SVC,2,2025-08-07,0.0,0.0,-0.5374791615769126,0.3480706519542133,0.8855498135311258,0.34782608695652173,0.6630434782608695,Medium,Medium,Negative pre-15:00 return
RQ3 Large Movement,Strict,Full,RBF SVC,2,2025-08-08,0.0,0.0,-0.7720462916171356,0.3480706519542133,1.120116943571349,0.8260869565217391,0.18478260869565216,Low,Low,Positive pre-15:00 return
RQ3 Large Movement,Strict,Full,RBF SVC,2,2025-08-11,0.0,0.0,-0.7716027335336135,0.3480706519542133,1.1196733854878267,0.8152173913043478,0.1956521739130435,Low,Medium,Negative pre-15:00 return
RQ3 Large Movement,Strict,Full,RBF SVC,2,2025-08-12,0.0,0.0,-0.7184831521288977,0.3480706519542133,1.066553804083111,0.6521739130434783,0.358695652173913,Low,Low,Positive pre-15:00 return
RQ3 Large Movement,Strict,Full,RBF SVC,2,2025-08-13,0.0,0.0,-0.7769647598973162,0.3480706519542133,1.1250354118515293,0.8478260869565217,0.16304347826086957,Low,Medium,Negative pre-15:00 return
RQ3 Large Movement,Strict,Full,RBF SVC,2,2025-08-14,0.0,0.0,-0.7611086401081932,0.3480706519542133,1.1091792920624064,0.782608695652174,0.22826086956521738,Low,Low,Positive pre-15:00 return
RQ3 Large Movement,Strict,Full,RBF SVC,2,2025-08-18,0.0,0.0,-0.9359303710350042,0.3480706519542133,1.2840010229892176,1.0,0.010869565217391304,Low,Low,Positive pre-15:00 return
RQ3 Large Movement,Strict,Full,RBF SVC,2,2025-08-19,0.0,0.0,-0.6895285859757618,0.3480706519542133,1.037599237929975,0.5760869565217391,0.43478260869565216,Low,Low,Negative pre-15:00 return
RQ3 Large Movement,Strict,Full,RBF SVC,2,2025-08-20,0.0,0.0,-0.46806301833662295,0.3480706519542133,0.8161336702908362,0.2391304347826087,0.7717391304347826,Low,Medium,Negative pre-15:00 return
RQ3 Large Movement,Strict,Full,RBF SVC,2,2025-08-21,0.0,0.0,-0.7964304483807678,0.3480706519542133,1.1445011003349812,0.8804347826086957,0.13043478260869565,Low,Medium,Negative pre-15:00 return
RQ3 Large Movement,Strict,Full,RBF SVC,2,2025-08-22,0.0,0.0,-0.5474625771652462,0.3480706519542133,0.8955332291194594,0.3695652173913043,0.6413043478260869,Low,Low,Positive pre-15:00 return
RQ3 Large Movement,Strict,Full,RBF SVC,2,2025-08-25,0.0,0.0,-0.7429535635967859,0.3480706519542133,1.0910242155509993,0.7282608695652174,0.2826086956521739,Low,Low,Negative pre-15:00 return
RQ3 Large Movement,Strict,Full,RBF SVC,2,2025-08-26,0.0,0.0,-0.8862494786784949,0.3480706519542133,1.234320130632708,0.9782608695652174,0.03260869565217391,Low,Low,Positive pre-15:00 return
RQ3 Large Movement,Strict,Full,RBF SVC,2,2025-08-29,0.0,0.0,-0.7922077946976629,0.3480706519542133,1.1402784466518763,0.8695652173913043,0.14130434782608695,Low,Low,Negative pre-15:00 return
RQ3 Large Movement,Strict,Full,RBF SVC,2,2025-09-02,1.0,0.0,-0.6406756715661741,0.3480706519542133,0.9887463235203874,0.4782608695652174,0.532608695652174,Medium,Medium,Negative pre-15:00 return
RQ3 Large Movement,Strict,Full,RBF SVC,2,2025-09-03,1.0,0.0,-0.6122348717443782,0.3480706519542133,0.9603055236985915,0.41304347826086957,0.5978260869565217,Medium,Medium,Negative pre-15:00 return
RQ3 Large Movement,Strict,Full,RBF SVC,2,2025-09-05,0.0,0.0,-0.5359906408036585,0.3480706519542133,0.8840612927578718,0.32608695652173914,0.6847826086956522,Low,Medium,Negative pre-15:00 return
RQ3 Large Movement,Strict,Full,RBF SVC,2,2025-09-09,0.0,0.0,-0.8516643387224427,0.3480706519542133,1.1997349906766561,0.967391304347826,0.043478260869565216,Low,Low,Positive pre-15:00 return
RQ3 Large Movement,Strict,Full,RBF SVC,2,2025-09-10,0.0,0.0,-0.6650217264698104,0.3480706519542133,1.0130923784240236,0.4891304347826087,0.5217391304347826,Low,Low,Negative pre-15:00 return
RQ3 Large Movement,Strict,Full,RBF SVC,2,2025-09-11,0.0,0.0,-0.796889430055312,0.3480706519542133,1.1449600820095251,0.8913043478260869,0.11956521739130435,Low,Low,Positive pre-15:00 return
RQ3 Large Movement,Strict,Full,RBF SVC,2,2025-09-15,0.0,0.0,-0.77225658763726,0.3480706519542133,1.1203272395914734,0.8369565217391305,0.17391304347826086,Low,Low,Positive pre-15:00 return
RQ3 Large Movement,Strict,Full,RBF SVC,2,2025-09-17,0.0,0.0,0.32578307543605767,0.3480706519542133,0.022287576518155605,0.010869565217391304,0.967391304347826,Low,High,Negative pre-15:00 return
RQ3 Large Movement,Strict,Full,RBF SVC,2,2025-09-18,0.0,0.0,-0.6980762756015271,0.3480706519542133,1.0461469275557405,0.6086956521739131,0.40217391304347827,Low,Low,Positive pre-15:00 return
RQ3 Large Movement,Strict,Full,RBF SVC,2,2025-09-23,0.0,0.0,-0.4647025189111162,0.3480706519542133,0.8127731708653294,0.22826086956521738,0.782608695652174,Medium,Medium,Negative pre-15:00 return
RQ3 Large Movement,Strict,Full,RBF SVC,2,2025-09-24,0.0,0.0,-0.7562015027719511,0.3480706519542133,1.1042721547261642,0.7717391304347826,0.2391304347826087,Low,Low,Negative pre-15:00 return
RQ3 Large Movement,Strict,Full,RBF SVC,2,2025-09-25,0.0,0.0,-0.31263667510915555,0.3480706519542133,0.6607073270633688,0.15217391304347827,0.8586956521739131,Medium,Medium,Negative pre-15:00 return
RQ3 Large Movement,Strict,Full,RBF SVC,2,2025-09-26,0.0,0.0,-0.7081123015468205,0.3480706519542133,1.0561829535010339,0.6304347826086957,0.3804347826086957,Low,Low,Positive pre-15:00 return
RQ3 Large Movement,Strict,Full,RBF SVC,2,2025-09-29,0.0,0.0,-0.7370552470030332,0.3480706519542133,1.0851258989572465,0.6956521739130435,0.31521739130434784,Low,Low,Negative pre-15:00 return
RQ3 Large Movement,Strict,Full,RBF SVC,2,2025-09-30,0.0,0.0,-0.7101772363429342,0.3480706519542133,1.0582478882971476,0.6413043478260869,0.3695652173913043,Low,Low,Positive pre-15:00 return
RQ3 Large Movement,Strict,Full,RBF SVC,2,2025-10-02,0.0,0.0,-0.8040346792965771,0.3480706519542133,1.1521053312507905,0.9021739130434783,0.10869565217391304,Low,Low,Negative pre-15:00 return
RQ3 Large Movement,Strict,Full,RBF SVC,2,2025-10-03,0.0,0.0,-0.4855662113605281,0.3480706519542133,0.8336368633147413,0.2717391304347826,0.7391304347826086,Low,Medium,Positive pre-15:00 return
RQ3 Large Movement,Strict,Full,RBF SVC,2,2025-10-07,0.0,0.0,-0.7351405297119349,0.3480706519542133,1.0832111816661483,0.6739130434782609,0.33695652173913043,Medium,Low,Negative pre-15:00 return
RQ3 Large Movement,Strict,Full,RBF SVC,2,2025-10-09,0.0,0.0,-0.7425479670941582,0.3480706519542133,1.0906186190483713,0.717391304347826,0.29347826086956524,Low,Low,Negative pre-15:00 return
RQ3 Large Movement,Strict,Full,RBF SVC,2,2025-10-10,1.0,1.0,0.48826398315910624,0.3480706519542133,0.14019333120489297,0.06521739130434782,1.0,High,High,Negative pre-15:00 return
RQ3 Large Movement,Strict,Full,RBF SVC,2,2025-10-13,0.0,0.0,-0.3524390886248225,0.3480706519542133,0.7005097405790357,0.17391304347826086,0.8369565217391305,Medium,Medium,Positive pre-15:00 return
RQ3 Large Movement,Strict,Full,RBF SVC,2,2025-10-14,1.0,0.0,-0.5210044837411094,0.3480706519542133,0.8690751356953227,0.30434782608695654,0.7065217391304348,Medium,Medium,Positive pre-15:00 return
RQ3 Large Movement,Strict,Full,RBF SVC,2,2025-10-15,0.0,0.0,-0.5353264663964388,0.3480706519542133,0.883397118350652,0.31521739130434784,0.6956521739130435,High,Medium,Negative pre-15:00 return
RQ3 Large Movement,Strict,Full,RBF SVC,2,2025-10-16,0.0,0.0,0.13667751780426302,0.3480706519542133,0.21139313414995026,0.07608695652173914,0.9347826086956522,High,High,Negative pre-15:00 return
RQ3 Large Movement,Strict,Full,RBF SVC,2,2025-10-17,0.0,0.0,-0.32722236416038003,0.3480706519542133,0.6752930161145934,0.16304347826086957,0.8478260869565217,High,Medium,Positive pre-15:00 return
RQ3 Large Movement,Strict,Full,RBF SVC,3,2025-10-21,0.0,0.0,-0.9352556431871237,-0.12323400182023692,0.8120216413668868,0.9021739130434783,0.06521739130434782,Medium,Low,Positive pre-15:00 return
RQ3 Large Movement,Strict,Full,RBF SVC,3,2025-10-23,0.0,0.0,-0.882417297912149,-0.12323400182023692,0.759183296091912,0.8478260869565217,0.10869565217391304,Medium,Low,Positive pre-15:00 return
RQ3 Large Movement,Strict,Full,RBF SVC,3,2025-10-24,0.0,0.0,-1.0141992785708587,-0.12323400182023692,0.8909652767506218,0.9565217391304348,0.03260869565217391,Low,Low,Positive pre-15:00 return
RQ3 Large Movement,Strict,Full,RBF SVC,3,2025-10-29,0.0,1.0,0.6532749661774776,-0.12323400182023692,0.7765089679977145,0.8695652173913043,0.9565217391304348,Medium,High,Negative pre-15:00 return
RQ3 Large Movement,Strict,Full,RBF SVC,3,2025-10-30,1.0,0.0,-0.437339217507277,-0.12323400182023692,0.3141052156870401,0.34782608695652173,0.4673913043478261,Medium,Medium,Negative pre-15:00 return
RQ3 Large Movement,Strict,Full,RBF SVC,3,2025-10-31,0.0,0.0,-0.5761383302399072,-0.12323400182023692,0.4529043284196703,0.4782608695652174,0.3804347826086957,Medium,Medium,Negative pre-15:00 return
RQ3 Large Movement,Strict,Full,RBF SVC,3,2025-11-03,0.0,0.0,-0.8471834511132936,-0.12323400182023692,0.7239494492930567,0.8152173913043478,0.13043478260869565,Medium,Medium,Negative pre-15:00 return
RQ3 Large Movement,Strict,Full,RBF SVC,3,2025-11-04,0.0,0.0,-0.3424383879334486,-0.12323400182023692,0.2192043861132117,0.2391304347826087,0.532608695652174,Medium,Medium,Negative pre-15:00 return
RQ3 Large Movement,Strict,Full,RBF SVC,3,2025-11-05,1.0,0.0,-0.7909713126586924,-0.12323400182023692,0.6677373108384554,0.6956521739130435,0.21739130434782608,Medium,Low,Positive pre-15:00 return
RQ3 Large Movement,Strict,Full,RBF SVC,3,2025-11-06,1.0,1.0,-0.11465979106569046,-0.12323400182023692,0.008574210754546452,0.010869565217391304,0.6521739130434783,Medium,High,Negative pre-15:00 return
RQ3 Large Movement,Strict,Full,RBF SVC,3,2025-11-07,0.0,1.0,0.284390279055418,-0.12323400182023692,0.40762428087565494,0.42391304347826086,0.8478260869565217,High,High,Positive pre-15:00 return
RQ3 Large Movement,Strict,Full,RBF SVC,3,2025-11-10,0.0,0.0,-0.6995039034664243,-0.12323400182023692,0.5762699016461874,0.6086956521739131,0.2826086956521739,Medium,Low,Positive pre-15:00 return
RQ3 Large Movement,Strict,Full,RBF SVC,3,2025-11-11,0.0,0.0,-0.8120365262958058,-0.12323400182023692,0.6888025244755689,0.7608695652173914,0.18478260869565216,Medium,Medium,Positive pre-15:00 return
RQ3 Large Movement,Strict,Full,RBF SVC,3,2025-11-12,0.0,0.0,-0.6720727311774997,-0.12323400182023692,0.5488387293572627,0.5978260869565217,0.29347826086956524,Medium,Medium,Negative pre-15:00 return
RQ3 Large Movement,Strict,Full,RBF SVC,3,2025-11-13,0.0,1.0,0.45731449094879173,-0.12323400182023692,0.5805484927690286,0.6304347826086957,0.8913043478260869,High,High,Negative pre-15:00 return
RQ3 Large Movement,Strict,Full,RBF SVC,3,2025-11-14,1.0,1.0,0.004275623399668249,-0.12323400182023692,0.12750962521990516,0.11956521739130435,0.7282608695652174,High,High,Positive pre-15:00 return
RQ3 Large Movement,Strict,Full,RBF SVC,3,2025-11-17,1.0,1.0,0.7543870327982479,-0.12323400182023692,0.8776210346184848,0.9456521739130435,0.9782608695652174,High,High,Negative pre-15:00 return
RQ3 Large Movement,Strict,Full,RBF SVC,3,2025-11-18,1.0,1.0,0.41460937459780844,-0.12323400182023692,0.5378433764180454,0.5869565217391305,0.8804347826086957,High,High,Positive pre-15:00 return
RQ3 Large Movement,Strict,Full,RBF SVC,3,2025-11-19,0.0,1.0,-0.1000692824721322,-0.12323400182023692,0.023164719348104712,0.021739130434782608,0.6630434782608695,High,High,Positive pre-15:00 return
RQ3 Large Movement,Strict,Full,RBF SVC,3,2025-11-20,1.0,1.0,0.900669618051035,-0.12323400182023692,1.0239036198712719,1.0,1.0,High,High,Negative pre-15:00 return
RQ3 Large Movement,Strict,Full,RBF SVC,3,2025-11-21,1.0,1.0,0.8210233535944936,-0.12323400182023692,0.9442573554147305,0.9891304347826086,0.9891304347826086,High,High,Positive pre-15:00 return
RQ3 Large Movement,Strict,Full,RBF SVC,3,2025-11-24,0.0,0.0,-0.3832065149416508,-0.12323400182023692,0.2599725131214139,0.2826086956521739,0.5108695652173914,High,Medium,Positive pre-15:00 return
RQ3 Large Movement,Strict,Full,RBF SVC,3,2025-11-25,0.0,0.0,-0.5486122477249904,-0.12323400182023692,0.4253782459047535,0.43478260869565216,0.42391304347826086,Medium,Medium,Positive pre-15:00 return
RQ3 Large Movement,Strict,Full,RBF SVC,3,2025-11-26,0.0,0.0,-0.6510304741382356,-0.12323400182023692,0.5277964723179986,0.5760869565217391,0.30434782608695654,Medium,Medium,Positive pre-15:00 return
RQ3 Large Movement,Strict,Full,RBF SVC,3,2025-12-01,0.0,0.0,-0.46680073538645184,-0.12323400182023692,0.3435667335662149,0.3804347826086957,0.44565217391304346,Medium,Medium,Positive pre-15:00 return
RQ3 Large Movement,Strict,Full,RBF SVC,3,2025-12-02,0.0,0.0,-0.7700679197570042,-0.12323400182023692,0.6468339179367673,0.6739130434782609,0.22826086956521738,Medium,Medium,Positive pre-15:00 return
RQ3 Large Movement,Strict,Full,RBF SVC,3,2025-12-03,0.0,0.0,-0.9218351896191188,-0.12323400182023692,0.7986011877988819,0.8913043478260869,0.07608695652173914,Low,Low,Positive pre-15:00 return
RQ3 Large Movement,Strict,Full,RBF SVC,3,2025-12-04,0.0,0.0,-0.5522619394156811,-0.12323400182023692,0.4290279375954442,0.44565217391304346,0.41304347826086957,Low,Medium,Negative pre-15:00 return
RQ3 Large Movement,Strict,Full,RBF SVC,3,2025-12-05,0.0,0.0,-0.964094756170613,-0.12323400182023692,0.8408607543503761,0.9347826086956522,0.043478260869565216,Low,Low,Positive pre-15:00 return
RQ3 Large Movement,Strict,Full,RBF SVC,3,2025-12-08,0.0,0.0,-0.7414202437765149,-0.12323400182023692,0.618186241956278,0.6521739130434783,0.25,Medium,Low,Negative pre-15:00 return
RQ3 Large Movement,Strict,Full,RBF SVC,3,2025-12-09,0.0,0.0,-1.0150435816383052,-0.12323400182023692,0.8918095798180683,0.967391304347826,0.021739130434782608,Medium,Low,Positive pre-15:00 return
RQ3 Large Movement,Strict,Full,RBF SVC,3,2025-12-10,0.0,1.0,0.5464738808893147,-0.12323400182023692,0.6697078827095516,0.7065217391304348,0.9130434782608695,Low,High,Positive pre-15:00 return
RQ3 Large Movement,Strict,Full,RBF SVC,3,2025-12-11,0.0,0.0,-0.6475934237985912,-0.12323400182023692,0.5243594219783543,0.5652173913043478,0.31521739130434784,Low,Low,Positive pre-15:00 return
RQ3 Large Movement,Strict,Full,RBF SVC,3,2025-12-12,0.0,0.0,-0.39863263374182867,-0.12323400182023692,0.27539863192159175,0.30434782608695654,0.4891304347826087,Low,Medium,Negative pre-15:00 return
RQ3 Large Movement,Strict,Full,RBF SVC,3,2025-12-15,0.0,0.0,-0.6432200424414323,-0.12323400182023692,0.5199860406211954,0.5543478260869565,0.32608695652173914,Low,Medium,Negative pre-15:00 return
RQ3 Large Movement,Strict,Full,RBF SVC,3,2025-12-16,0.0,0.0,-0.2666339823263125,-0.12323400182023692,0.1433999805060756,0.14130434782608695,0.6086956521739131,Medium,Medium,Negative pre-15:00 return
RQ3 Large Movement,Strict,Full,RBF SVC,3,2025-12-17,0.0,0.0,-0.32543958691225283,-0.12323400182023692,0.20220558509201592,0.21739130434782608,0.5434782608695652,Medium,Medium,Negative pre-15:00 return
RQ3 Large Movement,Strict,Full,RBF SVC,3,2025-12-18,0.0,1.0,0.13200302033808864,-0.12323400182023692,0.25523702215832555,0.2717391304347826,0.782608695652174,Medium,High,Negative pre-15:00 return
RQ3 Large Movement,Strict,Full,RBF SVC,3,2025-12-19,0.0,0.0,-0.8255420917374425,-0.12323400182023692,0.7023080899172056,0.782608695652174,0.16304347826086957,Low,Low,Positive pre-15:00 return
RQ3 Large Movement,Strict,Full,RBF SVC,3,2025-12-29,0.0,0.0,-0.9088203058328026,-0.12323400182023692,0.7855863040125657,0.8804347826086957,0.08695652173913043,Low,Low,Positive pre-15:00 return
RQ3 Large Movement,Strict,Full,RBF SVC,3,2025-12-31,1.0,0.0,-0.6044953260771191,-0.12323400182023692,0.4812613242568822,0.5108695652173914,0.358695652173913,Low,Medium,Negative pre-15:00 return
RQ3 Large Movement,Strict,Full,RBF SVC,3,2026-01-02,0.0,0.0,-0.20484813107404531,-0.12323400182023692,0.0816141292538084,0.05434782608695652,0.6304347826086957,Low,Medium,Negative pre-15:00 return
RQ3 Large Movement,Strict,Full,RBF SVC,3,2026-01-05,0.0,0.0,-0.8463085697691917,-0.12323400182023692,0.7230745679489547,0.8043478260869565,0.14130434782608695,Low,Low,Positive pre-15:00 return
RQ3 Large Movement,Strict,Full,RBF SVC,3,2026-01-07,1.0,0.0,-0.7992126436018989,-0.12323400182023692,0.675978641781662,0.7282608695652174,0.20652173913043478,Low,Low,Negative pre-15:00 return
RQ3 Large Movement,Strict,Full,RBF SVC,3,2026-01-08,0.0,0.0,-0.8571332870813619,-0.12323400182023692,0.733899285261125,0.8260869565217391,0.11956521739130435,Low,Medium,Negative pre-15:00 return
RQ3 Large Movement,Strict,Full,RBF SVC,3,2026-01-09,0.0,0.0,-0.8895745449644339,-0.12323400182023692,0.766340543144197,0.8586956521739131,0.09782608695652174,Low,Low,Positive pre-15:00 return
RQ3 Large Movement,Strict,Full,RBF SVC,3,2026-01-13,0.0,0.0,-0.7692118645570376,-0.12323400182023692,0.6459778627368007,0.6630434782608695,0.2391304347826087,Low,Medium,Negative pre-15:00 return
RQ3 Large Movement,Strict,Full,RBF SVC,3,2026-01-14,1.0,0.0,-0.6147047668201735,-0.12323400182023692,0.4914707649999366,0.532608695652174,0.33695652173913043,Medium,Low,Negative pre-15:00 return
RQ3 Large Movement,Strict,Full,RBF SVC,3,2026-01-15,0.0,0.0,-0.47826285056989715,-0.12323400182023692,0.35502884874966023,0.391304347826087,0.43478260869565216,Low,Medium,Negative pre-15:00 return
RQ3 Large Movement,Strict,Full,RBF SVC,3,2026-01-16,0.0,0.0,-0.8195328224961846,-0.12323400182023692,0.6962988206759477,0.7717391304347826,0.17391304347826086,Low,Medium,Negative pre-15:00 return
RQ3 Large Movement,Strict,Full,RBF SVC,3,2026-01-20,0.0,0.0,-0.21900237030967262,-0.12323400182023692,0.0957683684894357,0.07608695652173914,0.6195652173913043,High,Medium,Negative pre-15:00 return
RQ3 Large Movement,Strict,Full,RBF SVC,3,2026-01-21,1.0,1.0,0.7124084140090836,-0.12323400182023692,0.8356424158293205,0.9239130434782609,0.967391304347826,Medium,High,Positive pre-15:00 return
RQ3 Large Movement,Strict,Full,RBF SVC,3,2026-01-22,0.0,0.0,-0.42343395288373364,-0.12323400182023692,0.30019995106349673,0.32608695652173914,0.4782608695652174,Low,Low,Negative pre-15:00 return
RQ3 Large Movement,Strict,Full,RBF SVC,3,2026-01-23,0.0,0.0,-0.8443149215175287,-0.12323400182023692,0.7210809196972918,0.7934782608695652,0.15217391304347827,Low,Medium,Positive pre-15:00 return
RQ3 Large Movement,Strict,Full,RBF SVC,3,2026-01-26,0.0,0.0,-0.9372691753884315,-0.12323400182023692,0.8140351735681945,0.9130434782608695,0.05434782608695652,Low,Low,Positive pre-15:00 return
RQ3 Large Movement,Strict,Full,RBF SVC,3,2026-01-28,0.0,0.0,-0.3653329969261374,-0.12323400182023692,0.2420989951059005,0.2608695652173913,0.5217391304347826,Low,High,Negative pre-15:00 return
RQ3 Large Movement,Strict,Full,RBF SVC,3,2026-01-29,1.0,1.0,-0.01875120029860844,-0.12323400182023692,0.10448280152162848,0.08695652173913043,0.6956521739130435,Medium,Medium,Negative pre-15:00 return
RQ3 Large Movement,Strict,Full,RBF SVC,3,2026-01-30,0.0,1.0,0.25338705509636217,-0.12323400182023692,0.3766210569165991,0.40217391304347827,0.8260869565217391,Medium,High,Negative pre-15:00 return
RQ3 Large Movement,Strict,Full,RBF SVC,3,2026-02-02,0.0,0.0,-0.2767224444630474,-0.12323400182023692,0.15348844264281047,0.15217391304347827,0.5978260869565217,Low,Medium,Positive pre-15:00 return
RQ3 Large Movement,Strict,Full,RBF SVC,3,2026-02-03,1.0,1.0,0.18711924374217348,-0.12323400182023692,0.3103532455624104,0.33695652173913043,0.8043478260869565,Medium,High,Negative pre-15:00 return
RQ3 Large Movement,Strict,Full,RBF SVC,3,2026-02-04,1.0,1.0,0.3402021625166831,-0.12323400182023692,0.46343616433692003,0.5,0.8586956521739131,Medium,High,Negative pre-15:00 return
RQ3 Large Movement,Strict,Full,RBF SVC,3,2026-02-05,0.0,1.0,0.21442076256122966,-0.12323400182023692,0.3376547643814666,0.3695652173913043,0.8152173913043478,High,High,Negative pre-15:00 return
RQ3 Large Movement,Strict,Full,RBF SVC,3,2026-02-06,0.0,0.0,-0.5541251660017108,-0.12323400182023692,0.4308911641814739,0.45652173913043476,0.40217391304347827,Medium,Low,Positive pre-15:00 return
RQ3 Large Movement,Strict,Full,RBF SVC,3,2026-02-09,0.0,0.0,-0.7084249112084389,-0.12323400182023692,0.585190909388202,0.6413043478260869,0.2608695652173913,Medium,Low,Positive pre-15:00 return
RQ3 Large Movement,Strict,Full,RBF SVC,3,2026-02-10,0.0,0.0,-0.7999540742912723,-0.12323400182023692,0.6767200724710354,0.7391304347826086,0.1956521739130435,Medium,Medium,Negative pre-15:00 return
RQ3 Large Movement,Strict,Full,RBF SVC,3,2026-02-11,0.0,1.0,-0.07183500554983957,-0.12323400182023692,0.051398996270397346,0.043478260869565216,0.6739130434782609,Medium,High,Negative pre-15:00 return
RQ3 Large Movement,Strict,Full,RBF SVC,3,2026-02-12,1.0,1.0,0.057262727635182586,-0.12323400182023692,0.1804967294554195,0.1956521739130435,0.75,High,High,Negative pre-15:00 return
RQ3 Large Movement,Strict,Full,RBF SVC,3,2026-02-13,0.0,1.0,0.378473404063351,-0.12323400182023692,0.501707405883588,0.5434782608695652,0.8695652173913043,High,High,Positive pre-15:00 return
RQ3 Large Movement,Strict,Full,RBF SVC,3,2026-02-17,0.0,1.0,0.015550997764645857,-0.12323400182023692,0.13878499958488277,0.13043478260869565,0.7391304347826086,High,Medium,Positive pre-15:00 return
RQ3 Large Movement,Strict,Full,RBF SVC,3,2026-02-18,0.0,1.0,-0.016920261956214877,-0.12323400182023692,0.10631373986402204,0.09782608695652174,0.7065217391304348,High,Medium,Positive pre-15:00 return
RQ3 Large Movement,Strict,Full,RBF SVC,3,2026-02-19,1.0,0.0,-0.385272997167488,-0.12323400182023692,0.26203899534725106,0.29347826086956524,0.5,High,Medium,Negative pre-15:00 return
RQ3 Large Movement,Strict,Full,RBF SVC,3,2026-02-20,0.0,1.0,-0.014906746399382387,-0.12323400182023692,0.10832725542085453,0.10869565217391304,0.717391304347826,Medium,Medium,Positive pre-15:00 return
RQ3 Large Movement,Strict,Full,RBF SVC,3,2026-02-23,0.0,0.0,-0.3150029388607295,-0.12323400182023692,0.19176893704049258,0.20652173913043478,0.5543478260869565,High,Medium,Negative pre-15:00 return
RQ3 Large Movement,Strict,Full,RBF SVC,3,2026-02-24,0.0,0.0,-0.7015717255022749,-0.12323400182023692,0.578337723682038,0.6195652173913043,0.2717391304347826,High,Low,Positive pre-15:00 return
RQ3 Large Movement,Strict,Full,RBF SVC,3,2026-02-25,0.0,0.0,-1.015141223365569,-0.12323400182023692,0.8919072215453321,0.9782608695652174,0.010869565217391304,Medium,Low,Positive pre-15:00 return
RQ3 Large Movement,Strict,Full,RBF SVC,3,2026-02-26,0.0,0.0,-0.4533219216298707,-0.12323400182023692,0.3300879198096338,0.358695652173913,0.45652173913043476,Medium,Medium,Negative pre-15:00 return
RQ3 Large Movement,Strict,Full,RBF SVC,3,2026-02-27,1.0,0.0,-0.5592639117583642,-0.12323400182023692,0.4360299099381273,0.4673913043478261,0.391304347826087,High,Medium,Negative pre-15:00 return
RQ3 Large Movement,Strict,Full,RBF SVC,3,2026-03-02,0.0,0.0,-0.28584275384027213,-0.12323400182023692,0.16260875202003522,0.17391304347826086,0.5760869565217391,High,Medium,Positive pre-15:00 return
RQ3 Large Movement,Strict,Full,RBF SVC,3,2026-03-03,0.0,1.0,0.541831889251883,-0.12323400182023692,0.6650658910721199,0.6847826086956522,0.9021739130434783,High,High,Positive pre-15:00 return
RQ3 Large Movement,Strict,Full,RBF SVC,3,2026-03-04,0.0,0.0,-0.6087494712189754,-0.12323400182023692,0.48551546939873846,0.5217391304347826,0.34782608695652173,High,Low,Positive pre-15:00 return
RQ3 Large Movement,Strict,Full,RBF SVC,3,2026-03-05,1.0,1.0,0.103662887728875,-0.12323400182023692,0.2268968895491119,0.25,0.7717391304347826,High,High,Negative pre-15:00 return
RQ3 Large Movement,Strict,Full,RBF SVC,3,2026-03-06,1.0,1.0,0.07937887975769209,-0.12323400182023692,0.202612881577929,0.22826086956521738,0.7608695652173914,High,High,Negative pre-15:00 return
RQ3 Large Movement,Strict,Full,RBF SVC,3,2026-03-09,1.0,1.0,0.1558938889322209,-0.12323400182023692,0.2791278907524578,0.31521739130434784,0.7934782608695652,High,Medium,Positive pre-15:00 return
RQ3 Large Movement,Strict,Full,RBF SVC,3,2026-03-10,0.0,1.0,0.5557500725482646,-0.12323400182023692,0.6789840743685015,0.75,0.9347826086956522,High,High,Positive pre-15:00 return
RQ3 Large Movement,Strict,Full,RBF SVC,3,2026-03-11,0.0,0.0,-0.28048695897038023,-0.12323400182023692,0.1572529571501433,0.16304347826086957,0.5869565217391305,High,Medium,Negative pre-15:00 return
RQ3 Large Movement,Strict,Full,RBF SVC,3,2026-03-12,0.0,1.0,0.2620879190415275,-0.12323400182023692,0.3853219208617644,0.41304347826086957,0.8369565217391305,High,Medium,Negative pre-15:00 return
RQ3 Large Movement,Strict,Full,RBF SVC,3,2026-03-13,1.0,1.0,-0.029333075623881877,-0.12323400182023692,0.09390092619635504,0.06521739130434782,0.6847826086956522,High,Medium,Negative pre-15:00 return
RQ3 Large Movement,Strict,Full,RBF SVC,3,2026-03-16,0.0,0.0,-0.2878642208315805,-0.12323400182023692,0.16463021901134356,0.18478260869565216,0.5652173913043478,High,Medium,Positive pre-15:00 return
RQ3 Large Movement,Strict,Full,RBF SVC,3,2026-03-17,0.0,0.0,-0.5785838139756216,-0.12323400182023692,0.4553498121553847,0.4891304347826087,0.3695652173913043,High,Medium,Negative pre-15:00 return
RQ3 Large Movement,Strict,Full,RBF SVC,3,2026-03-18,1.0,1.0,0.5509830171711088,-0.12323400182023692,0.6742170189913457,0.717391304347826,0.9239130434782609,High,High,Negative pre-15:00 return
RQ3 Large Movement,Strict,Full,RBF SVC,3,2026-03-19,0.0,0.0,-0.15912290558760755,-0.12323400182023692,0.03588890376737064,0.03260869565217391,0.6413043478260869,High,High,Positive pre-15:00 return
RQ3 Large Movement,Strict,Full,RBF SVC,3,2026-03-20,0.0,1.0,0.610673076873613,-0.12323400182023692,0.73390707869385,0.8369565217391305,0.9456521739130435,High,High,Negative pre-15:00 return
