session_date,rq1_prediction,rq1_score,rq1_threshold,rq1_confidence_percentile,rq1_outer_fold,vix_regime,realized_vol_regime,intraday_trend_regime,final_hour_return,actual_abs_move_bps,actual_signed_move_bps,actual_move_points,spx_at_1500,ret_last_60m,actual_up,directional_capture_bps,rq2_predicted_move_bps,rq2_score,rq2_outer_fold,rq3_large_move_prediction,rq3_score,rq3_threshold,rq3_score_percentile,rq3_outer_fold,actual_large_move,rq1_high_confidence,rq3_positive
2023-11-03,1.0,0.495686339208444,0.4151120852902454,0.5208333333333334,1,Low,Medium,Positive pre-15:00 return,-0.003115471449517848,31.15471449517848,-31.15471449517848,13.620000000000664,4371.7300000000005,0.0010487388800477504,0.0,-31.15471449517848,10.798236318662408,10.798236318662408,1,1.0,-0.8125281950036649,-0.92803479459691,0.3333333333333333,1,1.0,False,True
2023-11-06,1.0,0.5172837998343686,0.4151120852902454,0.7916666666666666,1,Low,Medium,Negative pre-15:00 return,0.001261112117453056,12.61112117453056,12.61112117453056,5.499999999999792,4361.2300000000005,0.001789389540225672,1.0,12.61112117453056,10.976578435981228,10.976578435981228,1,1.0,-0.7190945365857793,-0.92803479459691,0.4236111111111111,1,0.0,True,True
2023-11-08,1.0,0.5162271778518072,0.4151120852902454,0.7777777777777778,1,Low,Low,Negative pre-15:00 return,0.001741570979302498,17.41570979302498,17.41570979302498,7.620000000000977,4375.36,-0.00017138508858327572,1.0,17.41570979302498,10.183547957451392,10.183547957451392,1,1.0,-0.7248897252476156,-0.92803479459691,0.4166666666666667,1,0.0,True,True
2023-11-09,0.0,0.3973462733877997,0.4151120852902454,0.0694444444444444,1,Low,High,Negative pre-15:00 return,-5.7501932064885075e-05,0.5750193206488508,-0.5750193206488508,0.24999999999985956,4347.68,-0.003698594350820983,0.0,0.5750193206488508,15.4420438025364,15.4420438025364,1,1.0,-0.3475423790607921,-0.92803479459691,0.7638888888888888,1,0.0,False,True
2023-11-10,1.0,0.5012042039492943,0.4151120852902454,0.6319444444444444,1,Low,Low,Positive pre-15:00 return,0.002401647103154936,24.016471031549358,24.016471031549358,10.57999999999947,4405.31,0.00029518552410201515,1.0,24.016471031549358,9.851684139150915,9.851684139150915,1,0.0,-0.9521613982342207,-0.92803479459691,0.1388888888888889,1,0.0,False,False
2023-11-13,1.0,0.5253970975405912,0.4151120852902454,0.8541666666666666,1,Low,Low,Positive pre-15:00 return,-0.0008878741755454778,8.878741755454778,-8.878741755454778,3.920000000000306,4415.04,0.00020842206374083183,0.0,-8.878741755454778,9.722525141198336,9.722525141198336,1,1.0,-0.7261153295783191,-0.92803479459691,0.4097222222222222,1,0.0,True,True
2023-11-14,1.0,0.5111272776168192,0.4151120852902454,0.7430555555555556,1,Low,Low,Positive pre-15:00 return,-0.0014991404927841012,14.991404927841012,-14.991404927841012,6.749999999999838,4502.58,0.002569560725355302,0.0,-14.991404927841012,10.019107102500254,10.019107102500254,1,1.0,-0.901098849874186,-0.92803479459691,0.2013888888888889,1,0.0,True,True
2023-11-15,1.0,0.4967117196446076,0.4151120852902454,0.5625,1,Low,Low,Positive pre-15:00 return,-0.0014057774348331664,14.057774348331664,-14.057774348331664,6.340000000000187,4509.96,0.00011753148402338098,0.0,-14.057774348331664,9.387103884352296,9.387103884352296,1,1.0,-0.8505154026203845,-0.92803479459691,0.2638888888888889,1,0.0,False,True
2023-11-16,1.0,0.5180678107565471,0.4151120852902454,0.8125,1,Low,Low,Positive pre-15:00 return,0.0014438252038571076,14.438252038571076,14.438252038571076,6.500000000000429,4501.93,0.001434774484593282,1.0,14.438252038571076,11.69829575239608,11.69829575239608,1,1.0,-0.6264373236321512,-0.92803479459691,0.5416666666666666,1,0.0,True,True
2023-11-20,1.0,0.5000599217736218,0.4151120852902454,0.6041666666666666,1,Low,Low,Positive pre-15:00 return,-0.000779926664923769,7.7992666492376905,-7.7992666492376905,3.550000000000169,4551.71,0.0012912904985658002,0.0,-7.7992666492376905,7.460134958726979,7.460134958726979,1,0.0,-0.987791661501453,-0.92803479459691,0.0902777777777777,1,0.0,False,False
2023-11-22,1.0,0.4830215549418665,0.4151120852902454,0.4166666666666667,1,Low,Medium,Positive pre-15:00 return,0.0003886300461526382,3.886300461526382,3.886300461526382,1.7700000000003446,4554.46,-0.0008818729050035223,1.0,3.886300461526382,10.399646515112128,10.399646515112128,1,1.0,-0.8836566335430394,-0.92803479459691,0.2361111111111111,1,0.0,False,True
2023-11-28,1.0,0.5179950059757542,0.4151120852902454,0.8055555555555556,1,Low,Low,Positive pre-15:00 return,0.0002767387871374094,2.767387871374094,2.767387871374094,1.2600000000002392,4553.03,0.0008353061946746454,1.0,2.767387871374094,10.355367294082722,10.355367294082722,1,0.0,-0.9510756974523832,-0.92803479459691,0.1458333333333333,1,0.0,True,False
2023-12-14,1.0,0.4950815538314981,0.4151120852902454,0.5069444444444444,1,Low,Low,Negative pre-15:00 return,0.0006466851555013697,6.466851555013697,6.466851555013697,3.05000000000044,4716.36,0.002857798984460702,1.0,6.466851555013697,10.698363820265005,10.698363820265005,1,1.0,-0.6499948719736988,-0.92803479459691,0.5069444444444444,1,0.0,False,True
2023-12-21,1.0,0.4901087974496823,0.4151120852902454,0.4583333333333333,1,Low,Medium,Positive pre-15:00 return,0.004834179596968191,48.34179596968191,48.34179596968191,22.839999999999645,4724.6900000000005,4.0215895862116824e-05,1.0,48.34179596968191,12.535089737123936,12.535089737123936,1,1.0,-0.576836232149464,-0.92803479459691,0.5763888888888888,1,1.0,False,True
2023-12-29,1.0,0.4712393973879477,0.4151120852902454,0.2708333333333333,1,Low,Low,Negative pre-15:00 return,-0.0003937956242603402,3.937956242603402,-3.937956242603402,1.8800000000000772,4774.05,0.0011491914766901257,0.0,-3.937956242603402,6.430692414928675,6.430692414928675,1,0.0,-0.9597260971955588,-0.92803479459691,0.125,1,0.0,False,False
2024-01-04,1.0,0.4593863636605735,0.4151120852902454,0.1736111111111111,1,Low,Low,Positive pre-15:00 return,-0.0030230105954183184,30.230105954183184,-30.230105954183184,14.220000000000136,4703.92,-0.0009366378312479773,0.0,-30.230105954183184,8.968316866114957,8.968316866114957,1,1.0,-0.7080721860547399,-0.92803479459691,0.4444444444444444,1,1.0,False,True
2024-01-05,1.0,0.4187400570717579,0.4151120852902454,0.0208333333333333,1,Low,Medium,Negative pre-15:00 return,0.002463117273410198,24.63117273410198,24.63117273410198,11.539999999999587,4685.12,-0.0033228810782982565,1.0,24.63117273410198,12.97389451004575,12.97389451004575,1,1.0,-0.5112560935229771,-0.92803479459691,0.625,1,0.0,False,True
2024-01-09,1.0,0.5340264213654328,0.4151120852902454,0.9305555555555556,1,Low,Low,Positive pre-15:00 return,0.00030497936656836977,3.0497936656836977,3.0497936656836977,1.4499999999999886,4754.42,-0.0010820305195636815,1.0,3.0497936656836977,9.93694635050196,9.93694635050196,1,0.0,-1.0440727378427386,-0.92803479459691,0.0555555555555555,1,0.0,True,False
2024-01-11,1.0,0.4900414663882864,0.4151120852902454,0.4513888888888889,1,Low,Medium,Negative pre-15:00 return,-0.0008799247570279167,8.799247570279167,-8.799247570279167,4.2100000000000675,4784.5,0.0020944601528956053,0.0,-8.799247570279167,10.92128851247828,10.92128851247828,1,1.0,-0.8178108449232766,-0.92803479459691,0.3263888888888889,1,0.0,False,True
2024-01-12,1.0,0.4652979549307482,0.4151120852902454,0.2222222222222222,1,Low,Medium,Negative pre-15:00 return,0.000832782329949211,8.32782329949211,8.32782329949211,3.980000000000071,4779.16,-0.001439600505636185,1.0,8.32782329949211,11.38804480325832,11.38804480325832,1,1.0,-0.9031665371909312,-0.92803479459691,0.1944444444444444,1,0.0,False,True
2024-01-16,1.0,0.4242284561127405,0.4151120852902454,0.0416666666666666,1,Low,Medium,Negative pre-15:00 return,0.001174470910309422,11.74470910309422,11.74470910309422,5.5899999999996215,4759.59,0.0005865287588293633,1.0,11.74470910309422,11.008385662920798,11.008385662920798,1,1.0,-0.7990298407960601,-0.92803479459691,0.3472222222222222,1,0.0,False,True
2024-01-17,1.0,0.5303784801896826,0.4151120852902454,0.9027777777777778,1,Low,Low,Negative pre-15:00 return,0.0017184999799191303,17.184999799191303,17.184999799191303,8.130000000000015,4730.87,0.0018063078897325724,1.0,17.184999799191303,10.971072376714712,10.971072376714712,1,1.0,-0.6081927878063895,-0.92803479459691,0.5555555555555556,1,0.0,True,True
2024-01-24,1.0,0.4525818304139548,0.4151120852902454,0.1388888888888889,1,Low,High,Negative pre-15:00 return,-0.0024278408811526653,24.278408811526653,-24.278408811526653,11.85000000000042,4880.88,-0.0016445349893228212,0.0,-24.278408811526653,11.959220695978988,11.959220695978988,1,1.0,-0.6394893730766122,-0.92803479459691,0.5277777777777778,1,0.0,False,True
2024-01-26,1.0,0.523817528547014,0.4151120852902454,0.8402777777777778,1,Low,Low,Positive pre-15:00 return,-0.0010622498861146967,10.622498861146967,-10.622498861146967,5.200000000000692,4895.27,0.0020387651960673825,0.0,-10.622498861146967,9.74104128819371,9.74104128819371,1,1.0,-0.8224938748672368,-0.92803479459691,0.3125,1,0.0,True,True
2024-01-31,0.0,0.410309251171958,0.4151120852902454,0.0277777777777777,1,Low,High,Negative pre-15:00 return,-0.007087998557400721,70.87998557400721,-70.87998557400721,34.59000000000011,4880.08,-0.0018775847469760798,0.0,70.87998557400721,23.50541800639612,23.50541800639612,1,1.0,1.09470029183371,-0.92803479459691,0.9861111111111112,1,1.0,False,True
2024-02-01,1.0,0.5044698080423241,0.4151120852902454,0.6388888888888888,1,Low,Medium,Positive pre-15:00 return,0.0012408492470208365,12.408492470208365,12.408492470208365,6.079999999999986,4899.87,0.0026232594305357626,1.0,12.408492470208365,11.445347119038209,11.445347119038209,1,1.0,-0.8310049657891321,-0.92803479459691,0.2916666666666667,1,0.0,False,True
2024-02-02,1.0,0.481573381057841,0.4151120852902454,0.4027777777777778,1,Low,Medium,Positive pre-15:00 return,-0.0027475511394492447,27.475511394492447,-27.475511394492447,13.65999999999981,4971.7,0.002773323651912518,0.0,-27.475511394492447,11.604415704550808,11.604415704550808,1,1.0,-0.7116004820486921,-0.92803479459691,0.4305555555555556,1,0.0,False,True
2024-02-07,1.0,0.5057104625154836,0.4151120852902454,0.6597222222222222,1,Low,Low,Positive pre-15:00 return,-0.0005802506682885955,5.802506682885955,-5.802506682885955,2.899999999999474,4997.84,0.0004664188441219075,0.0,-5.802506682885955,9.49358511012738,9.49358511012738,1,0.0,-0.9851674286967468,-0.92803479459691,0.0972222222222222,1,0.0,False,False
2024-02-08,1.0,0.4755644180787686,0.4151120852902454,0.3472222222222222,1,Low,Low,Positive pre-15:00 return,0.00036624245250349574,3.6624245250349574,3.6624245250349574,1.8299999999996923,4996.6900000000005,0.0003042939479538376,1.0,3.6624245250349574,7.657347502500247,7.657347502500247,1,0.0,-1.0801000475508953,-0.92803479459691,0.0277777777777777,1,0.0,False,False
2024-02-09,1.0,0.5003832171696101,0.4151120852902454,0.6111111111111112,1,Low,Low,Positive pre-15:00 return,-0.0001054428400332208,1.054428400332208,-1.054428400332208,0.5299999999997816,5026.42,0.0010714911651770187,0.0,-1.054428400332208,6.719829127610954,6.719829127610954,1,0.0,-1.072982667275484,-0.92803479459691,0.0347222222222222,1,0.0,False,False
2024-02-13,1.0,0.4166799112577631,0.4151120852902454,0.0069444444444444,1,Medium,Medium,Negative pre-15:00 return,0.00556198363883631,55.6198363883631,55.6198363883631,27.399999999999313,4926.3,-0.004574717010107254,1.0,55.6198363883631,11.837897501229175,11.837897501229175,1,1.0,-0.0823152964710993,-0.92803479459691,0.875,1,1.0,False,True
2024-02-14,1.0,0.5118639314705566,0.4151120852902454,0.75,1,Low,Medium,Positive pre-15:00 return,0.0038082046031697736,38.082046031697736,38.082046031697736,18.969999999999754,4981.35,0.0006669304925845942,1.0,38.082046031697736,11.963810125485782,11.963810125485782,1,1.0,-0.6791551075048099,-0.92803479459691,0.4861111111111111,1,1.0,True,True
2024-02-20,1.0,0.4953332750276648,0.4151120852902454,0.5138888888888888,1,Low,Medium,Negative pre-15:00 return,-0.00014668295584252533,1.4668295584252533,-1.4668295584252533,0.7300000000006127,4976.72,0.0016423269518732742,0.0,-1.4668295584252533,11.271148245855787,11.271148245855787,1,1.0,-0.8912159411946348,-0.92803479459691,0.2222222222222222,1,0.0,False,True
2024-02-21,1.0,0.4383888195213633,0.4151120852902454,0.1111111111111111,1,Low,High,Negative pre-15:00 return,0.005327403233975847,53.27403233975847,53.27403233975847,26.39999999999965,4955.51,-0.0015212389130899728,1.0,53.27403233975847,11.536391977346913,11.536391977346913,1,1.0,-0.8373508340458489,-0.92803479459691,0.2847222222222222,1,1.0,False,True
2024-03-05,1.0,0.426212488698715,0.4151120852902454,0.0486111111111111,1,Low,Low,Negative pre-15:00 return,0.0028314628039773915,28.314628039773915,28.314628039773915,14.33999999999958,5064.52,-0.0020748564053555407,1.0,28.314628039773915,10.466416807070242,10.466416807070242,1,1.0,-0.4289948456571035,-0.92803479459691,0.7083333333333334,1,1.0,False,True
2024-03-06,1.0,0.4402393799680502,0.4151120852902454,0.1180555555555555,1,Low,High,Negative pre-15:00 return,0.0012236517769426136,12.236517769426136,12.236517769426136,6.240000000001088,5099.49,-0.001945422483525694,1.0,12.236517769426136,18.677639757361323,18.677639757361323,1,1.0,-0.123322792754428,-0.92803479459691,0.8541666666666666,1,0.0,False,True
2024-03-08,1.0,0.473748241875743,0.4151120852902454,0.3055555555555556,1,Low,Medium,Negative pre-15:00 return,-0.004029076208431404,40.29076208431404,-40.29076208431404,20.730000000000416,5145.1,0.004233508542162534,0.0,-40.29076208431404,16.55082152888573,16.55082152888573,1,1.0,0.0911933331753653,-0.92803479459691,0.9305555555555556,1,1.0,False,True
2024-03-14,1.0,0.4267046553625952,0.4151120852902454,0.0555555555555555,1,Low,Medium,Negative pre-15:00 return,0.001458029172247688,14.580291722476879,14.580291722476879,7.50000000000005,5143.93,-0.0011902773948264667,1.0,14.580291722476879,12.399380301124465,12.399380301124465,1,1.0,-0.2998544623184755,-0.92803479459691,0.7986111111111112,1,0.0,False,True
2024-03-15,1.0,0.4891780554438188,0.4151120852902454,0.4444444444444444,1,Low,Medium,Negative pre-15:00 return,-0.0009058855226218299,9.058855226218299,-9.058855226218299,4.64000000000037,5122.06,0.00054890853152334,0.0,-9.058855226218299,11.999759506817558,11.999759506817558,1,1.0,-0.6745549802021216,-0.92803479459691,0.4930555555555556,1,0.0,False,True
2024-03-18,1.0,0.4743726351302296,0.4151120852902454,0.3125,1,Low,Medium,Positive pre-15:00 return,-0.0017292384759438617,17.29238475943862,-17.29238475943862,8.92000000000026,5158.34,-2.5201270919539276e-05,0.0,-17.29238475943862,10.468046017937125,10.468046017937125,1,1.0,-0.909644067074138,-0.92803479459691,0.1875,1,0.0,False,True
2024-03-21,1.0,0.4611827128798086,0.4151120852902454,0.2013888888888889,1,Low,Low,Negative pre-15:00 return,-0.0003928988304583436,3.928988304583436,-3.928988304583436,2.0599999999995324,5243.08,-0.000958440276594752,0.0,-3.928988304583436,9.600876760947909,9.600876760947909,1,1.0,-0.8227613285579058,-0.92803479459691,0.3055555555555556,1,0.0,False,True
2024-04-01,1.0,0.4587078485553657,0.4151120852902454,0.1666666666666666,1,Low,Low,Negative pre-15:00 return,0.0010844392513549295,10.844392513549295,10.844392513549295,5.679999999999255,5237.7300000000005,0.0002559014893848133,1.0,10.844392513549295,9.13418302323912,9.13418302323912,1,0.0,-0.9913948702137424,-0.92803479459691,0.0833333333333333,1,0.0,False,False
2024-04-02,1.0,0.5064904210150579,0.4151120852902454,0.6736111111111112,1,Low,Low,Negative pre-15:00 return,0.001780003155897436,17.80003155897436,17.80003155897436,9.249999999999734,5196.62,0.00013087141114009881,1.0,17.80003155897436,8.776893706054981,8.776893706054981,1,0.0,-0.95826102028741,-0.92803479459691,0.1319444444444444,1,0.0,False,False
2024-04-05,1.0,0.5273326123962025,0.4151120852902454,0.8680555555555556,1,Medium,High,Positive pre-15:00 return,0.0015760274486638082,15.760274486638082,15.760274486638082,8.19000000000083,5196.61,0.00013087166301306574,1.0,15.760274486638082,16.635670055487704,16.635670055487704,1,1.0,-0.3082386581708263,-0.92803479459691,0.7777777777777778,1,0.0,True,True
2024-04-08,1.0,0.5109337527828863,0.4151120852902454,0.7361111111111112,1,Low,Low,Negative pre-15:00 return,-0.0013587425873682335,13.587425873682335,-13.587425873682335,7.079999999999654,5210.7,-0.00010170343661686232,0.0,-13.587425873682335,9.233990680992246,9.233990680992246,1,0.0,-0.9937979759804711,-0.92803479459691,0.0694444444444444,1,0.0,True,False
2024-04-09,1.0,0.4753507648268195,0.4151120852902454,0.3402777777777778,1,Low,Medium,Negative pre-15:00 return,0.0053392353720966845,53.392353720966845,53.392353720966845,27.67000000000014,5182.39,-0.00032792640559864417,1.0,53.392353720966845,11.898976477745588,11.898976477745588,1,1.0,-0.7445190182427053,-0.92803479459691,0.3958333333333333,1,1.0,False,True
2024-04-10,1.0,0.4341629485845422,0.4151120852902454,0.0763888888888889,1,Medium,High,Negative pre-15:00 return,0.0031066224714950685,31.066224714950685,31.066224714950685,15.97999999999991,5143.85,-0.002282945601110975,1.0,31.066224714950685,19.35992488035848,19.35992488035848,1,1.0,0.1902603947563765,-0.92803479459691,0.9375,1,1.0,False,True
2024-04-11,1.0,0.4940458407179983,0.4151120852902454,0.4930555555555556,1,Low,Medium,Positive pre-15:00 return,-0.0012354455673827536,12.354455673827536,-12.354455673827536,6.4300000000002795,5204.6,0.0014643091481800763,0.0,-12.354455673827536,11.166062836403167,11.166062836403167,1,1.0,-0.5920524371911913,-0.92803479459691,0.5625,1,0.0,False,True
2024-04-12,1.0,0.4357871851066645,0.4151120852902454,0.0833333333333333,1,Medium,High,Negative pre-15:00 return,0.0021515471580018097,21.515471580018097,21.515471580018097,11.000000000000053,5112.6,-0.0017377721370691601,1.0,21.515471580018097,14.934026649283783,14.934026649283783,1,1.0,-0.4727816260118878,-0.92803479459691,0.6597222222222222,1,0.0,False,True
2024-04-15,1.0,0.46996747204594,0.4151120852902454,0.2569444444444444,1,High,High,Negative pre-15:00 return,-0.0011918715935954616,11.918715935954616,-11.918715935954616,6.039999999999977,5067.66,-0.002431097576579666,0.0,-11.918715935954616,18.932004233668334,18.932004233668334,1,1.0,0.0642344269165227,-0.92803479459691,0.9166666666666666,1,0.0,False,True
2024-04-16,1.0,0.4940508531686646,0.4151120852902454,0.5,1,Medium,High,Positive pre-15:00 return,-0.004492074317319017,44.92074317319017,-44.92074317319017,22.789999999999957,5073.38,0.0034156693584594944,0.0,-44.92074317319017,22.887417140567266,22.887417140567266,1,1.0,-0.0629024930471124,-0.92803479459691,0.8819444444444444,1,1.0,False,True
2024-04-17,1.0,0.4748937045889586,0.4151120852902454,0.3194444444444444,1,Medium,High,Negative pre-15:00 return,-0.00205693026509568,20.5693026509568,-20.5693026509568,10.35000000000049,5031.77,-0.0015834118755889692,0.0,-20.5693026509568,22.503653760043917,22.503653760043917,1,1.0,0.5294928068884863,-0.92803479459691,0.9513888888888888,1,0.0,False,True
2024-04-18,1.0,0.4552096579779981,0.4151120852902454,0.1597222222222222,1,Medium,High,Negative pre-15:00 return,0.0009549667260027039,9.54966726002704,9.54966726002704,4.780000000001194,5005.41,-0.0013068739574937371,1.0,9.54966726002704,16.82003663854618,16.82003663854618,1,1.0,-0.0430000622610922,-0.92803479459691,0.8888888888888888,1,0.0,False,True
2024-04-19,1.0,0.4709183421795035,0.4151120852902454,0.2638888888888889,1,High,High,Negative pre-15:00 return,0.0006809271891405899,6.809271891405899,6.809271891405899,3.3799999999998427,4963.82,-0.004865589834986972,1.0,6.809271891405899,17.27775133365841,17.27775133365841,1,1.0,-0.4551862557269561,-0.92803479459691,0.6875,1,0.0,False,True
2024-04-22,1.0,0.5065900246287075,0.4151120852902454,0.6805555555555556,1,Medium,Medium,Positive pre-15:00 return,-0.0033926348403312545,33.926348403312545,-33.926348403312545,17.059999999999327,5028.54,-0.00017695842272391626,0.0,-33.926348403312545,11.419261975206435,11.419261975206435,1,1.0,-0.7852548658972143,-0.92803479459691,0.3611111111111111,1,1.0,False,True
2024-04-23,1.0,0.5087159267644095,0.4151120852902454,0.6875,1,Low,Low,Positive pre-15:00 return,-0.0006820596624790287,6.820596624790287,-6.820596624790287,3.45999999999999,5072.87,-0.0005339291273115387,0.0,-6.820596624790287,11.48949954710059,11.48949954710059,1,1.0,-0.7712466842309273,-0.92803479459691,0.375,1,0.0,False,True
2024-04-24,1.0,0.4616228984673215,0.4151120852902454,0.2083333333333333,1,Low,High,Negative pre-15:00 return,0.0024051193271199534,24.051193271199534,24.051193271199534,12.170000000000048,5060.04,-0.003856580105243923,1.0,24.051193271199534,12.659483165711617,12.659483165711617,1,1.0,-0.7410982342827015,-0.92803479459691,0.4027777777777778,1,0.0,False,True
2024-04-25,1.0,0.5050912132685805,0.4151120852902454,0.6527777777777778,1,Medium,High,Positive pre-15:00 return,0.0018750446439199653,18.750446439199653,18.750446439199653,9.449999999999354,5039.88,-0.002142277308095797,1.0,18.750446439199653,12.354949283541206,12.354949283541206,1,0.0,-0.9340982596092516,-0.92803479459691,0.1666666666666666,1,0.0,False,False
2024-04-26,1.0,0.4971910453817849,0.4151120852902454,0.5694444444444444,1,Low,Low,Positive pre-15:00 return,-0.0021059018093922965,21.059018093922965,-21.059018093922965,10.759999999999469,5109.45,-9.589153688704943e-05,0.0,-21.059018093922965,11.10387619853012,11.10387619853012,1,0.0,-0.9290546307899844,-0.92803479459691,0.1805555555555555,1,0.0,False,False
2024-04-29,1.0,0.4901444879127491,0.4151120852902454,0.4652777777777778,1,Low,Low,Negative pre-15:00 return,0.001168098582041921,11.68098582041921,11.68098582041921,5.970000000000592,5110.87,-0.00122139015696332,1.0,11.68098582041921,9.610550749467937,9.610550749467937,1,1.0,-0.8088010152315472,-0.92803479459691,0.3402777777777778,1,0.0,False,True
2024-04-30,1.0,0.422213361160166,0.4151120852902454,0.0347222222222222,1,Low,Medium,Negative pre-15:00 return,-0.0052736053091576585,52.736053091576586,-52.736053091576586,26.699999999999765,5062.95,-0.00257878188509153,0.0,-52.736053091576586,12.160982335278003,12.160982335278003,1,1.0,-0.5754085753325595,-0.92803479459691,0.5833333333333334,1,1.0,False,True
2024-05-01,1.0,0.4753051624881897,0.4151120852902454,0.3333333333333333,1,Low,High,Positive pre-15:00 return,-0.013617491409204985,136.17491409204985,-136.17491409204985,69.27000000000028,5086.84,0.012425339492597276,0.0,-136.17491409204985,34.59453983350733,34.59453983350733,1,1.0,1.3625806445254514,-0.92803479459691,0.9930555555555556,1,1.0,False,True
2024-05-02,1.0,0.5006650562496253,0.4151120852902454,0.6180555555555556,1,Low,Medium,Positive pre-15:00 return,-0.0007397748322683917,7.397748322683917,-7.397748322683917,3.7500000000000266,5069.11,0.003130633705961783,0.0,-7.397748322683917,12.23907877375363,12.23907877375363,1,1.0,-0.7019379214053412,-0.92803479459691,0.4652777777777778,1,0.0,False,True
2024-05-23,1.0,0.4168788750489208,0.4151120852902454,0.0138888888888888,1,Low,High,Negative pre-15:00 return,0.0017398149521408168,17.39814952140817,17.39814952140817,9.149999999999942,5259.18,-0.0033353674020898394,1.0,17.39814952140817,15.226360538830267,15.226360538830267,1,1.0,-0.002020748100026,-0.92803479459691,0.9027777777777778,1,0.0,False,True
2024-05-24,1.0,0.5378123849221993,0.4151120852902454,0.9513888888888888,1,Low,Low,Positive pre-15:00 return,0.0007678332575560276,7.678332575560276,7.678332575560276,4.069999999999206,5300.63,-0.0008557689951500524,1.0,7.678332575560276,9.641998768622582,9.641998768622582,1,0.0,-0.962459319458828,-0.92803479459691,0.1180555555555555,1,0.0,True,False
2024-05-28,1.0,0.4479659794809353,0.4151120852902454,0.1319444444444444,1,Low,Medium,Negative pre-15:00 return,0.002891260268225615,28.91260268225615,28.91260268225615,15.299999999998994,5291.81,-0.0010590060822059932,1.0,28.91260268225615,10.198987141554934,10.198987141554934,1,1.0,-0.8897447684789224,-0.92803479459691,0.2291666666666666,1,1.0,False,True
2024-05-29,1.0,0.4983602022834885,0.4151120852902454,0.5833333333333334,1,Low,Low,Negative pre-15:00 return,-0.0009448352799217297,9.448352799217297,-9.448352799217297,4.980000000000256,5270.76,-0.001621420940575602,0.0,-9.448352799217297,10.88583129163423,10.88583129163423,1,1.0,-0.7707466545777055,-0.92803479459691,0.3819444444444444,1,0.0,False,True
2024-05-30,1.0,0.4791846233944273,0.4151120852902454,0.3888888888888889,1,Low,Low,Negative pre-15:00 return,-0.0024461755645350802,24.461755645350802,-24.461755645350802,12.840000000000282,5249.01,-0.0013223083889526421,0.0,-24.461755645350802,9.300341669530756,9.300341669530756,1,0.0,-0.971942671749608,-0.92803479459691,0.1041666666666666,1,0.0,False,False
2024-05-31,1.0,0.4831625162514842,0.4151120852902454,0.4236111111111111,1,Low,Low,Negative pre-15:00 return,0.01107198321010916,110.7198321010916,110.7198321010916,57.81999999999996,5222.1900000000005,0.001157942160405545,1.0,110.7198321010916,11.800816932802054,11.800816932802054,1,1.0,-0.6738930800203426,-0.92803479459691,0.5,1,1.0,False,True
2024-06-03,1.0,0.4735048418232713,0.4151120852902454,0.2986111111111111,1,Low,High,Negative pre-15:00 return,0.0033941442938678623,33.94144293867862,33.94144293867862,17.8699999999996,5264.95,0.0011256828730774604,1.0,33.94144293867862,14.228490931316028,14.228490931316028,1,1.0,-0.5753862720705241,-0.92803479459691,0.5902777777777778,1,1.0,False,True
2024-06-04,1.0,0.5061487126212078,0.4151120852902454,0.6666666666666666,1,Low,Medium,Positive pre-15:00 return,-0.00013417872227838856,1.3417872227838856,-1.3417872227838856,0.7099999999999791,5291.45,0.002960671591010211,0.0,-1.3417872227838856,13.686354248918793,13.686354248918793,1,1.0,-0.2291085648696469,-0.92803479459691,0.8263888888888888,1,0.0,False,True
2024-06-05,1.0,0.5121983407697871,0.4151120852902454,0.7569444444444444,1,Low,Low,Positive pre-15:00 return,0.001311106248234939,13.11106248234939,13.11106248234939,7.010000000000372,5346.63,0.0010990945108935168,1.0,13.11106248234939,8.493968309387515,8.493968309387515,1,0.0,-0.9670505630775156,-0.92803479459691,0.1111111111111111,1,0.0,True,False
2024-06-06,1.0,0.4963060561750655,0.4151120852902454,0.5416666666666666,1,Low,Medium,Negative pre-15:00 return,0.00016629235316756308,1.6629235316756308,1.6629235316756308,0.889999999999861,5352.02,0.00045237027067446256,1.0,1.6629235316756308,9.564438052492132,9.564438052492132,1,0.0,-1.0295195236109167,-0.92803479459691,0.0625,1,0.0,False,False
2024-06-07,1.0,0.5277099195952489,0.4151120852902454,0.875,1,Low,High,Positive pre-15:00 return,-0.002088664654530281,20.88664654530281,-20.88664654530281,11.189999999999436,5357.49,-0.0016454479047093296,0.0,-20.88664654530281,12.505467058332211,12.505467058332211,1,1.0,-0.6249654295948763,-0.92803479459691,0.5486111111111112,1,0.0,True,True
2024-06-10,1.0,0.50117122791395,0.4151120852902454,0.625,1,Low,Medium,Positive pre-15:00 return,0.0007934418761819106,7.934418761819106,7.934418761819106,4.249999999999548,5356.41,-0.000473973446290743,1.0,7.934418761819106,10.41488070122652,10.41488070122652,1,0.0,-0.9451822858024224,-0.92803479459691,0.1597222222222222,1,0.0,False,False
2024-06-12,1.0,0.4959256163034863,0.4151120852902454,0.5277777777777778,1,Low,High,Positive pre-15:00 return,-0.0019514925235742941,19.514925235742943,-19.514925235742943,10.599999999999437,5431.74,-0.00015830357471569023,0.0,-19.514925235742943,15.640453781891498,15.640453781891498,1,1.0,-0.3360592479410289,-0.92803479459691,0.7708333333333334,1,0.0,False,True
2024-06-13,1.0,0.4964159808276793,0.4151120852902454,0.5555555555555556,1,Low,Low,Negative pre-15:00 return,0.0002448688018734657,2.448688018734657,2.448688018734657,1.3299999999996917,5431.4800000000005,0.0015267738604514136,1.0,2.448688018734657,9.483535508576804,9.483535508576804,1,1.0,-0.8684868250949254,-0.92803479459691,0.2430555555555555,1,0.0,False,True
2024-06-14,1.0,0.4757150060068645,0.4151120852902454,0.3541666666666667,1,Low,Low,Positive pre-15:00 return,0.0011942785212326612,11.942785212326612,11.942785212326612,6.4800000000006595,5425.87,0.0005384523183875611,1.0,11.942785212326612,10.354447058515529,10.354447058515529,1,0.0,-1.0465545006006485,-0.92803479459691,0.0486111111111111,1,0.0,False,False
2024-06-20,1.0,0.4718519432238002,0.4151120852902454,0.2777777777777778,1,Low,Medium,Negative pre-15:00 return,-0.0005880548169360234,5.8805481693602335,-5.8805481693602335,3.2200000000002444,5475.68,0.00031238753592011115,0.0,-5.8805481693602335,12.468450525486592,12.468450525486592,1,1.0,-0.3778570054480228,-0.92803479459691,0.7430555555555556,1,0.0,False,True
2024-06-21,1.0,0.5100733114566577,0.4151120852902454,0.7222222222222222,1,Low,Low,Negative pre-15:00 return,0.0007064693189160476,7.064693189160476,7.064693189160476,3.8600000000003116,5463.79,0.0005292167957662297,1.0,7.064693189160476,11.099140613864233,11.099140613864233,1,1.0,-0.7851536116836362,-0.92803479459691,0.3680555555555556,1,0.0,True,True
2024-06-24,1.0,0.4602967926388928,0.4151120852902454,0.1875,1,Low,Low,Positive pre-15:00 return,-0.002637580674093143,26.37580674093143,-26.37580674093143,14.410000000000032,5463.34,0.0005439191849636593,0.0,-26.37580674093143,11.999912164131086,11.999912164131086,1,1.0,-0.7033816201936138,-0.92803479459691,0.4513888888888889,1,0.0,False,True
2024-06-25,1.0,0.4903728069199032,0.4151120852902454,0.4722222222222222,1,Low,Low,Positive pre-15:00 return,0.0008232801677297008,8.232801677297008,8.232801677297008,4.500000000000481,5465.9400000000005,0.0007689857078514439,1.0,8.232801677297008,10.007114884832491,10.007114884832491,1,1.0,-0.7560960560339856,-0.92803479459691,0.3888888888888889,1,0.0,False,True
2024-06-26,1.0,0.5217518495785429,0.4151120852902454,0.8333333333333334,1,Low,Low,Positive pre-15:00 return,0.002189644827535586,21.896448275355862,21.896448275355862,11.969999999999137,5466.64,-0.0005722361269303589,1.0,21.896448275355862,10.31876876652959,10.31876876652959,1,1.0,-0.8984325584340744,-0.92803479459691,0.2152777777777778,1,0.0,True,True
2024-06-27,1.0,0.4677516400524934,0.4151120852902454,0.2430555555555555,1,Low,Low,Positive pre-15:00 return,0.0013041191168521316,13.041191168521316,13.041191168521316,7.140000000000747,5474.96,-0.0007610697318735093,1.0,13.041191168521316,9.678817305218796,9.678817305218796,1,0.0,-1.0967595862356845,-0.92803479459691,0.0138888888888888,1,0.0,False,False
2024-06-28,1.0,0.4381230188392259,0.4151120852902454,0.1041666666666666,1,Low,Medium,Negative pre-15:00 return,-0.0022607935988653294,22.607935988653296,-22.607935988653296,12.369999999999616,5471.53,-0.0016822515166720065,0.0,-22.607935988653296,10.49281371628192,10.49281371628192,1,1.0,-0.6301528358474708,-0.92803479459691,0.5347222222222222,1,0.0,False,True
2024-07-01,1.0,0.5099817412765606,0.4151120852902454,0.7152777777777778,1,Low,Low,Negative pre-15:00 return,0.0011118385200843406,11.118385200843406,11.118385200843406,6.07999999999961,5468.42,-0.0002486388849276544,1.0,11.118385200843406,11.756197039579884,11.756197039579884,1,1.0,-0.8189643394151911,-0.92803479459691,0.3194444444444444,1,0.0,True,True
2024-07-05,1.0,0.4782980730822352,0.4151120852902454,0.3819444444444444,1,Low,Low,Positive pre-15:00 return,0.0005086396853983821,5.086396853983821,5.086396853983821,2.8300000000006422,5563.86,0.0001977435661433269,1.0,5.086396853983821,7.225227433685969,7.225227433685969,1,0.0,-1.054216350850134,-0.92803479459691,0.0416666666666666,1,0.0,False,False
2024-07-11,1.0,0.4600469321811727,0.4151120852902454,0.1805555555555555,1,Low,Medium,Negative pre-15:00 return,-0.0007924950893928306,7.924950893928306,-7.924950893928306,4.43000000000056,5589.9400000000005,0.0022249992380141137,0.0,-7.924950893928306,14.125895767704916,14.125895767704916,1,1.0,-0.4898274593306559,-0.92803479459691,0.6527777777777778,1,0.0,False,True
2024-07-17,1.0,0.4545375512631711,0.4151120852902454,0.1458333333333333,1,Low,Medium,Negative pre-15:00 return,-0.0008224875241157337,8.224875241157337,-8.224875241157337,4.599999999999234,5592.79,0.00031121166864900296,0.0,-8.224875241157337,13.240382647837375,13.240382647837375,1,1.0,-0.4219184610645239,-0.92803479459691,0.7222222222222222,1,0.0,False,True
2024-07-18,1.0,0.4368238740007958,0.4151120852902454,0.0972222222222222,1,Low,High,Negative pre-15:00 return,0.0005810145379943066,5.810145379943066,5.810145379943066,3.220000000000587,5542.03,-0.0021947276125181547,1.0,5.810145379943066,15.215905517560524,15.215905517560524,1,1.0,-0.5024316962231594,-0.92803479459691,0.6388888888888888,1,0.0,False,True
2024-07-19,1.0,0.428252534829405,0.4151120852902454,0.0625,1,Medium,Medium,Negative pre-15:00 return,-0.0005300754268287022,5.300754268287022,-5.300754268287022,2.9199999999999307,5508.650000000001,-0.000566061355970926,0.0,-5.300754268287022,12.7668752273491,12.7668752273491,1,0.0,-0.9327716701705372,-0.92803479459691,0.1736111111111111,1,0.0,False,False
2024-07-22,1.0,0.4959865686039663,0.4151120852902454,0.5347222222222222,1,Low,Low,Positive pre-15:00 return,-0.0004437314400792536,4.437314400792536,-4.437314400792536,2.4700000000003595,5566.43,0.0006255673698307707,0.0,-4.437314400792536,11.772810370205594,11.772810370205594,1,1.0,-0.6822642420112508,-0.92803479459691,0.4722222222222222,1,0.0,False,True
2024-07-23,1.0,0.4991009057768116,0.4151120852902454,0.5972222222222222,1,Low,Low,Positive pre-15:00 return,-0.0022392857271122946,22.392857271122946,-22.392857271122946,12.469999999999319,5568.74,-0.00024416078705957744,0.0,-22.392857271122946,11.487785494579914,11.487785494579914,1,1.0,-0.8508006854706742,-0.92803479459691,0.2569444444444444,1,0.0,False,True
2024-07-24,1.0,0.4417189107191644,0.4151120852902454,0.125,1,Medium,Medium,Negative pre-15:00 return,-0.0024312657467182586,24.312657467182586,-24.312657467182586,13.229999999999542,5441.61,-0.002635635329243713,0.0,-24.312657467182586,12.24941588323504,12.24941588323504,1,1.0,-0.5832498720506718,-0.92803479459691,0.5694444444444444,1,0.0,False,True
2024-07-25,1.0,0.4982180959271441,0.4151120852902454,0.5763888888888888,1,Medium,High,Negative pre-15:00 return,-0.00485470892020512,48.5470892020512,-48.5470892020512,26.34000000000011,5425.66,-0.006929598500600487,0.0,-48.5470892020512,19.978316955331,19.978316955331,1,1.0,0.0778929559503638,-0.92803479459691,0.9236111111111112,1,1.0,False,True
2024-07-26,1.0,0.5132948496170389,0.4151120852902454,0.7638888888888888,1,Medium,High,Positive pre-15:00 return,0.0011681343226104257,11.681343226104257,11.681343226104257,6.369999999999817,5453.14,-0.002485946809152817,1.0,11.681343226104257,18.88839793589372,18.88839793589372,1,1.0,-0.1569931387982117,-0.92803479459691,0.8402777777777778,1,0.0,True,True
2024-07-29,1.0,0.5250074625608767,0.4151120852902454,0.8472222222222222,1,Medium,Medium,Negative pre-15:00 return,-0.0008010153509654394,8.010153509654394,-8.010153509654394,4.380000000000081,5468.06,-0.000603140718212547,0.0,-8.010153509654394,14.499409166000962,14.499409166000962,1,1.0,-0.642179534861288,-0.92803479459691,0.5208333333333334,1,0.0,True,True
2024-07-30,1.0,0.4841625791023568,0.4151120852902454,0.4305555555555556,1,Medium,Medium,Negative pre-15:00 return,0.0009152146611128842,9.152146611128842,9.152146611128842,4.970000000000629,5430.42,0.00010681714378324436,1.0,9.152146611128842,14.866927086459906,14.866927086459906,1,1.0,-0.3045689473914172,-0.92803479459691,0.7847222222222222,1,0.0,False,True
2024-07-31,1.0,0.4923347103617713,0.4151120852902454,0.4791666666666667,1,Low,High,Positive pre-15:00 return,-0.004839756299794606,48.39756299794607,-48.39756299794607,26.85000000000052,5547.8,0.005052618611535387,0.0,-48.39756299794607,19.972672072046667,19.972672072046667,1,1.0,-0.0933075130177429,-0.92803479459691,0.8680555555555556,1,1.0,False,True
2024-08-01,1.0,0.4695580919227348,0.4151120852902454,0.25,1,High,High,Negative pre-15:00 return,0.005803883043354663,58.03883043354663,58.03883043354663,31.43000000000024,5415.34,-0.004807497932555305,1.0,58.03883043354663,20.54775356062592,20.54775356062592,1,1.0,-0.1412640794852577,-0.92803479459691,0.8472222222222222,1,1.0,False,True
2024-08-02,1.0,0.4781652545791049,0.4151120852902454,0.3680555555555556,1,High,High,Negative pre-15:00 return,0.0037800048447156342,37.80004844715634,37.80004844715634,20.130000000000194,5325.39,0.0013256015974909552,1.0,37.80004844715634,25.741455153652183,25.741455153652183,1,1.0,0.3716365802592645,-0.92803479459691,0.9444444444444444,1,1.0,False,True
2024-08-05,1.0,0.5292650829332178,0.4151120852902454,0.8819444444444444,1,High,High,Positive pre-15:00 return,0.003165095397560602,31.650953975606022,31.650953975606022,16.369999999999337,5172.04,-0.00643926878184109,1.0,31.650953975606022,33.260829335613124,33.260829335613124,1,1.0,1.030675047832869,-0.92803479459691,0.9791666666666666,1,1.0,True,True
2024-08-06,1.0,0.5594510647266603,0.4151120852902454,0.9791666666666666,1,High,High,Positive pre-15:00 return,-0.010186705876349622,101.86705876349622,-101.86705876349622,53.899999999999885,5291.21,-0.0005911973919318081,0.0,-101.86705876349622,23.741207895309664,23.741207895309664,1,1.0,0.5994996966045749,-0.92803479459691,0.9652777777777778,1,1.0,True,True
2024-08-07,1.0,0.4622832387645701,0.4151120852902454,0.2152777777777778,1,High,High,Negative pre-15:00 return,-0.0015261577682389449,15.261577682389449,-15.261577682389449,7.949999999999582,5209.16,-0.0049208010819650205,0.0,-15.261577682389449,27.510430346714237,27.510430346714237,1,1.0,0.5608006100585137,-0.92803479459691,0.9583333333333334,1,0.0,False,True
2024-08-08,1.0,0.5321514462913446,0.4151120852902454,0.9097222222222222,1,High,High,Positive pre-15:00 return,0.00035360213365032145,3.5360213365032145,3.5360213365032145,1.8800000000000006,5316.71,-0.00016360825789174527,1.0,3.5360213365032145,18.125690836517204,18.125690836517204,1,1.0,-0.4968673046961311,-0.92803479459691,0.6458333333333334,1,0.0,True,True
2024-08-09,1.0,0.5520502769254616,0.4151120852902454,0.9722222222222222,1,High,High,Positive pre-15:00 return,0.0010340079985764472,10.340079985764472,10.340079985764472,5.520000000000435,5338.45,-0.00044936667384409823,1.0,10.340079985764472,18.034124119262767,18.034124119262767,1,1.0,-0.3773182284607352,-0.92803479459691,0.75,1,0.0,True,True
2024-08-12,1.0,0.5366253748676274,0.4151120852902454,0.9375,1,High,Medium,Negative pre-15:00 return,-0.00017022295465896065,1.7022295465896065,-1.7022295465896065,0.9099999999999775,5345.93,0.0014199143930240243,0.0,-1.7022295465896065,16.402707008715947,16.402707008715947,1,1.0,-0.4653488662697949,-0.92803479459691,0.6666666666666666,1,0.0,True,True
2024-08-13,1.0,0.5272990967429051,0.4151120852902454,0.8611111111111112,1,Medium,Low,Positive pre-15:00 return,0.0010610861395621285,10.610861395621285,10.610861395621285,5.759999999999059,5428.400000000001,0.0012671699686253035,1.0,10.610861395621285,12.686976160558526,12.686976160558526,1,1.0,-0.8228332136261896,-0.92803479459691,0.2986111111111111,1,0.0,True,True
2024-08-14,1.0,0.4846204351947562,0.4151120852902454,0.4375,1,Medium,Low,Positive pre-15:00 return,-0.0006230917814192827,6.230917814192827,-6.230917814192827,3.399999999999343,5456.66,0.0018323088560370238,0.0,-6.230917814192827,12.287285896509191,12.287285896509191,1,1.0,-0.8458826777639705,-0.92803479459691,0.2708333333333333,1,0.0,False,True
2024-08-15,1.0,0.5135118175284146,0.4151120852902454,0.7708333333333334,1,Low,Low,Positive pre-15:00 return,9.382284802872398e-05,0.9382284802872398,0.9382284802872398,0.5200000000004786,5542.36,0.0004928126968768431,1.0,0.9382284802872398,9.330247149900298,9.330247149900298,1,1.0,-0.8440994267536055,-0.92803479459691,0.2777777777777778,1,0.0,True,True
2024-08-16,1.0,0.4926565741916156,0.4151120852902454,0.4861111111111111,1,Low,Low,Positive pre-15:00 return,-0.0007843729873456828,7.843729873456828,-7.843729873456828,4.359999999999966,5558.58,9.35578241327839e-05,0.0,-7.843729873456828,9.880286071539562,9.880286071539562,1,0.0,-1.0927288094183945,-0.92803479459691,0.0208333333333333,1,0.0,False,False
2024-08-20,1.0,0.532677165901588,0.4151120852902454,0.9166666666666666,1,Low,Low,Negative pre-15:00 return,-0.0011458495081949627,11.458495081949627,-11.458495081949627,6.419999999999983,5602.83,0.0014746415280504355,0.0,-11.458495081949627,10.872976739947909,10.872976739947909,2,1.0,-0.7020327292590636,-0.92803479459691,0.4583333333333333,1,0.0,True,True
2024-08-21,1.0,0.5197138928050843,0.4151120852902454,0.8194444444444444,1,Medium,High,Positive pre-15:00 return,0.00028297706106084064,2.8297706106084064,2.8297706106084064,1.5900000000004832,5618.83,0.000571619874564222,1.0,2.8297706106084064,13.038882712269576,13.038882712269576,2,1.0,-0.6480869224517469,-0.92803479459691,0.5138888888888888,1,0.0,True,True
2024-08-23,1.0,0.5294232909913936,0.4151120852902454,0.8888888888888888,1,Low,Low,Positive pre-15:00 return,0.002607383255082363,26.073832550823628,26.073832550823628,14.650000000001068,5618.66,0.0006375688325011009,1.0,26.073832550823628,13.339788126094676,13.339788126094676,2,1.0,-0.422096647228807,-0.92803479459691,0.7152777777777778,1,0.0,True,True
2024-08-26,1.0,0.4752403835861353,0.4151120852902454,0.3263888888888889,1,Low,Medium,Negative pre-15:00 return,-0.00019575426788787098,1.9575426788787098,-1.9575426788787098,1.0999999999996346,5619.29,0.002420741671007365,0.0,-1.9575426788787098,18.19785184458641,18.19785184458641,2,1.0,-0.4552170665035857,-0.92803479459691,0.6805555555555556,1,0.0,False,True
2024-08-27,1.0,0.5163199253632266,0.4151120852902454,0.7847222222222222,1,Low,Low,Positive pre-15:00 return,-4.443149019661696e-05,0.44431490196616963,-0.44431490196616963,0.2499999999998929,5626.64,-0.0006589288410134841,0.0,-0.44431490196616963,9.068136008304094,9.068136008304094,2,0.0,-0.9924770978830482,-0.92803479459691,0.0763888888888889,1,0.0,True,False
2024-08-28,1.0,0.4731195203369236,0.4151120852902454,0.2916666666666667,1,Medium,High,Negative pre-15:00 return,0.0001967419532542536,1.9674195325425359,1.9674195325425359,1.1000000000007921,5591.08,0.004993439145830614,1.0,1.9674195325425359,31.76425582090668,31.76425582090668,2,1.0,-0.7911153348396149,-0.92803479459691,0.3541666666666667,1,0.0,False,True
2024-08-29,1.0,0.436418706356847,0.4151120852902454,0.0902777777777777,1,Low,High,Negative pre-15:00 return,-0.0004611144671983203,4.611144671983203,-4.611144671983203,2.58000000000001,5595.14,-0.007742782152230898,0.0,-4.611144671983203,19.32477683609729,19.32477683609729,2,1.0,-0.5711683537069232,-0.92803479459691,0.5972222222222222,1,0.0,False,True
2024-08-30,1.0,0.5297726926311211,0.4151120852902454,0.8958333333333334,1,Low,Low,Positive pre-15:00 return,0.005507449212343918,55.07449212343918,55.07449212343918,30.92999999999981,5616.03,0.00321720894173283,1.0,55.07449212343918,14.494854192727011,14.494854192727011,2,1.0,-0.3616145046663817,-0.92803479459691,0.7569444444444444,1,1.0,True,True
2024-09-03,1.0,0.4822309402299248,0.4151120852902454,0.4097222222222222,1,High,Medium,Negative pre-15:00 return,-0.0010569182071776817,10.569182071776817,-10.569182071776817,5.850000000000181,5534.96,-0.0030242716260638902,0.0,-10.569182071776817,25.971724108409063,25.971724108409063,2,1.0,-0.2501724875838806,-0.92803479459691,0.8194444444444444,1,0.0,False,True
2024-09-04,1.0,0.5210785072646259,0.4151120852902454,0.8263888888888888,1,High,Medium,Positive pre-15:00 return,0.0017915421783845087,17.915421783845087,17.915421783845087,9.869999999999504,5509.22,-0.0015694433369337624,1.0,17.915421783845087,23.536253549107933,23.536253549107933,2,1.0,-0.1645651336054692,-0.92803479459691,0.8333333333333334,1,0.0,True,True
2024-09-05,1.0,0.5456474246377847,0.4151120852902454,0.9583333333333334,1,High,Medium,Negative pre-15:00 return,-0.0012993895047075377,12.993895047075377,-12.993895047075377,7.15999999999985,5510.28,-0.0007888108540373695,0.0,-12.993895047075377,13.33828243151633,13.33828243151633,2,1.0,-0.5071062178051589,-0.92803479459691,0.6319444444444444,1,0.0,True,True
2024-09-06,1.0,0.4668966088835977,0.4151120852902454,0.2361111111111111,1,High,High,Negative pre-15:00 return,-0.0004988590907830659,4.988590907830659,-4.988590907830659,2.699999999999727,5412.35,-0.00023459348827581383,0.0,-4.988590907830659,17.436644041831016,17.436644041831016,2,1.0,-0.2907866584633714,-0.92803479459691,0.8055555555555556,1,0.0,False,True
2024-09-09,1.0,0.5624855906046933,0.4151120852902454,0.9861111111111112,1,High,Medium,Positive pre-15:00 return,0.0023634381612815947,23.634381612815947,23.634381612815947,12.899999999999137,5458.150000000001,-0.001200429665983993,1.0,23.634381612815947,14.931977714579403,14.931977714579403,2,1.0,-0.5231395483003458,-0.92803479459691,0.6180555555555556,1,0.0,True,True
2024-09-10,1.0,0.5375232533605422,0.4151120852902454,0.9444444444444444,1,High,Medium,Negative pre-15:00 return,0.0011003464998415868,11.003464998415868,11.003464998415868,6.040000000000442,5489.18,0.002324498534634678,1.0,11.003464998415868,11.634177508547468,11.634177508547468,2,1.0,-0.4390340282586693,-0.92803479459691,0.6944444444444444,1,0.0,True,True
2024-09-11,1.0,0.5179361110840838,0.4151120852902454,0.7986111111111112,1,Medium,High,Positive pre-15:00 return,0.004999828029086606,49.99828029086606,49.99828029086606,27.61999999999994,5524.1900000000005,0.0030795881050909024,1.0,49.99828029086606,22.53469263576741,22.53469263576741,2,1.0,-0.0153755547026024,-0.92803479459691,0.8958333333333334,1,1.0,True,True
2024-09-12,1.0,0.5088145861547777,0.4151120852902454,0.6944444444444444,1,Medium,High,Positive pre-15:00 return,0.0005845841407863261,5.8458414078632615,5.8458414078632615,3.2699999999992886,5593.72,-0.0009180440303917514,1.0,5.8458414078632615,19.92576247226819,19.92576247226819,2,1.0,-0.2848445314354497,-0.92803479459691,0.8125,1,0.0,False,True
2024-09-13,1.0,0.5090605842422221,0.4151120852902454,0.7013888888888888,1,Medium,High,Positive pre-15:00 return,0.0008539816002546274,8.539816002546274,8.539816002546274,4.7999999999991925,5620.7300000000005,-0.002034732493044422,1.0,8.539816002546274,13.48169370442779,13.48169370442779,2,1.0,-0.863341661259384,-0.92803479459691,0.25,1,0.0,True,True
2024-09-16,1.0,0.5109042925450613,0.4151120852902454,0.7291666666666666,1,Medium,Low,Positive pre-15:00 return,0.0003267033852860646,3.2670338528606457,3.2670338528606457,1.8399999999988215,5632.02,0.00030726658839963505,1.0,3.2670338528606457,8.694013901715735,8.694013901715735,2,1.0,-0.9007968987018466,-0.92803479459691,0.2083333333333333,1,0.0,True,True
2024-09-17,1.0,0.4549448219833752,0.4151120852902454,0.1527777777777778,1,Medium,High,Negative pre-15:00 return,0.0018452152395580512,18.452152395580512,18.452152395580512,10.380000000000278,5625.36,-0.0011133543929555678,1.0,18.452152395580512,15.39934353690089,15.39934353690089,2,1.0,-0.4154033753036488,-0.92803479459691,0.7291666666666666,1,0.0,False,True
2024-09-18,1.0,0.4782726097180111,0.4151120852902454,0.375,1,Medium,High,Positive pre-15:00 return,-0.004664122921693048,46.64122921693048,-46.64122921693048,26.33000000000003,5645.22,0.001428021507245747,0.0,-46.64122921693048,44.4501870954016,44.4501870954016,2,1.0,1.7729612935941212,-0.92803479459691,1.0,1,1.0,False,True
2024-09-19,1.0,0.4990918181457509,0.4151120852902454,0.5902777777777778,1,Medium,Medium,Positive pre-15:00 return,-0.0019478160003912892,19.47816000391289,-19.47816000391289,11.14999999999988,5724.36,-0.0010174182705985357,0.0,-19.47816000391289,8.336578591887314,8.336578591887314,2,1.0,-0.7110890494841742,-0.92803479459691,0.4375,1,0.0,False,True
2024-09-20,1.0,0.4963244850472176,0.4151120852902454,0.5486111111111112,1,Medium,Medium,Negative pre-15:00 return,0.0008424437186167477,8.424437186167477,8.424437186167477,4.799999999999829,5697.71,-0.0009678725914964437,1.0,8.424437186167477,11.198377516673332,11.198377516673332,2,0.0,-1.1841657423102674,-0.92803479459691,0.0069444444444444,1,0.0,False,False
2024-09-23,1.0,0.6040232176605506,0.5107780403604032,0.875,2,Medium,Low,Positive pre-15:00 return,0.0001451701201413691,1.451701201413691,1.451701201413691,0.829999999999868,5717.43,0.00032892722485144965,1.0,1.451701201413691,9.398256463558887,9.398256463558887,2,0.0,-1.1233807709662744,-0.8426716029508791,0.0625,2,0.0,True,False
2024-09-24,1.0,0.5608944426033331,0.5107780403604032,0.5694444444444444,2,Medium,Low,Negative pre-15:00 return,0.0013025880643819931,13.025880643819931,13.025880643819931,7.459999999999538,5727.06,-8.730406784396294e-06,1.0,13.025880643819931,8.727532302149463,8.727532302149463,2,0.0,-1.0338622758751597,-0.8426716029508791,0.1111111111111111,2,0.0,False,False
2024-09-25,1.0,0.5531413987666414,0.5107780403604032,0.4791666666666667,2,Medium,Low,Negative pre-15:00 return,3.669570869901939e-05,0.3669570869901939,0.3669570869901939,0.21000000000022623,5722.74,-0.00040523592765850935,1.0,0.3669570869901939,10.369557094649394,10.369557094649394,2,0.0,-1.109627783541224,-0.8426716029508791,0.0763888888888889,2,0.0,False,False
2024-09-26,1.0,0.6066885055518536,0.5107780403604032,0.8958333333333334,2,Medium,Low,Negative pre-15:00 return,1.740819786855141e-05,0.17408197868551412,0.17408197868551412,0.10000000000006411,5744.42,0.0012793964874118213,1.0,0.17408197868551412,9.812011341529187,9.812011341529187,2,0.0,-0.9661200534340604,-0.8426716029508791,0.1944444444444444,2,0.0,True,False
2024-09-27,1.0,0.5193789087149978,0.5107780403604032,0.125,2,Medium,Medium,Negative pre-15:00 return,-0.0011473140837591211,11.473140837591211,-11.473140837591211,6.589999999999828,5743.85,-0.0004037471916076285,0.0,-11.473140837591211,14.784840800724533,14.784840800724533,2,0.0,-1.033334987125636,-0.8426716029508791,0.1180555555555555,2,0.0,False,False
2024-09-30,1.0,0.5210278038179855,0.5107780403604032,0.1597222222222222,2,Medium,High,Positive pre-15:00 return,0.005882424837137634,58.82424837137634,58.82424837137634,33.68999999999978,5727.2300000000005,-0.001760400743899937,1.0,58.82424837137634,21.069330815812197,21.069330815812197,2,1.0,-0.1939771246091921,-0.8426716029508791,0.6805555555555556,2,1.0,False,True
2024-10-01,1.0,0.6010517430654106,0.5107780403604032,0.8472222222222222,2,High,Medium,Negative pre-15:00 return,-0.0029970501062764887,29.97050106276489,-29.97050106276489,17.15999999999985,5725.63,0.0019897589539152882,0.0,-29.97050106276489,14.072285353372571,14.072285353372571,2,1.0,-0.3332042752690483,-0.8426716029508791,0.5763888888888888,2,1.0,True,True
2024-10-02,1.0,0.5743698750644197,0.5107780403604032,0.6875,2,High,Low,Positive pre-15:00 return,-0.00014886034272909576,1.4886034272909576,-1.4886034272909576,0.8500000000002733,5710.05,-0.00026787683968354514,0.0,-1.4886034272909576,10.524126754945591,10.524126754945591,2,0.0,-0.9358822793501492,-0.8426716029508791,0.2361111111111111,2,0.0,False,False
2024-10-03,1.0,0.5680208737209812,0.5107780403604032,0.6388888888888888,2,High,Low,Negative pre-15:00 return,0.0017648434053039175,17.648434053039175,17.648434053039175,10.039999999999404,5688.89,-0.0005024816620546879,1.0,17.648434053039175,16.790638791537784,16.790638791537784,2,1.0,-0.4144579432613144,-0.8426716029508791,0.5277777777777778,2,0.0,False,True
2024-10-04,1.0,0.5198663352996129,0.5107780403604032,0.1388888888888889,2,High,Low,Negative pre-15:00 return,0.002599952569610986,25.99952569610986,25.99952569610986,14.909999999999513,5734.72,0.002156445395097961,1.0,25.99952569610986,14.381789229622656,14.381789229622656,2,1.0,-0.7741019612168638,-0.8426716029508791,0.3541666666666667,2,0.0,False,True
2024-10-07,0.0,0.4685168008549122,0.5107780403604032,0.4652777777777778,2,High,High,Negative pre-15:00 return,0.001568381981893241,15.68381981893241,15.68381981893241,8.919999999999801,5687.39,-0.006496546471531417,1.0,-15.68381981893241,34.211823510188005,34.211823510188005,2,1.0,-0.131949834679911,-0.8426716029508791,0.7083333333333334,2,0.0,False,True
2024-10-08,1.0,0.6072865170451007,0.5107780403604032,0.9027777777777778,2,High,Low,Positive pre-15:00 return,0.0005480605615619805,5.480605615619805,5.480605615619805,3.1499999999999453,5747.54,0.001769097098157868,1.0,5.480605615619805,13.248901536902252,13.248901536902252,2,0.0,-1.0345295700636998,-0.8426716029508791,0.1041666666666666,2,0.0,True,False
2024-10-09,1.0,0.5828660909806257,0.5107780403604032,0.7638888888888888,2,High,Low,Positive pre-15:00 return,0.0017364383988101029,17.36438398810103,17.36438398810103,10.040000000000074,5781.95,0.0007044106142737316,1.0,17.36438398810103,12.499895922282104,12.499895922282104,2,0.0,-1.0084757902466186,-0.8426716029508791,0.1597222222222222,2,0.0,True,False
2024-10-10,1.0,0.5447848541397118,0.5107780403604032,0.4166666666666667,2,High,Low,Negative pre-15:00 return,0.0014119595573205412,14.119595573205412,14.119595573205412,8.150000000001043,5772.12,-0.0015326121176687524,1.0,14.119595573205412,13.30164340985806,13.30164340985806,2,0.0,-0.9186702674565476,-0.8426716029508791,0.2430555555555555,2,0.0,False,False
2024-10-11,1.0,0.6086492305137534,0.5107780403604032,0.9097222222222222,2,High,Low,Positive pre-15:00 return,-0.000216637409154119,2.16637409154119,-2.16637409154119,1.2599999999999123,5816.17,0.000980987768631314,0.0,-2.16637409154119,11.776907112716827,11.776907112716827,2,0.0,-1.141023290950208,-0.8426716029508791,0.0486111111111111,2,0.0,True,False
2024-10-15,1.0,0.5266578901629965,0.5107780403604032,0.2152777777777778,2,High,Low,Negative pre-15:00 return,-0.00023886198588829455,2.3886198588829455,-2.3886198588829455,1.390000000000317,5819.26,-0.0015493395146775057,0.0,-2.3886198588829455,17.08520843157352,17.08520843157352,2,1.0,-0.765655393965726,-0.8426716029508791,0.3611111111111111,2,0.0,False,True
2024-10-16,1.0,0.5910258596429357,0.5107780403604032,0.8055555555555556,2,High,Low,Positive pre-15:00 return,-4.963526637025151e-05,0.4963526637025151,-0.4963526637025151,0.29000000000015885,5842.62,0.0013024805399124428,0.0,-0.4963526637025151,10.514799722435605,10.514799722435605,2,0.0,-0.956475851479302,-0.8426716029508791,0.2152777777777778,2,0.0,True,False
2024-10-17,1.0,0.5140710131266906,0.5107780403604032,0.0625,2,High,Medium,Negative pre-15:00 return,-0.0017993817508855647,17.99381750885565,-17.99381750885565,10.529999999999834,5852.01,-0.0018302022603764456,0.0,-17.99381750885565,13.986724532976089,13.986724532976089,2,0.0,-0.8944916817187596,-0.8426716029508791,0.2708333333333333,2,0.0,False,False
2024-10-18,1.0,0.5932166304024665,0.5107780403604032,0.8194444444444444,2,High,Low,Positive pre-15:00 return,-0.0005061789623841406,5.061789623841406,-5.061789623841406,2.969999999999321,5867.49,0.0005252020237329624,0.0,-5.061789623841406,10.376229486571074,10.376229486571074,2,0.0,-1.1613497167891498,-0.8426716029508791,0.0208333333333333,2,0.0,True,False
2024-10-21,1.0,0.5976402705901113,0.5107780403604032,0.8333333333333334,2,High,Low,Negative pre-15:00 return,0.0021567291661672705,21.567291661672705,21.567291661672705,12.599999999999104,5842.18,-0.0015603343524783764,1.0,21.567291661672705,12.33747773280482,12.33747773280482,2,0.0,-1.1336338163700677,-0.8426716029508791,0.0555555555555555,2,0.0,True,False
2024-10-23,0.0,0.4866725133455578,0.5107780403604032,0.2777777777777778,2,High,Medium,Negative pre-15:00 return,0.0013714127797015419,13.714127797015419,13.714127797015419,7.939999999999032,5789.650000000001,0.002161961932853007,1.0,-13.714127797015419,18.72331202106805,18.72331202106805,2,1.0,-0.3302015561451408,-0.8426716029508791,0.5902777777777778,2,0.0,False,True
2024-10-24,1.0,0.6367632010243452,0.5107780403604032,0.9930555555555556,2,High,Low,Negative pre-15:00 return,0.00047188333115188996,4.7188333115189,4.7188333115189,2.740000000000072,5806.52,0.0006289990987218275,1.0,4.7188333115189,11.935703795531431,11.935703795531431,2,0.0,-0.9966048577425606,-0.8426716029508791,0.1736111111111111,2,0.0,True,False
2024-10-25,1.0,0.5284139665245732,0.5107780403604032,0.2291666666666666,2,High,High,Negative pre-15:00 return,-0.002157867971466776,21.578679714667757,-21.578679714667757,12.560000000000658,5820.56,0.00170031734667897,0.0,-21.578679714667757,19.06692726111112,19.06692726111112,2,1.0,-0.6757552739710326,-0.8426716029508791,0.4375,2,0.0,False,True
2024-10-28,1.0,0.5479394082940053,0.5107780403604032,0.4375,2,High,Low,Negative pre-15:00 return,-0.0009673767623751273,9.673767623751273,-9.673767623751273,5.639999999999467,5830.2,-0.0008072103939906761,0.0,-9.673767623751273,13.335168819755513,13.335168819755513,2,0.0,-0.9802635345222366,-0.8426716029508791,0.1805555555555555,2,0.0,False,False
2024-10-29,1.0,0.5844503651973351,0.5107780403604032,0.7777777777777778,2,High,Low,Positive pre-15:00 return,-0.0012974209052506458,12.974209052506458,-12.974209052506458,7.580000000000163,5842.36,0.0007742589724966109,0.0,-12.974209052506458,11.07172626640972,11.07172626640972,2,0.0,-0.9585112638564276,-0.8426716029508791,0.2013888888888889,2,0.0,True,False
2024-10-30,1.0,0.6143821150802664,0.5107780403604032,0.9305555555555556,2,High,Low,Negative pre-15:00 return,-0.0022315915141203346,22.315915141203348,-22.315915141203348,13.01000000000042,5829.92,0.0009271150240706127,0.0,-22.315915141203348,14.265663328291389,14.265663328291389,2,1.0,-0.8131178851307985,-0.8426716029508791,0.3402777777777778,2,0.0,True,True
2024-10-31,0.0,0.4613944978845774,0.5107780403604032,0.5625,2,High,Medium,Negative pre-15:00 return,-0.0035676223421912123,35.67622342191213,-35.67622342191213,20.419999999999842,5723.7,0.000552395403231154,0.0,35.67622342191213,16.465144771115135,16.465144771115135,2,1.0,-0.6288499716909093,-0.8426716029508791,0.4513888888888889,2,1.0,False,True
2024-11-01,1.0,0.5308680873533745,0.5107780403604032,0.25,2,High,Medium,Positive pre-15:00 return,-0.0018730898839206533,18.73089883920653,-18.73089883920653,10.749999999999735,5739.18,0.0008283299299145508,0.0,-18.73089883920653,16.270527425020845,16.270527425020845,2,1.0,-0.6593614662419376,-0.8426716029508791,0.4444444444444444,2,0.0,False,True
2024-11-04,1.0,0.6056077522164618,0.5107780403604032,0.8888888888888888,2,High,Low,Negative pre-15:00 return,-0.0014627675842314725,14.627675842314725,-14.627675842314725,8.370000000000012,5722.03,-0.000211418706886346,0.0,-14.627675842314725,12.375583771768849,12.375583771768849,2,1.0,-0.7534624610179992,-0.8426716029508791,0.375,2,0.0,True,True
2024-11-05,1.0,0.609957337396816,0.5107780403604032,0.9166666666666666,2,High,Low,Positive pre-15:00 return,0.002776111224783495,27.76111224783495,27.76111224783495,16.009999999999906,5767.06,-0.0003466769283037019,1.0,27.76111224783495,19.15600614260357,19.15600614260357,2,1.0,-0.7056967510752741,-0.8426716029508791,0.4097222222222222,2,1.0,True,True
2024-11-06,0.0,0.501177466640741,0.5107780403604032,0.1458333333333333,2,Medium,Low,Positive pre-15:00 return,0.0008796827063835,8.796827063835,8.796827063835,5.209999999999853,5922.59,0.0005084820206839868,1.0,-8.796827063835,10.13151841868578,10.13151841868578,2,0.0,-1.047966275503311,-0.8426716029508791,0.0972222222222222,2,0.0,False,False
2024-11-07,1.0,0.5534407973507949,0.5107780403604032,0.5,2,Medium,Medium,Positive pre-15:00 return,-0.0006842657360206506,6.8426573602065055,-6.8426573602065055,4.089999999999993,5977.21,0.0019310423438025914,0.0,-6.8426573602065055,14.572740587899254,14.572740587899254,2,0.0,-1.0145128763300568,-0.8426716029508791,0.1527777777777778,2,0.0,False,False
2024-11-12,1.0,0.6055021163478103,0.5107780403604032,0.8819444444444444,2,Medium,Low,Negative pre-15:00 return,-0.002009596029505234,20.09596029505234,-20.09596029505234,12.05000000000017,5996.2300000000005,0.0010651351870247794,0.0,-20.09596029505234,8.29429713907307,8.29429713907307,2,1.0,-0.8245559341976629,-0.8426716029508791,0.3263888888888889,2,0.0,True,True
2024-11-14,1.0,0.5354320658758095,0.5107780403604032,0.3194444444444444,2,Low,Low,Negative pre-15:00 return,-0.002999505668060398,29.99505668060398,-29.99505668060398,17.900000000000638,5967.650000000001,0.0022858428898697714,0.0,-29.99505668060398,14.147900705051782,14.147900705051782,2,1.0,-0.752362197183984,-0.8426716029508791,0.3819444444444444,2,1.0,False,True
2024-11-15,0.0,0.4220776636304753,0.5107780403604032,0.8402777777777778,2,Medium,Medium,Negative pre-15:00 return,0.0011273822559243474,11.273822559243474,11.273822559243474,6.610000000000278,5863.14,0.0007851785598460559,1.0,-11.273822559243474,16.971070782362048,16.971070782362048,2,1.0,-0.4061265269846106,-0.8426716029508791,0.5416666666666666,2,0.0,True,True
2024-11-18,1.0,0.5868445001837248,0.5107780403604032,0.7986111111111112,2,Medium,Low,Positive pre-15:00 return,2.3752525826647997e-05,0.23752525826647997,0.23752525826647997,0.1400000000001042,5894.11,-0.00043075305470074987,1.0,0.23752525826647997,10.223676684124442,10.223676684124442,2,0.0,-1.145332844700476,-0.8426716029508791,0.0347222222222222,2,0.0,True,False
2024-11-19,1.0,0.5401531202850403,0.5107780403604032,0.3611111111111111,2,Medium,Medium,Positive pre-15:00 return,0.0009813791761490442,9.813791761490442,9.813791761490442,5.799999999999659,5910.05,-0.002039806623630347,1.0,9.813791761490442,11.497307521573395,11.497307521573395,2,1.0,-0.8294102840264528,-0.8426716029508791,0.3194444444444444,2,0.0,False,True
2024-11-20,1.0,0.5613373897356317,0.5107780403604032,0.5833333333333334,2,High,Low,Negative pre-15:00 return,0.004894692773959264,48.94692773959264,48.94692773959264,28.819999999999887,5888.01,0.0011681408706474272,1.0,48.94692773959264,12.15970365147789,12.15970365147789,2,1.0,-0.6772319290551336,-0.8426716029508791,0.4305555555555556,2,1.0,False,True
2024-11-21,0.0,0.5098854529275892,0.5107780403604032,0.0138888888888888,2,Medium,Low,Positive pre-15:00 return,-0.0015542806500450368,15.542806500450368,-15.542806500450368,9.259999999999318,5957.74,0.0001712351764058262,0.0,15.542806500450368,13.62001902601252,13.62001902601252,2,1.0,-0.5188636122355379,-0.8426716029508791,0.5,2,0.0,False,True
2024-11-22,1.0,0.5297466189352442,0.5107780403604032,0.2361111111111111,2,Medium,Low,Positive pre-15:00 return,0.00037210612064297877,3.7210612064297877,3.7210612064297877,2.220000000000837,5966.04,-3.855004885811031e-05,1.0,3.7210612064297877,9.83565434995582,9.83565434995582,2,0.0,-0.905350476826754,-0.8426716029508791,0.2569444444444444,2,0.0,False,False
2024-11-25,1.0,0.5328838619808013,0.5107780403604032,0.2638888888888889,2,Medium,Low,Negative pre-15:00 return,0.0007588661136195274,7.588661136195274,7.588661136195274,4.540000000001321,5982.61,-0.00042438368294872575,1.0,7.588661136195274,10.602514419613332,10.602514419613332,2,0.0,-1.071914210034803,-0.8426716029508791,0.0902777777777777,2,0.0,False,False
2024-11-27,1.0,0.566029973637264,0.5107780403604032,0.6111111111111112,2,Low,Low,Negative pre-15:00 return,1.1669292257376895e-05,0.11669292257376895,0.11669292257376895,0.06999999999971392,5998.650000000001,-0.00029331329025839015,1.0,0.11669292257376895,9.642573338446963,9.642573338446963,2,0.0,-1.2002575225630916,-0.8426716029508791,0.0138888888888888,2,0.0,False,False
2024-12-03,1.0,0.5723198579316592,0.5107780403604032,0.6666666666666666,2,Low,Low,Positive pre-15:00 return,-0.000185099796885968,1.85099796885968,-1.85099796885968,1.1199999999996464,6050.79,0.0009660956666308618,0.0,-1.85099796885968,10.78789487131423,10.78789487131423,2,0.0,-1.0208001860354474,-0.8426716029508791,0.1458333333333333,2,0.0,False,False
2024-12-05,0.0,0.4821048528232038,0.5107780403604032,0.3472222222222222,2,Low,Low,Negative pre-15:00 return,-0.0010078788835398145,10.078788835398145,-10.078788835398145,6.129999999999835,6082.08,-0.00021205351638975412,0.0,10.078788835398145,12.02521895453669,12.02521895453669,2,0.0,-1.0731359549134676,-0.8426716029508791,0.0833333333333333,2,0.0,False,False
2024-12-06,1.0,0.5150192456111545,0.5107780403604032,0.0694444444444444,2,Low,Low,Positive pre-15:00 return,0.0009090565373985893,9.090565373985893,9.090565373985893,5.52999999999922,6083.2300000000005,-0.0011690625333519167,1.0,9.090565373985893,11.637208087739053,11.637208087739053,2,0.0,-1.1447873684300514,-0.8426716029508791,0.0416666666666666,2,0.0,False,False
2024-12-09,0.0,0.4972951904726779,0.5107780403604032,0.1805555555555555,2,Low,Low,Negative pre-15:00 return,-0.0006140336397999491,6.140336397999491,-6.140336397999491,3.7200000000000317,6058.3,-0.0016281652818472825,0.0,6.140336397999491,12.633033041425506,12.633033041425506,2,0.0,-1.1137125050035137,-0.8426716029508791,0.0694444444444444,2,0.0,False,False
2024-12-12,0.0,0.4714086939901364,0.5107780403604032,0.4513888888888889,2,Low,Low,Negative pre-15:00 return,-0.0012839385557837923,12.839385557837923,-12.839385557837923,7.780000000000775,6059.4800000000005,-0.0010880173027720819,0.0,12.839385557837923,14.132900851028277,14.132900851028277,2,0.0,-0.8599719244044688,-0.8426716029508791,0.2986111111111111,2,0.0,False,False
2024-12-13,1.0,0.5724027863610583,0.5107780403604032,0.6736111111111112,2,Low,Low,Negative pre-15:00 return,0.0001074348201210995,1.074348201210995,1.074348201210995,0.6500000000002738,6050.18,0.00026948607517507384,1.0,1.074348201210995,12.22756543268951,12.22756543268951,2,0.0,-0.8661983127893573,-0.8426716029508791,0.2916666666666667,2,0.0,False,False
2024-12-17,0.0,0.4781514451950924,0.5107780403604032,0.4027777777777778,2,Medium,Low,Negative pre-15:00 return,0.0016737856362372128,16.737856362372128,16.737856362372128,10.110000000000012,6040.2,-0.0013705900150284833,1.0,-16.737856362372128,13.203590444233663,13.203590444233663,2,0.0,-0.8834164700493701,-0.8426716029508791,0.2777777777777778,2,0.0,False,False
2024-12-18,0.0,0.386234881389484,0.5107780403604032,0.9861111111111112,2,High,High,Negative pre-15:00 return,-0.016813550009297074,168.13550009297074,-168.13550009297074,100.36999999999972,5969.59,-0.015158039221509045,0.0,168.13550009297074,39.31154544107314,39.31154544107314,2,1.0,1.4973922022537622,-0.8426716029508791,0.9583333333333334,2,1.0,True,True
2024-12-19,1.0,0.5531854589132578,0.5107780403604032,0.4930555555555556,2,High,High,Negative pre-15:00 return,-0.0035282086824171,35.282086824171,-35.282086824171,20.77000000000028,5886.84,-0.005308992845870275,0.0,-35.282086824171,22.010115921037603,22.010115921037603,2,1.0,-0.2288353732980375,-0.8426716029508791,0.6597222222222222,2,1.0,False,True
2024-12-20,1.0,0.511266851523829,0.5107780403604032,0.0069444444444444,2,High,Medium,Positive pre-15:00 return,-0.0029829175454370027,29.829175454370027,-29.829175454370027,17.750000000000156,5950.55,0.0006474178956397125,0.0,-29.829175454370027,26.720061617339645,26.720061617339645,2,1.0,-0.1198022502378104,-0.8426716029508791,0.7152777777777778,2,1.0,False,True
2024-12-23,1.0,0.5585258273594761,0.5107780403604032,0.5486111111111112,2,Medium,Low,Positive pre-15:00 return,0.0028175872520128653,28.175872520128653,28.175872520128653,16.78000000000002,5955.45,-0.0011823899371069535,1.0,28.175872520128653,13.499033301778203,13.499033301778203,2,1.0,-0.6115136005777049,-0.8426716029508791,0.4722222222222222,2,1.0,False,True
2024-12-26,1.0,0.5351095102977852,0.5107780403604032,0.2986111111111111,2,Low,Low,Positive pre-15:00 return,-0.0008854039096789501,8.854039096789501,-8.854039096789501,5.350000000000476,6042.4400000000005,0.0006872806705211509,0.0,-8.854039096789501,9.163064651983143,9.163064651983143,2,0.0,-1.0209902861550524,-0.8426716029508791,0.1319444444444444,2,0.0,False,False
2024-12-27,0.0,0.5097603732580178,0.5107780403604032,0.0208333333333333,2,Medium,Medium,Negative pre-15:00 return,-0.0006960700487416149,6.960700487416149,-6.960700487416149,4.159999999999875,5976.41,0.00208753915183868,0.0,6.960700487416149,12.824659189584366,12.824659189584366,2,1.0,-0.7543676293102854,-0.8426716029508791,0.3680555555555556,2,0.0,False,True
2024-12-30,0.0,0.4774276685563668,0.5107780403604032,0.4097222222222222,2,Medium,Medium,Positive pre-15:00 return,-0.004284618690848396,42.846186908483965,-42.846186908483965,25.41999999999991,5932.85,-0.0003588891622212653,0.0,42.846186908483965,12.06319629323578,12.06319629323578,2,1.0,-0.7017123970245378,-0.8426716029508791,0.4166666666666667,2,1.0,False,True
2024-12-31,0.0,0.4829107390922874,0.5107780403604032,0.3402777777777778,2,Medium,High,Negative pre-15:00 return,-0.00039583170527013323,3.9583170527013323,-3.9583170527013323,2.3299999999997962,5886.34,0.0015159687142169975,0.0,3.9583170527013323,19.741518283484677,19.741518283484677,2,1.0,-0.2896325183569295,-0.8426716029508791,0.6041666666666666,2,0.0,False,True
2025-01-02,1.0,0.534316853598609,0.5107780403604032,0.2708333333333333,2,High,High,Negative pre-15:00 return,0.004097596361950284,40.97596361950284,40.97596361950284,23.949999999999598,5844.89,0.0005220957780425195,1.0,40.97596361950284,21.885706858653563,21.885706858653563,2,1.0,0.3804003542592498,-0.8426716029508791,0.8125,2,1.0,False,True
2025-01-03,0.0,0.5017404309708964,0.5107780403604032,0.1319444444444444,2,Medium,Low,Positive pre-15:00 return,-0.00039365972322691345,3.9365972322691345,-3.9365972322691345,2.3399999999998835,5944.22,0.0012363396262009552,0.0,3.9365972322691345,11.320336611265551,11.320336611265551,2,1.0,-0.7908504044855778,-0.8426716029508791,0.3472222222222222,2,0.0,False,True
2025-01-06,0.0,0.4910248582615986,0.5107780403604032,0.2430555555555555,2,Medium,Medium,Negative pre-15:00 return,0.0015836971367761965,15.836971367761965,15.836971367761965,9.450000000000404,5967.05,-0.0020904583120803233,1.0,-15.836971367761965,16.685732265865603,16.685732265865603,2,1.0,-0.3673420379371399,-0.8426716029508791,0.5555555555555556,2,0.0,False,True
2025-01-07,1.0,0.5556747658077484,0.5107780403604032,0.5347222222222222,2,High,Medium,Negative pre-15:00 return,-0.002353346343703433,23.533463437034328,-23.533463437034328,13.940000000000412,5923.4800000000005,-0.0016096328520164294,0.0,-23.533463437034328,18.689849093229878,18.689849093229878,2,1.0,-0.3822057606641524,-0.8426716029508791,0.5486111111111112,2,0.0,False,True
2025-01-08,1.0,0.5528671682361836,0.5107780403604032,0.4583333333333333,2,High,High,Negative pre-15:00 return,0.0015149976301713775,15.149976301713775,15.149976301713775,8.95000000000043,5907.6,0.00115238611713675,1.0,15.149976301713775,19.17301492364088,19.17301492364088,2,1.0,-0.071660828818334,-0.8426716029508791,0.75,2,0.0,False,True
2025-01-10,1.0,0.5757713266581298,0.5107780403604032,0.7013888888888888,2,High,High,Negative pre-15:00 return,-0.002767570306041578,27.675703060415778,-27.675703060415778,16.169999999999945,5842.67,-0.003922818837713615,0.0,-27.675703060415778,15.79223851695006,15.79223851695006,2,1.0,-0.4583909689234757,-0.8426716029508791,0.5138888888888888,2,1.0,True,True
2025-01-13,1.0,0.5760869655408332,0.5107780403604032,0.7083333333333334,2,High,High,Positive pre-15:00 return,0.0016751482489034686,16.751482489034686,16.751482489034686,9.759999999998724,5826.35,0.0008589072981353141,1.0,16.751482489034686,19.12621451401434,19.12621451401434,2,1.0,-0.3318345876723252,-0.8426716029508791,0.5833333333333334,2,0.0,True,True
2025-01-14,1.0,0.6174097727245954,0.5107780403604032,0.9583333333333334,2,High,Medium,Negative pre-15:00 return,0.00277494620002261,27.7494620002261,27.7494620002261,16.169999999999753,5827.14,-0.004918083177081756,1.0,27.7494620002261,35.73907777584178,35.73907777584178,2,1.0,-0.1192854523575657,-0.8426716029508791,0.7222222222222222,2,1.0,True,True
2025-01-15,1.0,0.528186600962937,0.5107780403604032,0.2222222222222222,2,Medium,Low,Positive pre-15:00 return,-0.0009908106510466697,9.908106510466697,-9.908106510466697,5.900000000000625,5954.72,0.0015204316411243646,0.0,-9.908106510466697,9.478337170232692,9.478337170232692,2,0.0,-0.8586741218498868,-0.8426716029508791,0.3055555555555556,2,0.0,False,False
2025-01-16,1.0,0.562075069339463,0.5107780403604032,0.5902777777777778,2,Medium,Medium,Negative pre-15:00 return,-0.0022233014766552817,22.233014766552817,-22.233014766552817,13.229999999999684,5950.61,0.0025659688174977102,0.0,-22.233014766552817,14.998897565187184,14.998897565187184,2,1.0,-0.6284838840151372,-0.8426716029508791,0.4583333333333333,2,0.0,False,True
2025-01-17,1.0,0.6227049859038195,0.5107780403604032,0.9722222222222222,2,Medium,Low,Positive pre-15:00 return,-0.0010477465952399845,10.477465952399845,-10.477465952399845,6.289999999999913,6003.36,-0.0005859947260475895,0.0,-10.477465952399845,8.566854239924915,8.566854239924915,2,0.0,-0.9409622265234314,-0.8426716029508791,0.2291666666666666,2,0.0,True,False
2025-01-21,1.0,0.5165410266237139,0.5107780403604032,0.0902777777777777,2,Medium,Low,Positive pre-15:00 return,0.0009845646734887303,9.845646734887303,9.845646734887303,5.950000000000974,6043.28,-0.0007688581051699117,1.0,9.845646734887303,8.532824904748644,8.532824904748644,2,0.0,-0.9579063992115376,-0.8426716029508791,0.2083333333333333,2,0.0,False,False
2025-01-22,1.0,0.5349701144394611,0.5107780403604032,0.2916666666666667,2,Medium,Low,Positive pre-15:00 return,-0.0018812129641323505,18.812129641323505,-18.812129641323505,11.470000000000278,6097.13,0.0008190882021752444,0.0,-18.812129641323505,8.948286293143912,8.948286293143912,2,0.0,-1.281745730220821,-0.8426716029508791,0.0069444444444444,2,0.0,False,False
2025-01-24,0.0,0.4495424312912374,0.5107780403604032,0.6597222222222222,2,Medium,Low,Negative pre-15:00 return,0.0010862787568508558,10.862787568508558,10.862787568508558,6.620000000000485,6094.2,-0.00014765959541285234,1.0,-10.862787568508558,13.6569948293022,13.6569948293022,2,1.0,-0.8200847660118522,-0.8426716029508791,0.3333333333333333,2,0.0,False,True
2025-01-27,1.0,0.6024115396265866,0.5107780403604032,0.8611111111111112,2,High,High,Positive pre-15:00 return,0.004067436629971999,40.67436629971999,40.67436629971999,24.3600000000012,5989.03,0.0005780568934954378,1.0,40.67436629971999,23.5723821749852,23.5723821749852,2,1.0,0.0681171011999723,-0.8426716029508791,0.7638888888888888,2,1.0,True,True
2025-01-28,0.0,0.5007510873545343,0.5107780403604032,0.1527777777777778,2,Medium,Low,Positive pre-15:00 return,-0.0008958566629340137,8.958566629340137,-8.958566629340137,5.440000000000505,6072.400000000001,0.0022496315258708766,0.0,8.958566629340137,12.718021866957308,12.718021866957308,2,0.0,-0.9047193421033444,-0.8426716029508791,0.2638888888888889,2,0.0,False,False
2025-01-29,0.0,0.4430009342283295,0.5107780403604032,0.7430555555555556,2,Medium,High,Negative pre-15:00 return,-0.0007677911608042765,7.6779116080427645,-7.6779116080427645,4.640000000000092,6043.31,0.0013222143611038017,0.0,7.6779116080427645,37.776407676694205,37.776407676694205,2,1.0,0.8955407917783718,-0.8426716029508791,0.9097222222222222,2,0.0,True,True
2025-01-30,1.0,0.5265850743438723,0.5107780403604032,0.2083333333333333,2,Medium,Low,Positive pre-15:00 return,-0.0012785009453009089,12.785009453009089,-12.785009453009089,7.770000000000103,6077.43,0.0012718894312908624,0.0,-12.785009453009089,9.578915739951388,9.578915739951388,2,0.0,-0.945424254564601,-0.8426716029508791,0.2222222222222222,2,0.0,False,False
2025-01-31,0.0,0.3734668437876612,0.5107780403604032,1.0,2,Medium,High,Negative pre-15:00 return,-0.002783588385535385,27.83588385535385,-27.83588385535385,16.86000000000084,6056.93,-0.002838247859378251,0.0,27.83588385535385,19.06193526195256,19.06193526195256,2,1.0,-0.1371501027513075,-0.8426716029508791,0.7013888888888888,2,1.0,True,True
2025-02-03,0.0,0.5081044743092121,0.5107780403604032,0.0416666666666666,2,High,Medium,Positive pre-15:00 return,-0.0035320535941346654,35.320535941346655,-35.320535941346655,21.25000000000021,6016.33,0.0013781509807673231,0.0,35.320535941346655,24.32831241009888,24.32831241009888,2,1.0,-0.1623538594853673,-0.8426716029508791,0.6875,2,1.0,False,True
2025-02-04,1.0,0.5540379559124174,0.5107780403604032,0.5138888888888888,2,Medium,Low,Positive pre-15:00 return,0.0004789375210259017,4.789375210259017,4.789375210259017,2.889999999999286,6034.1900000000005,0.001184659161613144,1.0,4.789375210259017,14.7421180229995,14.7421180229995,2,1.0,-0.7082241609477058,-0.8426716029508791,0.4027777777777778,2,0.0,False,True
2025-02-05,1.0,0.5319908216864954,0.5107780403604032,0.2569444444444444,2,Medium,Low,Positive pre-15:00 return,0.002023257543824819,20.23257543824819,20.23257543824819,12.239999999999817,6049.650000000001,9.257590811184713e-05,1.0,20.23257543824819,9.755599262900962,9.755599262900962,2,0.0,-1.0306973567336055,-0.8426716029508791,0.125,2,0.0,False,False
2025-02-06,1.0,0.5137611763530125,0.5107780403604032,0.0555555555555555,2,Medium,High,Negative pre-15:00 return,0.004357323655528544,43.57323655528545,43.57323655528545,26.389999999998963,6056.47,-0.00238841568974979,1.0,43.57323655528545,15.946190528193624,15.946190528193624,2,1.0,-0.5895684933816869,-0.8426716029508791,0.4861111111111111,2,1.0,False,True
2025-02-07,0.0,0.4745042427830708,0.5107780403604032,0.4305555555555556,2,Medium,Medium,Negative pre-15:00 return,-0.0007528422281476432,7.528422281476432,-7.528422281476432,4.5399999999998,6030.4800000000005,-0.0001956343693111373,0.0,7.528422281476432,16.968848484846,16.968848484846,2,1.0,-0.2882209429415705,-0.8426716029508791,0.6180555555555556,2,0.0,False,True
2025-02-10,1.0,0.5803128556480874,0.5107780403604032,0.75,2,Medium,Low,Positive pre-15:00 return,-0.00017963825141120715,1.7963825141120715,-1.7963825141120715,1.0900000000003522,6067.75,-0.00034103152976527884,0.0,-1.7963825141120715,8.750736980801861,8.750736980801861,2,0.0,-1.1587774046100257,-0.8426716029508791,0.0277777777777777,2,0.0,True,False
2025-02-12,0.0,0.5024319114154858,0.5107780403604032,0.1180555555555555,2,Medium,Low,Positive pre-15:00 return,-0.0008124268279190439,8.124268279190439,-8.124268279190439,4.919999999999775,6055.93,0.0010678621432951285,0.0,8.124268279190439,12.377111642681172,12.377111642681172,2,0.0,-0.9170764237205762,-0.8426716029508791,0.25,2,0.0,False,False
2025-02-13,0.0,0.4781796216166878,0.5107780403604032,0.3958333333333333,2,Medium,Low,Positive pre-15:00 return,0.0014739745231693302,14.739745231693302,14.739745231693302,9.00000000000054,6105.9400000000005,0.0027376023726981558,1.0,-14.739745231693302,13.376045664982223,13.376045664982223,2,1.0,-0.563630773241099,-0.8426716029508791,0.4930555555555556,2,0.0,False,True
2025-02-18,1.0,0.5496518539920392,0.5107780403604032,0.4444444444444444,2,Medium,Medium,Negative pre-15:00 return,0.0024827410245968906,24.827410245968906,24.827410245968906,15.180000000000554,6114.21,0.0003763144418029718,1.0,24.827410245968906,13.780118604373133,13.780118604373133,2,0.0,-0.8709914306069595,-0.8426716029508791,0.2847222222222222,2,0.0,False,False
2025-02-19,1.0,0.535114153985758,0.5107780403604032,0.3055555555555556,2,Medium,Low,Positive pre-15:00 return,-0.0004181227751639538,4.181227751639538,-4.181227751639538,2.5700000000007455,6146.52,0.0026017156642859085,0.0,-4.181227751639538,11.288114409088443,11.288114409088443,2,0.0,-1.020837395848719,-0.8426716029508791,0.1388888888888889,2,0.0,False,False
2025-02-20,1.0,0.5643946501932259,0.5107780403604032,0.6041666666666666,2,Medium,Low,Negative pre-15:00 return,0.0007606291793711417,7.606291793711417,7.606291793711417,4.650000000000363,6113.36,0.0020538189066077184,1.0,7.606291793711417,11.08608938811231,11.08608938811231,2,0.0,-1.0014220074753957,-0.8426716029508791,0.1666666666666666,2,0.0,False,False
2025-02-21,0.0,0.3909990892855244,0.5107780403604032,0.9791666666666666,2,High,High,Negative pre-15:00 return,-0.00017457781265639571,1.7457781265639571,-1.7457781265639571,1.0500000000000187,6014.51,-0.0027887712991992997,0.0,1.7457781265639571,16.524052057407154,16.524052057407154,2,1.0,-0.4294555630812176,-0.8426716029508791,0.5208333333333334,2,0.0,True,True
2025-02-24,1.0,0.6160195444826274,0.5107780403604032,0.9444444444444444,2,High,Medium,Negative pre-15:00 return,-0.004503133229197265,45.031332291972646,-45.031332291972646,27.06999999999956,6011.37,-0.0014451659199975486,0.0,-45.031332291972646,14.943433461672662,14.943433461672662,2,1.0,-0.6066671662866105,-0.8426716029508791,0.4791666666666667,2,1.0,True,True
2025-02-25,1.0,0.5677068471154394,0.5107780403604032,0.625,2,High,High,Negative pre-15:00 return,-0.0016075742057259923,16.075742057259923,-16.075742057259923,9.590000000000465,5965.51,0.0007918413498881893,0.0,-16.075742057259923,20.057903342361534,20.057903342361534,2,1.0,-0.1007664773499281,-0.8426716029508791,0.7291666666666666,2,0.0,False,True
2025-02-26,1.0,0.5418682501502615,0.5107780403604032,0.375,2,High,High,Negative pre-15:00 return,0.0028026622766708087,28.026622766708087,28.026622766708087,16.650000000000407,5940.78,0.00017509183903663406,1.0,28.026622766708087,24.957352206544154,24.957352206544154,2,1.0,0.3363232565952541,-0.8426716029508791,0.7916666666666666,2,1.0,False,True
2025-02-27,0.0,0.4282126412980784,0.5107780403604032,0.8263888888888888,2,High,High,Negative pre-15:00 return,-0.0074053632166432015,74.05363216643201,-74.05363216643201,43.73999999999957,5906.53,-0.007434332027620116,0.0,74.05363216643201,19.300958373051216,19.300958373051216,2,1.0,0.0564258920725841,-0.8426716029508791,0.7569444444444444,2,1.0,True,True
2025-02-28,1.0,0.5189700569511919,0.5107780403604032,0.1111111111111111,2,High,High,Positive pre-15:00 return,0.010155807221228441,101.55807221228442,101.55807221228442,59.84999999999903,5893.18,0.007475916539161798,1.0,101.55807221228442,34.78026111794449,34.78026111794449,2,1.0,0.4309603895338267,-0.8426716029508791,0.8263888888888888,2,1.0,False,True
2025-03-03,0.0,0.4663392904315512,0.5107780403604032,0.5208333333333334,2,High,High,Negative pre-15:00 return,-0.0035828805065075686,35.828805065075684,-35.828805065075684,21.03999999999985,5872.37,-0.005278197959525888,0.0,35.828805065075684,40.170510012399006,40.170510012399006,2,1.0,1.4772862570859844,-0.8426716029508791,0.9444444444444444,2,1.0,False,True
2025-03-04,0.0,0.4391848404503019,0.5107780403604032,0.7569444444444444,2,High,High,Positive pre-15:00 return,-0.010856296600666004,108.56296600666005,-108.56296600666005,63.41000000000004,5840.85,0.0045715111269342135,0.0,108.56296600666005,31.59705542891912,31.59705542891912,2,1.0,0.4656560333833597,-0.8426716029508791,0.8333333333333334,2,1.0,True,True
2025-03-05,0.0,0.4676435690135594,0.5107780403604032,0.5069444444444444,2,High,High,Positive pre-15:00 return,-0.00028925280352720684,2.8925280352720684,-2.8925280352720684,1.6900000000001998,5842.64,0.0028527193521477034,0.0,2.8925280352720684,34.739253895493775,34.739253895493775,2,1.0,0.6433076407341809,-0.8426716029508791,0.8680555555555556,2,0.0,False,True
2025-03-06,0.0,0.4452571295165957,0.5107780403604032,0.7152777777777778,2,High,High,Negative pre-15:00 return,0.0030115743734770994,30.115743734770994,30.115743734770994,17.229999999999592,5721.26,-0.0019415985304559458,1.0,-30.115743734770994,26.7646401034196,26.7646401034196,2,1.0,1.1611619239172186,-0.8426716029508791,0.9305555555555556,2,1.0,True,True
2025-03-07,1.0,0.5261588908952659,0.5107780403604032,0.2013888888888889,2,High,High,Positive pre-15:00 return,0.0012808564035009518,12.808564035009518,12.808564035009518,7.379999999999679,5761.77,3.471167614010895e-06,1.0,12.808564035009518,32.59303657830054,32.59303657830054,2,1.0,0.5597777994124606,-0.8426716029508791,0.8541666666666666,2,0.0,False,True
2025-03-10,0.0,0.464900262345457,0.5107780403604032,0.5416666666666666,2,High,High,Negative pre-15:00 return,0.006189453915985466,61.89453915985466,61.89453915985466,34.540000000000255,5580.46,-0.00569451324027781,1.0,-61.89453915985466,28.022474258290703,28.022474258290703,2,1.0,0.9448702907952762,-0.8426716029508791,0.9236111111111112,2,1.0,False,True
2025-03-11,0.0,0.4358866778514118,0.5107780403604032,0.7847222222222222,2,High,High,Positive pre-15:00 return,-0.009198864767974602,91.98864767974601,-91.98864767974601,51.73000000000054,5623.52,0.013301619907382545,0.0,91.98864767974601,41.721614901107806,41.721614901107806,2,1.0,1.4807810275391682,-0.8426716029508791,0.9513888888888888,2,1.0,True,True
2025-03-12,1.0,0.5174025849534569,0.5107780403604032,0.1041666666666666,2,High,High,Negative pre-15:00 return,-0.0039905990524329304,39.905990524329304,-39.905990524329304,22.430000000000298,5620.71,0.00590041770017935,0.0,-39.905990524329304,31.65056928307697,31.65056928307697,2,1.0,0.3614838765387778,-0.8426716029508791,0.8055555555555556,2,1.0,False,True
2025-03-13,0.0,0.49692242193245,0.5107780403604032,0.1944444444444444,2,High,High,Negative pre-15:00 return,-0.004548576744387245,45.48576744387245,-45.48576744387245,25.229999999999727,5546.79,0.007110136301821335,0.0,45.48576744387245,31.37083917857712,31.37083917857712,2,1.0,0.8155886950741267,-0.8426716029508791,0.9027777777777778,2,1.0,False,True
2025-03-14,1.0,0.541361022807932,0.5107780403604032,0.3680555555555556,2,High,High,Positive pre-15:00 return,0.002199310515264452,21.99310515264452,21.99310515264452,12.369999999999758,5624.49,0.002039892821002587,1.0,21.99310515264452,24.037481380207545,24.037481380207545,2,1.0,-0.0904149370615416,-0.8426716029508791,0.7361111111111112,2,0.0,False,True
2025-03-17,0.0,0.4993254570743455,0.5107780403604032,0.1666666666666666,2,High,High,Positive pre-15:00 return,-0.0039482966170995,39.482966170995006,-39.482966170995006,22.500000000000238,5698.66,0.003682796882567896,0.0,39.482966170995006,19.63998497314061,19.63998497314061,2,1.0,-0.2785525301380516,-0.8426716029508791,0.6319444444444444,2,1.0,False,True
2025-03-18,1.0,0.5126870215139819,0.5107780403604032,0.0277777777777777,2,High,High,Negative pre-15:00 return,-0.0009233955335412602,9.233955335412602,-9.233955335412602,5.190000000000666,5620.56,0.0011043110879958018,0.0,-9.233955335412602,18.587003284162616,18.587003284162616,2,1.0,-0.2905643413792194,-0.8426716029508791,0.5972222222222222,2,0.0,False,True
2025-03-19,0.0,0.4077706641698859,0.5107780403604032,0.9236111111111112,2,High,High,Positive pre-15:00 return,-0.0024116716470381494,24.116716470381494,-24.116716470381494,13.720000000000033,5689.0,0.008974177071509493,0.0,24.116716470381494,39.9996169662414,39.9996169662414,2,1.0,0.4954987023763046,-0.8426716029508791,0.8402777777777778,2,0.0,True,True
2025-03-20,0.0,0.446080163463358,0.5107780403604032,0.6944444444444444,2,High,High,Positive pre-15:00 return,0.0021096785041103683,21.096785041103683,21.096785041103683,11.919999999999199,5650.150000000001,-0.0011685134246458562,1.0,-21.096785041103683,17.931683757402027,17.931683757402027,2,1.0,-0.2074124956289273,-0.8426716029508791,0.6736111111111112,2,0.0,False,True
2025-03-21,1.0,0.5627469332993066,0.5107780403604032,0.5972222222222222,2,High,High,Positive pre-15:00 return,0.0033215767928724826,33.21576792872483,33.21576792872483,18.760000000000353,5647.92,-0.0006776662095810959,1.0,33.21576792872483,16.876694417772697,16.876694417772697,2,1.0,-0.2799233744258802,-0.8426716029508791,0.625,2,1.0,False,True
2025-03-24,0.0,0.5087387860119291,0.5107780403604032,0.0347222222222222,2,High,Medium,Positive pre-15:00 return,0.0011374292362726912,11.374292362726912,11.374292362726912,6.54999999999992,5758.6,0.0009072927566056155,1.0,-11.374292362726912,12.730610169610408,12.730610169610408,2,1.0,-0.7474672340707325,-0.8426716029508791,0.3888888888888889,2,0.0,False,True
2025-03-25,0.0,0.4536359385003772,0.5107780403604032,0.6319444444444444,2,Medium,Medium,Negative pre-15:00 return,0.0025615794323914365,25.615794323914365,25.615794323914365,14.759999999999724,5762.07,-0.0003885981149522877,1.0,-25.615794323914365,14.34774004981454,14.34774004981454,2,1.0,-0.6894875771887317,-0.8426716029508791,0.4236111111111111,2,0.0,False,True
2025-03-26,1.0,0.5351286080558888,0.5107780403604032,0.3125,2,High,High,Negative pre-15:00 return,0.002733238070828925,27.33238070828925,27.33238070828925,15.569999999999805,5696.54,-0.001102961161388305,1.0,27.33238070828925,17.82115017548196,17.82115017548196,2,1.0,-0.2426350796706677,-0.8426716029508791,0.6527777777777778,2,0.0,False,True
2025-03-27,1.0,0.6186310660731915,0.5107780403604032,0.9652777777777778,2,High,High,Positive pre-15:00 return,-0.0010283913222024488,10.283913222024488,-10.283913222024488,5.860000000000438,5698.22,0.0017016668600380314,0.0,-10.283913222024488,18.616644051513845,18.616644051513845,2,1.0,-0.1440369903385341,-0.8426716029508791,0.6944444444444444,2,0.0,True,True
2025-03-28,0.0,0.4178544331010818,0.5107780403604032,0.8680555555555556,2,High,Medium,Negative pre-15:00 return,-0.0006482924121135047,6.4829241211350475,-6.4829241211350475,3.6200000000005996,5583.900000000001,-0.0003365689303909125,0.0,6.4829241211350475,16.0662575903355,16.0662575903355,2,1.0,-0.4930970657545663,-0.8426716029508791,0.5069444444444444,2,0.0,True,True
2025-03-31,0.0,0.4684278984175977,0.5107780403604032,0.4722222222222222,2,High,High,Positive pre-15:00 return,0.004597495367593574,45.97495367593574,45.97495367593574,25.679999999999048,5585.650000000001,0.005877893250687549,1.0,-45.97495367593574,32.80014296217648,32.80014296217648,2,1.0,0.6525669169204797,-0.8426716029508791,0.875,2,1.0,False,True
2025-04-01,1.0,0.5674459089525473,0.5107780403604032,0.6180555555555556,2,High,High,Positive pre-15:00 return,0.006230752191838551,62.30752191838551,62.30752191838551,34.87999999999988,5598.04,-0.002498191394960214,1.0,62.30752191838551,20.594645154950157,20.594645154950157,2,1.0,-0.0893906545943177,-0.8426716029508791,0.7430555555555556,2,1.0,False,True
2025-04-02,1.0,0.5776720618187382,0.5107780403604032,0.7361111111111112,2,High,High,Positive pre-15:00 return,0.006381694566240048,63.816945662400485,63.816945662400485,35.95000000000007,5633.3,-0.005033734854639871,1.0,63.816945662400485,33.54055287353288,33.54055287353288,2,1.0,0.3315307205088129,-0.8426716029508791,0.7847222222222222,2,1.0,True,True
2025-04-03,0.0,0.4200553031052467,0.5107780403604032,0.8541666666666666,2,High,High,Negative pre-15:00 return,-0.008171947331845342,81.71947331845342,-81.71947331845342,44.44999999999964,5439.34,-5.515344607909256e-06,0.0,81.71947331845342,25.29285513893972,25.29285513893972,2,1.0,0.6398676808381834,-0.8426716029508791,0.8611111111111112,2,1.0,True,True
2025-04-04,0.0,0.4450014076994614,0.5107780403604032,0.7222222222222222,2,High,High,Negative pre-15:00 return,-0.004083554910175646,40.83554910175646,-40.83554910175646,20.810000000000603,5096.05,-0.012995942399504301,0.0,40.83554910175646,35.021743783915305,35.021743783915305,2,1.0,2.054343596245801,-0.8426716029508791,0.9722222222222222,2,1.0,True,True
2025-04-07,1.0,0.5137536855804006,0.5107780403604032,0.0486111111111111,2,High,High,Positive pre-15:00 return,0.0020774868944046787,20.774868944046787,20.774868944046787,10.490000000000153,5049.37,-0.01165995294522948,1.0,20.774868944046787,36.20256948746071,36.20256948746071,2,1.0,4.700057455959749,-0.8426716029508791,1.0,2,0.0,False,True
2025-04-08,0.0,0.4786590314328779,0.5107780403604032,0.3819444444444444,2,High,High,Negative pre-15:00 return,-0.009923266953157928,99.23266953157928,-99.23266953157928,49.97000000000019,5035.64,-0.009798504366361427,0.0,99.23266953157928,36.048534782920605,36.048534782920605,2,1.0,3.231644778865786,-0.8426716029508791,0.9791666666666666,2,1.0,False,True
2025-04-09,0.0,0.4533667595377709,0.5107780403604032,0.6458333333333334,2,High,High,Positive pre-15:00 return,0.023113663448094623,231.13663448094624,231.13663448094624,123.1599999999998,5328.45,-0.007339996460407949,1.0,-231.13663448094624,36.20255466088228,36.20255466088228,2,1.0,4.489869371529663,-0.8426716029508791,0.9861111111111112,2,1.0,False,True
2025-04-10,0.0,0.4973721709569625,0.5107780403604032,0.1736111111111111,2,High,High,Negative pre-15:00 return,-0.0021932815127960748,21.932815127960748,-21.932815127960748,11.580000000000204,5279.76,0.0036249997623885033,0.0,21.932815127960748,36.35046133608783,36.35046133608783,2,1.0,4.496236945520442,-0.8426716029508791,0.9930555555555556,2,0.0,False,True
2025-04-11,0.0,0.4815510995988009,0.5107780403604032,0.3541666666666667,2,High,High,Positive pre-15:00 return,0.003954996928885013,39.54996928885013,39.54996928885013,21.120000000000278,5340.08,-0.004529880433526423,1.0,-39.54996928885013,41.51964767857014,41.51964767857014,2,1.0,1.885711293159423,-0.8426716029508791,0.9652777777777778,2,1.0,False,True
2025-04-14,1.0,0.591353685013753,0.5107780403604032,0.8125,2,High,High,Negative pre-15:00 return,-0.0036568732259373293,36.56873225937329,-36.56873225937329,19.840000000000387,5425.400000000001,0.003200760342376041,0.0,-36.56873225937329,32.21434310432337,32.21434310432337,2,1.0,0.8065160819145345,-0.8426716029508791,0.8958333333333334,2,1.0,True,True
2025-04-15,0.0,0.4857283237390573,0.5107780403604032,0.3263888888888889,2,High,High,Negative pre-15:00 return,-0.0015079049372324071,15.079049372324071,-15.079049372324071,8.150000000000576,5404.85,0.000657249180752828,0.0,15.079049372324071,26.22218184790328,26.22218184790328,2,1.0,0.3415640715981394,-0.8426716029508791,0.7986111111111112,2,0.0,False,True
2025-04-16,0.0,0.4783265691047423,0.5107780403604032,0.3888888888888889,2,High,High,Negative pre-15:00 return,0.005938864961840817,59.388649618408174,59.388649618408174,31.150000000000887,5245.11,-0.002559631230543702,1.0,-59.388649618408174,26.65509294431574,26.65509294431574,2,1.0,1.2813314404359883,-0.8426716029508791,0.9375,2,1.0,False,True
2025-04-17,1.0,0.5739447165616014,0.5107780403604032,0.6805555555555556,2,High,High,Negative pre-15:00 return,-0.0036527389885099293,36.527389885099296,-36.527389885099296,19.36999999999965,5302.87,-0.0018202215889198126,0.0,-36.527389885099296,33.492121358350055,33.492121358350055,2,1.0,0.94117004986682,-0.8426716029508791,0.9166666666666666,2,1.0,False,True
2025-04-21,0.0,0.5047129731809612,0.5107780403604032,0.0972222222222222,2,High,High,Negative pre-15:00 return,0.010451644248363312,104.51644248363311,104.51644248363311,53.35000000000059,5104.46,-0.00021740961342209264,1.0,-104.51644248363311,21.72257826514987,21.72257826514987,2,1.0,0.3936307668955021,-0.8426716029508791,0.8194444444444444,2,1.0,False,True
2025-04-22,1.0,0.5372830278278006,0.5107780403604032,0.3333333333333333,2,High,High,Positive pre-15:00 return,0.00045984580972602274,4.598458097260227,4.598458097260227,2.43,5284.38,0.009261080733170335,1.0,4.598458097260227,39.21938859088812,39.21938859088812,2,1.0,0.5351775268183876,-0.8426716029508791,0.8472222222222222,2,0.0,False,True
2025-04-23,0.0,0.4683745284877978,0.5107780403604032,0.4861111111111111,2,High,High,Negative pre-15:00 return,-0.0015258436279766974,15.258436279766974,-15.258436279766974,8.210000000000257,5380.63,-0.0036368551942773664,0.0,15.258436279766974,27.048265663961395,27.048265663961395,2,1.0,0.6849151695587925,-0.8426716029508791,0.8888888888888888,2,0.0,False,True
2025-04-24,0.0,0.5050151359517698,0.5107780403604032,0.0833333333333333,2,High,High,Positive pre-15:00 return,0.0009619737437756015,9.619737437756015,9.619737437756015,5.270000000000753,5478.32,0.0014477917519741812,1.0,-9.619737437756015,24.50613518536549,24.50613518536549,2,1.0,-0.2891923606217577,-0.8426716029508791,0.6111111111111112,2,0.0,False,True
2025-04-25,1.0,0.5600955683727177,0.5107780403604032,0.5555555555555556,2,High,High,Positive pre-15:00 return,0.0012870666120419205,12.870666120419205,12.870666120419205,7.100000000000291,5516.42,0.0036588183708705646,1.0,12.870666120419205,27.76491849640813,27.76491849640813,2,1.0,0.296985018355532,-0.8426716029508791,0.7777777777777778,2,0.0,False,True
2025-04-28,1.0,0.5349364309303771,0.5107780403604032,0.2847222222222222,2,High,High,Negative pre-15:00 return,0.004292453601355772,42.92453601355773,42.92453601355773,23.62999999999954,5505.01,0.001958411066114607,1.0,42.92453601355773,17.46669569848508,17.46669569848508,2,1.0,-0.3381655374820602,-0.8426716029508791,0.5694444444444444,2,1.0,False,True
2025-04-29,1.0,0.5772431069910209,0.5107780403604032,0.7291666666666666,2,High,High,Positive pre-15:00 return,-7.552978750957617e-05,0.7552978750957617,-0.7552978750957617,0.42000000000025045,5560.72,-0.0008067979465284925,0.0,-0.7552978750957617,21.94174059581801,21.94174059581801,2,1.0,-0.2286131727381781,-0.8426716029508791,0.6666666666666666,2,0.0,True,True
2025-04-30,1.0,0.5610634569565406,0.5107780403604032,0.5763888888888888,2,High,High,Positive pre-15:00 return,0.00843177049043553,84.31770490435531,84.31770490435531,46.489999999999675,5513.67,-0.001636877547435911,1.0,84.31770490435531,24.5322398197906,24.5322398197906,2,1.0,0.2213484461247863,-0.8426716029508791,0.7708333333333334,2,1.0,False,True
2025-05-01,1.0,0.6163462539971034,0.5107780403604032,0.9513888888888888,2,High,Medium,Positive pre-15:00 return,-0.005732428686279878,57.32428686279878,-57.32428686279878,32.299999999999464,5634.61,0.0018705248315726841,0.0,-57.32428686279878,17.82068893104401,17.82068893104401,2,1.0,-0.2602905755593592,-0.8426716029508791,0.6388888888888888,2,1.0,True,True
2025-05-02,1.0,0.5831428724813299,0.5107780403604032,0.7708333333333334,2,High,Medium,Positive pre-15:00 return,-0.00042017397663896006,4.201739766389601,-4.201739766389601,2.3899999999996013,5688.12,-0.0002829659755384517,0.0,-4.201739766389601,19.934310721492874,19.934310721492874,2,1.0,-0.2588620807966317,-0.8426716029508791,0.6458333333333334,2,0.0,True,True
2025-05-05,1.0,0.5712356945203576,0.5107780403604032,0.6527777777777778,2,High,Low,Positive pre-15:00 return,-0.004199096744862962,41.990967448629625,-41.990967448629625,23.829999999999657,5675.03,7.048917726781845e-05,0.0,-41.990967448629625,13.53005667481488,13.53005667481488,2,1.0,-0.7239968942291841,-0.8426716029508791,0.3958333333333333,2,1.0,False,True
2025-05-06,1.0,0.6147282012443924,0.5107780403604032,0.9375,2,High,Medium,Positive pre-15:00 return,-0.00388988895424347,38.8988895424347,-38.8988895424347,21.889999999999244,5627.41,0.004526914254603165,0.0,-38.8988895424347,15.427920414578274,15.427920414578274,3,1.0,-0.4104488083960524,-0.8426716029508791,0.5347222222222222,2,1.0,True,True
2025-05-07,0.0,0.4353175205263526,0.5107780403604032,0.7916666666666666,2,High,High,Positive pre-15:00 return,0.0007572673669316021,7.572673669316021,7.572673669316021,4.260000000000058,5625.49,0.002603869624729027,1.0,-7.572673669316021,27.616741073148905,27.616741073148905,3,1.0,0.6663129984650102,-0.8426716029508791,0.8819444444444444,2,0.0,True,True
2025-05-08,1.0,0.5463988253809052,0.5107780403604032,0.4236111111111111,2,High,Medium,Positive pre-15:00 return,-0.006453650022365975,64.53650022365976,-64.53650022365976,36.7900000000006,5700.650000000001,0.0010905374365171028,0.0,-64.53650022365976,16.409220665642316,16.409220665642316,3,1.0,-0.3572475422333911,-0.8426716029508791,0.5625,2,1.0,False,True
2025-05-09,1.0,0.5159104965658006,0.5107780403604032,0.0763888888888889,2,High,Medium,Negative pre-15:00 return,-0.0009039117132481067,9.039117132481067,-9.039117132481067,5.119999999999854,5664.27,-0.0006563173188377514,0.0,-9.039117132481067,10.904339140197258,10.904339140197258,3,0.0,-0.8527994573014008,-0.8426716029508791,0.3125,2,0.0,False,False
2025-05-12,1.0,0.5242853697697399,0.5107780403604032,0.1875,2,High,Low,Positive pre-15:00 return,0.00232721260982216,23.2721260982216,23.2721260982216,13.569999999999114,5831.01,-5.3161205353036145e-05,1.0,23.2721260982216,13.786953445289658,13.786953445289658,3,1.0,-0.6140984640706839,-0.8426716029508791,0.4652777777777778,2,0.0,False,True
2025-05-13,0.0,0.4662441215667401,0.5107780403604032,0.5277777777777778,2,High,Low,Positive pre-15:00 return,-0.0029547753337253457,29.547753337253457,-29.547753337253457,17.440000000000445,5902.31,0.0012162561024844365,0.0,29.547753337253457,10.182024680291928,10.182024680291928,3,0.0,-0.9708096792835704,-0.8426716029508791,0.1875,2,1.0,False,False
2025-05-14,1.0,0.5810122011804804,0.3919605421325824,0.9305555555555556,3,Medium,High,Negative pre-15:00 return,-2.3762443458141824e-05,0.23762443458141824,-0.23762443458141824,0.1400000000001613,5891.650000000001,0.00042790700833572615,0.0,-0.23762443458141824,15.149862465589363,15.149862465589363,3,0.0,-0.3564594241470517,-0.1255491661836849,0.7291666666666666,3,0.0,True,False
2025-05-15,1.0,0.5286593754820645,0.3919605421325824,0.6666666666666666,3,Medium,Medium,Positive pre-15:00 return,0.0009692627006399057,9.692627006399057,9.692627006399057,5.729999999999937,5911.71,-0.0003449587824984057,1.0,9.692627006399057,13.220204668346591,13.220204668346591,3,0.0,-0.6499889166230856,-0.1255491661836849,0.5763888888888888,3,0.0,False,False
2025-05-16,1.0,0.4678790964603398,0.3919605421325824,0.3194444444444444,3,Medium,Low,Positive pre-15:00 return,0.0014403772880906551,14.403772880906551,14.403772880906551,8.570000000000423,5949.83,0.0012992017986876991,1.0,14.403772880906551,11.362315781770173,11.362315781770173,3,0.0,-0.8523904496111393,-0.1255491661836849,0.4513888888888889,3,0.0,False,False
2025-05-19,1.0,0.5186271779127308,0.3919605421325824,0.6388888888888888,3,Medium,Low,Positive pre-15:00 return,0.0012322010737273459,12.322010737273459,12.322010737273459,7.340000000000528,5956.82,4.7007155160594394e-05,1.0,12.322010737273459,11.860042579455897,11.860042579455897,3,0.0,-0.7878628108529616,-0.1255491661836849,0.4791666666666667,3,0.0,False,False
2025-05-21,1.0,0.5366459699603975,0.3919605421325824,0.7013888888888888,3,High,High,Negative pre-15:00 return,-0.0014693897077794338,14.693897077794338,-14.693897077794338,8.600000000000238,5852.77,-0.003529411764705781,0.0,-14.693897077794338,28.70226012852089,28.70226012852089,3,1.0,1.305890346612435,-0.1255491661836849,0.9652777777777778,3,0.0,True,True
2025-05-22,1.0,0.4547057281928213,0.3919605421325824,0.2361111111111111,3,High,Medium,Positive pre-15:00 return,-0.005016651193690436,50.16651193690436,-50.16651193690436,29.450000000000017,5870.45,0.0007773756412070565,0.0,-50.16651193690436,12.722289111150047,12.722289111150047,3,0.0,-0.4582970903574673,-0.1255491661836849,0.6666666666666666,3,1.0,False,False
2025-05-23,1.0,0.5471465753152718,0.3919605421325824,0.7638888888888888,3,High,High,Positive pre-15:00 return,-0.002545123965237872,25.45123965237872,-25.45123965237872,14.81000000000022,5818.97,-0.0002731695919293564,0.0,-25.45123965237872,16.30554742565064,16.30554742565064,3,1.0,0.1313943923230586,-0.1255491661836849,0.8472222222222222,3,0.0,True,True
2025-05-27,1.0,0.530550614033167,0.3919605421325824,0.6736111111111112,3,High,Low,Positive pre-15:00 return,0.0009145063356186256,9.145063356186256,9.145063356186256,5.409999999999241,5915.76,-0.0009558518058168097,1.0,9.145063356186256,9.820664770566328,9.820664770566328,3,0.0,-1.113260984514672,-0.1255491661836849,0.2430555555555555,3,0.0,False,False
2025-05-28,1.0,0.5636311743590054,0.3919605421325824,0.8611111111111112,3,High,Medium,Negative pre-15:00 return,-0.0033708891904788985,33.708891904788985,-33.708891904788985,19.919999999999813,5909.42,7.954035827006933e-05,0.0,-33.708891904788985,16.133624199507505,16.133624199507505,3,0.0,-0.4722296388831107,-0.1255491661836849,0.6458333333333334,3,1.0,True,False
2025-05-29,1.0,0.5251207982382006,0.3919605421325824,0.6597222222222222,3,High,High,Negative pre-15:00 return,0.0021510406867057963,21.510406867057963,21.510406867057963,12.690000000000245,5899.47,0.00034591338939171656,1.0,21.510406867057963,17.38162963949044,17.38162963949044,3,1.0,0.1145639917424824,-0.1255491661836849,0.8402777777777778,3,0.0,False,True
2025-05-30,1.0,0.4424943265577602,0.3919605421325824,0.1944444444444444,3,High,High,Negative pre-15:00 return,0.001515737217961055,15.157372179610551,15.157372179610551,8.940000000000458,5898.12,0.004867494100910585,1.0,15.157372179610551,15.362205495876736,15.362205495876736,3,0.0,-0.1465360527819356,-0.1255491661836849,0.7916666666666666,3,0.0,False,False
2025-06-02,1.0,0.4317997641033836,0.3919605421325824,0.1736111111111111,3,Medium,Low,Positive pre-15:00 return,0.0014184540705921567,14.184540705921567,14.184540705921567,8.41000000000019,5928.99,0.0032013157204568987,1.0,14.184540705921567,13.440403974264466,13.440403974264466,3,0.0,-0.4506868390479238,-0.1255491661836849,0.6736111111111112,3,0.0,False,False
2025-06-03,1.0,0.4983030840344899,0.3919605421325824,0.5347222222222222,3,Medium,Medium,Positive pre-15:00 return,-0.0005423710655081404,5.423710655081404,-5.423710655081404,3.240000000000564,5973.77,0.00030810809905679193,0.0,-5.423710655081404,13.193427751268672,13.193427751268672,3,0.0,-0.7363416914101143,-0.1255491661836849,0.5138888888888888,3,0.0,False,False
2025-06-04,1.0,0.5810450696758471,0.3919605421325824,0.9375,3,Medium,Low,Positive pre-15:00 return,-0.0015801063771087032,15.801063771087032,-15.801063771087032,9.450000000000081,5980.61,-0.0009304765309430252,0.0,-15.801063771087032,10.703551089192436,10.703551089192436,3,0.0,-0.944231040005644,-0.1255491661836849,0.3888888888888889,3,0.0,True,False
2025-06-05,1.0,0.5696656731047152,0.3919605421325824,0.875,3,Medium,High,Negative pre-15:00 return,-0.0038021920886899263,38.02192088689927,-38.02192088689927,22.670000000000382,5962.35,-0.001062209630589006,0.0,-38.02192088689927,17.716629244811816,17.716629244811816,3,1.0,0.0663355943724038,-0.1255491661836849,0.8194444444444444,3,1.0,True,True
2025-06-06,1.0,0.5588927355284374,0.3919605421325824,0.8541666666666666,3,Medium,Medium,Positive pre-15:00 return,-0.0012019550914951216,12.019550914951216,-12.019550914951216,7.2200000000002165,6006.88,0.0013168905380580576,0.0,-12.019550914951216,12.002953245200755,12.002953245200755,3,0.0,-0.8657614011686708,-0.1255491661836849,0.4305555555555556,3,0.0,True,False
2025-06-10,1.0,0.4624450343118357,0.3919605421325824,0.2708333333333333,3,Medium,Medium,Positive pre-15:00 return,0.0010707117249564302,10.707117249564302,10.707117249564302,6.460000000000377,6033.37,0.001906378230090544,1.0,10.707117249564302,12.281123601865826,12.281123601865826,3,0.0,-0.8628548345175723,-0.1255491661836849,0.4375,3,0.0,False,False
2025-06-11,1.0,0.4917340231757464,0.3919605421325824,0.4722222222222222,3,Medium,High,Negative pre-15:00 return,0.0011318101816382153,11.318101816382153,11.318101816382153,6.8100000000007945,6016.91,-0.0027876620266403807,1.0,11.318101816382153,23.80040480374671,23.80040480374671,3,1.0,0.6150394363453789,-0.1255491661836849,0.9027777777777778,3,0.0,False,True
2025-06-12,1.0,0.5229406673186837,0.3919605421325824,0.6458333333333334,3,Medium,Low,Positive pre-15:00 return,0.0004633920296570615,4.633920296570615,4.633920296570615,2.799999999999829,6042.400000000001,0.00046691988515767946,1.0,4.633920296570615,9.526335054759098,9.526335054759098,3,0.0,-1.113586567256748,-0.1255491661836849,0.2361111111111111,3,0.0,False,False
2025-06-13,1.0,0.3976762260351028,0.3919605421325824,0.0347222222222222,3,High,High,Negative pre-15:00 return,-0.0003010395900509,3.0103959005089997,-3.0103959005089997,1.799999999999545,5979.28,-0.004428992920271546,0.0,-3.0103959005089997,19.58899695166077,19.58899695166077,3,1.0,-0.0311183062332324,-0.1255491661836849,0.7986111111111112,3,0.0,False,True
2025-06-16,1.0,0.5880714120385314,0.3919605421325824,0.9652777777777778,3,High,Low,Positive pre-15:00 return,0.0002320962602659904,2.320962602659904,2.320962602659904,1.399999999999249,6031.9800000000005,0.00033333499171650516,1.0,2.320962602659904,10.037039530244098,10.037039530244098,3,0.0,-1.1614278167172,-0.1255491661836849,0.1944444444444444,3,0.0,True,False
2025-06-17,0.0,0.389083254202145,0.3919605421325824,0.0138888888888888,3,High,Medium,Negative pre-15:00 return,-0.0009435994729203312,9.435994729203312,-9.435994729203312,5.649999999999796,5987.71,3.340286696795758e-05,0.0,9.435994729203312,13.143391760855964,13.143391760855964,3,0.0,-0.7393079470911607,-0.1255491661836849,0.5069444444444444,3,0.0,False,False
2025-06-18,1.0,0.4267414789617316,0.3919605421325824,0.1458333333333333,3,High,High,Negative pre-15:00 return,0.00028769228967950866,2.8769228967950866,2.8769228967950866,1.720000000000807,5978.61,-0.003945160930244995,1.0,2.8769228967950866,34.37353957137002,34.37353957137002,3,1.0,1.501084041077979,-0.1255491661836849,1.0,3,0.0,False,True
2025-06-20,1.0,0.5781724963026065,0.3919605421325824,0.9097222222222222,3,High,Medium,Negative pre-15:00 return,0.0014951094316066893,14.951094316066893,14.951094316066893,8.909999999999853,5959.43,-0.0007511850447105006,1.0,14.951094316066893,19.09616182863354,19.09616182863354,3,1.0,0.1373787821027686,-0.1255491661836849,0.8541666666666666,3,0.0,True,True
2025-06-23,1.0,0.4938799560547917,0.3919605421325824,0.5069444444444444,3,High,Low,Positive pre-15:00 return,0.0027245280757874912,27.245280757874912,27.245280757874912,16.370000000000047,6008.38,-5.492027406883704e-05,1.0,27.245280757874912,12.4361357081771,12.4361357081771,3,0.0,-0.4394222373276352,-0.1255491661836849,0.6875,3,0.0,False,False
2025-06-24,1.0,0.472221385949273,0.3919605421325824,0.3611111111111111,3,Medium,Low,Positive pre-15:00 return,-0.0005707949796286416,5.707949796286416,-5.707949796286416,3.4800000000007167,6096.76,0.0001985054671029829,0.0,-5.707949796286416,8.337624603583713,8.337624603583713,3,0.0,-1.290006978715296,-0.1255491661836849,0.0763888888888889,3,0.0,False,False
2025-06-25,1.0,0.5381358991245606,0.3919605421325824,0.7083333333333334,3,Medium,Low,Negative pre-15:00 return,0.0009954334899306971,9.954334899306971,9.954334899306971,6.060000000000098,6087.8,0.00030397883650046253,1.0,9.954334899306971,8.181734525550084,8.181734525550084,3,0.0,-1.3486640924469755,-0.1255491661836849,0.0486111111111111,3,0.0,True,False
2025-06-27,1.0,0.434451984350401,0.3919605421325824,0.1805555555555555,3,Medium,High,Negative pre-15:00 return,0.005953933214243756,59.53933214243756,59.53933214243756,36.52999999999972,6135.4400000000005,-0.004833550680914178,1.0,59.53933214243756,19.563887377982955,19.563887377982955,3,0.0,-0.3821608091411705,-0.1255491661836849,0.7152777777777778,3,1.0,False,False
2025-06-30,1.0,0.4688881631780281,0.3919605421325824,0.3333333333333333,3,Medium,Low,Negative pre-15:00 return,0.002043057641681667,20.43057641681667,20.43057641681667,12.650000000000377,6191.7,0.0016905965621840657,1.0,20.43057641681667,10.02449101392646,10.02449101392646,3,0.0,-1.1468237228230365,-0.1255491661836849,0.2013888888888889,3,0.0,False,False
2025-07-01,1.0,0.5515612763323469,0.3919605421325824,0.8194444444444444,3,Medium,Low,Positive pre-15:00 return,-0.0007948395085215498,7.948395085215498,-7.948395085215498,4.929999999999998,6202.51,-0.0009326224570332942,0.0,-7.948395085215498,10.343428815901689,10.343428815901689,3,0.0,-0.9454380055785104,-0.1255491661836849,0.3819444444444444,3,0.0,True,False
2025-07-02,1.0,0.4561105694389834,0.3919605421325824,0.2430555555555555,3,Medium,Low,Positive pre-15:00 return,0.000993395048134671,9.93395048134671,9.93395048134671,6.1800000000001205,6221.09,0.0006063705905439143,1.0,9.93395048134671,8.780951117389272,8.780951117389272,3,0.0,-1.2870707563244426,-0.1255491661836849,0.0833333333333333,3,0.0,False,False
2025-07-07,1.0,0.4132041590419369,0.3919605421325824,0.0833333333333333,3,Medium,Medium,Negative pre-15:00 return,0.001126330588471669,11.26330588471669,11.26330588471669,7.01000000000055,6223.75,0.00019766911154950328,1.0,11.26330588471669,12.708833552189123,12.708833552189123,3,0.0,-0.722430468669177,-0.1255491661836849,0.5208333333333334,3,0.0,False,False
2025-07-08,1.0,0.6038036204548147,0.3919605421325824,0.9930555555555556,3,Medium,Low,Negative pre-15:00 return,-0.00026978590561332894,2.6978590561332894,-2.6978590561332894,1.6799999999990973,6227.16,-0.0010411235792835427,0.0,-2.6978590561332894,9.591880523938872,9.591880523938872,3,0.0,-1.109100456840892,-0.1255491661836849,0.2569444444444444,3,0.0,True,False
2025-07-09,1.0,0.575469960071092,0.3919605421325824,0.8888888888888888,3,Medium,Low,Positive pre-15:00 return,0.0009878374511875787,9.878374511875787,9.878374511875787,6.180000000000099,6256.09,0.0015256397120975151,1.0,9.878374511875787,9.088174532450132,9.088174532450132,3,0.0,-1.2353130341759444,-0.1255491661836849,0.1180555555555555,3,0.0,True,False
2025-07-11,1.0,0.4786616922037984,0.3919605421325824,0.3819444444444444,3,Medium,Low,Positive pre-15:00 return,-0.0010183998352683021,10.183998352683021,-10.183998352683021,6.380000000000391,6264.7300000000005,-0.00021065902761707722,0.0,-10.183998352683021,9.735362798002178,9.735362798002178,3,0.0,-1.121174604571885,-0.1255491661836849,0.2222222222222222,3,0.0,False,False
2025-07-15,1.0,0.5385547931789113,0.3919605421325824,0.7152777777777778,3,Medium,Low,Negative pre-15:00 return,-0.001704574527963909,17.045745279639092,-17.045745279639092,10.659999999999576,6253.76,-0.0020823991791677487,0.0,-17.045745279639092,14.548678356218844,14.548678356218844,3,0.0,-0.5043312416904516,-0.1255491661836849,0.6388888888888888,3,0.0,True,False
2025-07-16,1.0,0.4237744657273775,0.3919605421325824,0.1180555555555555,3,Medium,Low,Positive pre-15:00 return,-4.150808449776555e-05,0.4150808449776555,-0.4150808449776555,0.2600000000004838,6263.84,0.0019130245622116515,0.0,-0.4150808449776555,10.30019091856063,10.30019091856063,3,0.0,-0.7119285237590646,-0.1255491661836849,0.5347222222222222,3,0.0,False,False
2025-07-18,1.0,0.5512951616036285,0.3919605421325824,0.8125,3,Medium,Low,Negative pre-15:00 return,0.0007024503119705816,7.024503119705816,7.024503119705816,4.420000000000012,6292.26,0.00017484851760252162,1.0,7.024503119705816,8.77811830064902,8.77811830064902,3,0.0,-1.274056240262463,-0.1255491661836849,0.0902777777777777,3,0.0,True,False
2025-07-22,1.0,0.4626699275448538,0.3919605421325824,0.2916666666666667,3,Medium,Low,Positive pre-15:00 return,-0.0008029520762724562,8.029520762724562,-8.029520762724562,5.069999999999543,6314.2,0.0016275535617407133,0.0,-8.029520762724562,9.958478566334367,9.958478566334367,3,0.0,-1.0692193193848087,-0.1255491661836849,0.3055555555555556,3,0.0,False,False
2025-07-23,1.0,0.429431110344104,0.3919605421325824,0.1597222222222222,3,Low,Low,Positive pre-15:00 return,0.0010719176465032731,10.719176465032731,10.719176465032731,6.809999999999945,6353.1,0.0011961213519480207,1.0,10.719176465032731,9.280918055523536,9.280918055523536,3,0.0,-1.178941365701129,-0.1255491661836849,0.1875,3,0.0,False,False
2025-07-25,1.0,0.4880758533558152,0.3919605421325824,0.4444444444444444,3,Low,Low,Positive pre-15:00 return,-0.00036608661233772377,3.6608661233772377,-3.6608661233772377,2.3399999999998666,6391.93,2.972586494442986e-05,0.0,-3.6608661233772377,7.282257974201471,7.282257974201471,3,0.0,-1.512088774974619,-0.1255491661836849,0.0069444444444444,3,0.0,False,False
2025-07-28,1.0,0.4762602559676645,0.3919605421325824,0.375,3,Low,Low,Negative pre-15:00 return,0.0014199469635702844,14.199469635702844,14.199469635702844,9.059999999999471,6380.52,-0.00011126381591008982,1.0,14.199469635702844,9.48991257560547,9.48991257560547,3,0.0,-1.3261085147999991,-0.1255491661836849,0.0625,3,0.0,False,False
2025-07-29,1.0,0.5653170388176137,0.3919605421325824,0.8680555555555556,3,Medium,Low,Negative pre-15:00 return,-0.0003075189963583913,3.075189963583913,-3.075189963583913,1.9599999999998794,6373.59,-0.00046733588747549515,0.0,-3.075189963583913,11.127285841511991,11.127285841511991,3,0.0,-0.8863722356252869,-0.1255491661836849,0.4166666666666667,3,0.0,True,False
2025-07-30,1.0,0.4453756301305449,0.3919605421325824,0.2083333333333333,3,Medium,High,Negative pre-15:00 return,0.0026227989754543657,26.227989754543657,26.227989754543657,16.649999999999896,6348.18,-0.006011051315494731,1.0,26.227989754543657,35.95498176884556,35.95498176884556,3,1.0,1.415251844362348,-0.1255491661836849,0.9791666666666666,3,0.0,False,True
2025-07-31,1.0,0.4825301421070883,0.3919605421325824,0.4027777777777778,3,Medium,High,Negative pre-15:00 return,-0.0030968804824216267,30.968804824216267,-30.968804824216267,19.699999999999747,6361.24,0.001155196021341176,0.0,-30.968804824216267,20.91287193437768,20.91287193437768,3,1.0,0.0931928968742109,-0.1255491661836849,0.8333333333333334,3,1.0,False,True
2025-08-01,1.0,0.4806232535565584,0.3919605421325824,0.3888888888888889,3,High,High,Negative pre-15:00 return,0.0006256617576281265,6.256617576281265,6.256617576281265,3.899999999999164,6233.400000000001,0.0013397461229289753,1.0,6.256617576281265,26.364305739464893,26.364305739464893,3,1.0,1.2348733854771263,-0.1255491661836849,0.9583333333333334,3,0.0,False,True
2025-08-04,1.0,0.4851058616767366,0.3919605421325824,0.4236111111111111,3,Medium,Low,Positive pre-15:00 return,0.001907403098382554,19.07403098382554,19.07403098382554,12.050000000000802,6317.49,9.497533015823123e-06,1.0,19.07403098382554,10.633978890978597,10.633978890978597,3,0.0,-1.0298802104672244,-0.1255491661836849,0.3333333333333333,3,0.0,False,False
2025-08-05,1.0,0.5165368167158442,0.3919605421325824,0.6180555555555556,3,Medium,Medium,Negative pre-15:00 return,-0.0006583811122357064,6.583811122357064,-6.583811122357064,4.149999999999817,6303.34,-0.002762308568535654,0.0,-6.583811122357064,13.597494560056354,13.597494560056354,3,0.0,-0.5502803478394666,-0.1255491661836849,0.6319444444444444,3,0.0,False,False
2025-08-06,1.0,0.4886800476919989,0.3919605421325824,0.4583333333333333,3,Medium,Low,Positive pre-15:00 return,-6.146407424867384e-05,0.6146407424867384,-0.6146407424867384,0.3900000000004578,6345.17,0.0006134408195190844,0.0,-0.6146407424867384,11.49859802772752,11.49859802772752,3,0.0,-0.8408705272945755,-0.1255491661836849,0.4652777777777778,3,0.0,False,False
2025-08-07,1.0,0.3999772188659181,0.3919605421325824,0.0486111111111111,3,Medium,Medium,Negative pre-15:00 return,0.0026152099599339174,26.152099599339174,26.152099599339174,16.540000000000457,6324.54,-0.0003666905858514813,1.0,26.152099599339174,13.440380340304117,13.440380340304117,3,0.0,-0.6338271987210659,-0.1255491661836849,0.5902777777777778,3,0.0,False,False
2025-08-08,1.0,0.4730458370046554,0.3919605421325824,0.3680555555555556,3,Low,Low,Positive pre-15:00 return,-9.857889910824813e-05,0.9857889910824813,-0.9857889910824813,0.6299999999989743,6390.82,3.129586800643125e-05,0.0,-0.9857889910824813,9.343626002148156,9.343626002148156,3,0.0,-1.1942149034510443,-0.1255491661836849,0.1666666666666666,3,0.0,False,False
2025-08-11,1.0,0.457451762912835,0.3919605421325824,0.25,3,Medium,Medium,Negative pre-15:00 return,-0.0013801638650855486,13.801638650855486,-13.801638650855486,8.810000000000583,6383.3,-0.00033670297316545916,0.0,-13.801638650855486,10.803015012899692,10.803015012899692,3,0.0,-1.2117067759357565,-0.1255491661836849,0.1527777777777778,3,0.0,False,False
2025-08-12,1.0,0.5003907516717482,0.3919605421325824,0.5694444444444444,3,Low,Low,Positive pre-15:00 return,0.0010561466180010193,10.561466180010193,10.561466180010193,6.799999999999563,6438.5,0.0,1.0,10.561466180010193,9.796569410167354,9.796569410167354,3,0.0,-1.0255111241066053,-0.1255491661836849,0.3402777777777778,3,0.0,False,False
2025-08-13,1.0,0.5572393968069741,0.3919605421325824,0.8472222222222222,3,Low,Medium,Negative pre-15:00 return,0.0013549002483725925,13.549002483725925,13.549002483725925,8.750000000000137,6458.04,0.0006523258282291611,1.0,13.549002483725925,10.593128678463652,10.593128678463652,3,0.0,-1.1970648354828874,-0.1255491661836849,0.1597222222222222,3,0.0,True,False
2025-08-14,1.0,0.5431851656442925,0.3919605421325824,0.7430555555555556,3,Low,Low,Positive pre-15:00 return,0.0006823044872736883,6.823044872736883,6.823044872736883,4.409999999999885,6463.39,-0.00020882510356168282,1.0,6.823044872736883,10.400261691212377,10.400261691212377,3,0.0,-1.052755252663394,-0.1255491661836849,0.3194444444444444,3,0.0,True,False
2025-08-18,1.0,0.5565124575180941,0.3919605421325824,0.8333333333333334,3,Low,Low,Positive pre-15:00 return,-4.6514945251985296e-05,0.46514945251985296,-0.46514945251985296,0.30000000000048926,6449.54,0.0009016516831088506,0.0,-0.46514945251985296,7.833847251450415,7.833847251450415,3,0.0,-1.3831181046003258,-0.1255491661836849,0.0347222222222222,3,0.0,True,False
2025-08-19,1.0,0.4530945583376777,0.3919605421325824,0.2291666666666666,3,Medium,Low,Negative pre-15:00 return,0.0008554052872788986,8.554052872788986,8.554052872788986,5.480000000000554,6406.32,-0.0011646779829087572,1.0,8.554052872788986,10.544163402534076,10.544163402534076,3,0.0,-1.1104223374547737,-0.1255491661836849,0.25,3,0.0,False,False
2025-08-20,1.0,0.5040335702327987,0.3919605421325824,0.5972222222222222,3,Medium,High,Negative pre-15:00 return,0.0020558591987163144,20.558591987163144,20.558591987163144,13.119999999999827,6381.76,-0.0007406259150174455,1.0,20.558591987163144,13.73642628694591,13.73642628694591,3,0.0,-0.4669654307013217,-0.1255491661836849,0.6527777777777778,3,0.0,False,False
2025-08-21,1.0,0.499636369869551,0.3919605421325824,0.5486111111111112,3,Medium,Low,Negative pre-15:00 return,-0.0008219066351706772,8.219066351706772,-8.219066351706772,5.239999999999839,6375.42,0.00042211108896816896,0.0,-8.219066351706772,10.75622113094648,10.75622113094648,3,0.0,-0.8611473781710107,-0.1255491661836849,0.4444444444444444,3,0.0,False,False
2025-08-22,1.0,0.4625334951535066,0.3919605421325824,0.2847222222222222,3,Low,Low,Positive pre-15:00 return,-0.00037410512353974745,3.7410512353974745,-3.7410512353974745,2.420000000000212,6468.77,-0.0004959842273924986,0.0,-3.7410512353974745,11.528300140073643,11.528300140073643,3,0.0,-0.6796015328755963,-0.1255491661836849,0.5555555555555556,3,0.0,False,False
2025-08-25,1.0,0.4959138145840748,0.3919605421325824,0.5138888888888888,3,Low,Low,Negative pre-15:00 return,-0.0022420482435481226,22.420482435481226,-22.420482435481226,14.4700000000001,6453.92,-0.0007926874581981602,0.0,-22.420482435481226,10.361794169002357,10.361794169002357,3,0.0,-1.2186160060135052,-0.1255491661836849,0.1388888888888889,3,0.0,False,False
2025-08-26,1.0,0.4624625653662391,0.3919605421325824,0.2777777777777778,3,Low,Low,Positive pre-15:00 return,0.0020612485276794157,20.612485276794157,20.612485276794157,13.299999999998663,6452.400000000001,0.0016159602855640998,1.0,20.612485276794157,8.779812408681686,8.779812408681686,3,0.0,-1.2590555672627697,-0.1255491661836849,0.1041666666666666,3,0.0,False,False
2025-08-29,1.0,0.5512584863351637,0.3919605421325824,0.8055555555555556,3,Medium,Low,Negative pre-15:00 return,0.0006596918960102283,6.596918960102283,6.596918960102283,4.25999999999981,6457.56,-0.00030033284309927133,1.0,6.596918960102283,9.237785000547142,9.237785000547142,3,0.0,-1.1919272477480765,-0.1255491661836849,0.1736111111111111,3,0.0,True,False
2025-09-02,1.0,0.5171230410050187,0.3919605421325824,0.6319444444444444,3,Medium,Medium,Negative pre-15:00 return,0.0035590250617940633,35.59025061794063,35.59025061794063,22.75000000000001,6392.2,-0.00046128706910719686,1.0,35.59025061794063,11.867772749754833,11.867772749754833,3,0.0,-0.8020116386044506,-0.1255491661836849,0.4722222222222222,3,1.0,False,False
2025-09-03,1.0,0.4655185356979911,0.3919605421325824,0.2986111111111111,3,Medium,Medium,Negative pre-15:00 return,0.004294231991327502,42.942319913275014,42.942319913275014,27.57000000000048,6420.24,-0.000185316977682648,1.0,42.942319913275014,13.506006895358691,13.506006895358691,3,0.0,-0.6932256582820199,-0.1255491661836849,0.5416666666666666,3,1.0,False,False
2025-09-05,1.0,0.4192403155690677,0.3919605421325824,0.0972222222222222,3,Low,Low,Negative pre-15:00 return,0.001291359016342808,12.91359016342808,12.91359016342808,8.36000000000007,6473.8,0.001861719002688167,1.0,12.91359016342808,13.80164981468024,13.80164981468024,3,0.0,-0.3551952066014948,-0.1255491661836849,0.7361111111111112,3,0.0,False,False
2025-09-09,1.0,0.5016718683539895,0.3919605421325824,0.5902777777777778,3,Low,Low,Positive pre-15:00 return,0.0005761563457860053,5.761563457860053,5.761563457860053,3.7500000000000835,6508.650000000001,0.0001382966463063795,1.0,5.761563457860053,7.48868043374307,7.48868043374307,3,0.0,-1.4018194078066113,-0.1255491661836849,0.0208333333333333,3,0.0,False,False
2025-09-10,1.0,0.4598243280842674,0.3919605421325824,0.2638888888888889,3,Low,Low,Negative pre-15:00 return,0.0003338581133647267,3.338581133647267,3.338581133647267,2.1799999999999233,6529.72,-0.000551021532696927,1.0,3.338581133647267,10.851504739244168,10.851504739244168,3,0.0,-1.1080201331233868,-0.1255491661836849,0.2638888888888889,3,0.0,False,False
2025-09-11,1.0,0.4594056140280337,0.3919605421325824,0.2569444444444444,3,Low,Low,Positive pre-15:00 return,0.0002885433118697822,2.885433118697822,2.885433118697822,1.900000000000142,6584.8,-8.351871958212076e-05,1.0,2.885433118697822,7.896317160801196,7.896317160801196,3,0.0,-1.389325885693363,-0.1255491661836849,0.0277777777777777,3,0.0,False,False
2025-09-15,1.0,0.5078525680974878,0.3919605421325824,0.6041666666666666,3,Medium,Low,Positive pre-15:00 return,0.0012015683948167766,12.015683948167766,12.015683948167766,7.9400000000011035,6608.03,-0.0009403938466190365,1.0,12.015683948167766,8.415212267372048,8.415212267372048,3,0.0,-1.4797219307129454,-0.1255491661836849,0.0138888888888888,3,0.0,False,False
2025-09-17,1.0,0.4096815937729581,0.3919605421325824,0.0763888888888889,3,Medium,High,Negative pre-15:00 return,0.002437416854471852,24.374168544718522,24.374168544718522,16.05000000000043,6584.84,-0.002854464700796089,1.0,24.374168544718522,38.02787684638464,38.02787684638464,3,1.0,0.7418228639732797,-0.1255491661836849,0.9166666666666666,3,0.0,False,True
2025-09-18,1.0,0.5796949539892156,0.3919605421325824,0.9236111111111112,3,Low,Low,Positive pre-15:00 return,-0.001483205893070716,14.83205893070716,-14.83205893070716,9.850000000000486,6641.02,0.0006810818955775844,0.0,-14.83205893070716,9.163963609951942,9.163963609951942,3,0.0,-1.2988207184109872,-0.1255491661836849,0.0694444444444444,3,0.0,True,False
2025-09-23,1.0,0.4938732897670547,0.3919605421325824,0.5,3,Medium,Low,Negative pre-15:00 return,0.0016639010204557714,16.639010204557714,16.639010204557714,11.060000000000125,6647.03,-0.0017151138778545016,1.0,16.639010204557714,14.016677270987216,14.016677270987216,3,0.0,-0.7546417890403264,-0.1255491661836849,0.4930555555555556,3,0.0,False,False
2025-09-24,1.0,0.4886614063570503,0.3919605421325824,0.4513888888888889,3,Medium,Low,Negative pre-15:00 return,-5.5747658974980574e-05,0.5574765897498057,-0.5574765897498057,0.3699999999998948,6637.05,0.0008142769898893398,0.0,-0.5574765897498057,9.547171817662417,9.547171817662417,3,0.0,-1.180021022616396,-0.1255491661836849,0.1805555555555555,3,0.0,False,False
2025-09-25,1.0,0.5477627291308855,0.3919605421325824,0.7708333333333334,3,Medium,Medium,Negative pre-15:00 return,-7.11617688696764e-05,0.711617688696764,-0.711617688696764,0.47000000000048564,6604.67,0.003502177275503726,0.0,-0.711617688696764,16.85233183277201,16.85233183277201,3,0.0,-0.2159414731120598,-0.1255491661836849,0.7847222222222222,3,0.0,True,False
2025-09-26,1.0,0.4432900119098543,0.3919605421325824,0.2013888888888889,3,Low,Low,Positive pre-15:00 return,-0.00012792746963985469,1.2792746963985469,-1.2792746963985469,0.8500000000003541,6644.39,0.000825436705724325,0.0,-1.2792746963985469,10.670952782804758,10.670952782804758,3,0.0,-0.9197653724565285,-0.1255491661836849,0.4027777777777778,3,0.0,False,False
2025-09-29,1.0,0.5488901690193856,0.3919605421325824,0.7916666666666666,3,Medium,Low,Negative pre-15:00 return,0.0004535426637972684,4.535426637972684,4.535426637972684,3.020000000000233,6658.6900000000005,0.0005484565081503856,1.0,4.535426637972684,9.427644973840383,9.427644973840383,3,0.0,-1.2665244606611663,-0.1255491661836849,0.0972222222222222,3,0.0,True,False
2025-09-30,1.0,0.4872470604610128,0.3919605421325824,0.4375,3,Medium,Low,Positive pre-15:00 return,0.0026809892670462965,26.809892670462965,26.809892670462965,17.87999999999982,6669.18,0.002908340651805119,1.0,26.809892670462965,11.18454424276668,11.18454424276668,3,0.0,-0.880470253695197,-0.1255491661836849,0.4236111111111111,3,0.0,False,False
2025-10-02,1.0,0.6092957794964873,0.3919605421325824,1.0,3,Medium,Low,Negative pre-15:00 return,-0.0005238625337087299,5.238625337087299,-5.238625337087299,3.519999999999743,6719.32,0.00072828222202026,0.0,-5.238625337087299,9.372367149841342,9.372367149841342,3,0.0,-1.1273018875541916,-0.1255491661836849,0.2083333333333333,3,0.0,True,False
2025-10-03,1.0,0.5485025952193322,0.3919605421325824,0.7847222222222222,3,Medium,Medium,Positive pre-15:00 return,-0.001036765766797565,10.36765766797565,-10.36765766797565,6.969999999999674,6722.83,0.0009841845561937568,0.0,-10.36765766797565,15.748725642293028,15.748725642293028,3,0.0,-0.5988872315017012,-0.1255491661836849,0.6041666666666666,3,0.0,True,False
2025-10-07,1.0,0.4923051361653131,0.3919605421325824,0.4791666666666667,3,Medium,Low,Negative pre-15:00 return,-1.0425432097060927e-05,0.10425432097060927,-0.10425432097060927,0.07000000000090104,6714.35,0.0010675111335745058,0.0,-0.10425432097060927,9.46063605670684,9.46063605670684,3,0.0,-1.083268232907756,-0.1255491661836849,0.2986111111111111,3,0.0,False,False
2025-10-09,1.0,0.4848794504531268,0.3919605421325824,0.4166666666666667,3,Medium,Low,Negative pre-15:00 return,0.0017536500910291242,17.53650091029124,17.53650091029124,11.789999999999726,6723.12,-0.00046236896448692555,1.0,17.53650091029124,10.348874826585824,10.348874826585824,3,0.0,-1.0867516150521084,-0.1255491661836849,0.2847222222222222,3,0.0,False,False
2025-10-10,1.0,0.5008795616530128,0.3919605421325824,0.5763888888888888,3,High,High,Negative pre-15:00 return,-0.0063219445324808055,63.219445324808056,-63.219445324808056,41.689999999999344,6594.49,-0.003605128166385918,0.0,-63.219445324808056,28.415373864542318,28.415373864542318,3,1.0,1.427100050222429,-0.1255491661836849,0.9861111111111112,3,1.0,False,True
2025-10-13,1.0,0.6027534178581808,0.3919605421325824,0.9861111111111112,3,High,Medium,Positive pre-15:00 return,0.001575990751779166,15.75990751779166,15.75990751779166,10.469999999999784,6643.4400000000005,-0.0017880378763518445,1.0,15.75990751779166,16.470574200607935,16.470574200607935,3,0.0,-0.2492545743482878,-0.1255491661836849,0.7638888888888888,3,0.0,True,False
2025-10-14,1.0,0.4719647688332706,0.3919605421325824,0.3541666666666667,3,High,Low,Positive pre-15:00 return,-0.004151921350318832,41.519213503188325,-41.519213503188325,27.700000000000628,6671.610000000001,-0.00033264257555243315,0.0,-41.519213503188325,12.290143427364043,12.290143427364043,3,0.0,-0.5911680509582152,-0.1255491661836849,0.6111111111111112,3,1.0,False,False
2025-10-15,0.0,0.3855649760735204,0.3919605421325824,0.0416666666666666,3,High,Medium,Negative pre-15:00 return,-0.0012320857280160302,12.320857280160302,-12.320857280160302,8.230000000000517,6679.7300000000005,0.0020972883771519513,0.0,12.320857280160302,14.283761572118864,14.283761572118864,3,0.0,-0.2207882339378498,-0.1255491661836849,0.7777777777777778,3,0.0,False,False
2025-10-16,0.0,0.3657172960989438,0.3919605421325824,0.0902777777777777,3,High,High,Negative pre-15:00 return,0.00031538077324122504,3.1538077324122504,3.1538077324122504,2.0900000000000065,6626.91,-0.0019428266772694158,1.0,-3.1538077324122504,23.938319819293408,23.938319819293408,3,1.0,0.7644920160987866,-0.1255491661836849,0.9236111111111112,3,0.0,False,True
2025-10-17,1.0,0.4480169106334597,0.3919605421325824,0.2152777777777778,3,High,Medium,Positive pre-15:00 return,-0.000418560691300196,4.18560691300196,-4.18560691300196,2.7899999999997167,6665.7,0.0023262353332138552,0.0,-4.18560691300196,17.366873553107027,17.366873553107027,3,1.0,0.2470319015245875,-0.1255491661836849,0.875,3,0.0,False,True
2025-10-21,1.0,0.5923647896785945,0.3919605421325824,0.9791666666666666,3,Medium,Low,Positive pre-15:00 return,-0.0011346091382754553,11.346091382754553,-11.346091382754553,7.649999999999812,6742.41,-0.0003187754279004862,0.0,-11.346091382754553,9.151562240920027,9.151562240920027,3,0.0,-1.1029277446824493,-0.1255491661836849,0.2708333333333333,3,0.0,True,False
2025-10-23,1.0,0.4975740187815948,0.3919605421325824,0.5277777777777778,3,Medium,Low,Positive pre-15:00 return,-0.001465606411324205,14.656064113242051,-14.656064113242051,9.890000000000416,6748.06,0.0002327136036666122,0.0,-14.656064113242051,9.389209882329752,9.389209882329752,3,0.0,-1.0428877868014168,-0.1255491661836849,0.3263888888888889,3,0.0,False,False
2025-10-24,1.0,0.4903764390704803,0.3919605421325824,0.4652777777777778,3,Medium,Low,Positive pre-15:00 return,-0.0018929985508566727,18.929985508566727,-18.929985508566727,12.87999999999982,6804.02,0.00019257031388963952,0.0,-18.929985508566727,7.588361018530058,7.588361018530058,3,0.0,-1.3446809561962874,-0.1255491661836849,0.0555555555555555,3,0.0,False,False
2025-10-29,0.0,0.3906058889541937,0.3919605421325824,0.0069444444444444,3,Medium,High,Negative pre-15:00 return,0.0013206297180914373,13.206297180914373,13.206297180914373,9.09000000000081,6883.08,-0.0029636968859454438,1.0,-13.206297180914373,31.394808341056823,31.394808341056823,3,1.0,0.53783735099255,-0.1255491661836849,0.8888888888888888,3,0.0,False,True
2025-10-30,1.0,0.5243229032856308,0.3919605421325824,0.6527777777777778,3,Medium,Medium,Negative pre-15:00 return,-0.00355350559972889,35.5350559972889,-35.5350559972889,24.329999999999774,6846.76,-0.002770260625886589,0.0,-35.5350559972889,14.861629629896775,14.861629629896775,3,0.0,-0.3807452793683473,-0.1255491661836849,0.7222222222222222,3,1.0,False,False
2025-10-31,1.0,0.5430256074940909,0.3919605421325824,0.7361111111111112,3,Medium,Medium,Negative pre-15:00 return,-0.0010471127727312846,10.471127727312846,-10.471127727312846,7.170000000000199,6847.400000000001,0.0026018979066215753,0.0,-10.471127727312846,14.10211641162416,14.10211641162416,3,0.0,-0.461095446607051,-0.1255491661836849,0.6597222222222222,3,0.0,True,False
2025-11-03,1.0,0.5788033675498989,0.3919605421325824,0.9166666666666666,3,Medium,Low,Negative pre-15:00 return,-0.0005280316235515281,5.280316235515281,-5.280316235515281,3.620000000001034,6855.650000000001,-0.00016625855538809908,0.0,-5.280316235515281,10.688187190662894,10.688187190662894,3,0.0,-0.978345464566205,-0.1255491661836849,0.3472222222222222,3,0.0,True,False
2025-11-04,1.0,0.5169090950460613,0.3919605421325824,0.625,3,High,Medium,Negative pre-15:00 return,2.362586086745999e-05,0.2362586086745999,0.2362586086745999,0.16000000000104725,6772.24,-0.0014626608632057891,1.0,0.2362586086745999,16.474143286713076,16.474143286713076,3,0.0,-0.3319234249047326,-0.1255491661836849,0.7430555555555556,3,0.0,False,False
2025-11-05,1.0,0.5129569431774819,0.3919605421325824,0.6111111111111112,3,Medium,Low,Positive pre-15:00 return,-0.004044815382022615,40.44815382022615,-40.44815382022615,27.600000000000417,6823.55,-0.0006151367580827793,0.0,-40.44815382022615,10.398504832207228,10.398504832207228,3,0.0,-0.9721026376906808,-0.1255491661836849,0.3541666666666667,3,1.0,False,False
2025-11-06,1.0,0.5420608453184942,0.3919605421325824,0.7291666666666666,3,High,High,Negative pre-15:00 return,-0.004257487637879476,42.574876378794755,-42.574876378794755,28.739999999999885,6750.46,0.002265708516451026,0.0,-42.574876378794755,19.05250001758948,19.05250001758948,3,1.0,0.301026160515856,-0.1255491661836849,0.8819444444444444,3,1.0,True,True
2025-11-07,1.0,0.4244551091450736,0.3919605421325824,0.1319444444444444,3,High,High,Positive pre-15:00 return,0.0013795156069795755,13.795156069795755,13.795156069795755,9.270000000001003,6719.75,0.006556340791913584,1.0,13.795156069795755,20.856005286781294,20.856005286781294,3,1.0,0.5928948638130674,-0.1255491661836849,0.8958333333333334,3,0.0,False,True
2025-11-10,1.0,0.4683784522764763,0.3919605421325824,0.3263888888888889,3,Medium,Low,Positive pre-15:00 return,-3.512849711517774e-05,0.35128497115177737,-0.35128497115177737,0.24000000000072122,6832.06,0.0020577791532159218,0.0,-0.35128497115177737,11.226642037110302,11.226642037110302,3,0.0,-0.85161904731937,-0.1255491661836849,0.4583333333333333,3,0.0,False,False
2025-11-11,1.0,0.5013386318048838,0.3919605421325824,0.5833333333333334,3,Medium,Low,Positive pre-15:00 return,-0.0003926560187306194,3.926560187306194,-3.926560187306194,2.6899999999993525,6850.78,-0.00018826427634277554,0.0,-3.926560187306194,10.90644627465752,10.90644627465752,3,0.0,-0.907986396352126,-0.1255491661836849,0.4097222222222222,3,0.0,False,False
2025-11-12,1.0,0.5503367683497498,0.3919605421325824,0.7986111111111112,3,Medium,Medium,Negative pre-15:00 return,0.0006484061475910963,6.484061475910963,6.484061475910963,4.4399999999988875,6847.56,-0.0012558031670742986,1.0,6.484061475910963,13.273494586219057,13.273494586219057,3,0.0,-0.5755248805131256,-0.1255491661836849,0.625,3,0.0,True,False
2025-11-13,1.0,0.5398442760740737,0.3919605421325824,0.7222222222222222,3,High,High,Negative pre-15:00 return,0.00035777325489050327,3.5777325489050327,3.5777325489050327,2.410000000000468,6736.110000000001,-0.0013017261956829174,1.0,3.5777325489050327,25.06616495044976,25.06616495044976,3,1.0,0.8179956563959262,-0.1255491661836849,0.9305555555555556,3,0.0,True,True
2025-11-14,1.0,0.4195754980772638,0.3919605421325824,0.1041666666666666,3,High,High,Positive pre-15:00 return,-0.004325612474794349,43.25612474794349,-43.25612474794349,29.259999999999906,6764.360000000001,0.002112561295388282,0.0,-43.25612474794349,18.17464476219125,18.17464476219125,3,1.0,0.1632002851143977,-0.1255491661836849,0.8611111111111112,3,1.0,False,True
2025-11-17,1.0,0.4932963986668532,0.3919605421325824,0.4930555555555556,3,High,High,Negative pre-15:00 return,0.004321061978868723,43.21061978868723,43.21061978868723,28.70999999999957,6644.2,-0.005744778596322719,1.0,43.21061978868723,28.686222919985777,28.686222919985777,3,1.0,1.1937354393865656,-0.1255491661836849,0.9513888888888888,3,1.0,False,True
2025-11-18,0.0,0.3805921898202731,0.3919605421325824,0.0694444444444444,3,High,High,Positive pre-15:00 return,-0.006496792143190655,64.96792143190655,-64.96792143190655,43.26999999999983,6660.21,0.0020552015707397953,0.0,64.96792143190655,23.15495634843973,23.15495634843973,3,1.0,1.092522252071909,-0.1255491661836849,0.9444444444444444,3,1.0,False,True
2025-11-19,1.0,0.3967887977800237,0.3919605421325824,0.0277777777777777,3,High,High,Positive pre-15:00 return,0.0022450041867518866,22.450041867518866,22.450041867518866,14.880000000000843,6628.05,-0.0018808711339740602,1.0,22.450041867518866,16.706901362496097,16.706901362496097,3,1.0,0.076187131371629,-0.1255491661836849,0.8263888888888888,3,0.0,False,True
2025-11-20,0.0,0.3448807706207705,0.3919605421325824,0.1875,3,High,High,Negative pre-15:00 return,-0.008584250583704711,85.84250583704711,-85.84250583704711,56.619999999999536,6595.8,0.004668590968980091,0.0,85.84250583704711,33.317628670247835,33.317628670247835,3,1.0,1.3793431864762111,-0.1255491661836849,0.9722222222222222,3,1.0,False,True
2025-11-21,1.0,0.556672475653861,0.3919605421325824,0.8402777777777778,3,High,High,Positive pre-15:00 return,-0.00427913597037477,42.7913597037477,-42.7913597037477,28.380000000000145,6632.18,-0.0007819362187130308,0.0,-42.7913597037477,27.9428272331015,27.9428272331015,3,1.0,1.4964619677857676,-0.1255491661836849,0.9930555555555556,3,1.0,True,True
2025-11-24,1.0,0.5484482550995669,0.3919605421325824,0.7777777777777778,3,High,Low,Positive pre-15:00 return,0.0010780222323421018,10.780222323421018,10.780222323421018,7.21999999999961,6697.45,-0.0014745040507861962,1.0,10.780222323421018,14.77846592194476,14.77846592194476,3,0.0,-0.2848338456380576,-0.1255491661836849,0.75,3,0.0,True,False
2025-11-25,1.0,0.4222531768507917,0.3919605421325824,0.1111111111111111,3,High,Low,Positive pre-15:00 return,0.00175148461639818,17.5148461639818,17.5148461639818,11.829999999999737,6754.27,0.00014215251484084312,1.0,17.5148461639818,11.589758436462947,11.589758436462947,3,0.0,-0.6479819041463274,-0.1255491661836849,0.5833333333333334,3,0.0,False,False
2025-11-26,1.0,0.4820225102017624,0.3919605421325824,0.3958333333333333,3,Medium,Medium,Positive pre-15:00 return,-0.0016590747873393985,16.590747873393987,-16.590747873393987,11.319999999999704,6823.08,0.0006907809344463001,0.0,-16.590747873393987,13.444856315578768,13.444856315578768,3,0.0,-0.671753747872425,-0.1255491661836849,0.5625,3,0.0,False,False
2025-12-01,1.0,0.5343784117836988,0.3919605421325824,0.6875,3,Medium,Medium,Positive pre-15:00 return,-0.00011151200001158212,1.1151200001158212,-1.1151200001158212,0.7599999999989369,6815.41,-0.003960534949894123,0.0,-1.1151200001158212,14.175031252241723,14.175031252241723,3,0.0,-0.4466743170299775,-0.1255491661836849,0.6805555555555556,3,0.0,False,False
2025-12-02,1.0,0.5559197841694405,0.3919605421325824,0.8263888888888888,3,Medium,Medium,Positive pre-15:00 return,-0.0013952733287798669,13.952733287798669,-13.952733287798669,9.539999999999598,6837.37,0.0018432801595360537,0.0,-13.952733287798669,11.695488593654332,11.695488593654332,3,0.0,-0.7678845193525711,-0.1255491661836849,0.4861111111111111,3,0.0,True,False
2025-12-03,1.0,0.4527162994804041,0.3919605421325824,0.2222222222222222,3,Medium,Low,Positive pre-15:00 return,-0.0013571784682395727,13.571784682395727,-13.571784682395727,9.309999999999185,6859.82,0.0010565363702430552,0.0,-13.571784682395727,8.970599106519153,8.970599106519153,3,0.0,-1.0866869817451184,-0.1255491661836849,0.2916666666666667,3,0.0,False,False
2025-12-04,1.0,0.4840585125249907,0.3919605421325824,0.4097222222222222,3,Medium,Medium,Negative pre-15:00 return,0.0018421264069770071,18.42126406977007,18.42126406977007,12.610000000000056,6845.35,-0.0012634939254538846,1.0,18.42126406977007,14.94590682139576,14.94590682139576,3,0.0,-0.3994076135081,-0.1255491661836849,0.7083333333333334,3,0.0,False,False
2025-12-05,1.0,0.5905211559179504,0.3919605421325824,0.9722222222222222,3,Low,Low,Positive pre-15:00 return,-0.0007535367494636569,7.535367494636569,-7.535367494636569,5.180000000000543,6874.25,9.310973418608093e-05,0.0,-7.535367494636569,9.221784508894466,9.221784508894466,3,0.0,-1.2206316380201998,-0.1255491661836849,0.1319444444444444,3,0.0,True,False
2025-12-08,1.0,0.531125918784035,0.3919605421325824,0.6805555555555556,3,Medium,Low,Negative pre-15:00 return,0.0019855814885860745,19.855814885860745,19.855814885860745,13.569999999999153,6834.27,0.00028833628499924657,1.0,19.855814885860745,12.6474313304605,12.6474313304605,3,0.0,-0.7418730848131655,-0.1255491661836849,0.5,3,0.0,False,False
2025-12-09,1.0,0.5773529631383594,0.3919605421325824,0.8958333333333334,3,Medium,Low,Positive pre-15:00 return,-0.0010835691775681333,10.835691775681333,-10.835691775681333,7.420000000000409,6847.74,-0.0006158821709408846,0.0,-10.835691775681333,8.466111088992939,8.466111088992939,3,0.0,-1.3635516777592236,-0.1255491661836849,0.0416666666666666,3,0.0,True,False
2025-12-10,0.0,0.3525984594707514,0.3919605421325824,0.1666666666666666,3,Medium,High,Positive pre-15:00 return,-0.00046878310871423245,4.6878310871423245,-4.6878310871423245,3.23000000000063,6890.18,0.007376022152921324,0.0,4.6878310871423245,26.34804510813734,26.34804510813734,3,1.0,0.676780828839677,-0.1255491661836849,0.9097222222222222,3,0.0,False,True
2025-12-11,1.0,0.4259738170865266,0.3919605421325824,0.1388888888888889,3,Low,Low,Positive pre-15:00 return,0.0003231944949688703,3.231944949688703,3.231944949688703,2.2300000000008593,6899.87,0.0012973575409995775,1.0,3.231944949688703,11.964743222717072,11.964743222717072,3,0.0,-0.7165944834665566,-0.1255491661836849,0.5277777777777778,3,0.0,False,False
2025-12-12,0.0,0.3822701435500696,0.3919605421325824,0.0555555555555555,3,Medium,Medium,Negative pre-15:00 return,-0.0003118585304289212,3.118585304289212,-3.118585304289212,2.1300000000001407,6830.02,-0.0008587031096169984,0.0,3.118585304289212,13.968228023921691,13.968228023921691,3,0.0,-0.4097487902066085,-0.1255491661836849,0.7013888888888888,3,0.0,False,False
2025-12-15,1.0,0.4287150565832335,0.3919605421325824,0.1527777777777778,3,Medium,Low,Negative pre-15:00 return,-0.0014122514276339038,14.122514276339038,-14.122514276339038,9.640000000000475,6825.9800000000005,0.0008827031243585637,0.0,-14.122514276339038,11.557569877033483,11.557569877033483,3,0.0,-0.6875487824657002,-0.1255491661836849,0.5486111111111112,3,0.0,False,False
2025-12-16,1.0,0.4700856058406893,0.3919605421325824,0.3472222222222222,3,Medium,Medium,Negative pre-15:00 return,0.0014701268168513248,14.701268168513248,14.701268168513248,9.979999999999723,6788.53,0.00012228000648240034,1.0,14.701268168513248,16.353848645933695,16.353848645933695,3,1.0,-0.0017583479574064,-0.1255491661836849,0.8055555555555556,3,0.0,False,True
2025-12-17,1.0,0.3963314860383217,0.3919605421325824,0.0208333333333333,3,Medium,Medium,Negative pre-15:00 return,-0.0026572187776793266,26.572187776793264,-26.572187776793264,17.90999999999976,6740.13,0.0009177377319404822,0.0,-26.572187776793264,15.570558961197827,15.570558961197827,3,0.0,-0.2553195109741729,-0.1255491661836849,0.7569444444444444,3,0.0,False,False
2025-12-18,1.0,0.543980886799578,0.3919605421325824,0.75,3,Medium,High,Negative pre-15:00 return,0.0011734435247052755,11.734435247052755,11.734435247052755,7.940000000001023,6766.41,-0.0037647342895592573,1.0,11.734435247052755,19.94452943702187,19.94452943702187,3,1.0,0.1721567908847241,-0.1255491661836849,0.8680555555555556,3,0.0,True,True
2025-12-19,1.0,0.4693338117606976,0.3919605421325824,0.3402777777777778,3,Low,Low,Positive pre-15:00 return,-2.3409404143026613e-05,0.23409404143026613,-0.23409404143026613,0.1600000000010069,6834.860000000001,0.0004757297328155108,0.0,-0.23409404143026613,9.475227416080717,9.475227416080717,3,0.0,-1.1256631076583403,-0.1255491661836849,0.2152777777777778,3,0.0,False,False
2025-12-29,1.0,0.5003817547374406,0.3919605421325824,0.5625,3,Low,Low,Positive pre-15:00 return,-0.0005527596016657865,5.527596016657865,-5.527596016657865,3.819999999999884,6910.78,0.0015942537298290205,0.0,-5.527596016657865,10.194915585598237,10.194915585598237,3,0.0,-1.1151312587626188,-0.1255491661836849,0.2291666666666666,3,0.0,False,False
2025-12-31,1.0,0.4996505831409088,0.3919605421325824,0.5555555555555556,3,Low,Low,Negative pre-15:00 return,-0.003344135896831024,33.44135896831024,-33.44135896831024,22.96999999999913,6868.74,-0.002403675081223966,0.0,-33.44135896831024,12.814201024238862,12.814201024238862,3,0.0,-0.9473259186385884,-0.1255491661836849,0.375,3,1.0,False,False
2026-01-02,1.0,0.5362671968687325,0.3919605421325824,0.6944444444444444,3,Low,Medium,Negative pre-15:00 return,0.00015311724843924956,1.5311724843924956,1.5311724843924956,1.0499999999996694,6857.49,0.0038749703558178528,1.0,1.5311724843924956,18.03171532035775,18.03171532035775,3,1.0,0.0481597619646486,-0.1255491661836849,0.8125,3,0.0,False,True
2026-01-05,1.0,0.5714654569588806,0.3919605421325824,0.8819444444444444,3,Low,Low,Positive pre-15:00 return,1.7384703199674334e-05,0.17384703199674334,0.17384703199674334,0.12000000000013605,6902.62,-0.0013137144262627132,1.0,0.17384703199674334,9.739981979570022,9.739981979570022,3,0.0,-1.2463277416179612,-0.1255491661836849,0.1111111111111111,3,0.0,True,False
2026-01-07,1.0,0.4851664245925365,0.3919605421325824,0.4305555555555556,3,Low,Low,Negative pre-15:00 return,-0.0031526250752511586,31.526250752511586,-31.526250752511586,21.8900000000004,6943.42,-0.0015544495939882053,0.0,-31.526250752511586,10.971107861712117,10.971107861712117,3,0.0,-1.096790058037028,-0.1255491661836849,0.2777777777777778,3,1.0,False,False
2026-01-08,1.0,0.5861715891567307,0.3919605421325824,0.9583333333333334,3,Medium,Low,Negative pre-15:00 return,0.0010297975984887575,10.297975984887575,10.297975984887575,7.1199999999993,6913.9800000000005,-8.821925811941522e-05,1.0,10.297975984887575,10.579688281040404,10.579688281040404,3,0.0,-1.0535848847128009,-0.1255491661836849,0.3125,3,0.0,True,False
2026-01-09,1.0,0.4966337597839914,0.3919605421325824,0.5208333333333334,3,Low,Low,Positive pre-15:00 return,-0.0011943816744858227,11.943816744858227,-11.943816744858227,8.329999999999963,6974.32,0.0004102440521784878,0.0,-11.943816744858227,8.430279676478769,8.430279676478769,3,0.0,-1.2223672926508915,-0.1255491661836849,0.125,3,0.0,False,False
2026-01-13,1.0,0.4665577142998912,0.3919605421325824,0.3125,3,Medium,Low,Negative pre-15:00 return,0.0013820636612176251,13.820636612176251,13.820636612176251,9.610000000000799,6953.37,0.00011938083060281102,1.0,13.820636612176251,11.593629779341352,11.593629779341352,3,0.0,-0.9201725107282104,-0.1255491661836849,0.3958333333333333,3,0.0,False,False
2026-01-14,1.0,0.5440748867166845,0.3919605421325824,0.7569444444444444,3,Medium,Low,Negative pre-15:00 return,0.003486213019636919,34.86213019636919,34.86213019636919,24.069999999999965,6904.34,-0.00013467974460090737,1.0,34.86213019636919,12.45679283731296,12.45679283731296,3,0.0,-0.5897179834171292,-0.1255491661836849,0.6180555555555556,3,1.0,True,False
2026-01-15,1.0,0.4927681084756199,0.3919605421325824,0.4861111111111111,3,Medium,Medium,Negative pre-15:00 return,-0.001126164998274115,11.261649982741151,-11.261649982741151,7.830000000000267,6952.8,-0.002776757848356848,0.0,-11.261649982741151,14.228102712656746,14.228102712656746,3,0.0,-0.6566666432165099,-0.1255491661836849,0.5694444444444444,3,0.0,False,False
2026-01-16,1.0,0.5855608774610578,0.3919605421325824,0.9513888888888888,3,Low,Low,Negative pre-15:00 return,-0.0016443937395067554,16.443937395067554,-16.443937395067554,11.430000000000112,6950.89,0.00010359458833386626,0.0,-16.443937395067554,10.732703044534958,10.732703044534958,3,0.0,-0.9698212147777224,-0.1255491661836849,0.3611111111111111,3,0.0,True,False
2026-01-20,1.0,0.4661950494925576,0.3919605421325824,0.3055555555555556,3,High,Medium,Negative pre-15:00 return,-0.0007395112169001905,7.395112169001905,-7.395112169001905,5.029999999999546,6801.79,-0.0013243652370277248,0.0,-7.395112169001905,16.27617192067797,16.27617192067797,3,0.0,-0.2463343520320744,-0.1255491661836849,0.7708333333333334,3,0.0,False,False
2026-01-21,0.0,0.3597255856432202,0.3919605421325824,0.125,3,Medium,High,Positive pre-15:00 return,-0.004625454040069865,46.25454040069865,-46.25454040069865,31.94999999999979,6907.43,0.010876453035294276,0.0,46.25454040069865,30.56474370869846,30.56474370869846,3,1.0,0.906011132330009,-0.1255491661836849,0.9375,3,1.0,False,True
2026-01-22,1.0,0.5820787395801496,0.3919605421325824,0.9444444444444444,3,Medium,Low,Negative pre-15:00 return,0.0001591564131353529,1.591564131353529,1.591564131353529,1.1000000000002035,6911.4400000000005,-0.0017764965177778924,1.0,1.591564131353529,14.897869408565144,14.897869408565144,3,0.0,-0.6184185149703824,-0.1255491661836849,0.5972222222222222,3,0.0,True,False
2026-01-23,1.0,0.5774935566469719,0.3919605421325824,0.9027777777777778,3,Low,Low,Positive pre-15:00 return,-0.0004972104182927595,4.972104182927595,-4.972104182927595,3.440000000000286,6918.6,0.0008375754577372163,0.0,-4.972104182927595,11.181009209575674,11.181009209575674,3,0.0,-0.96178041189133,-0.1255491661836849,0.3680555555555556,3,0.0,True,False
2026-01-26,1.0,0.4984712379513747,0.3919605421325824,0.5416666666666666,3,Medium,Low,Positive pre-15:00 return,-0.0012717344446040446,12.717344446040446,-12.717344446040446,8.849999999999547,6959.0,-4.167091757922847e-05,0.0,-12.717344446040446,9.181236135891687,9.181236135891687,3,0.0,-1.21457920115995,-0.1255491661836849,0.1458333333333333,3,0.0,False,False
2026-01-28,1.0,0.4023697051716731,0.3919605421325824,0.0625,3,Medium,High,Negative pre-15:00 return,0.000631106674239934,6.3110667423993405,6.3110667423993405,4.3999999999999115,6971.88,-0.00028678440122287263,1.0,6.3110667423993405,17.650501309782758,17.650501309782758,3,0.0,-0.4197627753031411,-0.1255491661836849,0.6944444444444444,3,0.0,False,False
