accuracy,balanced_accuracy,precision,recall,f1,roc_auc,average_precision,mcc,brier,log_loss,task,dataset_variant,model,test_sessions,balanced_accuracy_ci_low,balanced_accuracy_ci_high,mae_bps,rmse_bps,r2,spearman,mae_ci_low,mae_ci_high
0.4691358024691358,0.4535483870967742,0.5777777777777777,0.52,0.5473684210526316,0.5038709677419355,0.6963743778365411,-0.09087389347953036,0.25036884093699835,0.6938611335093735,RQ1 Direction,Relaxed,Extra Trees,81,0.3416666666666667,0.5663211970671058,,,,,,
,,,,,,,,,,RQ2 Magnitude,Relaxed,Elastic Net,81,,,10.817360761627691,14.976221295989573,0.05168217885319404,0.33428184281842815,8.76315872427508,13.222685029494658
0.7878787878787878,0.5138888888888888,0.25,0.08333333333333333,0.125,0.746141975308642,0.35129012547958655,0.04490132550669373,0.13266441139729448,0.5630905326297058,RQ3 Large Movement,Strict,K-Nearest Neighbours,66,0.44735442329227326,0.6164056629372964,,,,,,
