feature_group,total_positive_importance,mean_importance,maximum_feature_importance
Volume and VWAP,0.18454686424602434,0.034689500748629004,0.06194722869306242
Volatility,0.18453059665048666,0.03690611933009733,0.05597736385241723
Momentum,0.1817395378217396,0.03634790756434792,0.06513404717918622
VIX,0.03538771873729482,0.002524939420732365,0.025190061180385404
Price positioning,0.0,-0.023424998252324383,-0.00431541382921638
